Library paths:
[1] "/work/attic/cnf_verify3/review_semantics/r46-library"
[2] "/work/attic/cnf_verify3/representation/r46-library"
[3] "/usr/local/lib/R/site-library"
[4] "/usr/lib/R/site-library"
[5] "/usr/lib/R/library"
Missing imports and focused-test support:
[1] "data.table" "lgr"        "mlr3"       "mlr3misc"   "paradox"
[6] "mlbench"
Installing packages into ‘/work/attic/cnf_verify3/review_semantics/r46-library’
(as ‘lib’ is unspecified)
also installing the dependencies ‘globals’, ‘listenv’, ‘nanonext’, ‘PRROC’, ‘future’, ‘future.apply’, ‘mirai’, ‘mlr3measures’, ‘parallelly’, ‘palmerpenguins’, ‘uuid’

trying URL 'https://cloud.r-project.org/src/contrib/globals_0.19.1.tar.gz'
trying URL 'https://cloud.r-project.org/src/contrib/listenv_1.0.0.tar.gz'
trying URL 'https://cloud.r-project.org/src/contrib/nanonext_1.10.2.tar.gz'
trying URL 'https://cloud.r-project.org/src/contrib/PRROC_1.4.tar.gz'
trying URL 'https://cloud.r-project.org/src/contrib/future_1.75.0.tar.gz'
trying URL 'https://cloud.r-project.org/src/contrib/future.apply_1.20.2.tar.gz'
trying URL 'https://cloud.r-project.org/src/contrib/mirai_2.7.2.tar.gz'
trying URL 'https://cloud.r-project.org/src/contrib/mlr3measures_1.3.0.tar.gz'
trying URL 'https://cloud.r-project.org/src/contrib/parallelly_1.48.0.tar.gz'
trying URL 'https://cloud.r-project.org/src/contrib/palmerpenguins_0.1.1.tar.gz'
trying URL 'https://cloud.r-project.org/src/contrib/uuid_1.2-2.tar.gz'
trying URL 'https://cloud.r-project.org/src/contrib/data.table_1.18.6.1.tar.gz'
trying URL 'https://cloud.r-project.org/src/contrib/lgr_0.5.2.tar.gz'
trying URL 'https://cloud.r-project.org/src/contrib/mlr3_1.8.0.tar.gz'
trying URL 'https://cloud.r-project.org/src/contrib/mlr3misc_0.23.0.tar.gz'
trying URL 'https://cloud.r-project.org/src/contrib/paradox_1.0.1.tar.gz'
trying URL 'https://cloud.r-project.org/src/contrib/mlbench_2.1-11.tar.gz'
begin installing package ‘globals’
begin installing package ‘listenv’
begin installing package ‘nanonext’
begin installing package ‘PRROC’
* installing *source* package ‘PRROC’ ...
** this is package ‘PRROC’ version ‘1.4’
** package ‘PRROC’ successfully unpacked and MD5 sums checked
** using staged installation
** R
** inst
** byte-compile and prepare package for lazy loading
** help
*** installing help indices
** building package indices
** installing vignettes
** testing if installed package can be loaded from temporary location
** testing if installed package can be loaded from final location
** testing if installed package keeps a record of temporary installation path
* DONE (PRROC)
begin installing package ‘parallelly’
* installing *source* package ‘listenv’ ...
** this is package ‘listenv’ version ‘1.0.0’
** package ‘listenv’ successfully unpacked and MD5 sums checked
** using staged installation
** R
** inst
** byte-compile and prepare package for lazy loading
** help
*** installing help indices
** building package indices
** installing vignettes
** testing if installed package can be loaded from temporary location
** testing if installed package can be loaded from final location
** testing if installed package keeps a record of temporary installation path
* DONE (listenv)
begin installing package ‘palmerpenguins’
* installing *source* package ‘globals’ ...
** this is package ‘globals’ version ‘0.19.1’
** package ‘globals’ successfully unpacked and MD5 sums checked
** using staged installation
** R
** inst
** byte-compile and prepare package for lazy loading
** help
*** installing help indices
** building package indices
** testing if installed package can be loaded from temporary location
** testing if installed package can be loaded from final location
** testing if installed package keeps a record of temporary installation path
* DONE (globals)
begin installing package ‘uuid’
* installing *source* package ‘palmerpenguins’ ...
** this is package ‘palmerpenguins’ version ‘0.1.1’
** package ‘palmerpenguins’ successfully unpacked and MD5 sums checked
** using staged installation
** R
** data
*** moving datasets to lazyload DB
** inst
** byte-compile and prepare package for lazy loading
** help
*** installing help indices
*** copying figures
** building package indices
** testing if installed package can be loaded from temporary location
** testing if installed package can be loaded from final location
** testing if installed package keeps a record of temporary installation path
* DONE (palmerpenguins)
begin installing package ‘data.table’
* installing *source* package ‘parallelly’ ...
** this is package ‘parallelly’ version ‘1.48.0’
** package ‘parallelly’ successfully unpacked and MD5 sums checked
** using staged installation
** libs
using C compiler: ‘x86_64-linux-gnu-gcc (Debian 15.3.0-1) 15.3.0’
make[1]: Entering directory '/tmp/RtmpFxu28o/R.INSTALLf6c3fa72b2b/parallelly/src'
x86_64-linux-gnu-gcc -I"/usr/share/R/include" -DNDEBUG       -fpic  -g -O2 -ffile-prefix-map=/build/reproducible-path/r-base-4.6.1=. -fstack-protector-strong -fstack-clash-protection -Wformat -Werror=format-security -fcf-protection -Wdate-time -D_FORTIFY_SOURCE=2  -c 000.init.c -o 000.init.o
x86_64-linux-gnu-gcc -I"/usr/share/R/include" -DNDEBUG       -fpic  -g -O2 -ffile-prefix-map=/build/reproducible-path/r-base-4.6.1=. -fstack-protector-strong -fstack-clash-protection -Wformat -Werror=format-security -fcf-protection -Wdate-time -D_FORTIFY_SOURCE=2  -c calc-serialized-size.c -o calc-serialized-size.o
x86_64-linux-gnu-gcc -I"/usr/share/R/include" -DNDEBUG       -fpic  -g -O2 -ffile-prefix-map=/build/reproducible-path/r-base-4.6.1=. -fstack-protector-strong -fstack-clash-protection -Wformat -Werror=format-security -fcf-protection -Wdate-time -D_FORTIFY_SOURCE=2  -c test_tcp_port.c -o test_tcp_port.o
x86_64-linux-gnu-gcc -shared -L/usr/lib/R/lib -Wl,-z,relro -o parallelly.so 000.init.o calc-serialized-size.o test_tcp_port.o -L/usr/lib/R/lib -lR
make[1]: Leaving directory '/tmp/RtmpFxu28o/R.INSTALLf6c3fa72b2b/parallelly/src'
installing to /work/attic/cnf_verify3/review_semantics/r46-library/00LOCK-parallelly/00new/parallelly/libs
** R
** inst
** byte-compile and prepare package for lazy loading
** help
*** installing help indices
*** copying figures
** building package indices
** installing vignettes
** testing if installed package can be loaded from temporary location
** checking absolute paths in shared objects and dynamic libraries
** testing if installed package can be loaded from final location
** testing if installed package keeps a record of temporary installation path
* DONE (parallelly)
begin installing package ‘lgr’
* installing *source* package ‘uuid’ ...
** this is package ‘uuid’ version ‘1.2-2’
** package ‘uuid’ successfully unpacked and MD5 sums checked
** using staged installation
checking for gcc... x86_64-linux-gnu-gcc
checking whether the C compiler works... yes
checking for C compiler default output file name... a.out
checking for suffix of executables...
checking whether we are cross compiling... no
checking for suffix of object files... o
checking whether the compiler supports GNU C... yes
checking whether x86_64-linux-gnu-gcc accepts -g... yes
checking for x86_64-linux-gnu-gcc option to enable C11 features... none needed
checking for stdio.h... yes
checking for stdlib.h... yes
checking for string.h... yes
checking for inttypes.h... yes
checking for stdint.h... yes
checking for strings.h... yes
checking for sys/stat.h... yes
checking for sys/types.h... yes
checking for unistd.h... yes
checking for grp.h... yes
checking for langinfo.h... yes
checking for locale.h... yes
checking for netinet/in.h... yes
checking for stdlib.h... (cached) yes
checking for sys/file.h... yes
checking for sys/ioctl.h... yes
checking for sys/socket.h... yes
checking for sys/sockio.h... no
checking for sys/syscall.h... yes
checking for sys/sendfile.h... yes
checking for sys/time.h... yes
checking for sys/un.h... yes
checking for unistd.h... (cached) yes
checking for net/if.h... yes
checking for net/if_dl.h... no
checking for dirfd... yes
checking for err... yes
checking for errx... yes
checking for getexecname... no
checking for getrandom... yes
checking for jrand48... yes
checking for llseek... no
checking for lchown... yes
checking for mempcpy... yes
checking for mkostemp... yes
checking for nanosleep... yes
checking for sendfile... yes
checking for srandom... yes
checking for strnchr... no
checking for strndup... yes
checking for strnlen... yes
checking for usleep... yes
checking for warn... yes
checking for warnx... yes
checking for flock... yes
checking for struct sockaddr.sa_len... no
checking for dlfcn.h... yes
checking for library containing dlsym... none required
checking for thread local storage (TLS) support... yes
configure: creating ./config.status
config.status: creating src/Makevars
config.status: creating src/config.h
** libs
using C compiler: ‘x86_64-linux-gnu-gcc (Debian 15.3.0-1) 15.3.0’
make[1]: Entering directory '/tmp/RtmpAlcHAg/R.INSTALL101b20e1b54f/uuid/src'
x86_64-linux-gnu-gcc -I"/usr/share/R/include" -DNDEBUG -include config.h       -fpic  -g -O2 -ffile-prefix-map=/build/reproducible-path/r-base-4.6.1=. -fstack-protector-strong -fstack-clash-protection -Wformat -Werror=format-security -fcf-protection -Wdate-time -D_FORTIFY_SOURCE=2  -c R.c -o R.o
x86_64-linux-gnu-gcc -I"/usr/share/R/include" -DNDEBUG -include config.h       -fpic  -g -O2 -ffile-prefix-map=/build/reproducible-path/r-base-4.6.1=. -fstack-protector-strong -fstack-clash-protection -Wformat -Werror=format-security -fcf-protection -Wdate-time -D_FORTIFY_SOURCE=2  -c Ruuid.c -o Ruuid.o
x86_64-linux-gnu-gcc -I"/usr/share/R/include" -DNDEBUG -include config.h       -fpic  -g -O2 -ffile-prefix-map=/build/reproducible-path/r-base-4.6.1=. -fstack-protector-strong -fstack-clash-protection -Wformat -Werror=format-security -fcf-protection -Wdate-time -D_FORTIFY_SOURCE=2  -c clear.c -o clear.o
x86_64-linux-gnu-gcc -I"/usr/share/R/include" -DNDEBUG -include config.h       -fpic  -g -O2 -ffile-prefix-map=/build/reproducible-path/r-base-4.6.1=. -fstack-protector-strong -fstack-clash-protection -Wformat -Werror=format-security -fcf-protection -Wdate-time -D_FORTIFY_SOURCE=2  -c compare.c -o compare.o
x86_64-linux-gnu-gcc -I"/usr/share/R/include" -DNDEBUG -include config.h       -fpic  -g -O2 -ffile-prefix-map=/build/reproducible-path/r-base-4.6.1=. -fstack-protector-strong -fstack-clash-protection -Wformat -Werror=format-security -fcf-protection -Wdate-time -D_FORTIFY_SOURCE=2  -c copy.c -o copy.o
x86_64-linux-gnu-gcc -I"/usr/share/R/include" -DNDEBUG -include config.h       -fpic  -g -O2 -ffile-prefix-map=/build/reproducible-path/r-base-4.6.1=. -fstack-protector-strong -fstack-clash-protection -Wformat -Werror=format-security -fcf-protection -Wdate-time -D_FORTIFY_SOURCE=2  -c gen_uuid.c -o gen_uuid.o
x86_64-linux-gnu-gcc -I"/usr/share/R/include" -DNDEBUG -include config.h       -fpic  -g -O2 -ffile-prefix-map=/build/reproducible-path/r-base-4.6.1=. -fstack-protector-strong -fstack-clash-protection -Wformat -Werror=format-security -fcf-protection -Wdate-time -D_FORTIFY_SOURCE=2  -c isnull.c -o isnull.o
x86_64-linux-gnu-gcc -I"/usr/share/R/include" -DNDEBUG -include config.h       -fpic  -g -O2 -ffile-prefix-map=/build/reproducible-path/r-base-4.6.1=. -fstack-protector-strong -fstack-clash-protection -Wformat -Werror=format-security -fcf-protection -Wdate-time -D_FORTIFY_SOURCE=2  -c md5.c -o md5.o
x86_64-linux-gnu-gcc -I"/usr/share/R/include" -DNDEBUG -include config.h       -fpic  -g -O2 -ffile-prefix-map=/build/reproducible-path/r-base-4.6.1=. -fstack-protector-strong -fstack-clash-protection -Wformat -Werror=format-security -fcf-protection -Wdate-time -D_FORTIFY_SOURCE=2  -c pack.c -o pack.o
x86_64-linux-gnu-gcc -I"/usr/share/R/include" -DNDEBUG -include config.h       -fpic  -g -O2 -ffile-prefix-map=/build/reproducible-path/r-base-4.6.1=. -fstack-protector-strong -fstack-clash-protection -Wformat -Werror=format-security -fcf-protection -Wdate-time -D_FORTIFY_SOURCE=2  -c parse.c -o parse.o
x86_64-linux-gnu-gcc -I"/usr/share/R/include" -DNDEBUG -include config.h       -fpic  -g -O2 -ffile-prefix-map=/build/reproducible-path/r-base-4.6.1=. -fstack-protector-strong -fstack-clash-protection -Wformat -Werror=format-security -fcf-protection -Wdate-time -D_FORTIFY_SOURCE=2  -c rand.c -o rand.o
x86_64-linux-gnu-gcc -I"/usr/share/R/include" -DNDEBUG -include config.h       -fpic  -g -O2 -ffile-prefix-map=/build/reproducible-path/r-base-4.6.1=. -fstack-protector-strong -fstack-clash-protection -Wformat -Werror=format-security -fcf-protection -Wdate-time -D_FORTIFY_SOURCE=2  -c randutils.c -o randutils.o
x86_64-linux-gnu-gcc -I"/usr/share/R/include" -DNDEBUG -include config.h       -fpic  -g -O2 -ffile-prefix-map=/build/reproducible-path/r-base-4.6.1=. -fstack-protector-strong -fstack-clash-protection -Wformat -Werror=format-security -fcf-protection -Wdate-time -D_FORTIFY_SOURCE=2  -c sha1.c -o sha1.o
x86_64-linux-gnu-gcc -I"/usr/share/R/include" -DNDEBUG -include config.h       -fpic  -g -O2 -ffile-prefix-map=/build/reproducible-path/r-base-4.6.1=. -fstack-protector-strong -fstack-clash-protection -Wformat -Werror=format-security -fcf-protection -Wdate-time -D_FORTIFY_SOURCE=2  -c unpack.c -o unpack.o
x86_64-linux-gnu-gcc -I"/usr/share/R/include" -DNDEBUG -include config.h       -fpic  -g -O2 -ffile-prefix-map=/build/reproducible-path/r-base-4.6.1=. -fstack-protector-strong -fstack-clash-protection -Wformat -Werror=format-security -fcf-protection -Wdate-time -D_FORTIFY_SOURCE=2  -c unparse.c -o unparse.o
x86_64-linux-gnu-gcc -shared -L/usr/lib/R/lib -Wl,-z,relro -o uuid.so R.o Ruuid.o clear.o compare.o copy.o gen_uuid.o isnull.o md5.o pack.o parse.o rand.o randutils.o sha1.o unpack.o unparse.o -L/usr/lib/R/lib -lR
make[1]: Leaving directory '/tmp/RtmpAlcHAg/R.INSTALL101b20e1b54f/uuid/src'
installing to /work/attic/cnf_verify3/review_semantics/r46-library/00LOCK-uuid/00new/uuid/libs
** R
** inst
** byte-compile and prepare package for lazy loading
** help
*** installing help indices
** building package indices
** testing if installed package can be loaded from temporary location
** checking absolute paths in shared objects and dynamic libraries
** testing if installed package can be loaded from final location
** testing if installed package keeps a record of temporary installation path
* DONE (uuid)
begin installing package ‘mlbench’
* installing *source* package ‘mlbench’ ...
** this is package ‘mlbench’ version ‘2.1-11’
** package ‘mlbench’ successfully unpacked and MD5 sums checked
** using staged installation
** libs
using C compiler: ‘x86_64-linux-gnu-gcc (Debian 15.3.0-1) 15.3.0’
make[1]: Entering directory '/tmp/RtmprzMwJ9/R.INSTALL18f540766b57/mlbench/src'
x86_64-linux-gnu-gcc -I"/usr/share/R/include" -DNDEBUG       -fpic  -g -O2 -ffile-prefix-map=/build/reproducible-path/r-base-4.6.1=. -fstack-protector-strong -fstack-clash-protection -Wformat -Werror=format-security -fcf-protection -Wdate-time -D_FORTIFY_SOURCE=2  -c init.c -o init.o
x86_64-linux-gnu-gcc -I"/usr/share/R/include" -DNDEBUG       -fpic  -g -O2 -ffile-prefix-map=/build/reproducible-path/r-base-4.6.1=. -fstack-protector-strong -fstack-clash-protection -Wformat -Werror=format-security -fcf-protection -Wdate-time -D_FORTIFY_SOURCE=2  -c waveform.c -o waveform.o
x86_64-linux-gnu-gcc -shared -L/usr/lib/R/lib -Wl,-z,relro -o mlbench.so init.o waveform.o -L/usr/lib/R/lib -lR
make[1]: Leaving directory '/tmp/RtmprzMwJ9/R.INSTALL18f540766b57/mlbench/src'
installing to /work/attic/cnf_verify3/review_semantics/r46-library/00LOCK-mlbench/00new/mlbench/libs
** R
** data
** inst
** byte-compile and prepare package for lazy loading
** help
*** installing help indices
** building package indices
** testing if installed package can be loaded from temporary location
** checking absolute paths in shared objects and dynamic libraries
** testing if installed package can be loaded from final location
** testing if installed package keeps a record of temporary installation path
* DONE (mlbench)
begin installing package ‘future’
* installing *source* package ‘lgr’ ...
** this is package ‘lgr’ version ‘0.5.2’
** package ‘lgr’ successfully unpacked and MD5 sums checked
** using staged installation
** R
** inst
** byte-compile and prepare package for lazy loading
** help
*** installing help indices
*** copying figures
** building package indices
** installing vignettes
** testing if installed package can be loaded from temporary location
** testing if installed package can be loaded from final location
** testing if installed package keeps a record of temporary installation path
* DONE (lgr)
* installing *source* package ‘future’ ...
** this is package ‘future’ version ‘1.75.0’
** package ‘future’ successfully unpacked and MD5 sums checked
** using staged installation
** R
** demo
** inst
** byte-compile and prepare package for lazy loading
** help
*** installing help indices
*** copying figures
** building package indices
** installing vignettes
** testing if installed package can be loaded from temporary location
** testing if installed package can be loaded from final location
** testing if installed package keeps a record of temporary installation path
* DONE (future)
begin installing package ‘future.apply’
* installing *source* package ‘future.apply’ ...
** this is package ‘future.apply’ version ‘1.20.2’
** package ‘future.apply’ successfully unpacked and MD5 sums checked
** using staged installation
** R
** inst
** byte-compile and prepare package for lazy loading
** help
*** installing help indices
** building package indices
** installing vignettes
** testing if installed package can be loaded from temporary location
** testing if installed package can be loaded from final location
** testing if installed package keeps a record of temporary installation path
* DONE (future.apply)
* installing *source* package ‘data.table’ ...
** this is package ‘data.table’ version ‘1.18.6.1’
** package ‘data.table’ successfully unpacked and MD5 sums checked
** using staged installation
zlib 1.3.2 is available ok
* checking if R installation supports OpenMP without any extra hints... yes
** libs
using C compiler: ‘x86_64-linux-gnu-gcc (Debian 15.3.0-1) 15.3.0’
make[1]: Entering directory '/tmp/RtmpA3B2y1/R.INSTALL14075f89f358/data.table/src'
x86_64-linux-gnu-gcc -I"/usr/share/R/include" -DNDEBUG      -fvisibility=hidden  -fopenmp  -fpic  -g -O2 -ffile-prefix-map=/build/reproducible-path/r-base-4.6.1=. -fstack-protector-strong -fstack-clash-protection -Wformat -Werror=format-security -fcf-protection -Wdate-time -D_FORTIFY_SOURCE=2  -c assign.c -o assign.o
x86_64-linux-gnu-gcc -I"/usr/share/R/include" -DNDEBUG      -fvisibility=hidden  -fopenmp  -fpic  -g -O2 -ffile-prefix-map=/build/reproducible-path/r-base-4.6.1=. -fstack-protector-strong -fstack-clash-protection -Wformat -Werror=format-security -fcf-protection -Wdate-time -D_FORTIFY_SOURCE=2  -c between.c -o between.o
x86_64-linux-gnu-gcc -I"/usr/share/R/include" -DNDEBUG      -fvisibility=hidden  -fopenmp  -fpic  -g -O2 -ffile-prefix-map=/build/reproducible-path/r-base-4.6.1=. -fstack-protector-strong -fstack-clash-protection -Wformat -Werror=format-security -fcf-protection -Wdate-time -D_FORTIFY_SOURCE=2  -c bmerge.c -o bmerge.o
x86_64-linux-gnu-gcc -I"/usr/share/R/include" -DNDEBUG      -fvisibility=hidden  -fopenmp  -fpic  -g -O2 -ffile-prefix-map=/build/reproducible-path/r-base-4.6.1=. -fstack-protector-strong -fstack-clash-protection -Wformat -Werror=format-security -fcf-protection -Wdate-time -D_FORTIFY_SOURCE=2  -c chmatch.c -o chmatch.o
x86_64-linux-gnu-gcc -I"/usr/share/R/include" -DNDEBUG      -fvisibility=hidden  -fopenmp  -fpic  -g -O2 -ffile-prefix-map=/build/reproducible-path/r-base-4.6.1=. -fstack-protector-strong -fstack-clash-protection -Wformat -Werror=format-security -fcf-protection -Wdate-time -D_FORTIFY_SOURCE=2  -c cj.c -o cj.o
x86_64-linux-gnu-gcc -I"/usr/share/R/include" -DNDEBUG      -fvisibility=hidden  -fopenmp  -fpic  -g -O2 -ffile-prefix-map=/build/reproducible-path/r-base-4.6.1=. -fstack-protector-strong -fstack-clash-protection -Wformat -Werror=format-security -fcf-protection -Wdate-time -D_FORTIFY_SOURCE=2  -c coalesce.c -o coalesce.o
x86_64-linux-gnu-gcc -I"/usr/share/R/include" -DNDEBUG      -fvisibility=hidden  -fopenmp  -fpic  -g -O2 -ffile-prefix-map=/build/reproducible-path/r-base-4.6.1=. -fstack-protector-strong -fstack-clash-protection -Wformat -Werror=format-security -fcf-protection -Wdate-time -D_FORTIFY_SOURCE=2  -c deleterows.c -o deleterows.o
x86_64-linux-gnu-gcc -I"/usr/share/R/include" -DNDEBUG      -fvisibility=hidden  -fopenmp  -fpic  -g -O2 -ffile-prefix-map=/build/reproducible-path/r-base-4.6.1=. -fstack-protector-strong -fstack-clash-protection -Wformat -Werror=format-security -fcf-protection -Wdate-time -D_FORTIFY_SOURCE=2  -c dogroups.c -o dogroups.o
x86_64-linux-gnu-gcc -I"/usr/share/R/include" -DNDEBUG      -fvisibility=hidden  -fopenmp  -fpic  -g -O2 -ffile-prefix-map=/build/reproducible-path/r-base-4.6.1=. -fstack-protector-strong -fstack-clash-protection -Wformat -Werror=format-security -fcf-protection -Wdate-time -D_FORTIFY_SOURCE=2  -c fastmean.c -o fastmean.o
x86_64-linux-gnu-gcc -I"/usr/share/R/include" -DNDEBUG      -fvisibility=hidden  -fopenmp  -fpic  -g -O2 -ffile-prefix-map=/build/reproducible-path/r-base-4.6.1=. -fstack-protector-strong -fstack-clash-protection -Wformat -Werror=format-security -fcf-protection -Wdate-time -D_FORTIFY_SOURCE=2  -c fcast.c -o fcast.o
x86_64-linux-gnu-gcc -I"/usr/share/R/include" -DNDEBUG      -fvisibility=hidden  -fopenmp  -fpic  -g -O2 -ffile-prefix-map=/build/reproducible-path/r-base-4.6.1=. -fstack-protector-strong -fstack-clash-protection -Wformat -Werror=format-security -fcf-protection -Wdate-time -D_FORTIFY_SOURCE=2  -c fifelse.c -o fifelse.o
x86_64-linux-gnu-gcc -I"/usr/share/R/include" -DNDEBUG      -fvisibility=hidden  -fopenmp  -fpic  -g -O2 -ffile-prefix-map=/build/reproducible-path/r-base-4.6.1=. -fstack-protector-strong -fstack-clash-protection -Wformat -Werror=format-security -fcf-protection -Wdate-time -D_FORTIFY_SOURCE=2  -c fmelt.c -o fmelt.o
x86_64-linux-gnu-gcc -I"/usr/share/R/include" -DNDEBUG      -fvisibility=hidden  -fopenmp  -fpic  -g -O2 -ffile-prefix-map=/build/reproducible-path/r-base-4.6.1=. -fstack-protector-strong -fstack-clash-protection -Wformat -Werror=format-security -fcf-protection -Wdate-time -D_FORTIFY_SOURCE=2  -c forder.c -o forder.o
x86_64-linux-gnu-gcc -I"/usr/share/R/include" -DNDEBUG      -fvisibility=hidden  -fopenmp  -fpic  -g -O2 -ffile-prefix-map=/build/reproducible-path/r-base-4.6.1=. -fstack-protector-strong -fstack-clash-protection -Wformat -Werror=format-security -fcf-protection -Wdate-time -D_FORTIFY_SOURCE=2  -c frank.c -o frank.o
x86_64-linux-gnu-gcc -I"/usr/share/R/include" -DNDEBUG      -fvisibility=hidden  -fopenmp  -fpic  -g -O2 -ffile-prefix-map=/build/reproducible-path/r-base-4.6.1=. -fstack-protector-strong -fstack-clash-protection -Wformat -Werror=format-security -fcf-protection -Wdate-time -D_FORTIFY_SOURCE=2  -c fread.c -o fread.o
x86_64-linux-gnu-gcc -I"/usr/share/R/include" -DNDEBUG      -fvisibility=hidden  -fopenmp  -fpic  -g -O2 -ffile-prefix-map=/build/reproducible-path/r-base-4.6.1=. -fstack-protector-strong -fstack-clash-protection -Wformat -Werror=format-security -fcf-protection -Wdate-time -D_FORTIFY_SOURCE=2  -c freadR.c -o freadR.o
x86_64-linux-gnu-gcc -I"/usr/share/R/include" -DNDEBUG      -fvisibility=hidden  -fopenmp  -fpic  -g -O2 -ffile-prefix-map=/build/reproducible-path/r-base-4.6.1=. -fstack-protector-strong -fstack-clash-protection -Wformat -Werror=format-security -fcf-protection -Wdate-time -D_FORTIFY_SOURCE=2  -c froll.c -o froll.o
x86_64-linux-gnu-gcc -I"/usr/share/R/include" -DNDEBUG      -fvisibility=hidden  -fopenmp  -fpic  -g -O2 -ffile-prefix-map=/build/reproducible-path/r-base-4.6.1=. -fstack-protector-strong -fstack-clash-protection -Wformat -Werror=format-security -fcf-protection -Wdate-time -D_FORTIFY_SOURCE=2  -c frollR.c -o frollR.o
x86_64-linux-gnu-gcc -I"/usr/share/R/include" -DNDEBUG      -fvisibility=hidden  -fopenmp  -fpic  -g -O2 -ffile-prefix-map=/build/reproducible-path/r-base-4.6.1=. -fstack-protector-strong -fstack-clash-protection -Wformat -Werror=format-security -fcf-protection -Wdate-time -D_FORTIFY_SOURCE=2  -c frolladaptive.c -o frolladaptive.o
x86_64-linux-gnu-gcc -I"/usr/share/R/include" -DNDEBUG      -fvisibility=hidden  -fopenmp  -fpic  -g -O2 -ffile-prefix-map=/build/reproducible-path/r-base-4.6.1=. -fstack-protector-strong -fstack-clash-protection -Wformat -Werror=format-security -fcf-protection -Wdate-time -D_FORTIFY_SOURCE=2  -c frollapply.c -o frollapply.o
x86_64-linux-gnu-gcc -I"/usr/share/R/include" -DNDEBUG      -fvisibility=hidden  -fopenmp  -fpic  -g -O2 -ffile-prefix-map=/build/reproducible-path/r-base-4.6.1=. -fstack-protector-strong -fstack-clash-protection -Wformat -Werror=format-security -fcf-protection -Wdate-time -D_FORTIFY_SOURCE=2  -c fsort.c -o fsort.o
x86_64-linux-gnu-gcc -I"/usr/share/R/include" -DNDEBUG      -fvisibility=hidden  -fopenmp  -fpic  -g -O2 -ffile-prefix-map=/build/reproducible-path/r-base-4.6.1=. -fstack-protector-strong -fstack-clash-protection -Wformat -Werror=format-security -fcf-protection -Wdate-time -D_FORTIFY_SOURCE=2  -c fwrite.c -o fwrite.o
x86_64-linux-gnu-gcc -I"/usr/share/R/include" -DNDEBUG      -fvisibility=hidden  -fopenmp  -fpic  -g -O2 -ffile-prefix-map=/build/reproducible-path/r-base-4.6.1=. -fstack-protector-strong -fstack-clash-protection -Wformat -Werror=format-security -fcf-protection -Wdate-time -D_FORTIFY_SOURCE=2  -c fwriteR.c -o fwriteR.o
x86_64-linux-gnu-gcc -I"/usr/share/R/include" -DNDEBUG      -fvisibility=hidden  -fopenmp  -fpic  -g -O2 -ffile-prefix-map=/build/reproducible-path/r-base-4.6.1=. -fstack-protector-strong -fstack-clash-protection -Wformat -Werror=format-security -fcf-protection -Wdate-time -D_FORTIFY_SOURCE=2  -c gsumm.c -o gsumm.o
x86_64-linux-gnu-gcc -I"/usr/share/R/include" -DNDEBUG      -fvisibility=hidden  -fopenmp  -fpic  -g -O2 -ffile-prefix-map=/build/reproducible-path/r-base-4.6.1=. -fstack-protector-strong -fstack-clash-protection -Wformat -Werror=format-security -fcf-protection -Wdate-time -D_FORTIFY_SOURCE=2  -c hash.c -o hash.o
x86_64-linux-gnu-gcc -I"/usr/share/R/include" -DNDEBUG      -fvisibility=hidden  -fopenmp  -fpic  -g -O2 -ffile-prefix-map=/build/reproducible-path/r-base-4.6.1=. -fstack-protector-strong -fstack-clash-protection -Wformat -Werror=format-security -fcf-protection -Wdate-time -D_FORTIFY_SOURCE=2  -c idatetime.c -o idatetime.o
x86_64-linux-gnu-gcc -I"/usr/share/R/include" -DNDEBUG      -fvisibility=hidden  -fopenmp  -fpic  -g -O2 -ffile-prefix-map=/build/reproducible-path/r-base-4.6.1=. -fstack-protector-strong -fstack-clash-protection -Wformat -Werror=format-security -fcf-protection -Wdate-time -D_FORTIFY_SOURCE=2  -c ijoin.c -o ijoin.o
x86_64-linux-gnu-gcc -I"/usr/share/R/include" -DNDEBUG      -fvisibility=hidden  -fopenmp  -fpic  -g -O2 -ffile-prefix-map=/build/reproducible-path/r-base-4.6.1=. -fstack-protector-strong -fstack-clash-protection -Wformat -Werror=format-security -fcf-protection -Wdate-time -D_FORTIFY_SOURCE=2  -c init.c -o init.o
x86_64-linux-gnu-gcc -I"/usr/share/R/include" -DNDEBUG      -fvisibility=hidden  -fopenmp  -fpic  -g -O2 -ffile-prefix-map=/build/reproducible-path/r-base-4.6.1=. -fstack-protector-strong -fstack-clash-protection -Wformat -Werror=format-security -fcf-protection -Wdate-time -D_FORTIFY_SOURCE=2  -c inrange.c -o inrange.o
x86_64-linux-gnu-gcc -I"/usr/share/R/include" -DNDEBUG      -fvisibility=hidden  -fopenmp  -fpic  -g -O2 -ffile-prefix-map=/build/reproducible-path/r-base-4.6.1=. -fstack-protector-strong -fstack-clash-protection -Wformat -Werror=format-security -fcf-protection -Wdate-time -D_FORTIFY_SOURCE=2  -c mergelist.c -o mergelist.o
x86_64-linux-gnu-gcc -I"/usr/share/R/include" -DNDEBUG      -fvisibility=hidden  -fopenmp  -fpic  -g -O2 -ffile-prefix-map=/build/reproducible-path/r-base-4.6.1=. -fstack-protector-strong -fstack-clash-protection -Wformat -Werror=format-security -fcf-protection -Wdate-time -D_FORTIFY_SOURCE=2  -c nafill.c -o nafill.o
x86_64-linux-gnu-gcc -I"/usr/share/R/include" -DNDEBUG      -fvisibility=hidden  -fopenmp  -fpic  -g -O2 -ffile-prefix-map=/build/reproducible-path/r-base-4.6.1=. -fstack-protector-strong -fstack-clash-protection -Wformat -Werror=format-security -fcf-protection -Wdate-time -D_FORTIFY_SOURCE=2  -c negate.c -o negate.o
x86_64-linux-gnu-gcc -I"/usr/share/R/include" -DNDEBUG      -fvisibility=hidden  -fopenmp  -fpic  -g -O2 -ffile-prefix-map=/build/reproducible-path/r-base-4.6.1=. -fstack-protector-strong -fstack-clash-protection -Wformat -Werror=format-security -fcf-protection -Wdate-time -D_FORTIFY_SOURCE=2  -c nqrecreateindices.c -o nqrecreateindices.o
x86_64-linux-gnu-gcc -I"/usr/share/R/include" -DNDEBUG      -fvisibility=hidden  -fopenmp  -fpic  -g -O2 -ffile-prefix-map=/build/reproducible-path/r-base-4.6.1=. -fstack-protector-strong -fstack-clash-protection -Wformat -Werror=format-security -fcf-protection -Wdate-time -D_FORTIFY_SOURCE=2  -c openmp-utils.c -o openmp-utils.o
x86_64-linux-gnu-gcc -I"/usr/share/R/include" -DNDEBUG      -fvisibility=hidden  -fopenmp  -fpic  -g -O2 -ffile-prefix-map=/build/reproducible-path/r-base-4.6.1=. -fstack-protector-strong -fstack-clash-protection -Wformat -Werror=format-security -fcf-protection -Wdate-time -D_FORTIFY_SOURCE=2  -c programming.c -o programming.o
x86_64-linux-gnu-gcc -I"/usr/share/R/include" -DNDEBUG      -fvisibility=hidden  -fopenmp  -fpic  -g -O2 -ffile-prefix-map=/build/reproducible-path/r-base-4.6.1=. -fstack-protector-strong -fstack-clash-protection -Wformat -Werror=format-security -fcf-protection -Wdate-time -D_FORTIFY_SOURCE=2  -c quickselect.c -o quickselect.o
x86_64-linux-gnu-gcc -I"/usr/share/R/include" -DNDEBUG      -fvisibility=hidden  -fopenmp  -fpic  -g -O2 -ffile-prefix-map=/build/reproducible-path/r-base-4.6.1=. -fstack-protector-strong -fstack-clash-protection -Wformat -Werror=format-security -fcf-protection -Wdate-time -D_FORTIFY_SOURCE=2  -c rbindlist.c -o rbindlist.o
x86_64-linux-gnu-gcc -I"/usr/share/R/include" -DNDEBUG      -fvisibility=hidden  -fopenmp  -fpic  -g -O2 -ffile-prefix-map=/build/reproducible-path/r-base-4.6.1=. -fstack-protector-strong -fstack-clash-protection -Wformat -Werror=format-security -fcf-protection -Wdate-time -D_FORTIFY_SOURCE=2  -c reorder.c -o reorder.o
x86_64-linux-gnu-gcc -I"/usr/share/R/include" -DNDEBUG      -fvisibility=hidden  -fopenmp  -fpic  -g -O2 -ffile-prefix-map=/build/reproducible-path/r-base-4.6.1=. -fstack-protector-strong -fstack-clash-protection -Wformat -Werror=format-security -fcf-protection -Wdate-time -D_FORTIFY_SOURCE=2  -c shellsort.c -o shellsort.o
x86_64-linux-gnu-gcc -I"/usr/share/R/include" -DNDEBUG      -fvisibility=hidden  -fopenmp  -fpic  -g -O2 -ffile-prefix-map=/build/reproducible-path/r-base-4.6.1=. -fstack-protector-strong -fstack-clash-protection -Wformat -Werror=format-security -fcf-protection -Wdate-time -D_FORTIFY_SOURCE=2  -c shift.c -o shift.o
x86_64-linux-gnu-gcc -I"/usr/share/R/include" -DNDEBUG      -fvisibility=hidden  -fopenmp  -fpic  -g -O2 -ffile-prefix-map=/build/reproducible-path/r-base-4.6.1=. -fstack-protector-strong -fstack-clash-protection -Wformat -Werror=format-security -fcf-protection -Wdate-time -D_FORTIFY_SOURCE=2  -c snprintf.c -o snprintf.o
x86_64-linux-gnu-gcc -I"/usr/share/R/include" -DNDEBUG      -fvisibility=hidden  -fopenmp  -fpic  -g -O2 -ffile-prefix-map=/build/reproducible-path/r-base-4.6.1=. -fstack-protector-strong -fstack-clash-protection -Wformat -Werror=format-security -fcf-protection -Wdate-time -D_FORTIFY_SOURCE=2  -c subset.c -o subset.o
x86_64-linux-gnu-gcc -I"/usr/share/R/include" -DNDEBUG      -fvisibility=hidden  -fopenmp  -fpic  -g -O2 -ffile-prefix-map=/build/reproducible-path/r-base-4.6.1=. -fstack-protector-strong -fstack-clash-protection -Wformat -Werror=format-security -fcf-protection -Wdate-time -D_FORTIFY_SOURCE=2  -c transpose.c -o transpose.o
x86_64-linux-gnu-gcc -I"/usr/share/R/include" -DNDEBUG      -fvisibility=hidden  -fopenmp  -fpic  -g -O2 -ffile-prefix-map=/build/reproducible-path/r-base-4.6.1=. -fstack-protector-strong -fstack-clash-protection -Wformat -Werror=format-security -fcf-protection -Wdate-time -D_FORTIFY_SOURCE=2  -c types.c -o types.o
x86_64-linux-gnu-gcc -I"/usr/share/R/include" -DNDEBUG      -fvisibility=hidden  -fopenmp  -fpic  -g -O2 -ffile-prefix-map=/build/reproducible-path/r-base-4.6.1=. -fstack-protector-strong -fstack-clash-protection -Wformat -Werror=format-security -fcf-protection -Wdate-time -D_FORTIFY_SOURCE=2  -c uniqlist.c -o uniqlist.o
x86_64-linux-gnu-gcc -I"/usr/share/R/include" -DNDEBUG      -fvisibility=hidden  -fopenmp  -fpic  -g -O2 -ffile-prefix-map=/build/reproducible-path/r-base-4.6.1=. -fstack-protector-strong -fstack-clash-protection -Wformat -Werror=format-security -fcf-protection -Wdate-time -D_FORTIFY_SOURCE=2  -c utils.c -o utils.o
x86_64-linux-gnu-gcc -I"/usr/share/R/include" -DNDEBUG      -fvisibility=hidden  -fopenmp  -fpic  -g -O2 -ffile-prefix-map=/build/reproducible-path/r-base-4.6.1=. -fstack-protector-strong -fstack-clash-protection -Wformat -Werror=format-security -fcf-protection -Wdate-time -D_FORTIFY_SOURCE=2  -c vecseq.c -o vecseq.o
x86_64-linux-gnu-gcc -I"/usr/share/R/include" -DNDEBUG      -fvisibility=hidden  -fopenmp  -fpic  -g -O2 -ffile-prefix-map=/build/reproducible-path/r-base-4.6.1=. -fstack-protector-strong -fstack-clash-protection -Wformat -Werror=format-security -fcf-protection -Wdate-time -D_FORTIFY_SOURCE=2  -c wrappers.c -o wrappers.o
x86_64-linux-gnu-gcc -shared -L/usr/lib/R/lib -Wl,-z,relro -o data.table.so assign.o between.o bmerge.o chmatch.o cj.o coalesce.o deleterows.o dogroups.o fastmean.o fcast.o fifelse.o fmelt.o forder.o frank.o fread.o freadR.o froll.o frollR.o frolladaptive.o frollapply.o fsort.o fwrite.o fwriteR.o gsumm.o hash.o idatetime.o ijoin.o init.o inrange.o mergelist.o nafill.o negate.o nqrecreateindices.o openmp-utils.o programming.o quickselect.o rbindlist.o reorder.o shellsort.o shift.o snprintf.o subset.o transpose.o types.o uniqlist.o utils.o vecseq.o wrappers.o -fvisibility=hidden -fopenmp -lz -L/usr/lib/R/lib -lR
PKG_CFLAGS = -fvisibility=hidden -fopenmp
PKG_LIBS = -fvisibility=hidden -fopenmp -lz
if [ "data.table.so" != "data_table.so" ]; then mv data.table.so data_table.so; fi
if [ "" != "Windows_NT" ] && [ `uname -s` = 'Darwin' ]; then install_name_tool -id data_table.so data_table.so; fi
make[1]: Leaving directory '/tmp/RtmpA3B2y1/R.INSTALL14075f89f358/data.table/src'
installing to /work/attic/cnf_verify3/review_semantics/r46-library/00LOCK-data.table/00new/data.table/libs
** R
** inst
** byte-compile and prepare package for lazy loading
** help
*** installing help indices
** building package indices
** installing vignettes
** testing if installed package can be loaded from temporary location
** checking absolute paths in shared objects and dynamic libraries
** testing if installed package can be loaded from final location
** testing if installed package keeps a record of temporary installation path
* DONE (data.table)
begin installing package ‘mlr3misc’
* installing *source* package ‘nanonext’ ...
** this is package ‘nanonext’ version ‘1.10.2’
** package ‘nanonext’ successfully unpacked and MD5 sums checked
** using staged installation
Compiling bundled 'libmbedtls' in place ...
Compiling bundled 'libnng' in place ...
Probing platform features for bundled NNG ...
** libs
using C compiler: ‘x86_64-linux-gnu-gcc (Debian 15.3.0-1) 15.3.0’
make[1]: Entering directory '/tmp/Rtmppl78KI/R.INSTALLbd07dc6170f/nanonext/src'
x86_64-linux-gnu-gcc -I"/usr/share/R/include" -DNDEBUG -Imbedtls/include -Inng/include -DNNG_STATIC_LIB     -fvisibility=hidden -fpic  -g -O2 -ffile-prefix-map=/build/reproducible-path/r-base-4.6.1=. -fstack-protector-strong -fstack-clash-protection -Wformat -Werror=format-security -fcf-protection -Wdate-time -D_FORTIFY_SOURCE=2  -c aio.c -o aio.o
x86_64-linux-gnu-gcc -I"/usr/share/R/include" -DNDEBUG -Imbedtls/include -Inng/include -DNNG_STATIC_LIB     -fvisibility=hidden -fpic  -g -O2 -ffile-prefix-map=/build/reproducible-path/r-base-4.6.1=. -fstack-protector-strong -fstack-clash-protection -Wformat -Werror=format-security -fcf-protection -Wdate-time -D_FORTIFY_SOURCE=2  -c comms.c -o comms.o
x86_64-linux-gnu-gcc -I"/usr/share/R/include" -DNDEBUG -Imbedtls/include -Inng/include -DNNG_STATIC_LIB     -fvisibility=hidden -fpic  -g -O2 -ffile-prefix-map=/build/reproducible-path/r-base-4.6.1=. -fstack-protector-strong -fstack-clash-protection -Wformat -Werror=format-security -fcf-protection -Wdate-time -D_FORTIFY_SOURCE=2  -c core.c -o core.o
x86_64-linux-gnu-gcc -I"/usr/share/R/include" -DNDEBUG -Imbedtls/include -Inng/include -DNNG_STATIC_LIB     -fvisibility=hidden -fpic  -g -O2 -ffile-prefix-map=/build/reproducible-path/r-base-4.6.1=. -fstack-protector-strong -fstack-clash-protection -Wformat -Werror=format-security -fcf-protection -Wdate-time -D_FORTIFY_SOURCE=2  -c dispatcher.c -o dispatcher.o
x86_64-linux-gnu-gcc -I"/usr/share/R/include" -DNDEBUG -Imbedtls/include -Inng/include -DNNG_STATIC_LIB     -fvisibility=hidden -fpic  -g -O2 -ffile-prefix-map=/build/reproducible-path/r-base-4.6.1=. -fstack-protector-strong -fstack-clash-protection -Wformat -Werror=format-security -fcf-protection -Wdate-time -D_FORTIFY_SOURCE=2  -c init.c -o init.o
x86_64-linux-gnu-gcc -I"/usr/share/R/include" -DNDEBUG -Imbedtls/include -Inng/include -DNNG_STATIC_LIB     -fvisibility=hidden -fpic  -g -O2 -ffile-prefix-map=/build/reproducible-path/r-base-4.6.1=. -fstack-protector-strong -fstack-clash-protection -Wformat -Werror=format-security -fcf-protection -Wdate-time -D_FORTIFY_SOURCE=2  -c ncurl.c -o ncurl.o
x86_64-linux-gnu-gcc -I"/usr/share/R/include" -DNDEBUG -Imbedtls/include -Inng/include -DNNG_STATIC_LIB     -fvisibility=hidden -fpic  -g -O2 -ffile-prefix-map=/build/reproducible-path/r-base-4.6.1=. -fstack-protector-strong -fstack-clash-protection -Wformat -Werror=format-security -fcf-protection -Wdate-time -D_FORTIFY_SOURCE=2  -c net.c -o net.o
x86_64-linux-gnu-gcc -I"/usr/share/R/include" -DNDEBUG -Imbedtls/include -Inng/include -DNNG_STATIC_LIB     -fvisibility=hidden -fpic  -g -O2 -ffile-prefix-map=/build/reproducible-path/r-base-4.6.1=. -fstack-protector-strong -fstack-clash-protection -Wformat -Werror=format-security -fcf-protection -Wdate-time -D_FORTIFY_SOURCE=2  -c proto.c -o proto.o
x86_64-linux-gnu-gcc -I"/usr/share/R/include" -DNDEBUG -Imbedtls/include -Inng/include -DNNG_STATIC_LIB     -fvisibility=hidden -fpic  -g -O2 -ffile-prefix-map=/build/reproducible-path/r-base-4.6.1=. -fstack-protector-strong -fstack-clash-protection -Wformat -Werror=format-security -fcf-protection -Wdate-time -D_FORTIFY_SOURCE=2  -c server.c -o server.o
x86_64-linux-gnu-gcc -I"/usr/share/R/include" -DNDEBUG -Imbedtls/include -Inng/include -DNNG_STATIC_LIB     -fvisibility=hidden -fpic  -g -O2 -ffile-prefix-map=/build/reproducible-path/r-base-4.6.1=. -fstack-protector-strong -fstack-clash-protection -Wformat -Werror=format-security -fcf-protection -Wdate-time -D_FORTIFY_SOURCE=2  -c sync.c -o sync.o
x86_64-linux-gnu-gcc -I"/usr/share/R/include" -DNDEBUG -Imbedtls/include -Inng/include -DNNG_STATIC_LIB     -fvisibility=hidden -fpic  -g -O2 -ffile-prefix-map=/build/reproducible-path/r-base-4.6.1=. -fstack-protector-strong -fstack-clash-protection -Wformat -Werror=format-security -fcf-protection -Wdate-time -D_FORTIFY_SOURCE=2  -c thread.c -o thread.o
x86_64-linux-gnu-gcc -I"/usr/share/R/include" -DNDEBUG -Imbedtls/include -Inng/include -DNNG_STATIC_LIB     -fvisibility=hidden -fpic  -g -O2 -ffile-prefix-map=/build/reproducible-path/r-base-4.6.1=. -fstack-protector-strong -fstack-clash-protection -Wformat -Werror=format-security -fcf-protection -Wdate-time -D_FORTIFY_SOURCE=2  -c tls.c -o tls.o
x86_64-linux-gnu-gcc -I"/usr/share/R/include" -DNDEBUG -Imbedtls/include -Inng/include -DNNG_STATIC_LIB     -fvisibility=hidden -fpic  -g -O2 -ffile-prefix-map=/build/reproducible-path/r-base-4.6.1=. -fstack-protector-strong -fstack-clash-protection -Wformat -Werror=format-security -fcf-protection -Wdate-time -D_FORTIFY_SOURCE=2  -c utils.c -o utils.o
x86_64-linux-gnu-gcc -Inng/src -Inng/include -Imbedtls/include -DNNG_STATIC_LIB -DNNG_SUPP_TLS -DNNG_SUPP_HTTP -DNNG_ENABLE_STATS -DNNG_TLS_ENGINE_INIT=nng_tls_engine_init_mbed -DNNG_TLS_ENGINE_FINI=nng_tls_engine_fini_mbed -DNNG_TRANSPORT_INPROC -DNNG_TRANSPORT_IPC -DNNG_TRANSPORT_TCP -DNNG_TRANSPORT_TLS -DNNG_TRANSPORT_WS -DNNG_TRANSPORT_WSS -DNNG_TRANSPORT_FDC -DNNG_PLATFORM_POSIX -DNNG_PLATFORM_LINUX -DNNG_USE_EVENTFD -DNNG_HAVE_ABSTRACT_SOCKETS -D_GNU_SOURCE -D_REENTRANT -D_THREAD_SAFE -D_POSIX_PTHREAD_SEMANTICS -DNNG_HAVE_STRLCPY=1 -DNNG_HAVE_STRNLEN=1 -DNNG_HAVE_STRCASECMP=1 -DNNG_HAVE_STRNCASECMP=1 -DNNG_HAVE_LOCKF=1 -DNNG_HAVE_FLOCK=1 -DNNG_HAVE_GETRANDOM=1 -DNNG_HAVE_ARC4RANDOM=1 -DNNG_HAVE_CLOCK_GETTIME_LIBC=1 -DNNG_HAVE_CLOCK_GETTIME -DNNG_HAVE_SEMAPHORE_PTHREAD=1 -DNNG_HAVE_PTHREAD_ATFORK_PTHREAD=1 -DNNG_HAVE_PTHREAD_SETNAME_NP=1 -DNNG_HAVE_LIBATOMIC=1 -DNNG_HAVE_UNIX_SOCKETS=1 -DNNG_HAVE_BACKTRACE=1 -DNNG_HAVE_MSG_CONTROL=1 -DNNG_HAVE_EVENTFD=1 -DNNG_HAVE_EPOLL=1 -DNNG_HAVE_EPOLL_CREATE1=1 -DNNG_HAVE_SOPEERCRED=1 -DNNG_HAVE_STDATOMIC=1 -DNNG_HAVE_SOCKETPAIR=1 -I"/usr/share/R/include" -DNDEBUG -Imbedtls/include -Inng/include -DNNG_STATIC_LIB     -fvisibility=hidden -fpic  -g -O2 -ffile-prefix-map=/build/reproducible-path/r-base-4.6.1=. -fstack-protector-strong -fstack-clash-protection -Wformat -Werror=format-security -fcf-protection -Wdate-time -D_FORTIFY_SOURCE=2  -c nng/src/core/aio.c -o nng/src/core/aio.o
x86_64-linux-gnu-gcc -Inng/src -Inng/include -Imbedtls/include -DNNG_STATIC_LIB -DNNG_SUPP_TLS -DNNG_SUPP_HTTP -DNNG_ENABLE_STATS -DNNG_TLS_ENGINE_INIT=nng_tls_engine_init_mbed -DNNG_TLS_ENGINE_FINI=nng_tls_engine_fini_mbed -DNNG_TRANSPORT_INPROC -DNNG_TRANSPORT_IPC -DNNG_TRANSPORT_TCP -DNNG_TRANSPORT_TLS -DNNG_TRANSPORT_WS -DNNG_TRANSPORT_WSS -DNNG_TRANSPORT_FDC -DNNG_PLATFORM_POSIX -DNNG_PLATFORM_LINUX -DNNG_USE_EVENTFD -DNNG_HAVE_ABSTRACT_SOCKETS -D_GNU_SOURCE -D_REENTRANT -D_THREAD_SAFE -D_POSIX_PTHREAD_SEMANTICS -DNNG_HAVE_STRLCPY=1 -DNNG_HAVE_STRNLEN=1 -DNNG_HAVE_STRCASECMP=1 -DNNG_HAVE_STRNCASECMP=1 -DNNG_HAVE_LOCKF=1 -DNNG_HAVE_FLOCK=1 -DNNG_HAVE_GETRANDOM=1 -DNNG_HAVE_ARC4RANDOM=1 -DNNG_HAVE_CLOCK_GETTIME_LIBC=1 -DNNG_HAVE_CLOCK_GETTIME -DNNG_HAVE_SEMAPHORE_PTHREAD=1 -DNNG_HAVE_PTHREAD_ATFORK_PTHREAD=1 -DNNG_HAVE_PTHREAD_SETNAME_NP=1 -DNNG_HAVE_LIBATOMIC=1 -DNNG_HAVE_UNIX_SOCKETS=1 -DNNG_HAVE_BACKTRACE=1 -DNNG_HAVE_MSG_CONTROL=1 -DNNG_HAVE_EVENTFD=1 -DNNG_HAVE_EPOLL=1 -DNNG_HAVE_EPOLL_CREATE1=1 -DNNG_HAVE_SOPEERCRED=1 -DNNG_HAVE_STDATOMIC=1 -DNNG_HAVE_SOCKETPAIR=1 -I"/usr/share/R/include" -DNDEBUG -Imbedtls/include -Inng/include -DNNG_STATIC_LIB     -fvisibility=hidden -fpic  -g -O2 -ffile-prefix-map=/build/reproducible-path/r-base-4.6.1=. -fstack-protector-strong -fstack-clash-protection -Wformat -Werror=format-security -fcf-protection -Wdate-time -D_FORTIFY_SOURCE=2  -c nng/src/core/device.c -o nng/src/core/device.o
x86_64-linux-gnu-gcc -Inng/src -Inng/include -Imbedtls/include -DNNG_STATIC_LIB -DNNG_SUPP_TLS -DNNG_SUPP_HTTP -DNNG_ENABLE_STATS -DNNG_TLS_ENGINE_INIT=nng_tls_engine_init_mbed -DNNG_TLS_ENGINE_FINI=nng_tls_engine_fini_mbed -DNNG_TRANSPORT_INPROC -DNNG_TRANSPORT_IPC -DNNG_TRANSPORT_TCP -DNNG_TRANSPORT_TLS -DNNG_TRANSPORT_WS -DNNG_TRANSPORT_WSS -DNNG_TRANSPORT_FDC -DNNG_PLATFORM_POSIX -DNNG_PLATFORM_LINUX -DNNG_USE_EVENTFD -DNNG_HAVE_ABSTRACT_SOCKETS -D_GNU_SOURCE -D_REENTRANT -D_THREAD_SAFE -D_POSIX_PTHREAD_SEMANTICS -DNNG_HAVE_STRLCPY=1 -DNNG_HAVE_STRNLEN=1 -DNNG_HAVE_STRCASECMP=1 -DNNG_HAVE_STRNCASECMP=1 -DNNG_HAVE_LOCKF=1 -DNNG_HAVE_FLOCK=1 -DNNG_HAVE_GETRANDOM=1 -DNNG_HAVE_ARC4RANDOM=1 -DNNG_HAVE_CLOCK_GETTIME_LIBC=1 -DNNG_HAVE_CLOCK_GETTIME -DNNG_HAVE_SEMAPHORE_PTHREAD=1 -DNNG_HAVE_PTHREAD_ATFORK_PTHREAD=1 -DNNG_HAVE_PTHREAD_SETNAME_NP=1 -DNNG_HAVE_LIBATOMIC=1 -DNNG_HAVE_UNIX_SOCKETS=1 -DNNG_HAVE_BACKTRACE=1 -DNNG_HAVE_MSG_CONTROL=1 -DNNG_HAVE_EVENTFD=1 -DNNG_HAVE_EPOLL=1 -DNNG_HAVE_EPOLL_CREATE1=1 -DNNG_HAVE_SOPEERCRED=1 -DNNG_HAVE_STDATOMIC=1 -DNNG_HAVE_SOCKETPAIR=1 -I"/usr/share/R/include" -DNDEBUG -Imbedtls/include -Inng/include -DNNG_STATIC_LIB     -fvisibility=hidden -fpic  -g -O2 -ffile-prefix-map=/build/reproducible-path/r-base-4.6.1=. -fstack-protector-strong -fstack-clash-protection -Wformat -Werror=format-security -fcf-protection -Wdate-time -D_FORTIFY_SOURCE=2  -c nng/src/core/dialer.c -o nng/src/core/dialer.o
x86_64-linux-gnu-gcc -Inng/src -Inng/include -Imbedtls/include -DNNG_STATIC_LIB -DNNG_SUPP_TLS -DNNG_SUPP_HTTP -DNNG_ENABLE_STATS -DNNG_TLS_ENGINE_INIT=nng_tls_engine_init_mbed -DNNG_TLS_ENGINE_FINI=nng_tls_engine_fini_mbed -DNNG_TRANSPORT_INPROC -DNNG_TRANSPORT_IPC -DNNG_TRANSPORT_TCP -DNNG_TRANSPORT_TLS -DNNG_TRANSPORT_WS -DNNG_TRANSPORT_WSS -DNNG_TRANSPORT_FDC -DNNG_PLATFORM_POSIX -DNNG_PLATFORM_LINUX -DNNG_USE_EVENTFD -DNNG_HAVE_ABSTRACT_SOCKETS -D_GNU_SOURCE -D_REENTRANT -D_THREAD_SAFE -D_POSIX_PTHREAD_SEMANTICS -DNNG_HAVE_STRLCPY=1 -DNNG_HAVE_STRNLEN=1 -DNNG_HAVE_STRCASECMP=1 -DNNG_HAVE_STRNCASECMP=1 -DNNG_HAVE_LOCKF=1 -DNNG_HAVE_FLOCK=1 -DNNG_HAVE_GETRANDOM=1 -DNNG_HAVE_ARC4RANDOM=1 -DNNG_HAVE_CLOCK_GETTIME_LIBC=1 -DNNG_HAVE_CLOCK_GETTIME -DNNG_HAVE_SEMAPHORE_PTHREAD=1 -DNNG_HAVE_PTHREAD_ATFORK_PTHREAD=1 -DNNG_HAVE_PTHREAD_SETNAME_NP=1 -DNNG_HAVE_LIBATOMIC=1 -DNNG_HAVE_UNIX_SOCKETS=1 -DNNG_HAVE_BACKTRACE=1 -DNNG_HAVE_MSG_CONTROL=1 -DNNG_HAVE_EVENTFD=1 -DNNG_HAVE_EPOLL=1 -DNNG_HAVE_EPOLL_CREATE1=1 -DNNG_HAVE_SOPEERCRED=1 -DNNG_HAVE_STDATOMIC=1 -DNNG_HAVE_SOCKETPAIR=1 -I"/usr/share/R/include" -DNDEBUG -Imbedtls/include -Inng/include -DNNG_STATIC_LIB     -fvisibility=hidden -fpic  -g -O2 -ffile-prefix-map=/build/reproducible-path/r-base-4.6.1=. -fstack-protector-strong -fstack-clash-protection -Wformat -Werror=format-security -fcf-protection -Wdate-time -D_FORTIFY_SOURCE=2  -c nng/src/core/file.c -o nng/src/core/file.o
x86_64-linux-gnu-gcc -Inng/src -Inng/include -Imbedtls/include -DNNG_STATIC_LIB -DNNG_SUPP_TLS -DNNG_SUPP_HTTP -DNNG_ENABLE_STATS -DNNG_TLS_ENGINE_INIT=nng_tls_engine_init_mbed -DNNG_TLS_ENGINE_FINI=nng_tls_engine_fini_mbed -DNNG_TRANSPORT_INPROC -DNNG_TRANSPORT_IPC -DNNG_TRANSPORT_TCP -DNNG_TRANSPORT_TLS -DNNG_TRANSPORT_WS -DNNG_TRANSPORT_WSS -DNNG_TRANSPORT_FDC -DNNG_PLATFORM_POSIX -DNNG_PLATFORM_LINUX -DNNG_USE_EVENTFD -DNNG_HAVE_ABSTRACT_SOCKETS -D_GNU_SOURCE -D_REENTRANT -D_THREAD_SAFE -D_POSIX_PTHREAD_SEMANTICS -DNNG_HAVE_STRLCPY=1 -DNNG_HAVE_STRNLEN=1 -DNNG_HAVE_STRCASECMP=1 -DNNG_HAVE_STRNCASECMP=1 -DNNG_HAVE_LOCKF=1 -DNNG_HAVE_FLOCK=1 -DNNG_HAVE_GETRANDOM=1 -DNNG_HAVE_ARC4RANDOM=1 -DNNG_HAVE_CLOCK_GETTIME_LIBC=1 -DNNG_HAVE_CLOCK_GETTIME -DNNG_HAVE_SEMAPHORE_PTHREAD=1 -DNNG_HAVE_PTHREAD_ATFORK_PTHREAD=1 -DNNG_HAVE_PTHREAD_SETNAME_NP=1 -DNNG_HAVE_LIBATOMIC=1 -DNNG_HAVE_UNIX_SOCKETS=1 -DNNG_HAVE_BACKTRACE=1 -DNNG_HAVE_MSG_CONTROL=1 -DNNG_HAVE_EVENTFD=1 -DNNG_HAVE_EPOLL=1 -DNNG_HAVE_EPOLL_CREATE1=1 -DNNG_HAVE_SOPEERCRED=1 -DNNG_HAVE_STDATOMIC=1 -DNNG_HAVE_SOCKETPAIR=1 -I"/usr/share/R/include" -DNDEBUG -Imbedtls/include -Inng/include -DNNG_STATIC_LIB     -fvisibility=hidden -fpic  -g -O2 -ffile-prefix-map=/build/reproducible-path/r-base-4.6.1=. -fstack-protector-strong -fstack-clash-protection -Wformat -Werror=format-security -fcf-protection -Wdate-time -D_FORTIFY_SOURCE=2  -c nng/src/core/idhash.c -o nng/src/core/idhash.o
x86_64-linux-gnu-gcc -Inng/src -Inng/include -Imbedtls/include -DNNG_STATIC_LIB -DNNG_SUPP_TLS -DNNG_SUPP_HTTP -DNNG_ENABLE_STATS -DNNG_TLS_ENGINE_INIT=nng_tls_engine_init_mbed -DNNG_TLS_ENGINE_FINI=nng_tls_engine_fini_mbed -DNNG_TRANSPORT_INPROC -DNNG_TRANSPORT_IPC -DNNG_TRANSPORT_TCP -DNNG_TRANSPORT_TLS -DNNG_TRANSPORT_WS -DNNG_TRANSPORT_WSS -DNNG_TRANSPORT_FDC -DNNG_PLATFORM_POSIX -DNNG_PLATFORM_LINUX -DNNG_USE_EVENTFD -DNNG_HAVE_ABSTRACT_SOCKETS -D_GNU_SOURCE -D_REENTRANT -D_THREAD_SAFE -D_POSIX_PTHREAD_SEMANTICS -DNNG_HAVE_STRLCPY=1 -DNNG_HAVE_STRNLEN=1 -DNNG_HAVE_STRCASECMP=1 -DNNG_HAVE_STRNCASECMP=1 -DNNG_HAVE_LOCKF=1 -DNNG_HAVE_FLOCK=1 -DNNG_HAVE_GETRANDOM=1 -DNNG_HAVE_ARC4RANDOM=1 -DNNG_HAVE_CLOCK_GETTIME_LIBC=1 -DNNG_HAVE_CLOCK_GETTIME -DNNG_HAVE_SEMAPHORE_PTHREAD=1 -DNNG_HAVE_PTHREAD_ATFORK_PTHREAD=1 -DNNG_HAVE_PTHREAD_SETNAME_NP=1 -DNNG_HAVE_LIBATOMIC=1 -DNNG_HAVE_UNIX_SOCKETS=1 -DNNG_HAVE_BACKTRACE=1 -DNNG_HAVE_MSG_CONTROL=1 -DNNG_HAVE_EVENTFD=1 -DNNG_HAVE_EPOLL=1 -DNNG_HAVE_EPOLL_CREATE1=1 -DNNG_HAVE_SOPEERCRED=1 -DNNG_HAVE_STDATOMIC=1 -DNNG_HAVE_SOCKETPAIR=1 -I"/usr/share/R/include" -DNDEBUG -Imbedtls/include -Inng/include -DNNG_STATIC_LIB     -fvisibility=hidden -fpic  -g -O2 -ffile-prefix-map=/build/reproducible-path/r-base-4.6.1=. -fstack-protector-strong -fstack-clash-protection -Wformat -Werror=format-security -fcf-protection -Wdate-time -D_FORTIFY_SOURCE=2  -c nng/src/core/init.c -o nng/src/core/init.o
x86_64-linux-gnu-gcc -Inng/src -Inng/include -Imbedtls/include -DNNG_STATIC_LIB -DNNG_SUPP_TLS -DNNG_SUPP_HTTP -DNNG_ENABLE_STATS -DNNG_TLS_ENGINE_INIT=nng_tls_engine_init_mbed -DNNG_TLS_ENGINE_FINI=nng_tls_engine_fini_mbed -DNNG_TRANSPORT_INPROC -DNNG_TRANSPORT_IPC -DNNG_TRANSPORT_TCP -DNNG_TRANSPORT_TLS -DNNG_TRANSPORT_WS -DNNG_TRANSPORT_WSS -DNNG_TRANSPORT_FDC -DNNG_PLATFORM_POSIX -DNNG_PLATFORM_LINUX -DNNG_USE_EVENTFD -DNNG_HAVE_ABSTRACT_SOCKETS -D_GNU_SOURCE -D_REENTRANT -D_THREAD_SAFE -D_POSIX_PTHREAD_SEMANTICS -DNNG_HAVE_STRLCPY=1 -DNNG_HAVE_STRNLEN=1 -DNNG_HAVE_STRCASECMP=1 -DNNG_HAVE_STRNCASECMP=1 -DNNG_HAVE_LOCKF=1 -DNNG_HAVE_FLOCK=1 -DNNG_HAVE_GETRANDOM=1 -DNNG_HAVE_ARC4RANDOM=1 -DNNG_HAVE_CLOCK_GETTIME_LIBC=1 -DNNG_HAVE_CLOCK_GETTIME -DNNG_HAVE_SEMAPHORE_PTHREAD=1 -DNNG_HAVE_PTHREAD_ATFORK_PTHREAD=1 -DNNG_HAVE_PTHREAD_SETNAME_NP=1 -DNNG_HAVE_LIBATOMIC=1 -DNNG_HAVE_UNIX_SOCKETS=1 -DNNG_HAVE_BACKTRACE=1 -DNNG_HAVE_MSG_CONTROL=1 -DNNG_HAVE_EVENTFD=1 -DNNG_HAVE_EPOLL=1 -DNNG_HAVE_EPOLL_CREATE1=1 -DNNG_HAVE_SOPEERCRED=1 -DNNG_HAVE_STDATOMIC=1 -DNNG_HAVE_SOCKETPAIR=1 -I"/usr/share/R/include" -DNDEBUG -Imbedtls/include -Inng/include -DNNG_STATIC_LIB     -fvisibility=hidden -fpic  -g -O2 -ffile-prefix-map=/build/reproducible-path/r-base-4.6.1=. -fstack-protector-strong -fstack-clash-protection -Wformat -Werror=format-security -fcf-protection -Wdate-time -D_FORTIFY_SOURCE=2  -c nng/src/core/list.c -o nng/src/core/list.o
x86_64-linux-gnu-gcc -Inng/src -Inng/include -Imbedtls/include -DNNG_STATIC_LIB -DNNG_SUPP_TLS -DNNG_SUPP_HTTP -DNNG_ENABLE_STATS -DNNG_TLS_ENGINE_INIT=nng_tls_engine_init_mbed -DNNG_TLS_ENGINE_FINI=nng_tls_engine_fini_mbed -DNNG_TRANSPORT_INPROC -DNNG_TRANSPORT_IPC -DNNG_TRANSPORT_TCP -DNNG_TRANSPORT_TLS -DNNG_TRANSPORT_WS -DNNG_TRANSPORT_WSS -DNNG_TRANSPORT_FDC -DNNG_PLATFORM_POSIX -DNNG_PLATFORM_LINUX -DNNG_USE_EVENTFD -DNNG_HAVE_ABSTRACT_SOCKETS -D_GNU_SOURCE -D_REENTRANT -D_THREAD_SAFE -D_POSIX_PTHREAD_SEMANTICS -DNNG_HAVE_STRLCPY=1 -DNNG_HAVE_STRNLEN=1 -DNNG_HAVE_STRCASECMP=1 -DNNG_HAVE_STRNCASECMP=1 -DNNG_HAVE_LOCKF=1 -DNNG_HAVE_FLOCK=1 -DNNG_HAVE_GETRANDOM=1 -DNNG_HAVE_ARC4RANDOM=1 -DNNG_HAVE_CLOCK_GETTIME_LIBC=1 -DNNG_HAVE_CLOCK_GETTIME -DNNG_HAVE_SEMAPHORE_PTHREAD=1 -DNNG_HAVE_PTHREAD_ATFORK_PTHREAD=1 -DNNG_HAVE_PTHREAD_SETNAME_NP=1 -DNNG_HAVE_LIBATOMIC=1 -DNNG_HAVE_UNIX_SOCKETS=1 -DNNG_HAVE_BACKTRACE=1 -DNNG_HAVE_MSG_CONTROL=1 -DNNG_HAVE_EVENTFD=1 -DNNG_HAVE_EPOLL=1 -DNNG_HAVE_EPOLL_CREATE1=1 -DNNG_HAVE_SOPEERCRED=1 -DNNG_HAVE_STDATOMIC=1 -DNNG_HAVE_SOCKETPAIR=1 -I"/usr/share/R/include" -DNDEBUG -Imbedtls/include -Inng/include -DNNG_STATIC_LIB     -fvisibility=hidden -fpic  -g -O2 -ffile-prefix-map=/build/reproducible-path/r-base-4.6.1=. -fstack-protector-strong -fstack-clash-protection -Wformat -Werror=format-security -fcf-protection -Wdate-time -D_FORTIFY_SOURCE=2  -c nng/src/core/listener.c -o nng/src/core/listener.o
x86_64-linux-gnu-gcc -Inng/src -Inng/include -Imbedtls/include -DNNG_STATIC_LIB -DNNG_SUPP_TLS -DNNG_SUPP_HTTP -DNNG_ENABLE_STATS -DNNG_TLS_ENGINE_INIT=nng_tls_engine_init_mbed -DNNG_TLS_ENGINE_FINI=nng_tls_engine_fini_mbed -DNNG_TRANSPORT_INPROC -DNNG_TRANSPORT_IPC -DNNG_TRANSPORT_TCP -DNNG_TRANSPORT_TLS -DNNG_TRANSPORT_WS -DNNG_TRANSPORT_WSS -DNNG_TRANSPORT_FDC -DNNG_PLATFORM_POSIX -DNNG_PLATFORM_LINUX -DNNG_USE_EVENTFD -DNNG_HAVE_ABSTRACT_SOCKETS -D_GNU_SOURCE -D_REENTRANT -D_THREAD_SAFE -D_POSIX_PTHREAD_SEMANTICS -DNNG_HAVE_STRLCPY=1 -DNNG_HAVE_STRNLEN=1 -DNNG_HAVE_STRCASECMP=1 -DNNG_HAVE_STRNCASECMP=1 -DNNG_HAVE_LOCKF=1 -DNNG_HAVE_FLOCK=1 -DNNG_HAVE_GETRANDOM=1 -DNNG_HAVE_ARC4RANDOM=1 -DNNG_HAVE_CLOCK_GETTIME_LIBC=1 -DNNG_HAVE_CLOCK_GETTIME -DNNG_HAVE_SEMAPHORE_PTHREAD=1 -DNNG_HAVE_PTHREAD_ATFORK_PTHREAD=1 -DNNG_HAVE_PTHREAD_SETNAME_NP=1 -DNNG_HAVE_LIBATOMIC=1 -DNNG_HAVE_UNIX_SOCKETS=1 -DNNG_HAVE_BACKTRACE=1 -DNNG_HAVE_MSG_CONTROL=1 -DNNG_HAVE_EVENTFD=1 -DNNG_HAVE_EPOLL=1 -DNNG_HAVE_EPOLL_CREATE1=1 -DNNG_HAVE_SOPEERCRED=1 -DNNG_HAVE_STDATOMIC=1 -DNNG_HAVE_SOCKETPAIR=1 -I"/usr/share/R/include" -DNDEBUG -Imbedtls/include -Inng/include -DNNG_STATIC_LIB     -fvisibility=hidden -fpic  -g -O2 -ffile-prefix-map=/build/reproducible-path/r-base-4.6.1=. -fstack-protector-strong -fstack-clash-protection -Wformat -Werror=format-security -fcf-protection -Wdate-time -D_FORTIFY_SOURCE=2  -c nng/src/core/lmq.c -o nng/src/core/lmq.o
x86_64-linux-gnu-gcc -Inng/src -Inng/include -Imbedtls/include -DNNG_STATIC_LIB -DNNG_SUPP_TLS -DNNG_SUPP_HTTP -DNNG_ENABLE_STATS -DNNG_TLS_ENGINE_INIT=nng_tls_engine_init_mbed -DNNG_TLS_ENGINE_FINI=nng_tls_engine_fini_mbed -DNNG_TRANSPORT_INPROC -DNNG_TRANSPORT_IPC -DNNG_TRANSPORT_TCP -DNNG_TRANSPORT_TLS -DNNG_TRANSPORT_WS -DNNG_TRANSPORT_WSS -DNNG_TRANSPORT_FDC -DNNG_PLATFORM_POSIX -DNNG_PLATFORM_LINUX -DNNG_USE_EVENTFD -DNNG_HAVE_ABSTRACT_SOCKETS -D_GNU_SOURCE -D_REENTRANT -D_THREAD_SAFE -D_POSIX_PTHREAD_SEMANTICS -DNNG_HAVE_STRLCPY=1 -DNNG_HAVE_STRNLEN=1 -DNNG_HAVE_STRCASECMP=1 -DNNG_HAVE_STRNCASECMP=1 -DNNG_HAVE_LOCKF=1 -DNNG_HAVE_FLOCK=1 -DNNG_HAVE_GETRANDOM=1 -DNNG_HAVE_ARC4RANDOM=1 -DNNG_HAVE_CLOCK_GETTIME_LIBC=1 -DNNG_HAVE_CLOCK_GETTIME -DNNG_HAVE_SEMAPHORE_PTHREAD=1 -DNNG_HAVE_PTHREAD_ATFORK_PTHREAD=1 -DNNG_HAVE_PTHREAD_SETNAME_NP=1 -DNNG_HAVE_LIBATOMIC=1 -DNNG_HAVE_UNIX_SOCKETS=1 -DNNG_HAVE_BACKTRACE=1 -DNNG_HAVE_MSG_CONTROL=1 -DNNG_HAVE_EVENTFD=1 -DNNG_HAVE_EPOLL=1 -DNNG_HAVE_EPOLL_CREATE1=1 -DNNG_HAVE_SOPEERCRED=1 -DNNG_HAVE_STDATOMIC=1 -DNNG_HAVE_SOCKETPAIR=1 -I"/usr/share/R/include" -DNDEBUG -Imbedtls/include -Inng/include -DNNG_STATIC_LIB     -fvisibility=hidden -fpic  -g -O2 -ffile-prefix-map=/build/reproducible-path/r-base-4.6.1=. -fstack-protector-strong -fstack-clash-protection -Wformat -Werror=format-security -fcf-protection -Wdate-time -D_FORTIFY_SOURCE=2  -c nng/src/core/message.c -o nng/src/core/message.o
x86_64-linux-gnu-gcc -Inng/src -Inng/include -Imbedtls/include -DNNG_STATIC_LIB -DNNG_SUPP_TLS -DNNG_SUPP_HTTP -DNNG_ENABLE_STATS -DNNG_TLS_ENGINE_INIT=nng_tls_engine_init_mbed -DNNG_TLS_ENGINE_FINI=nng_tls_engine_fini_mbed -DNNG_TRANSPORT_INPROC -DNNG_TRANSPORT_IPC -DNNG_TRANSPORT_TCP -DNNG_TRANSPORT_TLS -DNNG_TRANSPORT_WS -DNNG_TRANSPORT_WSS -DNNG_TRANSPORT_FDC -DNNG_PLATFORM_POSIX -DNNG_PLATFORM_LINUX -DNNG_USE_EVENTFD -DNNG_HAVE_ABSTRACT_SOCKETS -D_GNU_SOURCE -D_REENTRANT -D_THREAD_SAFE -D_POSIX_PTHREAD_SEMANTICS -DNNG_HAVE_STRLCPY=1 -DNNG_HAVE_STRNLEN=1 -DNNG_HAVE_STRCASECMP=1 -DNNG_HAVE_STRNCASECMP=1 -DNNG_HAVE_LOCKF=1 -DNNG_HAVE_FLOCK=1 -DNNG_HAVE_GETRANDOM=1 -DNNG_HAVE_ARC4RANDOM=1 -DNNG_HAVE_CLOCK_GETTIME_LIBC=1 -DNNG_HAVE_CLOCK_GETTIME -DNNG_HAVE_SEMAPHORE_PTHREAD=1 -DNNG_HAVE_PTHREAD_ATFORK_PTHREAD=1 -DNNG_HAVE_PTHREAD_SETNAME_NP=1 -DNNG_HAVE_LIBATOMIC=1 -DNNG_HAVE_UNIX_SOCKETS=1 -DNNG_HAVE_BACKTRACE=1 -DNNG_HAVE_MSG_CONTROL=1 -DNNG_HAVE_EVENTFD=1 -DNNG_HAVE_EPOLL=1 -DNNG_HAVE_EPOLL_CREATE1=1 -DNNG_HAVE_SOPEERCRED=1 -DNNG_HAVE_STDATOMIC=1 -DNNG_HAVE_SOCKETPAIR=1 -I"/usr/share/R/include" -DNDEBUG -Imbedtls/include -Inng/include -DNNG_STATIC_LIB     -fvisibility=hidden -fpic  -g -O2 -ffile-prefix-map=/build/reproducible-path/r-base-4.6.1=. -fstack-protector-strong -fstack-clash-protection -Wformat -Werror=format-security -fcf-protection -Wdate-time -D_FORTIFY_SOURCE=2  -c nng/src/core/msgqueue.c -o nng/src/core/msgqueue.o
x86_64-linux-gnu-gcc -Inng/src -Inng/include -Imbedtls/include -DNNG_STATIC_LIB -DNNG_SUPP_TLS -DNNG_SUPP_HTTP -DNNG_ENABLE_STATS -DNNG_TLS_ENGINE_INIT=nng_tls_engine_init_mbed -DNNG_TLS_ENGINE_FINI=nng_tls_engine_fini_mbed -DNNG_TRANSPORT_INPROC -DNNG_TRANSPORT_IPC -DNNG_TRANSPORT_TCP -DNNG_TRANSPORT_TLS -DNNG_TRANSPORT_WS -DNNG_TRANSPORT_WSS -DNNG_TRANSPORT_FDC -DNNG_PLATFORM_POSIX -DNNG_PLATFORM_LINUX -DNNG_USE_EVENTFD -DNNG_HAVE_ABSTRACT_SOCKETS -D_GNU_SOURCE -D_REENTRANT -D_THREAD_SAFE -D_POSIX_PTHREAD_SEMANTICS -DNNG_HAVE_STRLCPY=1 -DNNG_HAVE_STRNLEN=1 -DNNG_HAVE_STRCASECMP=1 -DNNG_HAVE_STRNCASECMP=1 -DNNG_HAVE_LOCKF=1 -DNNG_HAVE_FLOCK=1 -DNNG_HAVE_GETRANDOM=1 -DNNG_HAVE_ARC4RANDOM=1 -DNNG_HAVE_CLOCK_GETTIME_LIBC=1 -DNNG_HAVE_CLOCK_GETTIME -DNNG_HAVE_SEMAPHORE_PTHREAD=1 -DNNG_HAVE_PTHREAD_ATFORK_PTHREAD=1 -DNNG_HAVE_PTHREAD_SETNAME_NP=1 -DNNG_HAVE_LIBATOMIC=1 -DNNG_HAVE_UNIX_SOCKETS=1 -DNNG_HAVE_BACKTRACE=1 -DNNG_HAVE_MSG_CONTROL=1 -DNNG_HAVE_EVENTFD=1 -DNNG_HAVE_EPOLL=1 -DNNG_HAVE_EPOLL_CREATE1=1 -DNNG_HAVE_SOPEERCRED=1 -DNNG_HAVE_STDATOMIC=1 -DNNG_HAVE_SOCKETPAIR=1 -I"/usr/share/R/include" -DNDEBUG -Imbedtls/include -Inng/include -DNNG_STATIC_LIB     -fvisibility=hidden -fpic  -g -O2 -ffile-prefix-map=/build/reproducible-path/r-base-4.6.1=. -fstack-protector-strong -fstack-clash-protection -Wformat -Werror=format-security -fcf-protection -Wdate-time -D_FORTIFY_SOURCE=2  -c nng/src/core/options.c -o nng/src/core/options.o
x86_64-linux-gnu-gcc -Inng/src -Inng/include -Imbedtls/include -DNNG_STATIC_LIB -DNNG_SUPP_TLS -DNNG_SUPP_HTTP -DNNG_ENABLE_STATS -DNNG_TLS_ENGINE_INIT=nng_tls_engine_init_mbed -DNNG_TLS_ENGINE_FINI=nng_tls_engine_fini_mbed -DNNG_TRANSPORT_INPROC -DNNG_TRANSPORT_IPC -DNNG_TRANSPORT_TCP -DNNG_TRANSPORT_TLS -DNNG_TRANSPORT_WS -DNNG_TRANSPORT_WSS -DNNG_TRANSPORT_FDC -DNNG_PLATFORM_POSIX -DNNG_PLATFORM_LINUX -DNNG_USE_EVENTFD -DNNG_HAVE_ABSTRACT_SOCKETS -D_GNU_SOURCE -D_REENTRANT -D_THREAD_SAFE -D_POSIX_PTHREAD_SEMANTICS -DNNG_HAVE_STRLCPY=1 -DNNG_HAVE_STRNLEN=1 -DNNG_HAVE_STRCASECMP=1 -DNNG_HAVE_STRNCASECMP=1 -DNNG_HAVE_LOCKF=1 -DNNG_HAVE_FLOCK=1 -DNNG_HAVE_GETRANDOM=1 -DNNG_HAVE_ARC4RANDOM=1 -DNNG_HAVE_CLOCK_GETTIME_LIBC=1 -DNNG_HAVE_CLOCK_GETTIME -DNNG_HAVE_SEMAPHORE_PTHREAD=1 -DNNG_HAVE_PTHREAD_ATFORK_PTHREAD=1 -DNNG_HAVE_PTHREAD_SETNAME_NP=1 -DNNG_HAVE_LIBATOMIC=1 -DNNG_HAVE_UNIX_SOCKETS=1 -DNNG_HAVE_BACKTRACE=1 -DNNG_HAVE_MSG_CONTROL=1 -DNNG_HAVE_EVENTFD=1 -DNNG_HAVE_EPOLL=1 -DNNG_HAVE_EPOLL_CREATE1=1 -DNNG_HAVE_SOPEERCRED=1 -DNNG_HAVE_STDATOMIC=1 -DNNG_HAVE_SOCKETPAIR=1 -I"/usr/share/R/include" -DNDEBUG -Imbedtls/include -Inng/include -DNNG_STATIC_LIB     -fvisibility=hidden -fpic  -g -O2 -ffile-prefix-map=/build/reproducible-path/r-base-4.6.1=. -fstack-protector-strong -fstack-clash-protection -Wformat -Werror=format-security -fcf-protection -Wdate-time -D_FORTIFY_SOURCE=2  -c nng/src/core/panic.c -o nng/src/core/panic.o
x86_64-linux-gnu-gcc -Inng/src -Inng/include -Imbedtls/include -DNNG_STATIC_LIB -DNNG_SUPP_TLS -DNNG_SUPP_HTTP -DNNG_ENABLE_STATS -DNNG_TLS_ENGINE_INIT=nng_tls_engine_init_mbed -DNNG_TLS_ENGINE_FINI=nng_tls_engine_fini_mbed -DNNG_TRANSPORT_INPROC -DNNG_TRANSPORT_IPC -DNNG_TRANSPORT_TCP -DNNG_TRANSPORT_TLS -DNNG_TRANSPORT_WS -DNNG_TRANSPORT_WSS -DNNG_TRANSPORT_FDC -DNNG_PLATFORM_POSIX -DNNG_PLATFORM_LINUX -DNNG_USE_EVENTFD -DNNG_HAVE_ABSTRACT_SOCKETS -D_GNU_SOURCE -D_REENTRANT -D_THREAD_SAFE -D_POSIX_PTHREAD_SEMANTICS -DNNG_HAVE_STRLCPY=1 -DNNG_HAVE_STRNLEN=1 -DNNG_HAVE_STRCASECMP=1 -DNNG_HAVE_STRNCASECMP=1 -DNNG_HAVE_LOCKF=1 -DNNG_HAVE_FLOCK=1 -DNNG_HAVE_GETRANDOM=1 -DNNG_HAVE_ARC4RANDOM=1 -DNNG_HAVE_CLOCK_GETTIME_LIBC=1 -DNNG_HAVE_CLOCK_GETTIME -DNNG_HAVE_SEMAPHORE_PTHREAD=1 -DNNG_HAVE_PTHREAD_ATFORK_PTHREAD=1 -DNNG_HAVE_PTHREAD_SETNAME_NP=1 -DNNG_HAVE_LIBATOMIC=1 -DNNG_HAVE_UNIX_SOCKETS=1 -DNNG_HAVE_BACKTRACE=1 -DNNG_HAVE_MSG_CONTROL=1 -DNNG_HAVE_EVENTFD=1 -DNNG_HAVE_EPOLL=1 -DNNG_HAVE_EPOLL_CREATE1=1 -DNNG_HAVE_SOPEERCRED=1 -DNNG_HAVE_STDATOMIC=1 -DNNG_HAVE_SOCKETPAIR=1 -I"/usr/share/R/include" -DNDEBUG -Imbedtls/include -Inng/include -DNNG_STATIC_LIB     -fvisibility=hidden -fpic  -g -O2 -ffile-prefix-map=/build/reproducible-path/r-base-4.6.1=. -fstack-protector-strong -fstack-clash-protection -Wformat -Werror=format-security -fcf-protection -Wdate-time -D_FORTIFY_SOURCE=2  -c nng/src/core/pipe.c -o nng/src/core/pipe.o
x86_64-linux-gnu-gcc -Inng/src -Inng/include -Imbedtls/include -DNNG_STATIC_LIB -DNNG_SUPP_TLS -DNNG_SUPP_HTTP -DNNG_ENABLE_STATS -DNNG_TLS_ENGINE_INIT=nng_tls_engine_init_mbed -DNNG_TLS_ENGINE_FINI=nng_tls_engine_fini_mbed -DNNG_TRANSPORT_INPROC -DNNG_TRANSPORT_IPC -DNNG_TRANSPORT_TCP -DNNG_TRANSPORT_TLS -DNNG_TRANSPORT_WS -DNNG_TRANSPORT_WSS -DNNG_TRANSPORT_FDC -DNNG_PLATFORM_POSIX -DNNG_PLATFORM_LINUX -DNNG_USE_EVENTFD -DNNG_HAVE_ABSTRACT_SOCKETS -D_GNU_SOURCE -D_REENTRANT -D_THREAD_SAFE -D_POSIX_PTHREAD_SEMANTICS -DNNG_HAVE_STRLCPY=1 -DNNG_HAVE_STRNLEN=1 -DNNG_HAVE_STRCASECMP=1 -DNNG_HAVE_STRNCASECMP=1 -DNNG_HAVE_LOCKF=1 -DNNG_HAVE_FLOCK=1 -DNNG_HAVE_GETRANDOM=1 -DNNG_HAVE_ARC4RANDOM=1 -DNNG_HAVE_CLOCK_GETTIME_LIBC=1 -DNNG_HAVE_CLOCK_GETTIME -DNNG_HAVE_SEMAPHORE_PTHREAD=1 -DNNG_HAVE_PTHREAD_ATFORK_PTHREAD=1 -DNNG_HAVE_PTHREAD_SETNAME_NP=1 -DNNG_HAVE_LIBATOMIC=1 -DNNG_HAVE_UNIX_SOCKETS=1 -DNNG_HAVE_BACKTRACE=1 -DNNG_HAVE_MSG_CONTROL=1 -DNNG_HAVE_EVENTFD=1 -DNNG_HAVE_EPOLL=1 -DNNG_HAVE_EPOLL_CREATE1=1 -DNNG_HAVE_SOPEERCRED=1 -DNNG_HAVE_STDATOMIC=1 -DNNG_HAVE_SOCKETPAIR=1 -I"/usr/share/R/include" -DNDEBUG -Imbedtls/include -Inng/include -DNNG_STATIC_LIB     -fvisibility=hidden -fpic  -g -O2 -ffile-prefix-map=/build/reproducible-path/r-base-4.6.1=. -fstack-protector-strong -fstack-clash-protection -Wformat -Werror=format-security -fcf-protection -Wdate-time -D_FORTIFY_SOURCE=2  -c nng/src/core/pollable.c -o nng/src/core/pollable.o
x86_64-linux-gnu-gcc -Inng/src -Inng/include -Imbedtls/include -DNNG_STATIC_LIB -DNNG_SUPP_TLS -DNNG_SUPP_HTTP -DNNG_ENABLE_STATS -DNNG_TLS_ENGINE_INIT=nng_tls_engine_init_mbed -DNNG_TLS_ENGINE_FINI=nng_tls_engine_fini_mbed -DNNG_TRANSPORT_INPROC -DNNG_TRANSPORT_IPC -DNNG_TRANSPORT_TCP -DNNG_TRANSPORT_TLS -DNNG_TRANSPORT_WS -DNNG_TRANSPORT_WSS -DNNG_TRANSPORT_FDC -DNNG_PLATFORM_POSIX -DNNG_PLATFORM_LINUX -DNNG_USE_EVENTFD -DNNG_HAVE_ABSTRACT_SOCKETS -D_GNU_SOURCE -D_REENTRANT -D_THREAD_SAFE -D_POSIX_PTHREAD_SEMANTICS -DNNG_HAVE_STRLCPY=1 -DNNG_HAVE_STRNLEN=1 -DNNG_HAVE_STRCASECMP=1 -DNNG_HAVE_STRNCASECMP=1 -DNNG_HAVE_LOCKF=1 -DNNG_HAVE_FLOCK=1 -DNNG_HAVE_GETRANDOM=1 -DNNG_HAVE_ARC4RANDOM=1 -DNNG_HAVE_CLOCK_GETTIME_LIBC=1 -DNNG_HAVE_CLOCK_GETTIME -DNNG_HAVE_SEMAPHORE_PTHREAD=1 -DNNG_HAVE_PTHREAD_ATFORK_PTHREAD=1 -DNNG_HAVE_PTHREAD_SETNAME_NP=1 -DNNG_HAVE_LIBATOMIC=1 -DNNG_HAVE_UNIX_SOCKETS=1 -DNNG_HAVE_BACKTRACE=1 -DNNG_HAVE_MSG_CONTROL=1 -DNNG_HAVE_EVENTFD=1 -DNNG_HAVE_EPOLL=1 -DNNG_HAVE_EPOLL_CREATE1=1 -DNNG_HAVE_SOPEERCRED=1 -DNNG_HAVE_STDATOMIC=1 -DNNG_HAVE_SOCKETPAIR=1 -I"/usr/share/R/include" -DNDEBUG -Imbedtls/include -Inng/include -DNNG_STATIC_LIB     -fvisibility=hidden -fpic  -g -O2 -ffile-prefix-map=/build/reproducible-path/r-base-4.6.1=. -fstack-protector-strong -fstack-clash-protection -Wformat -Werror=format-security -fcf-protection -Wdate-time -D_FORTIFY_SOURCE=2  -c nng/src/core/reap.c -o nng/src/core/reap.o
x86_64-linux-gnu-gcc -Inng/src -Inng/include -Imbedtls/include -DNNG_STATIC_LIB -DNNG_SUPP_TLS -DNNG_SUPP_HTTP -DNNG_ENABLE_STATS -DNNG_TLS_ENGINE_INIT=nng_tls_engine_init_mbed -DNNG_TLS_ENGINE_FINI=nng_tls_engine_fini_mbed -DNNG_TRANSPORT_INPROC -DNNG_TRANSPORT_IPC -DNNG_TRANSPORT_TCP -DNNG_TRANSPORT_TLS -DNNG_TRANSPORT_WS -DNNG_TRANSPORT_WSS -DNNG_TRANSPORT_FDC -DNNG_PLATFORM_POSIX -DNNG_PLATFORM_LINUX -DNNG_USE_EVENTFD -DNNG_HAVE_ABSTRACT_SOCKETS -D_GNU_SOURCE -D_REENTRANT -D_THREAD_SAFE -D_POSIX_PTHREAD_SEMANTICS -DNNG_HAVE_STRLCPY=1 -DNNG_HAVE_STRNLEN=1 -DNNG_HAVE_STRCASECMP=1 -DNNG_HAVE_STRNCASECMP=1 -DNNG_HAVE_LOCKF=1 -DNNG_HAVE_FLOCK=1 -DNNG_HAVE_GETRANDOM=1 -DNNG_HAVE_ARC4RANDOM=1 -DNNG_HAVE_CLOCK_GETTIME_LIBC=1 -DNNG_HAVE_CLOCK_GETTIME -DNNG_HAVE_SEMAPHORE_PTHREAD=1 -DNNG_HAVE_PTHREAD_ATFORK_PTHREAD=1 -DNNG_HAVE_PTHREAD_SETNAME_NP=1 -DNNG_HAVE_LIBATOMIC=1 -DNNG_HAVE_UNIX_SOCKETS=1 -DNNG_HAVE_BACKTRACE=1 -DNNG_HAVE_MSG_CONTROL=1 -DNNG_HAVE_EVENTFD=1 -DNNG_HAVE_EPOLL=1 -DNNG_HAVE_EPOLL_CREATE1=1 -DNNG_HAVE_SOPEERCRED=1 -DNNG_HAVE_STDATOMIC=1 -DNNG_HAVE_SOCKETPAIR=1 -I"/usr/share/R/include" -DNDEBUG -Imbedtls/include -Inng/include -DNNG_STATIC_LIB     -fvisibility=hidden -fpic  -g -O2 -ffile-prefix-map=/build/reproducible-path/r-base-4.6.1=. -fstack-protector-strong -fstack-clash-protection -Wformat -Werror=format-security -fcf-protection -Wdate-time -D_FORTIFY_SOURCE=2  -c nng/src/core/sockaddr.c -o nng/src/core/sockaddr.o
x86_64-linux-gnu-gcc -Inng/src -Inng/include -Imbedtls/include -DNNG_STATIC_LIB -DNNG_SUPP_TLS -DNNG_SUPP_HTTP -DNNG_ENABLE_STATS -DNNG_TLS_ENGINE_INIT=nng_tls_engine_init_mbed -DNNG_TLS_ENGINE_FINI=nng_tls_engine_fini_mbed -DNNG_TRANSPORT_INPROC -DNNG_TRANSPORT_IPC -DNNG_TRANSPORT_TCP -DNNG_TRANSPORT_TLS -DNNG_TRANSPORT_WS -DNNG_TRANSPORT_WSS -DNNG_TRANSPORT_FDC -DNNG_PLATFORM_POSIX -DNNG_PLATFORM_LINUX -DNNG_USE_EVENTFD -DNNG_HAVE_ABSTRACT_SOCKETS -D_GNU_SOURCE -D_REENTRANT -D_THREAD_SAFE -D_POSIX_PTHREAD_SEMANTICS -DNNG_HAVE_STRLCPY=1 -DNNG_HAVE_STRNLEN=1 -DNNG_HAVE_STRCASECMP=1 -DNNG_HAVE_STRNCASECMP=1 -DNNG_HAVE_LOCKF=1 -DNNG_HAVE_FLOCK=1 -DNNG_HAVE_GETRANDOM=1 -DNNG_HAVE_ARC4RANDOM=1 -DNNG_HAVE_CLOCK_GETTIME_LIBC=1 -DNNG_HAVE_CLOCK_GETTIME -DNNG_HAVE_SEMAPHORE_PTHREAD=1 -DNNG_HAVE_PTHREAD_ATFORK_PTHREAD=1 -DNNG_HAVE_PTHREAD_SETNAME_NP=1 -DNNG_HAVE_LIBATOMIC=1 -DNNG_HAVE_UNIX_SOCKETS=1 -DNNG_HAVE_BACKTRACE=1 -DNNG_HAVE_MSG_CONTROL=1 -DNNG_HAVE_EVENTFD=1 -DNNG_HAVE_EPOLL=1 -DNNG_HAVE_EPOLL_CREATE1=1 -DNNG_HAVE_SOPEERCRED=1 -DNNG_HAVE_STDATOMIC=1 -DNNG_HAVE_SOCKETPAIR=1 -I"/usr/share/R/include" -DNDEBUG -Imbedtls/include -Inng/include -DNNG_STATIC_LIB     -fvisibility=hidden -fpic  -g -O2 -ffile-prefix-map=/build/reproducible-path/r-base-4.6.1=. -fstack-protector-strong -fstack-clash-protection -Wformat -Werror=format-security -fcf-protection -Wdate-time -D_FORTIFY_SOURCE=2  -c nng/src/core/socket.c -o nng/src/core/socket.o
x86_64-linux-gnu-gcc -Inng/src -Inng/include -Imbedtls/include -DNNG_STATIC_LIB -DNNG_SUPP_TLS -DNNG_SUPP_HTTP -DNNG_ENABLE_STATS -DNNG_TLS_ENGINE_INIT=nng_tls_engine_init_mbed -DNNG_TLS_ENGINE_FINI=nng_tls_engine_fini_mbed -DNNG_TRANSPORT_INPROC -DNNG_TRANSPORT_IPC -DNNG_TRANSPORT_TCP -DNNG_TRANSPORT_TLS -DNNG_TRANSPORT_WS -DNNG_TRANSPORT_WSS -DNNG_TRANSPORT_FDC -DNNG_PLATFORM_POSIX -DNNG_PLATFORM_LINUX -DNNG_USE_EVENTFD -DNNG_HAVE_ABSTRACT_SOCKETS -D_GNU_SOURCE -D_REENTRANT -D_THREAD_SAFE -D_POSIX_PTHREAD_SEMANTICS -DNNG_HAVE_STRLCPY=1 -DNNG_HAVE_STRNLEN=1 -DNNG_HAVE_STRCASECMP=1 -DNNG_HAVE_STRNCASECMP=1 -DNNG_HAVE_LOCKF=1 -DNNG_HAVE_FLOCK=1 -DNNG_HAVE_GETRANDOM=1 -DNNG_HAVE_ARC4RANDOM=1 -DNNG_HAVE_CLOCK_GETTIME_LIBC=1 -DNNG_HAVE_CLOCK_GETTIME -DNNG_HAVE_SEMAPHORE_PTHREAD=1 -DNNG_HAVE_PTHREAD_ATFORK_PTHREAD=1 -DNNG_HAVE_PTHREAD_SETNAME_NP=1 -DNNG_HAVE_LIBATOMIC=1 -DNNG_HAVE_UNIX_SOCKETS=1 -DNNG_HAVE_BACKTRACE=1 -DNNG_HAVE_MSG_CONTROL=1 -DNNG_HAVE_EVENTFD=1 -DNNG_HAVE_EPOLL=1 -DNNG_HAVE_EPOLL_CREATE1=1 -DNNG_HAVE_SOPEERCRED=1 -DNNG_HAVE_STDATOMIC=1 -DNNG_HAVE_SOCKETPAIR=1 -I"/usr/share/R/include" -DNDEBUG -Imbedtls/include -Inng/include -DNNG_STATIC_LIB     -fvisibility=hidden -fpic  -g -O2 -ffile-prefix-map=/build/reproducible-path/r-base-4.6.1=. -fstack-protector-strong -fstack-clash-protection -Wformat -Werror=format-security -fcf-protection -Wdate-time -D_FORTIFY_SOURCE=2  -c nng/src/core/sockfd.c -o nng/src/core/sockfd.o
x86_64-linux-gnu-gcc -Inng/src -Inng/include -Imbedtls/include -DNNG_STATIC_LIB -DNNG_SUPP_TLS -DNNG_SUPP_HTTP -DNNG_ENABLE_STATS -DNNG_TLS_ENGINE_INIT=nng_tls_engine_init_mbed -DNNG_TLS_ENGINE_FINI=nng_tls_engine_fini_mbed -DNNG_TRANSPORT_INPROC -DNNG_TRANSPORT_IPC -DNNG_TRANSPORT_TCP -DNNG_TRANSPORT_TLS -DNNG_TRANSPORT_WS -DNNG_TRANSPORT_WSS -DNNG_TRANSPORT_FDC -DNNG_PLATFORM_POSIX -DNNG_PLATFORM_LINUX -DNNG_USE_EVENTFD -DNNG_HAVE_ABSTRACT_SOCKETS -D_GNU_SOURCE -D_REENTRANT -D_THREAD_SAFE -D_POSIX_PTHREAD_SEMANTICS -DNNG_HAVE_STRLCPY=1 -DNNG_HAVE_STRNLEN=1 -DNNG_HAVE_STRCASECMP=1 -DNNG_HAVE_STRNCASECMP=1 -DNNG_HAVE_LOCKF=1 -DNNG_HAVE_FLOCK=1 -DNNG_HAVE_GETRANDOM=1 -DNNG_HAVE_ARC4RANDOM=1 -DNNG_HAVE_CLOCK_GETTIME_LIBC=1 -DNNG_HAVE_CLOCK_GETTIME -DNNG_HAVE_SEMAPHORE_PTHREAD=1 -DNNG_HAVE_PTHREAD_ATFORK_PTHREAD=1 -DNNG_HAVE_PTHREAD_SETNAME_NP=1 -DNNG_HAVE_LIBATOMIC=1 -DNNG_HAVE_UNIX_SOCKETS=1 -DNNG_HAVE_BACKTRACE=1 -DNNG_HAVE_MSG_CONTROL=1 -DNNG_HAVE_EVENTFD=1 -DNNG_HAVE_EPOLL=1 -DNNG_HAVE_EPOLL_CREATE1=1 -DNNG_HAVE_SOPEERCRED=1 -DNNG_HAVE_STDATOMIC=1 -DNNG_HAVE_SOCKETPAIR=1 -I"/usr/share/R/include" -DNDEBUG -Imbedtls/include -Inng/include -DNNG_STATIC_LIB     -fvisibility=hidden -fpic  -g -O2 -ffile-prefix-map=/build/reproducible-path/r-base-4.6.1=. -fstack-protector-strong -fstack-clash-protection -Wformat -Werror=format-security -fcf-protection -Wdate-time -D_FORTIFY_SOURCE=2  -c nng/src/core/stats.c -o nng/src/core/stats.o
x86_64-linux-gnu-gcc -Inng/src -Inng/include -Imbedtls/include -DNNG_STATIC_LIB -DNNG_SUPP_TLS -DNNG_SUPP_HTTP -DNNG_ENABLE_STATS -DNNG_TLS_ENGINE_INIT=nng_tls_engine_init_mbed -DNNG_TLS_ENGINE_FINI=nng_tls_engine_fini_mbed -DNNG_TRANSPORT_INPROC -DNNG_TRANSPORT_IPC -DNNG_TRANSPORT_TCP -DNNG_TRANSPORT_TLS -DNNG_TRANSPORT_WS -DNNG_TRANSPORT_WSS -DNNG_TRANSPORT_FDC -DNNG_PLATFORM_POSIX -DNNG_PLATFORM_LINUX -DNNG_USE_EVENTFD -DNNG_HAVE_ABSTRACT_SOCKETS -D_GNU_SOURCE -D_REENTRANT -D_THREAD_SAFE -D_POSIX_PTHREAD_SEMANTICS -DNNG_HAVE_STRLCPY=1 -DNNG_HAVE_STRNLEN=1 -DNNG_HAVE_STRCASECMP=1 -DNNG_HAVE_STRNCASECMP=1 -DNNG_HAVE_LOCKF=1 -DNNG_HAVE_FLOCK=1 -DNNG_HAVE_GETRANDOM=1 -DNNG_HAVE_ARC4RANDOM=1 -DNNG_HAVE_CLOCK_GETTIME_LIBC=1 -DNNG_HAVE_CLOCK_GETTIME -DNNG_HAVE_SEMAPHORE_PTHREAD=1 -DNNG_HAVE_PTHREAD_ATFORK_PTHREAD=1 -DNNG_HAVE_PTHREAD_SETNAME_NP=1 -DNNG_HAVE_LIBATOMIC=1 -DNNG_HAVE_UNIX_SOCKETS=1 -DNNG_HAVE_BACKTRACE=1 -DNNG_HAVE_MSG_CONTROL=1 -DNNG_HAVE_EVENTFD=1 -DNNG_HAVE_EPOLL=1 -DNNG_HAVE_EPOLL_CREATE1=1 -DNNG_HAVE_SOPEERCRED=1 -DNNG_HAVE_STDATOMIC=1 -DNNG_HAVE_SOCKETPAIR=1 -I"/usr/share/R/include" -DNDEBUG -Imbedtls/include -Inng/include -DNNG_STATIC_LIB     -fvisibility=hidden -fpic  -g -O2 -ffile-prefix-map=/build/reproducible-path/r-base-4.6.1=. -fstack-protector-strong -fstack-clash-protection -Wformat -Werror=format-security -fcf-protection -Wdate-time -D_FORTIFY_SOURCE=2  -c nng/src/core/stream.c -o nng/src/core/stream.o
x86_64-linux-gnu-gcc -Inng/src -Inng/include -Imbedtls/include -DNNG_STATIC_LIB -DNNG_SUPP_TLS -DNNG_SUPP_HTTP -DNNG_ENABLE_STATS -DNNG_TLS_ENGINE_INIT=nng_tls_engine_init_mbed -DNNG_TLS_ENGINE_FINI=nng_tls_engine_fini_mbed -DNNG_TRANSPORT_INPROC -DNNG_TRANSPORT_IPC -DNNG_TRANSPORT_TCP -DNNG_TRANSPORT_TLS -DNNG_TRANSPORT_WS -DNNG_TRANSPORT_WSS -DNNG_TRANSPORT_FDC -DNNG_PLATFORM_POSIX -DNNG_PLATFORM_LINUX -DNNG_USE_EVENTFD -DNNG_HAVE_ABSTRACT_SOCKETS -D_GNU_SOURCE -D_REENTRANT -D_THREAD_SAFE -D_POSIX_PTHREAD_SEMANTICS -DNNG_HAVE_STRLCPY=1 -DNNG_HAVE_STRNLEN=1 -DNNG_HAVE_STRCASECMP=1 -DNNG_HAVE_STRNCASECMP=1 -DNNG_HAVE_LOCKF=1 -DNNG_HAVE_FLOCK=1 -DNNG_HAVE_GETRANDOM=1 -DNNG_HAVE_ARC4RANDOM=1 -DNNG_HAVE_CLOCK_GETTIME_LIBC=1 -DNNG_HAVE_CLOCK_GETTIME -DNNG_HAVE_SEMAPHORE_PTHREAD=1 -DNNG_HAVE_PTHREAD_ATFORK_PTHREAD=1 -DNNG_HAVE_PTHREAD_SETNAME_NP=1 -DNNG_HAVE_LIBATOMIC=1 -DNNG_HAVE_UNIX_SOCKETS=1 -DNNG_HAVE_BACKTRACE=1 -DNNG_HAVE_MSG_CONTROL=1 -DNNG_HAVE_EVENTFD=1 -DNNG_HAVE_EPOLL=1 -DNNG_HAVE_EPOLL_CREATE1=1 -DNNG_HAVE_SOPEERCRED=1 -DNNG_HAVE_STDATOMIC=1 -DNNG_HAVE_SOCKETPAIR=1 -I"/usr/share/R/include" -DNDEBUG -Imbedtls/include -Inng/include -DNNG_STATIC_LIB     -fvisibility=hidden -fpic  -g -O2 -ffile-prefix-map=/build/reproducible-path/r-base-4.6.1=. -fstack-protector-strong -fstack-clash-protection -Wformat -Werror=format-security -fcf-protection -Wdate-time -D_FORTIFY_SOURCE=2  -c nng/src/core/strs.c -o nng/src/core/strs.o
x86_64-linux-gnu-gcc -Inng/src -Inng/include -Imbedtls/include -DNNG_STATIC_LIB -DNNG_SUPP_TLS -DNNG_SUPP_HTTP -DNNG_ENABLE_STATS -DNNG_TLS_ENGINE_INIT=nng_tls_engine_init_mbed -DNNG_TLS_ENGINE_FINI=nng_tls_engine_fini_mbed -DNNG_TRANSPORT_INPROC -DNNG_TRANSPORT_IPC -DNNG_TRANSPORT_TCP -DNNG_TRANSPORT_TLS -DNNG_TRANSPORT_WS -DNNG_TRANSPORT_WSS -DNNG_TRANSPORT_FDC -DNNG_PLATFORM_POSIX -DNNG_PLATFORM_LINUX -DNNG_USE_EVENTFD -DNNG_HAVE_ABSTRACT_SOCKETS -D_GNU_SOURCE -D_REENTRANT -D_THREAD_SAFE -D_POSIX_PTHREAD_SEMANTICS -DNNG_HAVE_STRLCPY=1 -DNNG_HAVE_STRNLEN=1 -DNNG_HAVE_STRCASECMP=1 -DNNG_HAVE_STRNCASECMP=1 -DNNG_HAVE_LOCKF=1 -DNNG_HAVE_FLOCK=1 -DNNG_HAVE_GETRANDOM=1 -DNNG_HAVE_ARC4RANDOM=1 -DNNG_HAVE_CLOCK_GETTIME_LIBC=1 -DNNG_HAVE_CLOCK_GETTIME -DNNG_HAVE_SEMAPHORE_PTHREAD=1 -DNNG_HAVE_PTHREAD_ATFORK_PTHREAD=1 -DNNG_HAVE_PTHREAD_SETNAME_NP=1 -DNNG_HAVE_LIBATOMIC=1 -DNNG_HAVE_UNIX_SOCKETS=1 -DNNG_HAVE_BACKTRACE=1 -DNNG_HAVE_MSG_CONTROL=1 -DNNG_HAVE_EVENTFD=1 -DNNG_HAVE_EPOLL=1 -DNNG_HAVE_EPOLL_CREATE1=1 -DNNG_HAVE_SOPEERCRED=1 -DNNG_HAVE_STDATOMIC=1 -DNNG_HAVE_SOCKETPAIR=1 -I"/usr/share/R/include" -DNDEBUG -Imbedtls/include -Inng/include -DNNG_STATIC_LIB     -fvisibility=hidden -fpic  -g -O2 -ffile-prefix-map=/build/reproducible-path/r-base-4.6.1=. -fstack-protector-strong -fstack-clash-protection -Wformat -Werror=format-security -fcf-protection -Wdate-time -D_FORTIFY_SOURCE=2  -c nng/src/core/taskq.c -o nng/src/core/taskq.o
x86_64-linux-gnu-gcc -Inng/src -Inng/include -Imbedtls/include -DNNG_STATIC_LIB -DNNG_SUPP_TLS -DNNG_SUPP_HTTP -DNNG_ENABLE_STATS -DNNG_TLS_ENGINE_INIT=nng_tls_engine_init_mbed -DNNG_TLS_ENGINE_FINI=nng_tls_engine_fini_mbed -DNNG_TRANSPORT_INPROC -DNNG_TRANSPORT_IPC -DNNG_TRANSPORT_TCP -DNNG_TRANSPORT_TLS -DNNG_TRANSPORT_WS -DNNG_TRANSPORT_WSS -DNNG_TRANSPORT_FDC -DNNG_PLATFORM_POSIX -DNNG_PLATFORM_LINUX -DNNG_USE_EVENTFD -DNNG_HAVE_ABSTRACT_SOCKETS -D_GNU_SOURCE -D_REENTRANT -D_THREAD_SAFE -D_POSIX_PTHREAD_SEMANTICS -DNNG_HAVE_STRLCPY=1 -DNNG_HAVE_STRNLEN=1 -DNNG_HAVE_STRCASECMP=1 -DNNG_HAVE_STRNCASECMP=1 -DNNG_HAVE_LOCKF=1 -DNNG_HAVE_FLOCK=1 -DNNG_HAVE_GETRANDOM=1 -DNNG_HAVE_ARC4RANDOM=1 -DNNG_HAVE_CLOCK_GETTIME_LIBC=1 -DNNG_HAVE_CLOCK_GETTIME -DNNG_HAVE_SEMAPHORE_PTHREAD=1 -DNNG_HAVE_PTHREAD_ATFORK_PTHREAD=1 -DNNG_HAVE_PTHREAD_SETNAME_NP=1 -DNNG_HAVE_LIBATOMIC=1 -DNNG_HAVE_UNIX_SOCKETS=1 -DNNG_HAVE_BACKTRACE=1 -DNNG_HAVE_MSG_CONTROL=1 -DNNG_HAVE_EVENTFD=1 -DNNG_HAVE_EPOLL=1 -DNNG_HAVE_EPOLL_CREATE1=1 -DNNG_HAVE_SOPEERCRED=1 -DNNG_HAVE_STDATOMIC=1 -DNNG_HAVE_SOCKETPAIR=1 -I"/usr/share/R/include" -DNDEBUG -Imbedtls/include -Inng/include -DNNG_STATIC_LIB     -fvisibility=hidden -fpic  -g -O2 -ffile-prefix-map=/build/reproducible-path/r-base-4.6.1=. -fstack-protector-strong -fstack-clash-protection -Wformat -Werror=format-security -fcf-protection -Wdate-time -D_FORTIFY_SOURCE=2  -c nng/src/core/tcp.c -o nng/src/core/tcp.o
x86_64-linux-gnu-gcc -Inng/src -Inng/include -Imbedtls/include -DNNG_STATIC_LIB -DNNG_SUPP_TLS -DNNG_SUPP_HTTP -DNNG_ENABLE_STATS -DNNG_TLS_ENGINE_INIT=nng_tls_engine_init_mbed -DNNG_TLS_ENGINE_FINI=nng_tls_engine_fini_mbed -DNNG_TRANSPORT_INPROC -DNNG_TRANSPORT_IPC -DNNG_TRANSPORT_TCP -DNNG_TRANSPORT_TLS -DNNG_TRANSPORT_WS -DNNG_TRANSPORT_WSS -DNNG_TRANSPORT_FDC -DNNG_PLATFORM_POSIX -DNNG_PLATFORM_LINUX -DNNG_USE_EVENTFD -DNNG_HAVE_ABSTRACT_SOCKETS -D_GNU_SOURCE -D_REENTRANT -D_THREAD_SAFE -D_POSIX_PTHREAD_SEMANTICS -DNNG_HAVE_STRLCPY=1 -DNNG_HAVE_STRNLEN=1 -DNNG_HAVE_STRCASECMP=1 -DNNG_HAVE_STRNCASECMP=1 -DNNG_HAVE_LOCKF=1 -DNNG_HAVE_FLOCK=1 -DNNG_HAVE_GETRANDOM=1 -DNNG_HAVE_ARC4RANDOM=1 -DNNG_HAVE_CLOCK_GETTIME_LIBC=1 -DNNG_HAVE_CLOCK_GETTIME -DNNG_HAVE_SEMAPHORE_PTHREAD=1 -DNNG_HAVE_PTHREAD_ATFORK_PTHREAD=1 -DNNG_HAVE_PTHREAD_SETNAME_NP=1 -DNNG_HAVE_LIBATOMIC=1 -DNNG_HAVE_UNIX_SOCKETS=1 -DNNG_HAVE_BACKTRACE=1 -DNNG_HAVE_MSG_CONTROL=1 -DNNG_HAVE_EVENTFD=1 -DNNG_HAVE_EPOLL=1 -DNNG_HAVE_EPOLL_CREATE1=1 -DNNG_HAVE_SOPEERCRED=1 -DNNG_HAVE_STDATOMIC=1 -DNNG_HAVE_SOCKETPAIR=1 -I"/usr/share/R/include" -DNDEBUG -Imbedtls/include -Inng/include -DNNG_STATIC_LIB     -fvisibility=hidden -fpic  -g -O2 -ffile-prefix-map=/build/reproducible-path/r-base-4.6.1=. -fstack-protector-strong -fstack-clash-protection -Wformat -Werror=format-security -fcf-protection -Wdate-time -D_FORTIFY_SOURCE=2  -c nng/src/core/thread.c -o nng/src/core/thread.o
x86_64-linux-gnu-gcc -Inng/src -Inng/include -Imbedtls/include -DNNG_STATIC_LIB -DNNG_SUPP_TLS -DNNG_SUPP_HTTP -DNNG_ENABLE_STATS -DNNG_TLS_ENGINE_INIT=nng_tls_engine_init_mbed -DNNG_TLS_ENGINE_FINI=nng_tls_engine_fini_mbed -DNNG_TRANSPORT_INPROC -DNNG_TRANSPORT_IPC -DNNG_TRANSPORT_TCP -DNNG_TRANSPORT_TLS -DNNG_TRANSPORT_WS -DNNG_TRANSPORT_WSS -DNNG_TRANSPORT_FDC -DNNG_PLATFORM_POSIX -DNNG_PLATFORM_LINUX -DNNG_USE_EVENTFD -DNNG_HAVE_ABSTRACT_SOCKETS -D_GNU_SOURCE -D_REENTRANT -D_THREAD_SAFE -D_POSIX_PTHREAD_SEMANTICS -DNNG_HAVE_STRLCPY=1 -DNNG_HAVE_STRNLEN=1 -DNNG_HAVE_STRCASECMP=1 -DNNG_HAVE_STRNCASECMP=1 -DNNG_HAVE_LOCKF=1 -DNNG_HAVE_FLOCK=1 -DNNG_HAVE_GETRANDOM=1 -DNNG_HAVE_ARC4RANDOM=1 -DNNG_HAVE_CLOCK_GETTIME_LIBC=1 -DNNG_HAVE_CLOCK_GETTIME -DNNG_HAVE_SEMAPHORE_PTHREAD=1 -DNNG_HAVE_PTHREAD_ATFORK_PTHREAD=1 -DNNG_HAVE_PTHREAD_SETNAME_NP=1 -DNNG_HAVE_LIBATOMIC=1 -DNNG_HAVE_UNIX_SOCKETS=1 -DNNG_HAVE_BACKTRACE=1 -DNNG_HAVE_MSG_CONTROL=1 -DNNG_HAVE_EVENTFD=1 -DNNG_HAVE_EPOLL=1 -DNNG_HAVE_EPOLL_CREATE1=1 -DNNG_HAVE_SOPEERCRED=1 -DNNG_HAVE_STDATOMIC=1 -DNNG_HAVE_SOCKETPAIR=1 -I"/usr/share/R/include" -DNDEBUG -Imbedtls/include -Inng/include -DNNG_STATIC_LIB     -fvisibility=hidden -fpic  -g -O2 -ffile-prefix-map=/build/reproducible-path/r-base-4.6.1=. -fstack-protector-strong -fstack-clash-protection -Wformat -Werror=format-security -fcf-protection -Wdate-time -D_FORTIFY_SOURCE=2  -c nng/src/core/url.c -o nng/src/core/url.o
x86_64-linux-gnu-gcc -Inng/src -Inng/include -Imbedtls/include -DNNG_STATIC_LIB -DNNG_SUPP_TLS -DNNG_SUPP_HTTP -DNNG_ENABLE_STATS -DNNG_TLS_ENGINE_INIT=nng_tls_engine_init_mbed -DNNG_TLS_ENGINE_FINI=nng_tls_engine_fini_mbed -DNNG_TRANSPORT_INPROC -DNNG_TRANSPORT_IPC -DNNG_TRANSPORT_TCP -DNNG_TRANSPORT_TLS -DNNG_TRANSPORT_WS -DNNG_TRANSPORT_WSS -DNNG_TRANSPORT_FDC -DNNG_PLATFORM_POSIX -DNNG_PLATFORM_LINUX -DNNG_USE_EVENTFD -DNNG_HAVE_ABSTRACT_SOCKETS -D_GNU_SOURCE -D_REENTRANT -D_THREAD_SAFE -D_POSIX_PTHREAD_SEMANTICS -DNNG_HAVE_STRLCPY=1 -DNNG_HAVE_STRNLEN=1 -DNNG_HAVE_STRCASECMP=1 -DNNG_HAVE_STRNCASECMP=1 -DNNG_HAVE_LOCKF=1 -DNNG_HAVE_FLOCK=1 -DNNG_HAVE_GETRANDOM=1 -DNNG_HAVE_ARC4RANDOM=1 -DNNG_HAVE_CLOCK_GETTIME_LIBC=1 -DNNG_HAVE_CLOCK_GETTIME -DNNG_HAVE_SEMAPHORE_PTHREAD=1 -DNNG_HAVE_PTHREAD_ATFORK_PTHREAD=1 -DNNG_HAVE_PTHREAD_SETNAME_NP=1 -DNNG_HAVE_LIBATOMIC=1 -DNNG_HAVE_UNIX_SOCKETS=1 -DNNG_HAVE_BACKTRACE=1 -DNNG_HAVE_MSG_CONTROL=1 -DNNG_HAVE_EVENTFD=1 -DNNG_HAVE_EPOLL=1 -DNNG_HAVE_EPOLL_CREATE1=1 -DNNG_HAVE_SOPEERCRED=1 -DNNG_HAVE_STDATOMIC=1 -DNNG_HAVE_SOCKETPAIR=1 -I"/usr/share/R/include" -DNDEBUG -Imbedtls/include -Inng/include -DNNG_STATIC_LIB     -fvisibility=hidden -fpic  -g -O2 -ffile-prefix-map=/build/reproducible-path/r-base-4.6.1=. -fstack-protector-strong -fstack-clash-protection -Wformat -Werror=format-security -fcf-protection -Wdate-time -D_FORTIFY_SOURCE=2  -c nng/src/nng.c -o nng/src/nng.o
x86_64-linux-gnu-gcc -Inng/src -Inng/include -Imbedtls/include -DNNG_STATIC_LIB -DNNG_SUPP_TLS -DNNG_SUPP_HTTP -DNNG_ENABLE_STATS -DNNG_TLS_ENGINE_INIT=nng_tls_engine_init_mbed -DNNG_TLS_ENGINE_FINI=nng_tls_engine_fini_mbed -DNNG_TRANSPORT_INPROC -DNNG_TRANSPORT_IPC -DNNG_TRANSPORT_TCP -DNNG_TRANSPORT_TLS -DNNG_TRANSPORT_WS -DNNG_TRANSPORT_WSS -DNNG_TRANSPORT_FDC -DNNG_PLATFORM_POSIX -DNNG_PLATFORM_LINUX -DNNG_USE_EVENTFD -DNNG_HAVE_ABSTRACT_SOCKETS -D_GNU_SOURCE -D_REENTRANT -D_THREAD_SAFE -D_POSIX_PTHREAD_SEMANTICS -DNNG_HAVE_STRLCPY=1 -DNNG_HAVE_STRNLEN=1 -DNNG_HAVE_STRCASECMP=1 -DNNG_HAVE_STRNCASECMP=1 -DNNG_HAVE_LOCKF=1 -DNNG_HAVE_FLOCK=1 -DNNG_HAVE_GETRANDOM=1 -DNNG_HAVE_ARC4RANDOM=1 -DNNG_HAVE_CLOCK_GETTIME_LIBC=1 -DNNG_HAVE_CLOCK_GETTIME -DNNG_HAVE_SEMAPHORE_PTHREAD=1 -DNNG_HAVE_PTHREAD_ATFORK_PTHREAD=1 -DNNG_HAVE_PTHREAD_SETNAME_NP=1 -DNNG_HAVE_LIBATOMIC=1 -DNNG_HAVE_UNIX_SOCKETS=1 -DNNG_HAVE_BACKTRACE=1 -DNNG_HAVE_MSG_CONTROL=1 -DNNG_HAVE_EVENTFD=1 -DNNG_HAVE_EPOLL=1 -DNNG_HAVE_EPOLL_CREATE1=1 -DNNG_HAVE_SOPEERCRED=1 -DNNG_HAVE_STDATOMIC=1 -DNNG_HAVE_SOCKETPAIR=1 -I"/usr/share/R/include" -DNDEBUG -Imbedtls/include -Inng/include -DNNG_STATIC_LIB     -fvisibility=hidden -fpic  -g -O2 -ffile-prefix-map=/build/reproducible-path/r-base-4.6.1=. -fstack-protector-strong -fstack-clash-protection -Wformat -Werror=format-security -fcf-protection -Wdate-time -D_FORTIFY_SOURCE=2  -c nng/src/sp/protocol.c -o nng/src/sp/protocol.o
x86_64-linux-gnu-gcc -Inng/src -Inng/include -Imbedtls/include -DNNG_STATIC_LIB -DNNG_SUPP_TLS -DNNG_SUPP_HTTP -DNNG_ENABLE_STATS -DNNG_TLS_ENGINE_INIT=nng_tls_engine_init_mbed -DNNG_TLS_ENGINE_FINI=nng_tls_engine_fini_mbed -DNNG_TRANSPORT_INPROC -DNNG_TRANSPORT_IPC -DNNG_TRANSPORT_TCP -DNNG_TRANSPORT_TLS -DNNG_TRANSPORT_WS -DNNG_TRANSPORT_WSS -DNNG_TRANSPORT_FDC -DNNG_PLATFORM_POSIX -DNNG_PLATFORM_LINUX -DNNG_USE_EVENTFD -DNNG_HAVE_ABSTRACT_SOCKETS -D_GNU_SOURCE -D_REENTRANT -D_THREAD_SAFE -D_POSIX_PTHREAD_SEMANTICS -DNNG_HAVE_STRLCPY=1 -DNNG_HAVE_STRNLEN=1 -DNNG_HAVE_STRCASECMP=1 -DNNG_HAVE_STRNCASECMP=1 -DNNG_HAVE_LOCKF=1 -DNNG_HAVE_FLOCK=1 -DNNG_HAVE_GETRANDOM=1 -DNNG_HAVE_ARC4RANDOM=1 -DNNG_HAVE_CLOCK_GETTIME_LIBC=1 -DNNG_HAVE_CLOCK_GETTIME -DNNG_HAVE_SEMAPHORE_PTHREAD=1 -DNNG_HAVE_PTHREAD_ATFORK_PTHREAD=1 -DNNG_HAVE_PTHREAD_SETNAME_NP=1 -DNNG_HAVE_LIBATOMIC=1 -DNNG_HAVE_UNIX_SOCKETS=1 -DNNG_HAVE_BACKTRACE=1 -DNNG_HAVE_MSG_CONTROL=1 -DNNG_HAVE_EVENTFD=1 -DNNG_HAVE_EPOLL=1 -DNNG_HAVE_EPOLL_CREATE1=1 -DNNG_HAVE_SOPEERCRED=1 -DNNG_HAVE_STDATOMIC=1 -DNNG_HAVE_SOCKETPAIR=1 -I"/usr/share/R/include" -DNDEBUG -Imbedtls/include -Inng/include -DNNG_STATIC_LIB     -fvisibility=hidden -fpic  -g -O2 -ffile-prefix-map=/build/reproducible-path/r-base-4.6.1=. -fstack-protector-strong -fstack-clash-protection -Wformat -Werror=format-security -fcf-protection -Wdate-time -D_FORTIFY_SOURCE=2  -c nng/src/sp/protocol/bus0/bus.c -o nng/src/sp/protocol/bus0/bus.o
x86_64-linux-gnu-gcc -Inng/src -Inng/include -Imbedtls/include -DNNG_STATIC_LIB -DNNG_SUPP_TLS -DNNG_SUPP_HTTP -DNNG_ENABLE_STATS -DNNG_TLS_ENGINE_INIT=nng_tls_engine_init_mbed -DNNG_TLS_ENGINE_FINI=nng_tls_engine_fini_mbed -DNNG_TRANSPORT_INPROC -DNNG_TRANSPORT_IPC -DNNG_TRANSPORT_TCP -DNNG_TRANSPORT_TLS -DNNG_TRANSPORT_WS -DNNG_TRANSPORT_WSS -DNNG_TRANSPORT_FDC -DNNG_PLATFORM_POSIX -DNNG_PLATFORM_LINUX -DNNG_USE_EVENTFD -DNNG_HAVE_ABSTRACT_SOCKETS -D_GNU_SOURCE -D_REENTRANT -D_THREAD_SAFE -D_POSIX_PTHREAD_SEMANTICS -DNNG_HAVE_STRLCPY=1 -DNNG_HAVE_STRNLEN=1 -DNNG_HAVE_STRCASECMP=1 -DNNG_HAVE_STRNCASECMP=1 -DNNG_HAVE_LOCKF=1 -DNNG_HAVE_FLOCK=1 -DNNG_HAVE_GETRANDOM=1 -DNNG_HAVE_ARC4RANDOM=1 -DNNG_HAVE_CLOCK_GETTIME_LIBC=1 -DNNG_HAVE_CLOCK_GETTIME -DNNG_HAVE_SEMAPHORE_PTHREAD=1 -DNNG_HAVE_PTHREAD_ATFORK_PTHREAD=1 -DNNG_HAVE_PTHREAD_SETNAME_NP=1 -DNNG_HAVE_LIBATOMIC=1 -DNNG_HAVE_UNIX_SOCKETS=1 -DNNG_HAVE_BACKTRACE=1 -DNNG_HAVE_MSG_CONTROL=1 -DNNG_HAVE_EVENTFD=1 -DNNG_HAVE_EPOLL=1 -DNNG_HAVE_EPOLL_CREATE1=1 -DNNG_HAVE_SOPEERCRED=1 -DNNG_HAVE_STDATOMIC=1 -DNNG_HAVE_SOCKETPAIR=1 -I"/usr/share/R/include" -DNDEBUG -Imbedtls/include -Inng/include -DNNG_STATIC_LIB     -fvisibility=hidden -fpic  -g -O2 -ffile-prefix-map=/build/reproducible-path/r-base-4.6.1=. -fstack-protector-strong -fstack-clash-protection -Wformat -Werror=format-security -fcf-protection -Wdate-time -D_FORTIFY_SOURCE=2  -c nng/src/sp/protocol/pair0/pair.c -o nng/src/sp/protocol/pair0/pair.o
x86_64-linux-gnu-gcc -Inng/src -Inng/include -Imbedtls/include -DNNG_STATIC_LIB -DNNG_SUPP_TLS -DNNG_SUPP_HTTP -DNNG_ENABLE_STATS -DNNG_TLS_ENGINE_INIT=nng_tls_engine_init_mbed -DNNG_TLS_ENGINE_FINI=nng_tls_engine_fini_mbed -DNNG_TRANSPORT_INPROC -DNNG_TRANSPORT_IPC -DNNG_TRANSPORT_TCP -DNNG_TRANSPORT_TLS -DNNG_TRANSPORT_WS -DNNG_TRANSPORT_WSS -DNNG_TRANSPORT_FDC -DNNG_PLATFORM_POSIX -DNNG_PLATFORM_LINUX -DNNG_USE_EVENTFD -DNNG_HAVE_ABSTRACT_SOCKETS -D_GNU_SOURCE -D_REENTRANT -D_THREAD_SAFE -D_POSIX_PTHREAD_SEMANTICS -DNNG_HAVE_STRLCPY=1 -DNNG_HAVE_STRNLEN=1 -DNNG_HAVE_STRCASECMP=1 -DNNG_HAVE_STRNCASECMP=1 -DNNG_HAVE_LOCKF=1 -DNNG_HAVE_FLOCK=1 -DNNG_HAVE_GETRANDOM=1 -DNNG_HAVE_ARC4RANDOM=1 -DNNG_HAVE_CLOCK_GETTIME_LIBC=1 -DNNG_HAVE_CLOCK_GETTIME -DNNG_HAVE_SEMAPHORE_PTHREAD=1 -DNNG_HAVE_PTHREAD_ATFORK_PTHREAD=1 -DNNG_HAVE_PTHREAD_SETNAME_NP=1 -DNNG_HAVE_LIBATOMIC=1 -DNNG_HAVE_UNIX_SOCKETS=1 -DNNG_HAVE_BACKTRACE=1 -DNNG_HAVE_MSG_CONTROL=1 -DNNG_HAVE_EVENTFD=1 -DNNG_HAVE_EPOLL=1 -DNNG_HAVE_EPOLL_CREATE1=1 -DNNG_HAVE_SOPEERCRED=1 -DNNG_HAVE_STDATOMIC=1 -DNNG_HAVE_SOCKETPAIR=1 -I"/usr/share/R/include" -DNDEBUG -Imbedtls/include -Inng/include -DNNG_STATIC_LIB     -fvisibility=hidden -fpic  -g -O2 -ffile-prefix-map=/build/reproducible-path/r-base-4.6.1=. -fstack-protector-strong -fstack-clash-protection -Wformat -Werror=format-security -fcf-protection -Wdate-time -D_FORTIFY_SOURCE=2  -c nng/src/sp/protocol/pair1/pair.c -o nng/src/sp/protocol/pair1/pair.o
x86_64-linux-gnu-gcc -Inng/src -Inng/include -Imbedtls/include -DNNG_STATIC_LIB -DNNG_SUPP_TLS -DNNG_SUPP_HTTP -DNNG_ENABLE_STATS -DNNG_TLS_ENGINE_INIT=nng_tls_engine_init_mbed -DNNG_TLS_ENGINE_FINI=nng_tls_engine_fini_mbed -DNNG_TRANSPORT_INPROC -DNNG_TRANSPORT_IPC -DNNG_TRANSPORT_TCP -DNNG_TRANSPORT_TLS -DNNG_TRANSPORT_WS -DNNG_TRANSPORT_WSS -DNNG_TRANSPORT_FDC -DNNG_PLATFORM_POSIX -DNNG_PLATFORM_LINUX -DNNG_USE_EVENTFD -DNNG_HAVE_ABSTRACT_SOCKETS -D_GNU_SOURCE -D_REENTRANT -D_THREAD_SAFE -D_POSIX_PTHREAD_SEMANTICS -DNNG_HAVE_STRLCPY=1 -DNNG_HAVE_STRNLEN=1 -DNNG_HAVE_STRCASECMP=1 -DNNG_HAVE_STRNCASECMP=1 -DNNG_HAVE_LOCKF=1 -DNNG_HAVE_FLOCK=1 -DNNG_HAVE_GETRANDOM=1 -DNNG_HAVE_ARC4RANDOM=1 -DNNG_HAVE_CLOCK_GETTIME_LIBC=1 -DNNG_HAVE_CLOCK_GETTIME -DNNG_HAVE_SEMAPHORE_PTHREAD=1 -DNNG_HAVE_PTHREAD_ATFORK_PTHREAD=1 -DNNG_HAVE_PTHREAD_SETNAME_NP=1 -DNNG_HAVE_LIBATOMIC=1 -DNNG_HAVE_UNIX_SOCKETS=1 -DNNG_HAVE_BACKTRACE=1 -DNNG_HAVE_MSG_CONTROL=1 -DNNG_HAVE_EVENTFD=1 -DNNG_HAVE_EPOLL=1 -DNNG_HAVE_EPOLL_CREATE1=1 -DNNG_HAVE_SOPEERCRED=1 -DNNG_HAVE_STDATOMIC=1 -DNNG_HAVE_SOCKETPAIR=1 -I"/usr/share/R/include" -DNDEBUG -Imbedtls/include -Inng/include -DNNG_STATIC_LIB     -fvisibility=hidden -fpic  -g -O2 -ffile-prefix-map=/build/reproducible-path/r-base-4.6.1=. -fstack-protector-strong -fstack-clash-protection -Wformat -Werror=format-security -fcf-protection -Wdate-time -D_FORTIFY_SOURCE=2  -c nng/src/sp/protocol/pair1/pair1_poly.c -o nng/src/sp/protocol/pair1/pair1_poly.o
x86_64-linux-gnu-gcc -Inng/src -Inng/include -Imbedtls/include -DNNG_STATIC_LIB -DNNG_SUPP_TLS -DNNG_SUPP_HTTP -DNNG_ENABLE_STATS -DNNG_TLS_ENGINE_INIT=nng_tls_engine_init_mbed -DNNG_TLS_ENGINE_FINI=nng_tls_engine_fini_mbed -DNNG_TRANSPORT_INPROC -DNNG_TRANSPORT_IPC -DNNG_TRANSPORT_TCP -DNNG_TRANSPORT_TLS -DNNG_TRANSPORT_WS -DNNG_TRANSPORT_WSS -DNNG_TRANSPORT_FDC -DNNG_PLATFORM_POSIX -DNNG_PLATFORM_LINUX -DNNG_USE_EVENTFD -DNNG_HAVE_ABSTRACT_SOCKETS -D_GNU_SOURCE -D_REENTRANT -D_THREAD_SAFE -D_POSIX_PTHREAD_SEMANTICS -DNNG_HAVE_STRLCPY=1 -DNNG_HAVE_STRNLEN=1 -DNNG_HAVE_STRCASECMP=1 -DNNG_HAVE_STRNCASECMP=1 -DNNG_HAVE_LOCKF=1 -DNNG_HAVE_FLOCK=1 -DNNG_HAVE_GETRANDOM=1 -DNNG_HAVE_ARC4RANDOM=1 -DNNG_HAVE_CLOCK_GETTIME_LIBC=1 -DNNG_HAVE_CLOCK_GETTIME -DNNG_HAVE_SEMAPHORE_PTHREAD=1 -DNNG_HAVE_PTHREAD_ATFORK_PTHREAD=1 -DNNG_HAVE_PTHREAD_SETNAME_NP=1 -DNNG_HAVE_LIBATOMIC=1 -DNNG_HAVE_UNIX_SOCKETS=1 -DNNG_HAVE_BACKTRACE=1 -DNNG_HAVE_MSG_CONTROL=1 -DNNG_HAVE_EVENTFD=1 -DNNG_HAVE_EPOLL=1 -DNNG_HAVE_EPOLL_CREATE1=1 -DNNG_HAVE_SOPEERCRED=1 -DNNG_HAVE_STDATOMIC=1 -DNNG_HAVE_SOCKETPAIR=1 -I"/usr/share/R/include" -DNDEBUG -Imbedtls/include -Inng/include -DNNG_STATIC_LIB     -fvisibility=hidden -fpic  -g -O2 -ffile-prefix-map=/build/reproducible-path/r-base-4.6.1=. -fstack-protector-strong -fstack-clash-protection -Wformat -Werror=format-security -fcf-protection -Wdate-time -D_FORTIFY_SOURCE=2  -c nng/src/sp/protocol/pipeline0/pull.c -o nng/src/sp/protocol/pipeline0/pull.o
x86_64-linux-gnu-gcc -Inng/src -Inng/include -Imbedtls/include -DNNG_STATIC_LIB -DNNG_SUPP_TLS -DNNG_SUPP_HTTP -DNNG_ENABLE_STATS -DNNG_TLS_ENGINE_INIT=nng_tls_engine_init_mbed -DNNG_TLS_ENGINE_FINI=nng_tls_engine_fini_mbed -DNNG_TRANSPORT_INPROC -DNNG_TRANSPORT_IPC -DNNG_TRANSPORT_TCP -DNNG_TRANSPORT_TLS -DNNG_TRANSPORT_WS -DNNG_TRANSPORT_WSS -DNNG_TRANSPORT_FDC -DNNG_PLATFORM_POSIX -DNNG_PLATFORM_LINUX -DNNG_USE_EVENTFD -DNNG_HAVE_ABSTRACT_SOCKETS -D_GNU_SOURCE -D_REENTRANT -D_THREAD_SAFE -D_POSIX_PTHREAD_SEMANTICS -DNNG_HAVE_STRLCPY=1 -DNNG_HAVE_STRNLEN=1 -DNNG_HAVE_STRCASECMP=1 -DNNG_HAVE_STRNCASECMP=1 -DNNG_HAVE_LOCKF=1 -DNNG_HAVE_FLOCK=1 -DNNG_HAVE_GETRANDOM=1 -DNNG_HAVE_ARC4RANDOM=1 -DNNG_HAVE_CLOCK_GETTIME_LIBC=1 -DNNG_HAVE_CLOCK_GETTIME -DNNG_HAVE_SEMAPHORE_PTHREAD=1 -DNNG_HAVE_PTHREAD_ATFORK_PTHREAD=1 -DNNG_HAVE_PTHREAD_SETNAME_NP=1 -DNNG_HAVE_LIBATOMIC=1 -DNNG_HAVE_UNIX_SOCKETS=1 -DNNG_HAVE_BACKTRACE=1 -DNNG_HAVE_MSG_CONTROL=1 -DNNG_HAVE_EVENTFD=1 -DNNG_HAVE_EPOLL=1 -DNNG_HAVE_EPOLL_CREATE1=1 -DNNG_HAVE_SOPEERCRED=1 -DNNG_HAVE_STDATOMIC=1 -DNNG_HAVE_SOCKETPAIR=1 -I"/usr/share/R/include" -DNDEBUG -Imbedtls/include -Inng/include -DNNG_STATIC_LIB     -fvisibility=hidden -fpic  -g -O2 -ffile-prefix-map=/build/reproducible-path/r-base-4.6.1=. -fstack-protector-strong -fstack-clash-protection -Wformat -Werror=format-security -fcf-protection -Wdate-time -D_FORTIFY_SOURCE=2  -c nng/src/sp/protocol/pipeline0/push.c -o nng/src/sp/protocol/pipeline0/push.o
x86_64-linux-gnu-gcc -Inng/src -Inng/include -Imbedtls/include -DNNG_STATIC_LIB -DNNG_SUPP_TLS -DNNG_SUPP_HTTP -DNNG_ENABLE_STATS -DNNG_TLS_ENGINE_INIT=nng_tls_engine_init_mbed -DNNG_TLS_ENGINE_FINI=nng_tls_engine_fini_mbed -DNNG_TRANSPORT_INPROC -DNNG_TRANSPORT_IPC -DNNG_TRANSPORT_TCP -DNNG_TRANSPORT_TLS -DNNG_TRANSPORT_WS -DNNG_TRANSPORT_WSS -DNNG_TRANSPORT_FDC -DNNG_PLATFORM_POSIX -DNNG_PLATFORM_LINUX -DNNG_USE_EVENTFD -DNNG_HAVE_ABSTRACT_SOCKETS -D_GNU_SOURCE -D_REENTRANT -D_THREAD_SAFE -D_POSIX_PTHREAD_SEMANTICS -DNNG_HAVE_STRLCPY=1 -DNNG_HAVE_STRNLEN=1 -DNNG_HAVE_STRCASECMP=1 -DNNG_HAVE_STRNCASECMP=1 -DNNG_HAVE_LOCKF=1 -DNNG_HAVE_FLOCK=1 -DNNG_HAVE_GETRANDOM=1 -DNNG_HAVE_ARC4RANDOM=1 -DNNG_HAVE_CLOCK_GETTIME_LIBC=1 -DNNG_HAVE_CLOCK_GETTIME -DNNG_HAVE_SEMAPHORE_PTHREAD=1 -DNNG_HAVE_PTHREAD_ATFORK_PTHREAD=1 -DNNG_HAVE_PTHREAD_SETNAME_NP=1 -DNNG_HAVE_LIBATOMIC=1 -DNNG_HAVE_UNIX_SOCKETS=1 -DNNG_HAVE_BACKTRACE=1 -DNNG_HAVE_MSG_CONTROL=1 -DNNG_HAVE_EVENTFD=1 -DNNG_HAVE_EPOLL=1 -DNNG_HAVE_EPOLL_CREATE1=1 -DNNG_HAVE_SOPEERCRED=1 -DNNG_HAVE_STDATOMIC=1 -DNNG_HAVE_SOCKETPAIR=1 -I"/usr/share/R/include" -DNDEBUG -Imbedtls/include -Inng/include -DNNG_STATIC_LIB     -fvisibility=hidden -fpic  -g -O2 -ffile-prefix-map=/build/reproducible-path/r-base-4.6.1=. -fstack-protector-strong -fstack-clash-protection -Wformat -Werror=format-security -fcf-protection -Wdate-time -D_FORTIFY_SOURCE=2  -c nng/src/sp/protocol/pubsub0/pub.c -o nng/src/sp/protocol/pubsub0/pub.o
x86_64-linux-gnu-gcc -Inng/src -Inng/include -Imbedtls/include -DNNG_STATIC_LIB -DNNG_SUPP_TLS -DNNG_SUPP_HTTP -DNNG_ENABLE_STATS -DNNG_TLS_ENGINE_INIT=nng_tls_engine_init_mbed -DNNG_TLS_ENGINE_FINI=nng_tls_engine_fini_mbed -DNNG_TRANSPORT_INPROC -DNNG_TRANSPORT_IPC -DNNG_TRANSPORT_TCP -DNNG_TRANSPORT_TLS -DNNG_TRANSPORT_WS -DNNG_TRANSPORT_WSS -DNNG_TRANSPORT_FDC -DNNG_PLATFORM_POSIX -DNNG_PLATFORM_LINUX -DNNG_USE_EVENTFD -DNNG_HAVE_ABSTRACT_SOCKETS -D_GNU_SOURCE -D_REENTRANT -D_THREAD_SAFE -D_POSIX_PTHREAD_SEMANTICS -DNNG_HAVE_STRLCPY=1 -DNNG_HAVE_STRNLEN=1 -DNNG_HAVE_STRCASECMP=1 -DNNG_HAVE_STRNCASECMP=1 -DNNG_HAVE_LOCKF=1 -DNNG_HAVE_FLOCK=1 -DNNG_HAVE_GETRANDOM=1 -DNNG_HAVE_ARC4RANDOM=1 -DNNG_HAVE_CLOCK_GETTIME_LIBC=1 -DNNG_HAVE_CLOCK_GETTIME -DNNG_HAVE_SEMAPHORE_PTHREAD=1 -DNNG_HAVE_PTHREAD_ATFORK_PTHREAD=1 -DNNG_HAVE_PTHREAD_SETNAME_NP=1 -DNNG_HAVE_LIBATOMIC=1 -DNNG_HAVE_UNIX_SOCKETS=1 -DNNG_HAVE_BACKTRACE=1 -DNNG_HAVE_MSG_CONTROL=1 -DNNG_HAVE_EVENTFD=1 -DNNG_HAVE_EPOLL=1 -DNNG_HAVE_EPOLL_CREATE1=1 -DNNG_HAVE_SOPEERCRED=1 -DNNG_HAVE_STDATOMIC=1 -DNNG_HAVE_SOCKETPAIR=1 -I"/usr/share/R/include" -DNDEBUG -Imbedtls/include -Inng/include -DNNG_STATIC_LIB     -fvisibility=hidden -fpic  -g -O2 -ffile-prefix-map=/build/reproducible-path/r-base-4.6.1=. -fstack-protector-strong -fstack-clash-protection -Wformat -Werror=format-security -fcf-protection -Wdate-time -D_FORTIFY_SOURCE=2  -c nng/src/sp/protocol/pubsub0/sub.c -o nng/src/sp/protocol/pubsub0/sub.o
x86_64-linux-gnu-gcc -Inng/src -Inng/include -Imbedtls/include -DNNG_STATIC_LIB -DNNG_SUPP_TLS -DNNG_SUPP_HTTP -DNNG_ENABLE_STATS -DNNG_TLS_ENGINE_INIT=nng_tls_engine_init_mbed -DNNG_TLS_ENGINE_FINI=nng_tls_engine_fini_mbed -DNNG_TRANSPORT_INPROC -DNNG_TRANSPORT_IPC -DNNG_TRANSPORT_TCP -DNNG_TRANSPORT_TLS -DNNG_TRANSPORT_WS -DNNG_TRANSPORT_WSS -DNNG_TRANSPORT_FDC -DNNG_PLATFORM_POSIX -DNNG_PLATFORM_LINUX -DNNG_USE_EVENTFD -DNNG_HAVE_ABSTRACT_SOCKETS -D_GNU_SOURCE -D_REENTRANT -D_THREAD_SAFE -D_POSIX_PTHREAD_SEMANTICS -DNNG_HAVE_STRLCPY=1 -DNNG_HAVE_STRNLEN=1 -DNNG_HAVE_STRCASECMP=1 -DNNG_HAVE_STRNCASECMP=1 -DNNG_HAVE_LOCKF=1 -DNNG_HAVE_FLOCK=1 -DNNG_HAVE_GETRANDOM=1 -DNNG_HAVE_ARC4RANDOM=1 -DNNG_HAVE_CLOCK_GETTIME_LIBC=1 -DNNG_HAVE_CLOCK_GETTIME -DNNG_HAVE_SEMAPHORE_PTHREAD=1 -DNNG_HAVE_PTHREAD_ATFORK_PTHREAD=1 -DNNG_HAVE_PTHREAD_SETNAME_NP=1 -DNNG_HAVE_LIBATOMIC=1 -DNNG_HAVE_UNIX_SOCKETS=1 -DNNG_HAVE_BACKTRACE=1 -DNNG_HAVE_MSG_CONTROL=1 -DNNG_HAVE_EVENTFD=1 -DNNG_HAVE_EPOLL=1 -DNNG_HAVE_EPOLL_CREATE1=1 -DNNG_HAVE_SOPEERCRED=1 -DNNG_HAVE_STDATOMIC=1 -DNNG_HAVE_SOCKETPAIR=1 -I"/usr/share/R/include" -DNDEBUG -Imbedtls/include -Inng/include -DNNG_STATIC_LIB     -fvisibility=hidden -fpic  -g -O2 -ffile-prefix-map=/build/reproducible-path/r-base-4.6.1=. -fstack-protector-strong -fstack-clash-protection -Wformat -Werror=format-security -fcf-protection -Wdate-time -D_FORTIFY_SOURCE=2  -c nng/src/sp/protocol/pubsub0/xsub.c -o nng/src/sp/protocol/pubsub0/xsub.o
x86_64-linux-gnu-gcc -Inng/src -Inng/include -Imbedtls/include -DNNG_STATIC_LIB -DNNG_SUPP_TLS -DNNG_SUPP_HTTP -DNNG_ENABLE_STATS -DNNG_TLS_ENGINE_INIT=nng_tls_engine_init_mbed -DNNG_TLS_ENGINE_FINI=nng_tls_engine_fini_mbed -DNNG_TRANSPORT_INPROC -DNNG_TRANSPORT_IPC -DNNG_TRANSPORT_TCP -DNNG_TRANSPORT_TLS -DNNG_TRANSPORT_WS -DNNG_TRANSPORT_WSS -DNNG_TRANSPORT_FDC -DNNG_PLATFORM_POSIX -DNNG_PLATFORM_LINUX -DNNG_USE_EVENTFD -DNNG_HAVE_ABSTRACT_SOCKETS -D_GNU_SOURCE -D_REENTRANT -D_THREAD_SAFE -D_POSIX_PTHREAD_SEMANTICS -DNNG_HAVE_STRLCPY=1 -DNNG_HAVE_STRNLEN=1 -DNNG_HAVE_STRCASECMP=1 -DNNG_HAVE_STRNCASECMP=1 -DNNG_HAVE_LOCKF=1 -DNNG_HAVE_FLOCK=1 -DNNG_HAVE_GETRANDOM=1 -DNNG_HAVE_ARC4RANDOM=1 -DNNG_HAVE_CLOCK_GETTIME_LIBC=1 -DNNG_HAVE_CLOCK_GETTIME -DNNG_HAVE_SEMAPHORE_PTHREAD=1 -DNNG_HAVE_PTHREAD_ATFORK_PTHREAD=1 -DNNG_HAVE_PTHREAD_SETNAME_NP=1 -DNNG_HAVE_LIBATOMIC=1 -DNNG_HAVE_UNIX_SOCKETS=1 -DNNG_HAVE_BACKTRACE=1 -DNNG_HAVE_MSG_CONTROL=1 -DNNG_HAVE_EVENTFD=1 -DNNG_HAVE_EPOLL=1 -DNNG_HAVE_EPOLL_CREATE1=1 -DNNG_HAVE_SOPEERCRED=1 -DNNG_HAVE_STDATOMIC=1 -DNNG_HAVE_SOCKETPAIR=1 -I"/usr/share/R/include" -DNDEBUG -Imbedtls/include -Inng/include -DNNG_STATIC_LIB     -fvisibility=hidden -fpic  -g -O2 -ffile-prefix-map=/build/reproducible-path/r-base-4.6.1=. -fstack-protector-strong -fstack-clash-protection -Wformat -Werror=format-security -fcf-protection -Wdate-time -D_FORTIFY_SOURCE=2  -c nng/src/sp/protocol/reqrep0/rep.c -o nng/src/sp/protocol/reqrep0/rep.o
x86_64-linux-gnu-gcc -Inng/src -Inng/include -Imbedtls/include -DNNG_STATIC_LIB -DNNG_SUPP_TLS -DNNG_SUPP_HTTP -DNNG_ENABLE_STATS -DNNG_TLS_ENGINE_INIT=nng_tls_engine_init_mbed -DNNG_TLS_ENGINE_FINI=nng_tls_engine_fini_mbed -DNNG_TRANSPORT_INPROC -DNNG_TRANSPORT_IPC -DNNG_TRANSPORT_TCP -DNNG_TRANSPORT_TLS -DNNG_TRANSPORT_WS -DNNG_TRANSPORT_WSS -DNNG_TRANSPORT_FDC -DNNG_PLATFORM_POSIX -DNNG_PLATFORM_LINUX -DNNG_USE_EVENTFD -DNNG_HAVE_ABSTRACT_SOCKETS -D_GNU_SOURCE -D_REENTRANT -D_THREAD_SAFE -D_POSIX_PTHREAD_SEMANTICS -DNNG_HAVE_STRLCPY=1 -DNNG_HAVE_STRNLEN=1 -DNNG_HAVE_STRCASECMP=1 -DNNG_HAVE_STRNCASECMP=1 -DNNG_HAVE_LOCKF=1 -DNNG_HAVE_FLOCK=1 -DNNG_HAVE_GETRANDOM=1 -DNNG_HAVE_ARC4RANDOM=1 -DNNG_HAVE_CLOCK_GETTIME_LIBC=1 -DNNG_HAVE_CLOCK_GETTIME -DNNG_HAVE_SEMAPHORE_PTHREAD=1 -DNNG_HAVE_PTHREAD_ATFORK_PTHREAD=1 -DNNG_HAVE_PTHREAD_SETNAME_NP=1 -DNNG_HAVE_LIBATOMIC=1 -DNNG_HAVE_UNIX_SOCKETS=1 -DNNG_HAVE_BACKTRACE=1 -DNNG_HAVE_MSG_CONTROL=1 -DNNG_HAVE_EVENTFD=1 -DNNG_HAVE_EPOLL=1 -DNNG_HAVE_EPOLL_CREATE1=1 -DNNG_HAVE_SOPEERCRED=1 -DNNG_HAVE_STDATOMIC=1 -DNNG_HAVE_SOCKETPAIR=1 -I"/usr/share/R/include" -DNDEBUG -Imbedtls/include -Inng/include -DNNG_STATIC_LIB     -fvisibility=hidden -fpic  -g -O2 -ffile-prefix-map=/build/reproducible-path/r-base-4.6.1=. -fstack-protector-strong -fstack-clash-protection -Wformat -Werror=format-security -fcf-protection -Wdate-time -D_FORTIFY_SOURCE=2  -c nng/src/sp/protocol/reqrep0/req.c -o nng/src/sp/protocol/reqrep0/req.o
x86_64-linux-gnu-gcc -Inng/src -Inng/include -Imbedtls/include -DNNG_STATIC_LIB -DNNG_SUPP_TLS -DNNG_SUPP_HTTP -DNNG_ENABLE_STATS -DNNG_TLS_ENGINE_INIT=nng_tls_engine_init_mbed -DNNG_TLS_ENGINE_FINI=nng_tls_engine_fini_mbed -DNNG_TRANSPORT_INPROC -DNNG_TRANSPORT_IPC -DNNG_TRANSPORT_TCP -DNNG_TRANSPORT_TLS -DNNG_TRANSPORT_WS -DNNG_TRANSPORT_WSS -DNNG_TRANSPORT_FDC -DNNG_PLATFORM_POSIX -DNNG_PLATFORM_LINUX -DNNG_USE_EVENTFD -DNNG_HAVE_ABSTRACT_SOCKETS -D_GNU_SOURCE -D_REENTRANT -D_THREAD_SAFE -D_POSIX_PTHREAD_SEMANTICS -DNNG_HAVE_STRLCPY=1 -DNNG_HAVE_STRNLEN=1 -DNNG_HAVE_STRCASECMP=1 -DNNG_HAVE_STRNCASECMP=1 -DNNG_HAVE_LOCKF=1 -DNNG_HAVE_FLOCK=1 -DNNG_HAVE_GETRANDOM=1 -DNNG_HAVE_ARC4RANDOM=1 -DNNG_HAVE_CLOCK_GETTIME_LIBC=1 -DNNG_HAVE_CLOCK_GETTIME -DNNG_HAVE_SEMAPHORE_PTHREAD=1 -DNNG_HAVE_PTHREAD_ATFORK_PTHREAD=1 -DNNG_HAVE_PTHREAD_SETNAME_NP=1 -DNNG_HAVE_LIBATOMIC=1 -DNNG_HAVE_UNIX_SOCKETS=1 -DNNG_HAVE_BACKTRACE=1 -DNNG_HAVE_MSG_CONTROL=1 -DNNG_HAVE_EVENTFD=1 -DNNG_HAVE_EPOLL=1 -DNNG_HAVE_EPOLL_CREATE1=1 -DNNG_HAVE_SOPEERCRED=1 -DNNG_HAVE_STDATOMIC=1 -DNNG_HAVE_SOCKETPAIR=1 -I"/usr/share/R/include" -DNDEBUG -Imbedtls/include -Inng/include -DNNG_STATIC_LIB     -fvisibility=hidden -fpic  -g -O2 -ffile-prefix-map=/build/reproducible-path/r-base-4.6.1=. -fstack-protector-strong -fstack-clash-protection -Wformat -Werror=format-security -fcf-protection -Wdate-time -D_FORTIFY_SOURCE=2  -c nng/src/sp/protocol/reqrep0/xrep.c -o nng/src/sp/protocol/reqrep0/xrep.o
x86_64-linux-gnu-gcc -Inng/src -Inng/include -Imbedtls/include -DNNG_STATIC_LIB -DNNG_SUPP_TLS -DNNG_SUPP_HTTP -DNNG_ENABLE_STATS -DNNG_TLS_ENGINE_INIT=nng_tls_engine_init_mbed -DNNG_TLS_ENGINE_FINI=nng_tls_engine_fini_mbed -DNNG_TRANSPORT_INPROC -DNNG_TRANSPORT_IPC -DNNG_TRANSPORT_TCP -DNNG_TRANSPORT_TLS -DNNG_TRANSPORT_WS -DNNG_TRANSPORT_WSS -DNNG_TRANSPORT_FDC -DNNG_PLATFORM_POSIX -DNNG_PLATFORM_LINUX -DNNG_USE_EVENTFD -DNNG_HAVE_ABSTRACT_SOCKETS -D_GNU_SOURCE -D_REENTRANT -D_THREAD_SAFE -D_POSIX_PTHREAD_SEMANTICS -DNNG_HAVE_STRLCPY=1 -DNNG_HAVE_STRNLEN=1 -DNNG_HAVE_STRCASECMP=1 -DNNG_HAVE_STRNCASECMP=1 -DNNG_HAVE_LOCKF=1 -DNNG_HAVE_FLOCK=1 -DNNG_HAVE_GETRANDOM=1 -DNNG_HAVE_ARC4RANDOM=1 -DNNG_HAVE_CLOCK_GETTIME_LIBC=1 -DNNG_HAVE_CLOCK_GETTIME -DNNG_HAVE_SEMAPHORE_PTHREAD=1 -DNNG_HAVE_PTHREAD_ATFORK_PTHREAD=1 -DNNG_HAVE_PTHREAD_SETNAME_NP=1 -DNNG_HAVE_LIBATOMIC=1 -DNNG_HAVE_UNIX_SOCKETS=1 -DNNG_HAVE_BACKTRACE=1 -DNNG_HAVE_MSG_CONTROL=1 -DNNG_HAVE_EVENTFD=1 -DNNG_HAVE_EPOLL=1 -DNNG_HAVE_EPOLL_CREATE1=1 -DNNG_HAVE_SOPEERCRED=1 -DNNG_HAVE_STDATOMIC=1 -DNNG_HAVE_SOCKETPAIR=1 -I"/usr/share/R/include" -DNDEBUG -Imbedtls/include -Inng/include -DNNG_STATIC_LIB     -fvisibility=hidden -fpic  -g -O2 -ffile-prefix-map=/build/reproducible-path/r-base-4.6.1=. -fstack-protector-strong -fstack-clash-protection -Wformat -Werror=format-security -fcf-protection -Wdate-time -D_FORTIFY_SOURCE=2  -c nng/src/sp/protocol/reqrep0/xreq.c -o nng/src/sp/protocol/reqrep0/xreq.o
x86_64-linux-gnu-gcc -Inng/src -Inng/include -Imbedtls/include -DNNG_STATIC_LIB -DNNG_SUPP_TLS -DNNG_SUPP_HTTP -DNNG_ENABLE_STATS -DNNG_TLS_ENGINE_INIT=nng_tls_engine_init_mbed -DNNG_TLS_ENGINE_FINI=nng_tls_engine_fini_mbed -DNNG_TRANSPORT_INPROC -DNNG_TRANSPORT_IPC -DNNG_TRANSPORT_TCP -DNNG_TRANSPORT_TLS -DNNG_TRANSPORT_WS -DNNG_TRANSPORT_WSS -DNNG_TRANSPORT_FDC -DNNG_PLATFORM_POSIX -DNNG_PLATFORM_LINUX -DNNG_USE_EVENTFD -DNNG_HAVE_ABSTRACT_SOCKETS -D_GNU_SOURCE -D_REENTRANT -D_THREAD_SAFE -D_POSIX_PTHREAD_SEMANTICS -DNNG_HAVE_STRLCPY=1 -DNNG_HAVE_STRNLEN=1 -DNNG_HAVE_STRCASECMP=1 -DNNG_HAVE_STRNCASECMP=1 -DNNG_HAVE_LOCKF=1 -DNNG_HAVE_FLOCK=1 -DNNG_HAVE_GETRANDOM=1 -DNNG_HAVE_ARC4RANDOM=1 -DNNG_HAVE_CLOCK_GETTIME_LIBC=1 -DNNG_HAVE_CLOCK_GETTIME -DNNG_HAVE_SEMAPHORE_PTHREAD=1 -DNNG_HAVE_PTHREAD_ATFORK_PTHREAD=1 -DNNG_HAVE_PTHREAD_SETNAME_NP=1 -DNNG_HAVE_LIBATOMIC=1 -DNNG_HAVE_UNIX_SOCKETS=1 -DNNG_HAVE_BACKTRACE=1 -DNNG_HAVE_MSG_CONTROL=1 -DNNG_HAVE_EVENTFD=1 -DNNG_HAVE_EPOLL=1 -DNNG_HAVE_EPOLL_CREATE1=1 -DNNG_HAVE_SOPEERCRED=1 -DNNG_HAVE_STDATOMIC=1 -DNNG_HAVE_SOCKETPAIR=1 -I"/usr/share/R/include" -DNDEBUG -Imbedtls/include -Inng/include -DNNG_STATIC_LIB     -fvisibility=hidden -fpic  -g -O2 -ffile-prefix-map=/build/reproducible-path/r-base-4.6.1=. -fstack-protector-strong -fstack-clash-protection -Wformat -Werror=format-security -fcf-protection -Wdate-time -D_FORTIFY_SOURCE=2  -c nng/src/sp/protocol/survey0/respond.c -o nng/src/sp/protocol/survey0/respond.o
x86_64-linux-gnu-gcc -Inng/src -Inng/include -Imbedtls/include -DNNG_STATIC_LIB -DNNG_SUPP_TLS -DNNG_SUPP_HTTP -DNNG_ENABLE_STATS -DNNG_TLS_ENGINE_INIT=nng_tls_engine_init_mbed -DNNG_TLS_ENGINE_FINI=nng_tls_engine_fini_mbed -DNNG_TRANSPORT_INPROC -DNNG_TRANSPORT_IPC -DNNG_TRANSPORT_TCP -DNNG_TRANSPORT_TLS -DNNG_TRANSPORT_WS -DNNG_TRANSPORT_WSS -DNNG_TRANSPORT_FDC -DNNG_PLATFORM_POSIX -DNNG_PLATFORM_LINUX -DNNG_USE_EVENTFD -DNNG_HAVE_ABSTRACT_SOCKETS -D_GNU_SOURCE -D_REENTRANT -D_THREAD_SAFE -D_POSIX_PTHREAD_SEMANTICS -DNNG_HAVE_STRLCPY=1 -DNNG_HAVE_STRNLEN=1 -DNNG_HAVE_STRCASECMP=1 -DNNG_HAVE_STRNCASECMP=1 -DNNG_HAVE_LOCKF=1 -DNNG_HAVE_FLOCK=1 -DNNG_HAVE_GETRANDOM=1 -DNNG_HAVE_ARC4RANDOM=1 -DNNG_HAVE_CLOCK_GETTIME_LIBC=1 -DNNG_HAVE_CLOCK_GETTIME -DNNG_HAVE_SEMAPHORE_PTHREAD=1 -DNNG_HAVE_PTHREAD_ATFORK_PTHREAD=1 -DNNG_HAVE_PTHREAD_SETNAME_NP=1 -DNNG_HAVE_LIBATOMIC=1 -DNNG_HAVE_UNIX_SOCKETS=1 -DNNG_HAVE_BACKTRACE=1 -DNNG_HAVE_MSG_CONTROL=1 -DNNG_HAVE_EVENTFD=1 -DNNG_HAVE_EPOLL=1 -DNNG_HAVE_EPOLL_CREATE1=1 -DNNG_HAVE_SOPEERCRED=1 -DNNG_HAVE_STDATOMIC=1 -DNNG_HAVE_SOCKETPAIR=1 -I"/usr/share/R/include" -DNDEBUG -Imbedtls/include -Inng/include -DNNG_STATIC_LIB     -fvisibility=hidden -fpic  -g -O2 -ffile-prefix-map=/build/reproducible-path/r-base-4.6.1=. -fstack-protector-strong -fstack-clash-protection -Wformat -Werror=format-security -fcf-protection -Wdate-time -D_FORTIFY_SOURCE=2  -c nng/src/sp/protocol/survey0/survey.c -o nng/src/sp/protocol/survey0/survey.o
x86_64-linux-gnu-gcc -Inng/src -Inng/include -Imbedtls/include -DNNG_STATIC_LIB -DNNG_SUPP_TLS -DNNG_SUPP_HTTP -DNNG_ENABLE_STATS -DNNG_TLS_ENGINE_INIT=nng_tls_engine_init_mbed -DNNG_TLS_ENGINE_FINI=nng_tls_engine_fini_mbed -DNNG_TRANSPORT_INPROC -DNNG_TRANSPORT_IPC -DNNG_TRANSPORT_TCP -DNNG_TRANSPORT_TLS -DNNG_TRANSPORT_WS -DNNG_TRANSPORT_WSS -DNNG_TRANSPORT_FDC -DNNG_PLATFORM_POSIX -DNNG_PLATFORM_LINUX -DNNG_USE_EVENTFD -DNNG_HAVE_ABSTRACT_SOCKETS -D_GNU_SOURCE -D_REENTRANT -D_THREAD_SAFE -D_POSIX_PTHREAD_SEMANTICS -DNNG_HAVE_STRLCPY=1 -DNNG_HAVE_STRNLEN=1 -DNNG_HAVE_STRCASECMP=1 -DNNG_HAVE_STRNCASECMP=1 -DNNG_HAVE_LOCKF=1 -DNNG_HAVE_FLOCK=1 -DNNG_HAVE_GETRANDOM=1 -DNNG_HAVE_ARC4RANDOM=1 -DNNG_HAVE_CLOCK_GETTIME_LIBC=1 -DNNG_HAVE_CLOCK_GETTIME -DNNG_HAVE_SEMAPHORE_PTHREAD=1 -DNNG_HAVE_PTHREAD_ATFORK_PTHREAD=1 -DNNG_HAVE_PTHREAD_SETNAME_NP=1 -DNNG_HAVE_LIBATOMIC=1 -DNNG_HAVE_UNIX_SOCKETS=1 -DNNG_HAVE_BACKTRACE=1 -DNNG_HAVE_MSG_CONTROL=1 -DNNG_HAVE_EVENTFD=1 -DNNG_HAVE_EPOLL=1 -DNNG_HAVE_EPOLL_CREATE1=1 -DNNG_HAVE_SOPEERCRED=1 -DNNG_HAVE_STDATOMIC=1 -DNNG_HAVE_SOCKETPAIR=1 -I"/usr/share/R/include" -DNDEBUG -Imbedtls/include -Inng/include -DNNG_STATIC_LIB     -fvisibility=hidden -fpic  -g -O2 -ffile-prefix-map=/build/reproducible-path/r-base-4.6.1=. -fstack-protector-strong -fstack-clash-protection -Wformat -Werror=format-security -fcf-protection -Wdate-time -D_FORTIFY_SOURCE=2  -c nng/src/sp/protocol/survey0/xrespond.c -o nng/src/sp/protocol/survey0/xrespond.o
x86_64-linux-gnu-gcc -Inng/src -Inng/include -Imbedtls/include -DNNG_STATIC_LIB -DNNG_SUPP_TLS -DNNG_SUPP_HTTP -DNNG_ENABLE_STATS -DNNG_TLS_ENGINE_INIT=nng_tls_engine_init_mbed -DNNG_TLS_ENGINE_FINI=nng_tls_engine_fini_mbed -DNNG_TRANSPORT_INPROC -DNNG_TRANSPORT_IPC -DNNG_TRANSPORT_TCP -DNNG_TRANSPORT_TLS -DNNG_TRANSPORT_WS -DNNG_TRANSPORT_WSS -DNNG_TRANSPORT_FDC -DNNG_PLATFORM_POSIX -DNNG_PLATFORM_LINUX -DNNG_USE_EVENTFD -DNNG_HAVE_ABSTRACT_SOCKETS -D_GNU_SOURCE -D_REENTRANT -D_THREAD_SAFE -D_POSIX_PTHREAD_SEMANTICS -DNNG_HAVE_STRLCPY=1 -DNNG_HAVE_STRNLEN=1 -DNNG_HAVE_STRCASECMP=1 -DNNG_HAVE_STRNCASECMP=1 -DNNG_HAVE_LOCKF=1 -DNNG_HAVE_FLOCK=1 -DNNG_HAVE_GETRANDOM=1 -DNNG_HAVE_ARC4RANDOM=1 -DNNG_HAVE_CLOCK_GETTIME_LIBC=1 -DNNG_HAVE_CLOCK_GETTIME -DNNG_HAVE_SEMAPHORE_PTHREAD=1 -DNNG_HAVE_PTHREAD_ATFORK_PTHREAD=1 -DNNG_HAVE_PTHREAD_SETNAME_NP=1 -DNNG_HAVE_LIBATOMIC=1 -DNNG_HAVE_UNIX_SOCKETS=1 -DNNG_HAVE_BACKTRACE=1 -DNNG_HAVE_MSG_CONTROL=1 -DNNG_HAVE_EVENTFD=1 -DNNG_HAVE_EPOLL=1 -DNNG_HAVE_EPOLL_CREATE1=1 -DNNG_HAVE_SOPEERCRED=1 -DNNG_HAVE_STDATOMIC=1 -DNNG_HAVE_SOCKETPAIR=1 -I"/usr/share/R/include" -DNDEBUG -Imbedtls/include -Inng/include -DNNG_STATIC_LIB     -fvisibility=hidden -fpic  -g -O2 -ffile-prefix-map=/build/reproducible-path/r-base-4.6.1=. -fstack-protector-strong -fstack-clash-protection -Wformat -Werror=format-security -fcf-protection -Wdate-time -D_FORTIFY_SOURCE=2  -c nng/src/sp/protocol/survey0/xsurvey.c -o nng/src/sp/protocol/survey0/xsurvey.o
x86_64-linux-gnu-gcc -Inng/src -Inng/include -Imbedtls/include -DNNG_STATIC_LIB -DNNG_SUPP_TLS -DNNG_SUPP_HTTP -DNNG_ENABLE_STATS -DNNG_TLS_ENGINE_INIT=nng_tls_engine_init_mbed -DNNG_TLS_ENGINE_FINI=nng_tls_engine_fini_mbed -DNNG_TRANSPORT_INPROC -DNNG_TRANSPORT_IPC -DNNG_TRANSPORT_TCP -DNNG_TRANSPORT_TLS -DNNG_TRANSPORT_WS -DNNG_TRANSPORT_WSS -DNNG_TRANSPORT_FDC -DNNG_PLATFORM_POSIX -DNNG_PLATFORM_LINUX -DNNG_USE_EVENTFD -DNNG_HAVE_ABSTRACT_SOCKETS -D_GNU_SOURCE -D_REENTRANT -D_THREAD_SAFE -D_POSIX_PTHREAD_SEMANTICS -DNNG_HAVE_STRLCPY=1 -DNNG_HAVE_STRNLEN=1 -DNNG_HAVE_STRCASECMP=1 -DNNG_HAVE_STRNCASECMP=1 -DNNG_HAVE_LOCKF=1 -DNNG_HAVE_FLOCK=1 -DNNG_HAVE_GETRANDOM=1 -DNNG_HAVE_ARC4RANDOM=1 -DNNG_HAVE_CLOCK_GETTIME_LIBC=1 -DNNG_HAVE_CLOCK_GETTIME -DNNG_HAVE_SEMAPHORE_PTHREAD=1 -DNNG_HAVE_PTHREAD_ATFORK_PTHREAD=1 -DNNG_HAVE_PTHREAD_SETNAME_NP=1 -DNNG_HAVE_LIBATOMIC=1 -DNNG_HAVE_UNIX_SOCKETS=1 -DNNG_HAVE_BACKTRACE=1 -DNNG_HAVE_MSG_CONTROL=1 -DNNG_HAVE_EVENTFD=1 -DNNG_HAVE_EPOLL=1 -DNNG_HAVE_EPOLL_CREATE1=1 -DNNG_HAVE_SOPEERCRED=1 -DNNG_HAVE_STDATOMIC=1 -DNNG_HAVE_SOCKETPAIR=1 -I"/usr/share/R/include" -DNDEBUG -Imbedtls/include -Inng/include -DNNG_STATIC_LIB     -fvisibility=hidden -fpic  -g -O2 -ffile-prefix-map=/build/reproducible-path/r-base-4.6.1=. -fstack-protector-strong -fstack-clash-protection -Wformat -Werror=format-security -fcf-protection -Wdate-time -D_FORTIFY_SOURCE=2  -c nng/src/sp/transport.c -o nng/src/sp/transport.o
x86_64-linux-gnu-gcc -Inng/src -Inng/include -Imbedtls/include -DNNG_STATIC_LIB -DNNG_SUPP_TLS -DNNG_SUPP_HTTP -DNNG_ENABLE_STATS -DNNG_TLS_ENGINE_INIT=nng_tls_engine_init_mbed -DNNG_TLS_ENGINE_FINI=nng_tls_engine_fini_mbed -DNNG_TRANSPORT_INPROC -DNNG_TRANSPORT_IPC -DNNG_TRANSPORT_TCP -DNNG_TRANSPORT_TLS -DNNG_TRANSPORT_WS -DNNG_TRANSPORT_WSS -DNNG_TRANSPORT_FDC -DNNG_PLATFORM_POSIX -DNNG_PLATFORM_LINUX -DNNG_USE_EVENTFD -DNNG_HAVE_ABSTRACT_SOCKETS -D_GNU_SOURCE -D_REENTRANT -D_THREAD_SAFE -D_POSIX_PTHREAD_SEMANTICS -DNNG_HAVE_STRLCPY=1 -DNNG_HAVE_STRNLEN=1 -DNNG_HAVE_STRCASECMP=1 -DNNG_HAVE_STRNCASECMP=1 -DNNG_HAVE_LOCKF=1 -DNNG_HAVE_FLOCK=1 -DNNG_HAVE_GETRANDOM=1 -DNNG_HAVE_ARC4RANDOM=1 -DNNG_HAVE_CLOCK_GETTIME_LIBC=1 -DNNG_HAVE_CLOCK_GETTIME -DNNG_HAVE_SEMAPHORE_PTHREAD=1 -DNNG_HAVE_PTHREAD_ATFORK_PTHREAD=1 -DNNG_HAVE_PTHREAD_SETNAME_NP=1 -DNNG_HAVE_LIBATOMIC=1 -DNNG_HAVE_UNIX_SOCKETS=1 -DNNG_HAVE_BACKTRACE=1 -DNNG_HAVE_MSG_CONTROL=1 -DNNG_HAVE_EVENTFD=1 -DNNG_HAVE_EPOLL=1 -DNNG_HAVE_EPOLL_CREATE1=1 -DNNG_HAVE_SOPEERCRED=1 -DNNG_HAVE_STDATOMIC=1 -DNNG_HAVE_SOCKETPAIR=1 -I"/usr/share/R/include" -DNDEBUG -Imbedtls/include -Inng/include -DNNG_STATIC_LIB     -fvisibility=hidden -fpic  -g -O2 -ffile-prefix-map=/build/reproducible-path/r-base-4.6.1=. -fstack-protector-strong -fstack-clash-protection -Wformat -Werror=format-security -fcf-protection -Wdate-time -D_FORTIFY_SOURCE=2  -c nng/src/sp/transport/inproc/inproc.c -o nng/src/sp/transport/inproc/inproc.o
x86_64-linux-gnu-gcc -Inng/src -Inng/include -Imbedtls/include -DNNG_STATIC_LIB -DNNG_SUPP_TLS -DNNG_SUPP_HTTP -DNNG_ENABLE_STATS -DNNG_TLS_ENGINE_INIT=nng_tls_engine_init_mbed -DNNG_TLS_ENGINE_FINI=nng_tls_engine_fini_mbed -DNNG_TRANSPORT_INPROC -DNNG_TRANSPORT_IPC -DNNG_TRANSPORT_TCP -DNNG_TRANSPORT_TLS -DNNG_TRANSPORT_WS -DNNG_TRANSPORT_WSS -DNNG_TRANSPORT_FDC -DNNG_PLATFORM_POSIX -DNNG_PLATFORM_LINUX -DNNG_USE_EVENTFD -DNNG_HAVE_ABSTRACT_SOCKETS -D_GNU_SOURCE -D_REENTRANT -D_THREAD_SAFE -D_POSIX_PTHREAD_SEMANTICS -DNNG_HAVE_STRLCPY=1 -DNNG_HAVE_STRNLEN=1 -DNNG_HAVE_STRCASECMP=1 -DNNG_HAVE_STRNCASECMP=1 -DNNG_HAVE_LOCKF=1 -DNNG_HAVE_FLOCK=1 -DNNG_HAVE_GETRANDOM=1 -DNNG_HAVE_ARC4RANDOM=1 -DNNG_HAVE_CLOCK_GETTIME_LIBC=1 -DNNG_HAVE_CLOCK_GETTIME -DNNG_HAVE_SEMAPHORE_PTHREAD=1 -DNNG_HAVE_PTHREAD_ATFORK_PTHREAD=1 -DNNG_HAVE_PTHREAD_SETNAME_NP=1 -DNNG_HAVE_LIBATOMIC=1 -DNNG_HAVE_UNIX_SOCKETS=1 -DNNG_HAVE_BACKTRACE=1 -DNNG_HAVE_MSG_CONTROL=1 -DNNG_HAVE_EVENTFD=1 -DNNG_HAVE_EPOLL=1 -DNNG_HAVE_EPOLL_CREATE1=1 -DNNG_HAVE_SOPEERCRED=1 -DNNG_HAVE_STDATOMIC=1 -DNNG_HAVE_SOCKETPAIR=1 -I"/usr/share/R/include" -DNDEBUG -Imbedtls/include -Inng/include -DNNG_STATIC_LIB     -fvisibility=hidden -fpic  -g -O2 -ffile-prefix-map=/build/reproducible-path/r-base-4.6.1=. -fstack-protector-strong -fstack-clash-protection -Wformat -Werror=format-security -fcf-protection -Wdate-time -D_FORTIFY_SOURCE=2  -c nng/src/sp/transport/ipc/ipc.c -o nng/src/sp/transport/ipc/ipc.o
x86_64-linux-gnu-gcc -Inng/src -Inng/include -Imbedtls/include -DNNG_STATIC_LIB -DNNG_SUPP_TLS -DNNG_SUPP_HTTP -DNNG_ENABLE_STATS -DNNG_TLS_ENGINE_INIT=nng_tls_engine_init_mbed -DNNG_TLS_ENGINE_FINI=nng_tls_engine_fini_mbed -DNNG_TRANSPORT_INPROC -DNNG_TRANSPORT_IPC -DNNG_TRANSPORT_TCP -DNNG_TRANSPORT_TLS -DNNG_TRANSPORT_WS -DNNG_TRANSPORT_WSS -DNNG_TRANSPORT_FDC -DNNG_PLATFORM_POSIX -DNNG_PLATFORM_LINUX -DNNG_USE_EVENTFD -DNNG_HAVE_ABSTRACT_SOCKETS -D_GNU_SOURCE -D_REENTRANT -D_THREAD_SAFE -D_POSIX_PTHREAD_SEMANTICS -DNNG_HAVE_STRLCPY=1 -DNNG_HAVE_STRNLEN=1 -DNNG_HAVE_STRCASECMP=1 -DNNG_HAVE_STRNCASECMP=1 -DNNG_HAVE_LOCKF=1 -DNNG_HAVE_FLOCK=1 -DNNG_HAVE_GETRANDOM=1 -DNNG_HAVE_ARC4RANDOM=1 -DNNG_HAVE_CLOCK_GETTIME_LIBC=1 -DNNG_HAVE_CLOCK_GETTIME -DNNG_HAVE_SEMAPHORE_PTHREAD=1 -DNNG_HAVE_PTHREAD_ATFORK_PTHREAD=1 -DNNG_HAVE_PTHREAD_SETNAME_NP=1 -DNNG_HAVE_LIBATOMIC=1 -DNNG_HAVE_UNIX_SOCKETS=1 -DNNG_HAVE_BACKTRACE=1 -DNNG_HAVE_MSG_CONTROL=1 -DNNG_HAVE_EVENTFD=1 -DNNG_HAVE_EPOLL=1 -DNNG_HAVE_EPOLL_CREATE1=1 -DNNG_HAVE_SOPEERCRED=1 -DNNG_HAVE_STDATOMIC=1 -DNNG_HAVE_SOCKETPAIR=1 -I"/usr/share/R/include" -DNDEBUG -Imbedtls/include -Inng/include -DNNG_STATIC_LIB     -fvisibility=hidden -fpic  -g -O2 -ffile-prefix-map=/build/reproducible-path/r-base-4.6.1=. -fstack-protector-strong -fstack-clash-protection -Wformat -Werror=format-security -fcf-protection -Wdate-time -D_FORTIFY_SOURCE=2  -c nng/src/sp/transport/socket/sockfd.c -o nng/src/sp/transport/socket/sockfd.o
x86_64-linux-gnu-gcc -Inng/src -Inng/include -Imbedtls/include -DNNG_STATIC_LIB -DNNG_SUPP_TLS -DNNG_SUPP_HTTP -DNNG_ENABLE_STATS -DNNG_TLS_ENGINE_INIT=nng_tls_engine_init_mbed -DNNG_TLS_ENGINE_FINI=nng_tls_engine_fini_mbed -DNNG_TRANSPORT_INPROC -DNNG_TRANSPORT_IPC -DNNG_TRANSPORT_TCP -DNNG_TRANSPORT_TLS -DNNG_TRANSPORT_WS -DNNG_TRANSPORT_WSS -DNNG_TRANSPORT_FDC -DNNG_PLATFORM_POSIX -DNNG_PLATFORM_LINUX -DNNG_USE_EVENTFD -DNNG_HAVE_ABSTRACT_SOCKETS -D_GNU_SOURCE -D_REENTRANT -D_THREAD_SAFE -D_POSIX_PTHREAD_SEMANTICS -DNNG_HAVE_STRLCPY=1 -DNNG_HAVE_STRNLEN=1 -DNNG_HAVE_STRCASECMP=1 -DNNG_HAVE_STRNCASECMP=1 -DNNG_HAVE_LOCKF=1 -DNNG_HAVE_FLOCK=1 -DNNG_HAVE_GETRANDOM=1 -DNNG_HAVE_ARC4RANDOM=1 -DNNG_HAVE_CLOCK_GETTIME_LIBC=1 -DNNG_HAVE_CLOCK_GETTIME -DNNG_HAVE_SEMAPHORE_PTHREAD=1 -DNNG_HAVE_PTHREAD_ATFORK_PTHREAD=1 -DNNG_HAVE_PTHREAD_SETNAME_NP=1 -DNNG_HAVE_LIBATOMIC=1 -DNNG_HAVE_UNIX_SOCKETS=1 -DNNG_HAVE_BACKTRACE=1 -DNNG_HAVE_MSG_CONTROL=1 -DNNG_HAVE_EVENTFD=1 -DNNG_HAVE_EPOLL=1 -DNNG_HAVE_EPOLL_CREATE1=1 -DNNG_HAVE_SOPEERCRED=1 -DNNG_HAVE_STDATOMIC=1 -DNNG_HAVE_SOCKETPAIR=1 -I"/usr/share/R/include" -DNDEBUG -Imbedtls/include -Inng/include -DNNG_STATIC_LIB     -fvisibility=hidden -fpic  -g -O2 -ffile-prefix-map=/build/reproducible-path/r-base-4.6.1=. -fstack-protector-strong -fstack-clash-protection -Wformat -Werror=format-security -fcf-protection -Wdate-time -D_FORTIFY_SOURCE=2  -c nng/src/sp/transport/tcp/tcp.c -o nng/src/sp/transport/tcp/tcp.o
x86_64-linux-gnu-gcc -Inng/src -Inng/include -Imbedtls/include -DNNG_STATIC_LIB -DNNG_SUPP_TLS -DNNG_SUPP_HTTP -DNNG_ENABLE_STATS -DNNG_TLS_ENGINE_INIT=nng_tls_engine_init_mbed -DNNG_TLS_ENGINE_FINI=nng_tls_engine_fini_mbed -DNNG_TRANSPORT_INPROC -DNNG_TRANSPORT_IPC -DNNG_TRANSPORT_TCP -DNNG_TRANSPORT_TLS -DNNG_TRANSPORT_WS -DNNG_TRANSPORT_WSS -DNNG_TRANSPORT_FDC -DNNG_PLATFORM_POSIX -DNNG_PLATFORM_LINUX -DNNG_USE_EVENTFD -DNNG_HAVE_ABSTRACT_SOCKETS -D_GNU_SOURCE -D_REENTRANT -D_THREAD_SAFE -D_POSIX_PTHREAD_SEMANTICS -DNNG_HAVE_STRLCPY=1 -DNNG_HAVE_STRNLEN=1 -DNNG_HAVE_STRCASECMP=1 -DNNG_HAVE_STRNCASECMP=1 -DNNG_HAVE_LOCKF=1 -DNNG_HAVE_FLOCK=1 -DNNG_HAVE_GETRANDOM=1 -DNNG_HAVE_ARC4RANDOM=1 -DNNG_HAVE_CLOCK_GETTIME_LIBC=1 -DNNG_HAVE_CLOCK_GETTIME -DNNG_HAVE_SEMAPHORE_PTHREAD=1 -DNNG_HAVE_PTHREAD_ATFORK_PTHREAD=1 -DNNG_HAVE_PTHREAD_SETNAME_NP=1 -DNNG_HAVE_LIBATOMIC=1 -DNNG_HAVE_UNIX_SOCKETS=1 -DNNG_HAVE_BACKTRACE=1 -DNNG_HAVE_MSG_CONTROL=1 -DNNG_HAVE_EVENTFD=1 -DNNG_HAVE_EPOLL=1 -DNNG_HAVE_EPOLL_CREATE1=1 -DNNG_HAVE_SOPEERCRED=1 -DNNG_HAVE_STDATOMIC=1 -DNNG_HAVE_SOCKETPAIR=1 -I"/usr/share/R/include" -DNDEBUG -Imbedtls/include -Inng/include -DNNG_STATIC_LIB     -fvisibility=hidden -fpic  -g -O2 -ffile-prefix-map=/build/reproducible-path/r-base-4.6.1=. -fstack-protector-strong -fstack-clash-protection -Wformat -Werror=format-security -fcf-protection -Wdate-time -D_FORTIFY_SOURCE=2  -c nng/src/sp/transport/tls/tls.c -o nng/src/sp/transport/tls/tls.o
x86_64-linux-gnu-gcc -Inng/src -Inng/include -Imbedtls/include -DNNG_STATIC_LIB -DNNG_SUPP_TLS -DNNG_SUPP_HTTP -DNNG_ENABLE_STATS -DNNG_TLS_ENGINE_INIT=nng_tls_engine_init_mbed -DNNG_TLS_ENGINE_FINI=nng_tls_engine_fini_mbed -DNNG_TRANSPORT_INPROC -DNNG_TRANSPORT_IPC -DNNG_TRANSPORT_TCP -DNNG_TRANSPORT_TLS -DNNG_TRANSPORT_WS -DNNG_TRANSPORT_WSS -DNNG_TRANSPORT_FDC -DNNG_PLATFORM_POSIX -DNNG_PLATFORM_LINUX -DNNG_USE_EVENTFD -DNNG_HAVE_ABSTRACT_SOCKETS -D_GNU_SOURCE -D_REENTRANT -D_THREAD_SAFE -D_POSIX_PTHREAD_SEMANTICS -DNNG_HAVE_STRLCPY=1 -DNNG_HAVE_STRNLEN=1 -DNNG_HAVE_STRCASECMP=1 -DNNG_HAVE_STRNCASECMP=1 -DNNG_HAVE_LOCKF=1 -DNNG_HAVE_FLOCK=1 -DNNG_HAVE_GETRANDOM=1 -DNNG_HAVE_ARC4RANDOM=1 -DNNG_HAVE_CLOCK_GETTIME_LIBC=1 -DNNG_HAVE_CLOCK_GETTIME -DNNG_HAVE_SEMAPHORE_PTHREAD=1 -DNNG_HAVE_PTHREAD_ATFORK_PTHREAD=1 -DNNG_HAVE_PTHREAD_SETNAME_NP=1 -DNNG_HAVE_LIBATOMIC=1 -DNNG_HAVE_UNIX_SOCKETS=1 -DNNG_HAVE_BACKTRACE=1 -DNNG_HAVE_MSG_CONTROL=1 -DNNG_HAVE_EVENTFD=1 -DNNG_HAVE_EPOLL=1 -DNNG_HAVE_EPOLL_CREATE1=1 -DNNG_HAVE_SOPEERCRED=1 -DNNG_HAVE_STDATOMIC=1 -DNNG_HAVE_SOCKETPAIR=1 -I"/usr/share/R/include" -DNDEBUG -Imbedtls/include -Inng/include -DNNG_STATIC_LIB     -fvisibility=hidden -fpic  -g -O2 -ffile-prefix-map=/build/reproducible-path/r-base-4.6.1=. -fstack-protector-strong -fstack-clash-protection -Wformat -Werror=format-security -fcf-protection -Wdate-time -D_FORTIFY_SOURCE=2  -c nng/src/sp/transport/ws/websocket.c -o nng/src/sp/transport/ws/websocket.o
x86_64-linux-gnu-gcc -Inng/src -Inng/include -Imbedtls/include -DNNG_STATIC_LIB -DNNG_SUPP_TLS -DNNG_SUPP_HTTP -DNNG_ENABLE_STATS -DNNG_TLS_ENGINE_INIT=nng_tls_engine_init_mbed -DNNG_TLS_ENGINE_FINI=nng_tls_engine_fini_mbed -DNNG_TRANSPORT_INPROC -DNNG_TRANSPORT_IPC -DNNG_TRANSPORT_TCP -DNNG_TRANSPORT_TLS -DNNG_TRANSPORT_WS -DNNG_TRANSPORT_WSS -DNNG_TRANSPORT_FDC -DNNG_PLATFORM_POSIX -DNNG_PLATFORM_LINUX -DNNG_USE_EVENTFD -DNNG_HAVE_ABSTRACT_SOCKETS -D_GNU_SOURCE -D_REENTRANT -D_THREAD_SAFE -D_POSIX_PTHREAD_SEMANTICS -DNNG_HAVE_STRLCPY=1 -DNNG_HAVE_STRNLEN=1 -DNNG_HAVE_STRCASECMP=1 -DNNG_HAVE_STRNCASECMP=1 -DNNG_HAVE_LOCKF=1 -DNNG_HAVE_FLOCK=1 -DNNG_HAVE_GETRANDOM=1 -DNNG_HAVE_ARC4RANDOM=1 -DNNG_HAVE_CLOCK_GETTIME_LIBC=1 -DNNG_HAVE_CLOCK_GETTIME -DNNG_HAVE_SEMAPHORE_PTHREAD=1 -DNNG_HAVE_PTHREAD_ATFORK_PTHREAD=1 -DNNG_HAVE_PTHREAD_SETNAME_NP=1 -DNNG_HAVE_LIBATOMIC=1 -DNNG_HAVE_UNIX_SOCKETS=1 -DNNG_HAVE_BACKTRACE=1 -DNNG_HAVE_MSG_CONTROL=1 -DNNG_HAVE_EVENTFD=1 -DNNG_HAVE_EPOLL=1 -DNNG_HAVE_EPOLL_CREATE1=1 -DNNG_HAVE_SOPEERCRED=1 -DNNG_HAVE_STDATOMIC=1 -DNNG_HAVE_SOCKETPAIR=1 -I"/usr/share/R/include" -DNDEBUG -Imbedtls/include -Inng/include -DNNG_STATIC_LIB     -fvisibility=hidden -fpic  -g -O2 -ffile-prefix-map=/build/reproducible-path/r-base-4.6.1=. -fstack-protector-strong -fstack-clash-protection -Wformat -Werror=format-security -fcf-protection -Wdate-time -D_FORTIFY_SOURCE=2  -c nng/src/supplemental/base64/base64.c -o nng/src/supplemental/base64/base64.o
x86_64-linux-gnu-gcc -Inng/src -Inng/include -Imbedtls/include -DNNG_STATIC_LIB -DNNG_SUPP_TLS -DNNG_SUPP_HTTP -DNNG_ENABLE_STATS -DNNG_TLS_ENGINE_INIT=nng_tls_engine_init_mbed -DNNG_TLS_ENGINE_FINI=nng_tls_engine_fini_mbed -DNNG_TRANSPORT_INPROC -DNNG_TRANSPORT_IPC -DNNG_TRANSPORT_TCP -DNNG_TRANSPORT_TLS -DNNG_TRANSPORT_WS -DNNG_TRANSPORT_WSS -DNNG_TRANSPORT_FDC -DNNG_PLATFORM_POSIX -DNNG_PLATFORM_LINUX -DNNG_USE_EVENTFD -DNNG_HAVE_ABSTRACT_SOCKETS -D_GNU_SOURCE -D_REENTRANT -D_THREAD_SAFE -D_POSIX_PTHREAD_SEMANTICS -DNNG_HAVE_STRLCPY=1 -DNNG_HAVE_STRNLEN=1 -DNNG_HAVE_STRCASECMP=1 -DNNG_HAVE_STRNCASECMP=1 -DNNG_HAVE_LOCKF=1 -DNNG_HAVE_FLOCK=1 -DNNG_HAVE_GETRANDOM=1 -DNNG_HAVE_ARC4RANDOM=1 -DNNG_HAVE_CLOCK_GETTIME_LIBC=1 -DNNG_HAVE_CLOCK_GETTIME -DNNG_HAVE_SEMAPHORE_PTHREAD=1 -DNNG_HAVE_PTHREAD_ATFORK_PTHREAD=1 -DNNG_HAVE_PTHREAD_SETNAME_NP=1 -DNNG_HAVE_LIBATOMIC=1 -DNNG_HAVE_UNIX_SOCKETS=1 -DNNG_HAVE_BACKTRACE=1 -DNNG_HAVE_MSG_CONTROL=1 -DNNG_HAVE_EVENTFD=1 -DNNG_HAVE_EPOLL=1 -DNNG_HAVE_EPOLL_CREATE1=1 -DNNG_HAVE_SOPEERCRED=1 -DNNG_HAVE_STDATOMIC=1 -DNNG_HAVE_SOCKETPAIR=1 -I"/usr/share/R/include" -DNDEBUG -Imbedtls/include -Inng/include -DNNG_STATIC_LIB     -fvisibility=hidden -fpic  -g -O2 -ffile-prefix-map=/build/reproducible-path/r-base-4.6.1=. -fstack-protector-strong -fstack-clash-protection -Wformat -Werror=format-security -fcf-protection -Wdate-time -D_FORTIFY_SOURCE=2  -c nng/src/supplemental/http/http_chunk.c -o nng/src/supplemental/http/http_chunk.o
x86_64-linux-gnu-gcc -Inng/src -Inng/include -Imbedtls/include -DNNG_STATIC_LIB -DNNG_SUPP_TLS -DNNG_SUPP_HTTP -DNNG_ENABLE_STATS -DNNG_TLS_ENGINE_INIT=nng_tls_engine_init_mbed -DNNG_TLS_ENGINE_FINI=nng_tls_engine_fini_mbed -DNNG_TRANSPORT_INPROC -DNNG_TRANSPORT_IPC -DNNG_TRANSPORT_TCP -DNNG_TRANSPORT_TLS -DNNG_TRANSPORT_WS -DNNG_TRANSPORT_WSS -DNNG_TRANSPORT_FDC -DNNG_PLATFORM_POSIX -DNNG_PLATFORM_LINUX -DNNG_USE_EVENTFD -DNNG_HAVE_ABSTRACT_SOCKETS -D_GNU_SOURCE -D_REENTRANT -D_THREAD_SAFE -D_POSIX_PTHREAD_SEMANTICS -DNNG_HAVE_STRLCPY=1 -DNNG_HAVE_STRNLEN=1 -DNNG_HAVE_STRCASECMP=1 -DNNG_HAVE_STRNCASECMP=1 -DNNG_HAVE_LOCKF=1 -DNNG_HAVE_FLOCK=1 -DNNG_HAVE_GETRANDOM=1 -DNNG_HAVE_ARC4RANDOM=1 -DNNG_HAVE_CLOCK_GETTIME_LIBC=1 -DNNG_HAVE_CLOCK_GETTIME -DNNG_HAVE_SEMAPHORE_PTHREAD=1 -DNNG_HAVE_PTHREAD_ATFORK_PTHREAD=1 -DNNG_HAVE_PTHREAD_SETNAME_NP=1 -DNNG_HAVE_LIBATOMIC=1 -DNNG_HAVE_UNIX_SOCKETS=1 -DNNG_HAVE_BACKTRACE=1 -DNNG_HAVE_MSG_CONTROL=1 -DNNG_HAVE_EVENTFD=1 -DNNG_HAVE_EPOLL=1 -DNNG_HAVE_EPOLL_CREATE1=1 -DNNG_HAVE_SOPEERCRED=1 -DNNG_HAVE_STDATOMIC=1 -DNNG_HAVE_SOCKETPAIR=1 -I"/usr/share/R/include" -DNDEBUG -Imbedtls/include -Inng/include -DNNG_STATIC_LIB     -fvisibility=hidden -fpic  -g -O2 -ffile-prefix-map=/build/reproducible-path/r-base-4.6.1=. -fstack-protector-strong -fstack-clash-protection -Wformat -Werror=format-security -fcf-protection -Wdate-time -D_FORTIFY_SOURCE=2  -c nng/src/supplemental/http/http_client.c -o nng/src/supplemental/http/http_client.o
x86_64-linux-gnu-gcc -Inng/src -Inng/include -Imbedtls/include -DNNG_STATIC_LIB -DNNG_SUPP_TLS -DNNG_SUPP_HTTP -DNNG_ENABLE_STATS -DNNG_TLS_ENGINE_INIT=nng_tls_engine_init_mbed -DNNG_TLS_ENGINE_FINI=nng_tls_engine_fini_mbed -DNNG_TRANSPORT_INPROC -DNNG_TRANSPORT_IPC -DNNG_TRANSPORT_TCP -DNNG_TRANSPORT_TLS -DNNG_TRANSPORT_WS -DNNG_TRANSPORT_WSS -DNNG_TRANSPORT_FDC -DNNG_PLATFORM_POSIX -DNNG_PLATFORM_LINUX -DNNG_USE_EVENTFD -DNNG_HAVE_ABSTRACT_SOCKETS -D_GNU_SOURCE -D_REENTRANT -D_THREAD_SAFE -D_POSIX_PTHREAD_SEMANTICS -DNNG_HAVE_STRLCPY=1 -DNNG_HAVE_STRNLEN=1 -DNNG_HAVE_STRCASECMP=1 -DNNG_HAVE_STRNCASECMP=1 -DNNG_HAVE_LOCKF=1 -DNNG_HAVE_FLOCK=1 -DNNG_HAVE_GETRANDOM=1 -DNNG_HAVE_ARC4RANDOM=1 -DNNG_HAVE_CLOCK_GETTIME_LIBC=1 -DNNG_HAVE_CLOCK_GETTIME -DNNG_HAVE_SEMAPHORE_PTHREAD=1 -DNNG_HAVE_PTHREAD_ATFORK_PTHREAD=1 -DNNG_HAVE_PTHREAD_SETNAME_NP=1 -DNNG_HAVE_LIBATOMIC=1 -DNNG_HAVE_UNIX_SOCKETS=1 -DNNG_HAVE_BACKTRACE=1 -DNNG_HAVE_MSG_CONTROL=1 -DNNG_HAVE_EVENTFD=1 -DNNG_HAVE_EPOLL=1 -DNNG_HAVE_EPOLL_CREATE1=1 -DNNG_HAVE_SOPEERCRED=1 -DNNG_HAVE_STDATOMIC=1 -DNNG_HAVE_SOCKETPAIR=1 -I"/usr/share/R/include" -DNDEBUG -Imbedtls/include -Inng/include -DNNG_STATIC_LIB     -fvisibility=hidden -fpic  -g -O2 -ffile-prefix-map=/build/reproducible-path/r-base-4.6.1=. -fstack-protector-strong -fstack-clash-protection -Wformat -Werror=format-security -fcf-protection -Wdate-time -D_FORTIFY_SOURCE=2  -c nng/src/supplemental/http/http_conn.c -o nng/src/supplemental/http/http_conn.o
x86_64-linux-gnu-gcc -Inng/src -Inng/include -Imbedtls/include -DNNG_STATIC_LIB -DNNG_SUPP_TLS -DNNG_SUPP_HTTP -DNNG_ENABLE_STATS -DNNG_TLS_ENGINE_INIT=nng_tls_engine_init_mbed -DNNG_TLS_ENGINE_FINI=nng_tls_engine_fini_mbed -DNNG_TRANSPORT_INPROC -DNNG_TRANSPORT_IPC -DNNG_TRANSPORT_TCP -DNNG_TRANSPORT_TLS -DNNG_TRANSPORT_WS -DNNG_TRANSPORT_WSS -DNNG_TRANSPORT_FDC -DNNG_PLATFORM_POSIX -DNNG_PLATFORM_LINUX -DNNG_USE_EVENTFD -DNNG_HAVE_ABSTRACT_SOCKETS -D_GNU_SOURCE -D_REENTRANT -D_THREAD_SAFE -D_POSIX_PTHREAD_SEMANTICS -DNNG_HAVE_STRLCPY=1 -DNNG_HAVE_STRNLEN=1 -DNNG_HAVE_STRCASECMP=1 -DNNG_HAVE_STRNCASECMP=1 -DNNG_HAVE_LOCKF=1 -DNNG_HAVE_FLOCK=1 -DNNG_HAVE_GETRANDOM=1 -DNNG_HAVE_ARC4RANDOM=1 -DNNG_HAVE_CLOCK_GETTIME_LIBC=1 -DNNG_HAVE_CLOCK_GETTIME -DNNG_HAVE_SEMAPHORE_PTHREAD=1 -DNNG_HAVE_PTHREAD_ATFORK_PTHREAD=1 -DNNG_HAVE_PTHREAD_SETNAME_NP=1 -DNNG_HAVE_LIBATOMIC=1 -DNNG_HAVE_UNIX_SOCKETS=1 -DNNG_HAVE_BACKTRACE=1 -DNNG_HAVE_MSG_CONTROL=1 -DNNG_HAVE_EVENTFD=1 -DNNG_HAVE_EPOLL=1 -DNNG_HAVE_EPOLL_CREATE1=1 -DNNG_HAVE_SOPEERCRED=1 -DNNG_HAVE_STDATOMIC=1 -DNNG_HAVE_SOCKETPAIR=1 -I"/usr/share/R/include" -DNDEBUG -Imbedtls/include -Inng/include -DNNG_STATIC_LIB     -fvisibility=hidden -fpic  -g -O2 -ffile-prefix-map=/build/reproducible-path/r-base-4.6.1=. -fstack-protector-strong -fstack-clash-protection -Wformat -Werror=format-security -fcf-protection -Wdate-time -D_FORTIFY_SOURCE=2  -c nng/src/supplemental/http/http_msg.c -o nng/src/supplemental/http/http_msg.o
x86_64-linux-gnu-gcc -Inng/src -Inng/include -Imbedtls/include -DNNG_STATIC_LIB -DNNG_SUPP_TLS -DNNG_SUPP_HTTP -DNNG_ENABLE_STATS -DNNG_TLS_ENGINE_INIT=nng_tls_engine_init_mbed -DNNG_TLS_ENGINE_FINI=nng_tls_engine_fini_mbed -DNNG_TRANSPORT_INPROC -DNNG_TRANSPORT_IPC -DNNG_TRANSPORT_TCP -DNNG_TRANSPORT_TLS -DNNG_TRANSPORT_WS -DNNG_TRANSPORT_WSS -DNNG_TRANSPORT_FDC -DNNG_PLATFORM_POSIX -DNNG_PLATFORM_LINUX -DNNG_USE_EVENTFD -DNNG_HAVE_ABSTRACT_SOCKETS -D_GNU_SOURCE -D_REENTRANT -D_THREAD_SAFE -D_POSIX_PTHREAD_SEMANTICS -DNNG_HAVE_STRLCPY=1 -DNNG_HAVE_STRNLEN=1 -DNNG_HAVE_STRCASECMP=1 -DNNG_HAVE_STRNCASECMP=1 -DNNG_HAVE_LOCKF=1 -DNNG_HAVE_FLOCK=1 -DNNG_HAVE_GETRANDOM=1 -DNNG_HAVE_ARC4RANDOM=1 -DNNG_HAVE_CLOCK_GETTIME_LIBC=1 -DNNG_HAVE_CLOCK_GETTIME -DNNG_HAVE_SEMAPHORE_PTHREAD=1 -DNNG_HAVE_PTHREAD_ATFORK_PTHREAD=1 -DNNG_HAVE_PTHREAD_SETNAME_NP=1 -DNNG_HAVE_LIBATOMIC=1 -DNNG_HAVE_UNIX_SOCKETS=1 -DNNG_HAVE_BACKTRACE=1 -DNNG_HAVE_MSG_CONTROL=1 -DNNG_HAVE_EVENTFD=1 -DNNG_HAVE_EPOLL=1 -DNNG_HAVE_EPOLL_CREATE1=1 -DNNG_HAVE_SOPEERCRED=1 -DNNG_HAVE_STDATOMIC=1 -DNNG_HAVE_SOCKETPAIR=1 -I"/usr/share/R/include" -DNDEBUG -Imbedtls/include -Inng/include -DNNG_STATIC_LIB     -fvisibility=hidden -fpic  -g -O2 -ffile-prefix-map=/build/reproducible-path/r-base-4.6.1=. -fstack-protector-strong -fstack-clash-protection -Wformat -Werror=format-security -fcf-protection -Wdate-time -D_FORTIFY_SOURCE=2  -c nng/src/supplemental/http/http_public.c -o nng/src/supplemental/http/http_public.o
x86_64-linux-gnu-gcc -Inng/src -Inng/include -Imbedtls/include -DNNG_STATIC_LIB -DNNG_SUPP_TLS -DNNG_SUPP_HTTP -DNNG_ENABLE_STATS -DNNG_TLS_ENGINE_INIT=nng_tls_engine_init_mbed -DNNG_TLS_ENGINE_FINI=nng_tls_engine_fini_mbed -DNNG_TRANSPORT_INPROC -DNNG_TRANSPORT_IPC -DNNG_TRANSPORT_TCP -DNNG_TRANSPORT_TLS -DNNG_TRANSPORT_WS -DNNG_TRANSPORT_WSS -DNNG_TRANSPORT_FDC -DNNG_PLATFORM_POSIX -DNNG_PLATFORM_LINUX -DNNG_USE_EVENTFD -DNNG_HAVE_ABSTRACT_SOCKETS -D_GNU_SOURCE -D_REENTRANT -D_THREAD_SAFE -D_POSIX_PTHREAD_SEMANTICS -DNNG_HAVE_STRLCPY=1 -DNNG_HAVE_STRNLEN=1 -DNNG_HAVE_STRCASECMP=1 -DNNG_HAVE_STRNCASECMP=1 -DNNG_HAVE_LOCKF=1 -DNNG_HAVE_FLOCK=1 -DNNG_HAVE_GETRANDOM=1 -DNNG_HAVE_ARC4RANDOM=1 -DNNG_HAVE_CLOCK_GETTIME_LIBC=1 -DNNG_HAVE_CLOCK_GETTIME -DNNG_HAVE_SEMAPHORE_PTHREAD=1 -DNNG_HAVE_PTHREAD_ATFORK_PTHREAD=1 -DNNG_HAVE_PTHREAD_SETNAME_NP=1 -DNNG_HAVE_LIBATOMIC=1 -DNNG_HAVE_UNIX_SOCKETS=1 -DNNG_HAVE_BACKTRACE=1 -DNNG_HAVE_MSG_CONTROL=1 -DNNG_HAVE_EVENTFD=1 -DNNG_HAVE_EPOLL=1 -DNNG_HAVE_EPOLL_CREATE1=1 -DNNG_HAVE_SOPEERCRED=1 -DNNG_HAVE_STDATOMIC=1 -DNNG_HAVE_SOCKETPAIR=1 -I"/usr/share/R/include" -DNDEBUG -Imbedtls/include -Inng/include -DNNG_STATIC_LIB     -fvisibility=hidden -fpic  -g -O2 -ffile-prefix-map=/build/reproducible-path/r-base-4.6.1=. -fstack-protector-strong -fstack-clash-protection -Wformat -Werror=format-security -fcf-protection -Wdate-time -D_FORTIFY_SOURCE=2  -c nng/src/supplemental/http/http_schemes.c -o nng/src/supplemental/http/http_schemes.o
x86_64-linux-gnu-gcc -Inng/src -Inng/include -Imbedtls/include -DNNG_STATIC_LIB -DNNG_SUPP_TLS -DNNG_SUPP_HTTP -DNNG_ENABLE_STATS -DNNG_TLS_ENGINE_INIT=nng_tls_engine_init_mbed -DNNG_TLS_ENGINE_FINI=nng_tls_engine_fini_mbed -DNNG_TRANSPORT_INPROC -DNNG_TRANSPORT_IPC -DNNG_TRANSPORT_TCP -DNNG_TRANSPORT_TLS -DNNG_TRANSPORT_WS -DNNG_TRANSPORT_WSS -DNNG_TRANSPORT_FDC -DNNG_PLATFORM_POSIX -DNNG_PLATFORM_LINUX -DNNG_USE_EVENTFD -DNNG_HAVE_ABSTRACT_SOCKETS -D_GNU_SOURCE -D_REENTRANT -D_THREAD_SAFE -D_POSIX_PTHREAD_SEMANTICS -DNNG_HAVE_STRLCPY=1 -DNNG_HAVE_STRNLEN=1 -DNNG_HAVE_STRCASECMP=1 -DNNG_HAVE_STRNCASECMP=1 -DNNG_HAVE_LOCKF=1 -DNNG_HAVE_FLOCK=1 -DNNG_HAVE_GETRANDOM=1 -DNNG_HAVE_ARC4RANDOM=1 -DNNG_HAVE_CLOCK_GETTIME_LIBC=1 -DNNG_HAVE_CLOCK_GETTIME -DNNG_HAVE_SEMAPHORE_PTHREAD=1 -DNNG_HAVE_PTHREAD_ATFORK_PTHREAD=1 -DNNG_HAVE_PTHREAD_SETNAME_NP=1 -DNNG_HAVE_LIBATOMIC=1 -DNNG_HAVE_UNIX_SOCKETS=1 -DNNG_HAVE_BACKTRACE=1 -DNNG_HAVE_MSG_CONTROL=1 -DNNG_HAVE_EVENTFD=1 -DNNG_HAVE_EPOLL=1 -DNNG_HAVE_EPOLL_CREATE1=1 -DNNG_HAVE_SOPEERCRED=1 -DNNG_HAVE_STDATOMIC=1 -DNNG_HAVE_SOCKETPAIR=1 -I"/usr/share/R/include" -DNDEBUG -Imbedtls/include -Inng/include -DNNG_STATIC_LIB     -fvisibility=hidden -fpic  -g -O2 -ffile-prefix-map=/build/reproducible-path/r-base-4.6.1=. -fstack-protector-strong -fstack-clash-protection -Wformat -Werror=format-security -fcf-protection -Wdate-time -D_FORTIFY_SOURCE=2  -c nng/src/supplemental/http/http_server.c -o nng/src/supplemental/http/http_server.o
x86_64-linux-gnu-gcc -Inng/src -Inng/include -Imbedtls/include -DNNG_STATIC_LIB -DNNG_SUPP_TLS -DNNG_SUPP_HTTP -DNNG_ENABLE_STATS -DNNG_TLS_ENGINE_INIT=nng_tls_engine_init_mbed -DNNG_TLS_ENGINE_FINI=nng_tls_engine_fini_mbed -DNNG_TRANSPORT_INPROC -DNNG_TRANSPORT_IPC -DNNG_TRANSPORT_TCP -DNNG_TRANSPORT_TLS -DNNG_TRANSPORT_WS -DNNG_TRANSPORT_WSS -DNNG_TRANSPORT_FDC -DNNG_PLATFORM_POSIX -DNNG_PLATFORM_LINUX -DNNG_USE_EVENTFD -DNNG_HAVE_ABSTRACT_SOCKETS -D_GNU_SOURCE -D_REENTRANT -D_THREAD_SAFE -D_POSIX_PTHREAD_SEMANTICS -DNNG_HAVE_STRLCPY=1 -DNNG_HAVE_STRNLEN=1 -DNNG_HAVE_STRCASECMP=1 -DNNG_HAVE_STRNCASECMP=1 -DNNG_HAVE_LOCKF=1 -DNNG_HAVE_FLOCK=1 -DNNG_HAVE_GETRANDOM=1 -DNNG_HAVE_ARC4RANDOM=1 -DNNG_HAVE_CLOCK_GETTIME_LIBC=1 -DNNG_HAVE_CLOCK_GETTIME -DNNG_HAVE_SEMAPHORE_PTHREAD=1 -DNNG_HAVE_PTHREAD_ATFORK_PTHREAD=1 -DNNG_HAVE_PTHREAD_SETNAME_NP=1 -DNNG_HAVE_LIBATOMIC=1 -DNNG_HAVE_UNIX_SOCKETS=1 -DNNG_HAVE_BACKTRACE=1 -DNNG_HAVE_MSG_CONTROL=1 -DNNG_HAVE_EVENTFD=1 -DNNG_HAVE_EPOLL=1 -DNNG_HAVE_EPOLL_CREATE1=1 -DNNG_HAVE_SOPEERCRED=1 -DNNG_HAVE_STDATOMIC=1 -DNNG_HAVE_SOCKETPAIR=1 -I"/usr/share/R/include" -DNDEBUG -Imbedtls/include -Inng/include -DNNG_STATIC_LIB     -fvisibility=hidden -fpic  -g -O2 -ffile-prefix-map=/build/reproducible-path/r-base-4.6.1=. -fstack-protector-strong -fstack-clash-protection -Wformat -Werror=format-security -fcf-protection -Wdate-time -D_FORTIFY_SOURCE=2  -c nng/src/supplemental/sha1/sha1.c -o nng/src/supplemental/sha1/sha1.o
x86_64-linux-gnu-gcc -Inng/src -Inng/include -Imbedtls/include -DNNG_STATIC_LIB -DNNG_SUPP_TLS -DNNG_SUPP_HTTP -DNNG_ENABLE_STATS -DNNG_TLS_ENGINE_INIT=nng_tls_engine_init_mbed -DNNG_TLS_ENGINE_FINI=nng_tls_engine_fini_mbed -DNNG_TRANSPORT_INPROC -DNNG_TRANSPORT_IPC -DNNG_TRANSPORT_TCP -DNNG_TRANSPORT_TLS -DNNG_TRANSPORT_WS -DNNG_TRANSPORT_WSS -DNNG_TRANSPORT_FDC -DNNG_PLATFORM_POSIX -DNNG_PLATFORM_LINUX -DNNG_USE_EVENTFD -DNNG_HAVE_ABSTRACT_SOCKETS -D_GNU_SOURCE -D_REENTRANT -D_THREAD_SAFE -D_POSIX_PTHREAD_SEMANTICS -DNNG_HAVE_STRLCPY=1 -DNNG_HAVE_STRNLEN=1 -DNNG_HAVE_STRCASECMP=1 -DNNG_HAVE_STRNCASECMP=1 -DNNG_HAVE_LOCKF=1 -DNNG_HAVE_FLOCK=1 -DNNG_HAVE_GETRANDOM=1 -DNNG_HAVE_ARC4RANDOM=1 -DNNG_HAVE_CLOCK_GETTIME_LIBC=1 -DNNG_HAVE_CLOCK_GETTIME -DNNG_HAVE_SEMAPHORE_PTHREAD=1 -DNNG_HAVE_PTHREAD_ATFORK_PTHREAD=1 -DNNG_HAVE_PTHREAD_SETNAME_NP=1 -DNNG_HAVE_LIBATOMIC=1 -DNNG_HAVE_UNIX_SOCKETS=1 -DNNG_HAVE_BACKTRACE=1 -DNNG_HAVE_MSG_CONTROL=1 -DNNG_HAVE_EVENTFD=1 -DNNG_HAVE_EPOLL=1 -DNNG_HAVE_EPOLL_CREATE1=1 -DNNG_HAVE_SOPEERCRED=1 -DNNG_HAVE_STDATOMIC=1 -DNNG_HAVE_SOCKETPAIR=1 -I"/usr/share/R/include" -DNDEBUG -Imbedtls/include -Inng/include -DNNG_STATIC_LIB     -fvisibility=hidden -fpic  -g -O2 -ffile-prefix-map=/build/reproducible-path/r-base-4.6.1=. -fstack-protector-strong -fstack-clash-protection -Wformat -Werror=format-security -fcf-protection -Wdate-time -D_FORTIFY_SOURCE=2  -c nng/src/supplemental/tls/mbedtls/tls.c -o nng/src/supplemental/tls/mbedtls/tls.o
x86_64-linux-gnu-gcc -Inng/src -Inng/include -Imbedtls/include -DNNG_STATIC_LIB -DNNG_SUPP_TLS -DNNG_SUPP_HTTP -DNNG_ENABLE_STATS -DNNG_TLS_ENGINE_INIT=nng_tls_engine_init_mbed -DNNG_TLS_ENGINE_FINI=nng_tls_engine_fini_mbed -DNNG_TRANSPORT_INPROC -DNNG_TRANSPORT_IPC -DNNG_TRANSPORT_TCP -DNNG_TRANSPORT_TLS -DNNG_TRANSPORT_WS -DNNG_TRANSPORT_WSS -DNNG_TRANSPORT_FDC -DNNG_PLATFORM_POSIX -DNNG_PLATFORM_LINUX -DNNG_USE_EVENTFD -DNNG_HAVE_ABSTRACT_SOCKETS -D_GNU_SOURCE -D_REENTRANT -D_THREAD_SAFE -D_POSIX_PTHREAD_SEMANTICS -DNNG_HAVE_STRLCPY=1 -DNNG_HAVE_STRNLEN=1 -DNNG_HAVE_STRCASECMP=1 -DNNG_HAVE_STRNCASECMP=1 -DNNG_HAVE_LOCKF=1 -DNNG_HAVE_FLOCK=1 -DNNG_HAVE_GETRANDOM=1 -DNNG_HAVE_ARC4RANDOM=1 -DNNG_HAVE_CLOCK_GETTIME_LIBC=1 -DNNG_HAVE_CLOCK_GETTIME -DNNG_HAVE_SEMAPHORE_PTHREAD=1 -DNNG_HAVE_PTHREAD_ATFORK_PTHREAD=1 -DNNG_HAVE_PTHREAD_SETNAME_NP=1 -DNNG_HAVE_LIBATOMIC=1 -DNNG_HAVE_UNIX_SOCKETS=1 -DNNG_HAVE_BACKTRACE=1 -DNNG_HAVE_MSG_CONTROL=1 -DNNG_HAVE_EVENTFD=1 -DNNG_HAVE_EPOLL=1 -DNNG_HAVE_EPOLL_CREATE1=1 -DNNG_HAVE_SOPEERCRED=1 -DNNG_HAVE_STDATOMIC=1 -DNNG_HAVE_SOCKETPAIR=1 -I"/usr/share/R/include" -DNDEBUG -Imbedtls/include -Inng/include -DNNG_STATIC_LIB     -fvisibility=hidden -fpic  -g -O2 -ffile-prefix-map=/build/reproducible-path/r-base-4.6.1=. -fstack-protector-strong -fstack-clash-protection -Wformat -Werror=format-security -fcf-protection -Wdate-time -D_FORTIFY_SOURCE=2  -c nng/src/supplemental/tls/tls_common.c -o nng/src/supplemental/tls/tls_common.o
x86_64-linux-gnu-gcc -Inng/src -Inng/include -Imbedtls/include -DNNG_STATIC_LIB -DNNG_SUPP_TLS -DNNG_SUPP_HTTP -DNNG_ENABLE_STATS -DNNG_TLS_ENGINE_INIT=nng_tls_engine_init_mbed -DNNG_TLS_ENGINE_FINI=nng_tls_engine_fini_mbed -DNNG_TRANSPORT_INPROC -DNNG_TRANSPORT_IPC -DNNG_TRANSPORT_TCP -DNNG_TRANSPORT_TLS -DNNG_TRANSPORT_WS -DNNG_TRANSPORT_WSS -DNNG_TRANSPORT_FDC -DNNG_PLATFORM_POSIX -DNNG_PLATFORM_LINUX -DNNG_USE_EVENTFD -DNNG_HAVE_ABSTRACT_SOCKETS -D_GNU_SOURCE -D_REENTRANT -D_THREAD_SAFE -D_POSIX_PTHREAD_SEMANTICS -DNNG_HAVE_STRLCPY=1 -DNNG_HAVE_STRNLEN=1 -DNNG_HAVE_STRCASECMP=1 -DNNG_HAVE_STRNCASECMP=1 -DNNG_HAVE_LOCKF=1 -DNNG_HAVE_FLOCK=1 -DNNG_HAVE_GETRANDOM=1 -DNNG_HAVE_ARC4RANDOM=1 -DNNG_HAVE_CLOCK_GETTIME_LIBC=1 -DNNG_HAVE_CLOCK_GETTIME -DNNG_HAVE_SEMAPHORE_PTHREAD=1 -DNNG_HAVE_PTHREAD_ATFORK_PTHREAD=1 -DNNG_HAVE_PTHREAD_SETNAME_NP=1 -DNNG_HAVE_LIBATOMIC=1 -DNNG_HAVE_UNIX_SOCKETS=1 -DNNG_HAVE_BACKTRACE=1 -DNNG_HAVE_MSG_CONTROL=1 -DNNG_HAVE_EVENTFD=1 -DNNG_HAVE_EPOLL=1 -DNNG_HAVE_EPOLL_CREATE1=1 -DNNG_HAVE_SOPEERCRED=1 -DNNG_HAVE_STDATOMIC=1 -DNNG_HAVE_SOCKETPAIR=1 -I"/usr/share/R/include" -DNDEBUG -Imbedtls/include -Inng/include -DNNG_STATIC_LIB     -fvisibility=hidden -fpic  -g -O2 -ffile-prefix-map=/build/reproducible-path/r-base-4.6.1=. -fstack-protector-strong -fstack-clash-protection -Wformat -Werror=format-security -fcf-protection -Wdate-time -D_FORTIFY_SOURCE=2  -c nng/src/supplemental/websocket/websocket.c -o nng/src/supplemental/websocket/websocket.o
x86_64-linux-gnu-gcc -Inng/src -Inng/include -Imbedtls/include -DNNG_STATIC_LIB -DNNG_SUPP_TLS -DNNG_SUPP_HTTP -DNNG_ENABLE_STATS -DNNG_TLS_ENGINE_INIT=nng_tls_engine_init_mbed -DNNG_TLS_ENGINE_FINI=nng_tls_engine_fini_mbed -DNNG_TRANSPORT_INPROC -DNNG_TRANSPORT_IPC -DNNG_TRANSPORT_TCP -DNNG_TRANSPORT_TLS -DNNG_TRANSPORT_WS -DNNG_TRANSPORT_WSS -DNNG_TRANSPORT_FDC -DNNG_PLATFORM_POSIX -DNNG_PLATFORM_LINUX -DNNG_USE_EVENTFD -DNNG_HAVE_ABSTRACT_SOCKETS -D_GNU_SOURCE -D_REENTRANT -D_THREAD_SAFE -D_POSIX_PTHREAD_SEMANTICS -DNNG_HAVE_STRLCPY=1 -DNNG_HAVE_STRNLEN=1 -DNNG_HAVE_STRCASECMP=1 -DNNG_HAVE_STRNCASECMP=1 -DNNG_HAVE_LOCKF=1 -DNNG_HAVE_FLOCK=1 -DNNG_HAVE_GETRANDOM=1 -DNNG_HAVE_ARC4RANDOM=1 -DNNG_HAVE_CLOCK_GETTIME_LIBC=1 -DNNG_HAVE_CLOCK_GETTIME -DNNG_HAVE_SEMAPHORE_PTHREAD=1 -DNNG_HAVE_PTHREAD_ATFORK_PTHREAD=1 -DNNG_HAVE_PTHREAD_SETNAME_NP=1 -DNNG_HAVE_LIBATOMIC=1 -DNNG_HAVE_UNIX_SOCKETS=1 -DNNG_HAVE_BACKTRACE=1 -DNNG_HAVE_MSG_CONTROL=1 -DNNG_HAVE_EVENTFD=1 -DNNG_HAVE_EPOLL=1 -DNNG_HAVE_EPOLL_CREATE1=1 -DNNG_HAVE_SOPEERCRED=1 -DNNG_HAVE_STDATOMIC=1 -DNNG_HAVE_SOCKETPAIR=1 -I"/usr/share/R/include" -DNDEBUG -Imbedtls/include -Inng/include -DNNG_STATIC_LIB     -fvisibility=hidden -fpic  -g -O2 -ffile-prefix-map=/build/reproducible-path/r-base-4.6.1=. -fstack-protector-strong -fstack-clash-protection -Wformat -Werror=format-security -fcf-protection -Wdate-time -D_FORTIFY_SOURCE=2  -c nng/src/platform/posix/posix_alloc.c -o nng/src/platform/posix/posix_alloc.o
x86_64-linux-gnu-gcc -Inng/src -Inng/include -Imbedtls/include -DNNG_STATIC_LIB -DNNG_SUPP_TLS -DNNG_SUPP_HTTP -DNNG_ENABLE_STATS -DNNG_TLS_ENGINE_INIT=nng_tls_engine_init_mbed -DNNG_TLS_ENGINE_FINI=nng_tls_engine_fini_mbed -DNNG_TRANSPORT_INPROC -DNNG_TRANSPORT_IPC -DNNG_TRANSPORT_TCP -DNNG_TRANSPORT_TLS -DNNG_TRANSPORT_WS -DNNG_TRANSPORT_WSS -DNNG_TRANSPORT_FDC -DNNG_PLATFORM_POSIX -DNNG_PLATFORM_LINUX -DNNG_USE_EVENTFD -DNNG_HAVE_ABSTRACT_SOCKETS -D_GNU_SOURCE -D_REENTRANT -D_THREAD_SAFE -D_POSIX_PTHREAD_SEMANTICS -DNNG_HAVE_STRLCPY=1 -DNNG_HAVE_STRNLEN=1 -DNNG_HAVE_STRCASECMP=1 -DNNG_HAVE_STRNCASECMP=1 -DNNG_HAVE_LOCKF=1 -DNNG_HAVE_FLOCK=1 -DNNG_HAVE_GETRANDOM=1 -DNNG_HAVE_ARC4RANDOM=1 -DNNG_HAVE_CLOCK_GETTIME_LIBC=1 -DNNG_HAVE_CLOCK_GETTIME -DNNG_HAVE_SEMAPHORE_PTHREAD=1 -DNNG_HAVE_PTHREAD_ATFORK_PTHREAD=1 -DNNG_HAVE_PTHREAD_SETNAME_NP=1 -DNNG_HAVE_LIBATOMIC=1 -DNNG_HAVE_UNIX_SOCKETS=1 -DNNG_HAVE_BACKTRACE=1 -DNNG_HAVE_MSG_CONTROL=1 -DNNG_HAVE_EVENTFD=1 -DNNG_HAVE_EPOLL=1 -DNNG_HAVE_EPOLL_CREATE1=1 -DNNG_HAVE_SOPEERCRED=1 -DNNG_HAVE_STDATOMIC=1 -DNNG_HAVE_SOCKETPAIR=1 -I"/usr/share/R/include" -DNDEBUG -Imbedtls/include -Inng/include -DNNG_STATIC_LIB     -fvisibility=hidden -fpic  -g -O2 -ffile-prefix-map=/build/reproducible-path/r-base-4.6.1=. -fstack-protector-strong -fstack-clash-protection -Wformat -Werror=format-security -fcf-protection -Wdate-time -D_FORTIFY_SOURCE=2  -c nng/src/platform/posix/posix_atomic.c -o nng/src/platform/posix/posix_atomic.o
x86_64-linux-gnu-gcc -Inng/src -Inng/include -Imbedtls/include -DNNG_STATIC_LIB -DNNG_SUPP_TLS -DNNG_SUPP_HTTP -DNNG_ENABLE_STATS -DNNG_TLS_ENGINE_INIT=nng_tls_engine_init_mbed -DNNG_TLS_ENGINE_FINI=nng_tls_engine_fini_mbed -DNNG_TRANSPORT_INPROC -DNNG_TRANSPORT_IPC -DNNG_TRANSPORT_TCP -DNNG_TRANSPORT_TLS -DNNG_TRANSPORT_WS -DNNG_TRANSPORT_WSS -DNNG_TRANSPORT_FDC -DNNG_PLATFORM_POSIX -DNNG_PLATFORM_LINUX -DNNG_USE_EVENTFD -DNNG_HAVE_ABSTRACT_SOCKETS -D_GNU_SOURCE -D_REENTRANT -D_THREAD_SAFE -D_POSIX_PTHREAD_SEMANTICS -DNNG_HAVE_STRLCPY=1 -DNNG_HAVE_STRNLEN=1 -DNNG_HAVE_STRCASECMP=1 -DNNG_HAVE_STRNCASECMP=1 -DNNG_HAVE_LOCKF=1 -DNNG_HAVE_FLOCK=1 -DNNG_HAVE_GETRANDOM=1 -DNNG_HAVE_ARC4RANDOM=1 -DNNG_HAVE_CLOCK_GETTIME_LIBC=1 -DNNG_HAVE_CLOCK_GETTIME -DNNG_HAVE_SEMAPHORE_PTHREAD=1 -DNNG_HAVE_PTHREAD_ATFORK_PTHREAD=1 -DNNG_HAVE_PTHREAD_SETNAME_NP=1 -DNNG_HAVE_LIBATOMIC=1 -DNNG_HAVE_UNIX_SOCKETS=1 -DNNG_HAVE_BACKTRACE=1 -DNNG_HAVE_MSG_CONTROL=1 -DNNG_HAVE_EVENTFD=1 -DNNG_HAVE_EPOLL=1 -DNNG_HAVE_EPOLL_CREATE1=1 -DNNG_HAVE_SOPEERCRED=1 -DNNG_HAVE_STDATOMIC=1 -DNNG_HAVE_SOCKETPAIR=1 -I"/usr/share/R/include" -DNDEBUG -Imbedtls/include -Inng/include -DNNG_STATIC_LIB     -fvisibility=hidden -fpic  -g -O2 -ffile-prefix-map=/build/reproducible-path/r-base-4.6.1=. -fstack-protector-strong -fstack-clash-protection -Wformat -Werror=format-security -fcf-protection -Wdate-time -D_FORTIFY_SOURCE=2  -c nng/src/platform/posix/posix_clock.c -o nng/src/platform/posix/posix_clock.o
x86_64-linux-gnu-gcc -Inng/src -Inng/include -Imbedtls/include -DNNG_STATIC_LIB -DNNG_SUPP_TLS -DNNG_SUPP_HTTP -DNNG_ENABLE_STATS -DNNG_TLS_ENGINE_INIT=nng_tls_engine_init_mbed -DNNG_TLS_ENGINE_FINI=nng_tls_engine_fini_mbed -DNNG_TRANSPORT_INPROC -DNNG_TRANSPORT_IPC -DNNG_TRANSPORT_TCP -DNNG_TRANSPORT_TLS -DNNG_TRANSPORT_WS -DNNG_TRANSPORT_WSS -DNNG_TRANSPORT_FDC -DNNG_PLATFORM_POSIX -DNNG_PLATFORM_LINUX -DNNG_USE_EVENTFD -DNNG_HAVE_ABSTRACT_SOCKETS -D_GNU_SOURCE -D_REENTRANT -D_THREAD_SAFE -D_POSIX_PTHREAD_SEMANTICS -DNNG_HAVE_STRLCPY=1 -DNNG_HAVE_STRNLEN=1 -DNNG_HAVE_STRCASECMP=1 -DNNG_HAVE_STRNCASECMP=1 -DNNG_HAVE_LOCKF=1 -DNNG_HAVE_FLOCK=1 -DNNG_HAVE_GETRANDOM=1 -DNNG_HAVE_ARC4RANDOM=1 -DNNG_HAVE_CLOCK_GETTIME_LIBC=1 -DNNG_HAVE_CLOCK_GETTIME -DNNG_HAVE_SEMAPHORE_PTHREAD=1 -DNNG_HAVE_PTHREAD_ATFORK_PTHREAD=1 -DNNG_HAVE_PTHREAD_SETNAME_NP=1 -DNNG_HAVE_LIBATOMIC=1 -DNNG_HAVE_UNIX_SOCKETS=1 -DNNG_HAVE_BACKTRACE=1 -DNNG_HAVE_MSG_CONTROL=1 -DNNG_HAVE_EVENTFD=1 -DNNG_HAVE_EPOLL=1 -DNNG_HAVE_EPOLL_CREATE1=1 -DNNG_HAVE_SOPEERCRED=1 -DNNG_HAVE_STDATOMIC=1 -DNNG_HAVE_SOCKETPAIR=1 -I"/usr/share/R/include" -DNDEBUG -Imbedtls/include -Inng/include -DNNG_STATIC_LIB     -fvisibility=hidden -fpic  -g -O2 -ffile-prefix-map=/build/reproducible-path/r-base-4.6.1=. -fstack-protector-strong -fstack-clash-protection -Wformat -Werror=format-security -fcf-protection -Wdate-time -D_FORTIFY_SOURCE=2  -c nng/src/platform/posix/posix_debug.c -o nng/src/platform/posix/posix_debug.o
x86_64-linux-gnu-gcc -Inng/src -Inng/include -Imbedtls/include -DNNG_STATIC_LIB -DNNG_SUPP_TLS -DNNG_SUPP_HTTP -DNNG_ENABLE_STATS -DNNG_TLS_ENGINE_INIT=nng_tls_engine_init_mbed -DNNG_TLS_ENGINE_FINI=nng_tls_engine_fini_mbed -DNNG_TRANSPORT_INPROC -DNNG_TRANSPORT_IPC -DNNG_TRANSPORT_TCP -DNNG_TRANSPORT_TLS -DNNG_TRANSPORT_WS -DNNG_TRANSPORT_WSS -DNNG_TRANSPORT_FDC -DNNG_PLATFORM_POSIX -DNNG_PLATFORM_LINUX -DNNG_USE_EVENTFD -DNNG_HAVE_ABSTRACT_SOCKETS -D_GNU_SOURCE -D_REENTRANT -D_THREAD_SAFE -D_POSIX_PTHREAD_SEMANTICS -DNNG_HAVE_STRLCPY=1 -DNNG_HAVE_STRNLEN=1 -DNNG_HAVE_STRCASECMP=1 -DNNG_HAVE_STRNCASECMP=1 -DNNG_HAVE_LOCKF=1 -DNNG_HAVE_FLOCK=1 -DNNG_HAVE_GETRANDOM=1 -DNNG_HAVE_ARC4RANDOM=1 -DNNG_HAVE_CLOCK_GETTIME_LIBC=1 -DNNG_HAVE_CLOCK_GETTIME -DNNG_HAVE_SEMAPHORE_PTHREAD=1 -DNNG_HAVE_PTHREAD_ATFORK_PTHREAD=1 -DNNG_HAVE_PTHREAD_SETNAME_NP=1 -DNNG_HAVE_LIBATOMIC=1 -DNNG_HAVE_UNIX_SOCKETS=1 -DNNG_HAVE_BACKTRACE=1 -DNNG_HAVE_MSG_CONTROL=1 -DNNG_HAVE_EVENTFD=1 -DNNG_HAVE_EPOLL=1 -DNNG_HAVE_EPOLL_CREATE1=1 -DNNG_HAVE_SOPEERCRED=1 -DNNG_HAVE_STDATOMIC=1 -DNNG_HAVE_SOCKETPAIR=1 -I"/usr/share/R/include" -DNDEBUG -Imbedtls/include -Inng/include -DNNG_STATIC_LIB     -fvisibility=hidden -fpic  -g -O2 -ffile-prefix-map=/build/reproducible-path/r-base-4.6.1=. -fstack-protector-strong -fstack-clash-protection -Wformat -Werror=format-security -fcf-protection -Wdate-time -D_FORTIFY_SOURCE=2  -c nng/src/platform/posix/posix_file.c -o nng/src/platform/posix/posix_file.o
x86_64-linux-gnu-gcc -Inng/src -Inng/include -Imbedtls/include -DNNG_STATIC_LIB -DNNG_SUPP_TLS -DNNG_SUPP_HTTP -DNNG_ENABLE_STATS -DNNG_TLS_ENGINE_INIT=nng_tls_engine_init_mbed -DNNG_TLS_ENGINE_FINI=nng_tls_engine_fini_mbed -DNNG_TRANSPORT_INPROC -DNNG_TRANSPORT_IPC -DNNG_TRANSPORT_TCP -DNNG_TRANSPORT_TLS -DNNG_TRANSPORT_WS -DNNG_TRANSPORT_WSS -DNNG_TRANSPORT_FDC -DNNG_PLATFORM_POSIX -DNNG_PLATFORM_LINUX -DNNG_USE_EVENTFD -DNNG_HAVE_ABSTRACT_SOCKETS -D_GNU_SOURCE -D_REENTRANT -D_THREAD_SAFE -D_POSIX_PTHREAD_SEMANTICS -DNNG_HAVE_STRLCPY=1 -DNNG_HAVE_STRNLEN=1 -DNNG_HAVE_STRCASECMP=1 -DNNG_HAVE_STRNCASECMP=1 -DNNG_HAVE_LOCKF=1 -DNNG_HAVE_FLOCK=1 -DNNG_HAVE_GETRANDOM=1 -DNNG_HAVE_ARC4RANDOM=1 -DNNG_HAVE_CLOCK_GETTIME_LIBC=1 -DNNG_HAVE_CLOCK_GETTIME -DNNG_HAVE_SEMAPHORE_PTHREAD=1 -DNNG_HAVE_PTHREAD_ATFORK_PTHREAD=1 -DNNG_HAVE_PTHREAD_SETNAME_NP=1 -DNNG_HAVE_LIBATOMIC=1 -DNNG_HAVE_UNIX_SOCKETS=1 -DNNG_HAVE_BACKTRACE=1 -DNNG_HAVE_MSG_CONTROL=1 -DNNG_HAVE_EVENTFD=1 -DNNG_HAVE_EPOLL=1 -DNNG_HAVE_EPOLL_CREATE1=1 -DNNG_HAVE_SOPEERCRED=1 -DNNG_HAVE_STDATOMIC=1 -DNNG_HAVE_SOCKETPAIR=1 -I"/usr/share/R/include" -DNDEBUG -Imbedtls/include -Inng/include -DNNG_STATIC_LIB     -fvisibility=hidden -fpic  -g -O2 -ffile-prefix-map=/build/reproducible-path/r-base-4.6.1=. -fstack-protector-strong -fstack-clash-protection -Wformat -Werror=format-security -fcf-protection -Wdate-time -D_FORTIFY_SOURCE=2  -c nng/src/platform/posix/posix_ipcconn.c -o nng/src/platform/posix/posix_ipcconn.o
x86_64-linux-gnu-gcc -Inng/src -Inng/include -Imbedtls/include -DNNG_STATIC_LIB -DNNG_SUPP_TLS -DNNG_SUPP_HTTP -DNNG_ENABLE_STATS -DNNG_TLS_ENGINE_INIT=nng_tls_engine_init_mbed -DNNG_TLS_ENGINE_FINI=nng_tls_engine_fini_mbed -DNNG_TRANSPORT_INPROC -DNNG_TRANSPORT_IPC -DNNG_TRANSPORT_TCP -DNNG_TRANSPORT_TLS -DNNG_TRANSPORT_WS -DNNG_TRANSPORT_WSS -DNNG_TRANSPORT_FDC -DNNG_PLATFORM_POSIX -DNNG_PLATFORM_LINUX -DNNG_USE_EVENTFD -DNNG_HAVE_ABSTRACT_SOCKETS -D_GNU_SOURCE -D_REENTRANT -D_THREAD_SAFE -D_POSIX_PTHREAD_SEMANTICS -DNNG_HAVE_STRLCPY=1 -DNNG_HAVE_STRNLEN=1 -DNNG_HAVE_STRCASECMP=1 -DNNG_HAVE_STRNCASECMP=1 -DNNG_HAVE_LOCKF=1 -DNNG_HAVE_FLOCK=1 -DNNG_HAVE_GETRANDOM=1 -DNNG_HAVE_ARC4RANDOM=1 -DNNG_HAVE_CLOCK_GETTIME_LIBC=1 -DNNG_HAVE_CLOCK_GETTIME -DNNG_HAVE_SEMAPHORE_PTHREAD=1 -DNNG_HAVE_PTHREAD_ATFORK_PTHREAD=1 -DNNG_HAVE_PTHREAD_SETNAME_NP=1 -DNNG_HAVE_LIBATOMIC=1 -DNNG_HAVE_UNIX_SOCKETS=1 -DNNG_HAVE_BACKTRACE=1 -DNNG_HAVE_MSG_CONTROL=1 -DNNG_HAVE_EVENTFD=1 -DNNG_HAVE_EPOLL=1 -DNNG_HAVE_EPOLL_CREATE1=1 -DNNG_HAVE_SOPEERCRED=1 -DNNG_HAVE_STDATOMIC=1 -DNNG_HAVE_SOCKETPAIR=1 -I"/usr/share/R/include" -DNDEBUG -Imbedtls/include -Inng/include -DNNG_STATIC_LIB     -fvisibility=hidden -fpic  -g -O2 -ffile-prefix-map=/build/reproducible-path/r-base-4.6.1=. -fstack-protector-strong -fstack-clash-protection -Wformat -Werror=format-security -fcf-protection -Wdate-time -D_FORTIFY_SOURCE=2  -c nng/src/platform/posix/posix_ipcdial.c -o nng/src/platform/posix/posix_ipcdial.o
x86_64-linux-gnu-gcc -Inng/src -Inng/include -Imbedtls/include -DNNG_STATIC_LIB -DNNG_SUPP_TLS -DNNG_SUPP_HTTP -DNNG_ENABLE_STATS -DNNG_TLS_ENGINE_INIT=nng_tls_engine_init_mbed -DNNG_TLS_ENGINE_FINI=nng_tls_engine_fini_mbed -DNNG_TRANSPORT_INPROC -DNNG_TRANSPORT_IPC -DNNG_TRANSPORT_TCP -DNNG_TRANSPORT_TLS -DNNG_TRANSPORT_WS -DNNG_TRANSPORT_WSS -DNNG_TRANSPORT_FDC -DNNG_PLATFORM_POSIX -DNNG_PLATFORM_LINUX -DNNG_USE_EVENTFD -DNNG_HAVE_ABSTRACT_SOCKETS -D_GNU_SOURCE -D_REENTRANT -D_THREAD_SAFE -D_POSIX_PTHREAD_SEMANTICS -DNNG_HAVE_STRLCPY=1 -DNNG_HAVE_STRNLEN=1 -DNNG_HAVE_STRCASECMP=1 -DNNG_HAVE_STRNCASECMP=1 -DNNG_HAVE_LOCKF=1 -DNNG_HAVE_FLOCK=1 -DNNG_HAVE_GETRANDOM=1 -DNNG_HAVE_ARC4RANDOM=1 -DNNG_HAVE_CLOCK_GETTIME_LIBC=1 -DNNG_HAVE_CLOCK_GETTIME -DNNG_HAVE_SEMAPHORE_PTHREAD=1 -DNNG_HAVE_PTHREAD_ATFORK_PTHREAD=1 -DNNG_HAVE_PTHREAD_SETNAME_NP=1 -DNNG_HAVE_LIBATOMIC=1 -DNNG_HAVE_UNIX_SOCKETS=1 -DNNG_HAVE_BACKTRACE=1 -DNNG_HAVE_MSG_CONTROL=1 -DNNG_HAVE_EVENTFD=1 -DNNG_HAVE_EPOLL=1 -DNNG_HAVE_EPOLL_CREATE1=1 -DNNG_HAVE_SOPEERCRED=1 -DNNG_HAVE_STDATOMIC=1 -DNNG_HAVE_SOCKETPAIR=1 -I"/usr/share/R/include" -DNDEBUG -Imbedtls/include -Inng/include -DNNG_STATIC_LIB     -fvisibility=hidden -fpic  -g -O2 -ffile-prefix-map=/build/reproducible-path/r-base-4.6.1=. -fstack-protector-strong -fstack-clash-protection -Wformat -Werror=format-security -fcf-protection -Wdate-time -D_FORTIFY_SOURCE=2  -c nng/src/platform/posix/posix_ipclisten.c -o nng/src/platform/posix/posix_ipclisten.o
x86_64-linux-gnu-gcc -Inng/src -Inng/include -Imbedtls/include -DNNG_STATIC_LIB -DNNG_SUPP_TLS -DNNG_SUPP_HTTP -DNNG_ENABLE_STATS -DNNG_TLS_ENGINE_INIT=nng_tls_engine_init_mbed -DNNG_TLS_ENGINE_FINI=nng_tls_engine_fini_mbed -DNNG_TRANSPORT_INPROC -DNNG_TRANSPORT_IPC -DNNG_TRANSPORT_TCP -DNNG_TRANSPORT_TLS -DNNG_TRANSPORT_WS -DNNG_TRANSPORT_WSS -DNNG_TRANSPORT_FDC -DNNG_PLATFORM_POSIX -DNNG_PLATFORM_LINUX -DNNG_USE_EVENTFD -DNNG_HAVE_ABSTRACT_SOCKETS -D_GNU_SOURCE -D_REENTRANT -D_THREAD_SAFE -D_POSIX_PTHREAD_SEMANTICS -DNNG_HAVE_STRLCPY=1 -DNNG_HAVE_STRNLEN=1 -DNNG_HAVE_STRCASECMP=1 -DNNG_HAVE_STRNCASECMP=1 -DNNG_HAVE_LOCKF=1 -DNNG_HAVE_FLOCK=1 -DNNG_HAVE_GETRANDOM=1 -DNNG_HAVE_ARC4RANDOM=1 -DNNG_HAVE_CLOCK_GETTIME_LIBC=1 -DNNG_HAVE_CLOCK_GETTIME -DNNG_HAVE_SEMAPHORE_PTHREAD=1 -DNNG_HAVE_PTHREAD_ATFORK_PTHREAD=1 -DNNG_HAVE_PTHREAD_SETNAME_NP=1 -DNNG_HAVE_LIBATOMIC=1 -DNNG_HAVE_UNIX_SOCKETS=1 -DNNG_HAVE_BACKTRACE=1 -DNNG_HAVE_MSG_CONTROL=1 -DNNG_HAVE_EVENTFD=1 -DNNG_HAVE_EPOLL=1 -DNNG_HAVE_EPOLL_CREATE1=1 -DNNG_HAVE_SOPEERCRED=1 -DNNG_HAVE_STDATOMIC=1 -DNNG_HAVE_SOCKETPAIR=1 -I"/usr/share/R/include" -DNDEBUG -Imbedtls/include -Inng/include -DNNG_STATIC_LIB     -fvisibility=hidden -fpic  -g -O2 -ffile-prefix-map=/build/reproducible-path/r-base-4.6.1=. -fstack-protector-strong -fstack-clash-protection -Wformat -Werror=format-security -fcf-protection -Wdate-time -D_FORTIFY_SOURCE=2  -c nng/src/platform/posix/posix_peerid.c -o nng/src/platform/posix/posix_peerid.o
x86_64-linux-gnu-gcc -Inng/src -Inng/include -Imbedtls/include -DNNG_STATIC_LIB -DNNG_SUPP_TLS -DNNG_SUPP_HTTP -DNNG_ENABLE_STATS -DNNG_TLS_ENGINE_INIT=nng_tls_engine_init_mbed -DNNG_TLS_ENGINE_FINI=nng_tls_engine_fini_mbed -DNNG_TRANSPORT_INPROC -DNNG_TRANSPORT_IPC -DNNG_TRANSPORT_TCP -DNNG_TRANSPORT_TLS -DNNG_TRANSPORT_WS -DNNG_TRANSPORT_WSS -DNNG_TRANSPORT_FDC -DNNG_PLATFORM_POSIX -DNNG_PLATFORM_LINUX -DNNG_USE_EVENTFD -DNNG_HAVE_ABSTRACT_SOCKETS -D_GNU_SOURCE -D_REENTRANT -D_THREAD_SAFE -D_POSIX_PTHREAD_SEMANTICS -DNNG_HAVE_STRLCPY=1 -DNNG_HAVE_STRNLEN=1 -DNNG_HAVE_STRCASECMP=1 -DNNG_HAVE_STRNCASECMP=1 -DNNG_HAVE_LOCKF=1 -DNNG_HAVE_FLOCK=1 -DNNG_HAVE_GETRANDOM=1 -DNNG_HAVE_ARC4RANDOM=1 -DNNG_HAVE_CLOCK_GETTIME_LIBC=1 -DNNG_HAVE_CLOCK_GETTIME -DNNG_HAVE_SEMAPHORE_PTHREAD=1 -DNNG_HAVE_PTHREAD_ATFORK_PTHREAD=1 -DNNG_HAVE_PTHREAD_SETNAME_NP=1 -DNNG_HAVE_LIBATOMIC=1 -DNNG_HAVE_UNIX_SOCKETS=1 -DNNG_HAVE_BACKTRACE=1 -DNNG_HAVE_MSG_CONTROL=1 -DNNG_HAVE_EVENTFD=1 -DNNG_HAVE_EPOLL=1 -DNNG_HAVE_EPOLL_CREATE1=1 -DNNG_HAVE_SOPEERCRED=1 -DNNG_HAVE_STDATOMIC=1 -DNNG_HAVE_SOCKETPAIR=1 -I"/usr/share/R/include" -DNDEBUG -Imbedtls/include -Inng/include -DNNG_STATIC_LIB     -fvisibility=hidden -fpic  -g -O2 -ffile-prefix-map=/build/reproducible-path/r-base-4.6.1=. -fstack-protector-strong -fstack-clash-protection -Wformat -Werror=format-security -fcf-protection -Wdate-time -D_FORTIFY_SOURCE=2  -c nng/src/platform/posix/posix_pipe.c -o nng/src/platform/posix/posix_pipe.o
x86_64-linux-gnu-gcc -Inng/src -Inng/include -Imbedtls/include -DNNG_STATIC_LIB -DNNG_SUPP_TLS -DNNG_SUPP_HTTP -DNNG_ENABLE_STATS -DNNG_TLS_ENGINE_INIT=nng_tls_engine_init_mbed -DNNG_TLS_ENGINE_FINI=nng_tls_engine_fini_mbed -DNNG_TRANSPORT_INPROC -DNNG_TRANSPORT_IPC -DNNG_TRANSPORT_TCP -DNNG_TRANSPORT_TLS -DNNG_TRANSPORT_WS -DNNG_TRANSPORT_WSS -DNNG_TRANSPORT_FDC -DNNG_PLATFORM_POSIX -DNNG_PLATFORM_LINUX -DNNG_USE_EVENTFD -DNNG_HAVE_ABSTRACT_SOCKETS -D_GNU_SOURCE -D_REENTRANT -D_THREAD_SAFE -D_POSIX_PTHREAD_SEMANTICS -DNNG_HAVE_STRLCPY=1 -DNNG_HAVE_STRNLEN=1 -DNNG_HAVE_STRCASECMP=1 -DNNG_HAVE_STRNCASECMP=1 -DNNG_HAVE_LOCKF=1 -DNNG_HAVE_FLOCK=1 -DNNG_HAVE_GETRANDOM=1 -DNNG_HAVE_ARC4RANDOM=1 -DNNG_HAVE_CLOCK_GETTIME_LIBC=1 -DNNG_HAVE_CLOCK_GETTIME -DNNG_HAVE_SEMAPHORE_PTHREAD=1 -DNNG_HAVE_PTHREAD_ATFORK_PTHREAD=1 -DNNG_HAVE_PTHREAD_SETNAME_NP=1 -DNNG_HAVE_LIBATOMIC=1 -DNNG_HAVE_UNIX_SOCKETS=1 -DNNG_HAVE_BACKTRACE=1 -DNNG_HAVE_MSG_CONTROL=1 -DNNG_HAVE_EVENTFD=1 -DNNG_HAVE_EPOLL=1 -DNNG_HAVE_EPOLL_CREATE1=1 -DNNG_HAVE_SOPEERCRED=1 -DNNG_HAVE_STDATOMIC=1 -DNNG_HAVE_SOCKETPAIR=1 -I"/usr/share/R/include" -DNDEBUG -Imbedtls/include -Inng/include -DNNG_STATIC_LIB     -fvisibility=hidden -fpic  -g -O2 -ffile-prefix-map=/build/reproducible-path/r-base-4.6.1=. -fstack-protector-strong -fstack-clash-protection -Wformat -Werror=format-security -fcf-protection -Wdate-time -D_FORTIFY_SOURCE=2  -c nng/src/platform/posix/posix_resolv_gai.c -o nng/src/platform/posix/posix_resolv_gai.o
x86_64-linux-gnu-gcc -Inng/src -Inng/include -Imbedtls/include -DNNG_STATIC_LIB -DNNG_SUPP_TLS -DNNG_SUPP_HTTP -DNNG_ENABLE_STATS -DNNG_TLS_ENGINE_INIT=nng_tls_engine_init_mbed -DNNG_TLS_ENGINE_FINI=nng_tls_engine_fini_mbed -DNNG_TRANSPORT_INPROC -DNNG_TRANSPORT_IPC -DNNG_TRANSPORT_TCP -DNNG_TRANSPORT_TLS -DNNG_TRANSPORT_WS -DNNG_TRANSPORT_WSS -DNNG_TRANSPORT_FDC -DNNG_PLATFORM_POSIX -DNNG_PLATFORM_LINUX -DNNG_USE_EVENTFD -DNNG_HAVE_ABSTRACT_SOCKETS -D_GNU_SOURCE -D_REENTRANT -D_THREAD_SAFE -D_POSIX_PTHREAD_SEMANTICS -DNNG_HAVE_STRLCPY=1 -DNNG_HAVE_STRNLEN=1 -DNNG_HAVE_STRCASECMP=1 -DNNG_HAVE_STRNCASECMP=1 -DNNG_HAVE_LOCKF=1 -DNNG_HAVE_FLOCK=1 -DNNG_HAVE_GETRANDOM=1 -DNNG_HAVE_ARC4RANDOM=1 -DNNG_HAVE_CLOCK_GETTIME_LIBC=1 -DNNG_HAVE_CLOCK_GETTIME -DNNG_HAVE_SEMAPHORE_PTHREAD=1 -DNNG_HAVE_PTHREAD_ATFORK_PTHREAD=1 -DNNG_HAVE_PTHREAD_SETNAME_NP=1 -DNNG_HAVE_LIBATOMIC=1 -DNNG_HAVE_UNIX_SOCKETS=1 -DNNG_HAVE_BACKTRACE=1 -DNNG_HAVE_MSG_CONTROL=1 -DNNG_HAVE_EVENTFD=1 -DNNG_HAVE_EPOLL=1 -DNNG_HAVE_EPOLL_CREATE1=1 -DNNG_HAVE_SOPEERCRED=1 -DNNG_HAVE_STDATOMIC=1 -DNNG_HAVE_SOCKETPAIR=1 -I"/usr/share/R/include" -DNDEBUG -Imbedtls/include -Inng/include -DNNG_STATIC_LIB     -fvisibility=hidden -fpic  -g -O2 -ffile-prefix-map=/build/reproducible-path/r-base-4.6.1=. -fstack-protector-strong -fstack-clash-protection -Wformat -Werror=format-security -fcf-protection -Wdate-time -D_FORTIFY_SOURCE=2  -c nng/src/platform/posix/posix_sockaddr.c -o nng/src/platform/posix/posix_sockaddr.o
x86_64-linux-gnu-gcc -Inng/src -Inng/include -Imbedtls/include -DNNG_STATIC_LIB -DNNG_SUPP_TLS -DNNG_SUPP_HTTP -DNNG_ENABLE_STATS -DNNG_TLS_ENGINE_INIT=nng_tls_engine_init_mbed -DNNG_TLS_ENGINE_FINI=nng_tls_engine_fini_mbed -DNNG_TRANSPORT_INPROC -DNNG_TRANSPORT_IPC -DNNG_TRANSPORT_TCP -DNNG_TRANSPORT_TLS -DNNG_TRANSPORT_WS -DNNG_TRANSPORT_WSS -DNNG_TRANSPORT_FDC -DNNG_PLATFORM_POSIX -DNNG_PLATFORM_LINUX -DNNG_USE_EVENTFD -DNNG_HAVE_ABSTRACT_SOCKETS -D_GNU_SOURCE -D_REENTRANT -D_THREAD_SAFE -D_POSIX_PTHREAD_SEMANTICS -DNNG_HAVE_STRLCPY=1 -DNNG_HAVE_STRNLEN=1 -DNNG_HAVE_STRCASECMP=1 -DNNG_HAVE_STRNCASECMP=1 -DNNG_HAVE_LOCKF=1 -DNNG_HAVE_FLOCK=1 -DNNG_HAVE_GETRANDOM=1 -DNNG_HAVE_ARC4RANDOM=1 -DNNG_HAVE_CLOCK_GETTIME_LIBC=1 -DNNG_HAVE_CLOCK_GETTIME -DNNG_HAVE_SEMAPHORE_PTHREAD=1 -DNNG_HAVE_PTHREAD_ATFORK_PTHREAD=1 -DNNG_HAVE_PTHREAD_SETNAME_NP=1 -DNNG_HAVE_LIBATOMIC=1 -DNNG_HAVE_UNIX_SOCKETS=1 -DNNG_HAVE_BACKTRACE=1 -DNNG_HAVE_MSG_CONTROL=1 -DNNG_HAVE_EVENTFD=1 -DNNG_HAVE_EPOLL=1 -DNNG_HAVE_EPOLL_CREATE1=1 -DNNG_HAVE_SOPEERCRED=1 -DNNG_HAVE_STDATOMIC=1 -DNNG_HAVE_SOCKETPAIR=1 -I"/usr/share/R/include" -DNDEBUG -Imbedtls/include -Inng/include -DNNG_STATIC_LIB     -fvisibility=hidden -fpic  -g -O2 -ffile-prefix-map=/build/reproducible-path/r-base-4.6.1=. -fstack-protector-strong -fstack-clash-protection -Wformat -Werror=format-security -fcf-protection -Wdate-time -D_FORTIFY_SOURCE=2  -c nng/src/platform/posix/posix_socketpair.c -o nng/src/platform/posix/posix_socketpair.o
x86_64-linux-gnu-gcc -Inng/src -Inng/include -Imbedtls/include -DNNG_STATIC_LIB -DNNG_SUPP_TLS -DNNG_SUPP_HTTP -DNNG_ENABLE_STATS -DNNG_TLS_ENGINE_INIT=nng_tls_engine_init_mbed -DNNG_TLS_ENGINE_FINI=nng_tls_engine_fini_mbed -DNNG_TRANSPORT_INPROC -DNNG_TRANSPORT_IPC -DNNG_TRANSPORT_TCP -DNNG_TRANSPORT_TLS -DNNG_TRANSPORT_WS -DNNG_TRANSPORT_WSS -DNNG_TRANSPORT_FDC -DNNG_PLATFORM_POSIX -DNNG_PLATFORM_LINUX -DNNG_USE_EVENTFD -DNNG_HAVE_ABSTRACT_SOCKETS -D_GNU_SOURCE -D_REENTRANT -D_THREAD_SAFE -D_POSIX_PTHREAD_SEMANTICS -DNNG_HAVE_STRLCPY=1 -DNNG_HAVE_STRNLEN=1 -DNNG_HAVE_STRCASECMP=1 -DNNG_HAVE_STRNCASECMP=1 -DNNG_HAVE_LOCKF=1 -DNNG_HAVE_FLOCK=1 -DNNG_HAVE_GETRANDOM=1 -DNNG_HAVE_ARC4RANDOM=1 -DNNG_HAVE_CLOCK_GETTIME_LIBC=1 -DNNG_HAVE_CLOCK_GETTIME -DNNG_HAVE_SEMAPHORE_PTHREAD=1 -DNNG_HAVE_PTHREAD_ATFORK_PTHREAD=1 -DNNG_HAVE_PTHREAD_SETNAME_NP=1 -DNNG_HAVE_LIBATOMIC=1 -DNNG_HAVE_UNIX_SOCKETS=1 -DNNG_HAVE_BACKTRACE=1 -DNNG_HAVE_MSG_CONTROL=1 -DNNG_HAVE_EVENTFD=1 -DNNG_HAVE_EPOLL=1 -DNNG_HAVE_EPOLL_CREATE1=1 -DNNG_HAVE_SOPEERCRED=1 -DNNG_HAVE_STDATOMIC=1 -DNNG_HAVE_SOCKETPAIR=1 -I"/usr/share/R/include" -DNDEBUG -Imbedtls/include -Inng/include -DNNG_STATIC_LIB     -fvisibility=hidden -fpic  -g -O2 -ffile-prefix-map=/build/reproducible-path/r-base-4.6.1=. -fstack-protector-strong -fstack-clash-protection -Wformat -Werror=format-security -fcf-protection -Wdate-time -D_FORTIFY_SOURCE=2  -c nng/src/platform/posix/posix_sockfd.c -o nng/src/platform/posix/posix_sockfd.o
x86_64-linux-gnu-gcc -Inng/src -Inng/include -Imbedtls/include -DNNG_STATIC_LIB -DNNG_SUPP_TLS -DNNG_SUPP_HTTP -DNNG_ENABLE_STATS -DNNG_TLS_ENGINE_INIT=nng_tls_engine_init_mbed -DNNG_TLS_ENGINE_FINI=nng_tls_engine_fini_mbed -DNNG_TRANSPORT_INPROC -DNNG_TRANSPORT_IPC -DNNG_TRANSPORT_TCP -DNNG_TRANSPORT_TLS -DNNG_TRANSPORT_WS -DNNG_TRANSPORT_WSS -DNNG_TRANSPORT_FDC -DNNG_PLATFORM_POSIX -DNNG_PLATFORM_LINUX -DNNG_USE_EVENTFD -DNNG_HAVE_ABSTRACT_SOCKETS -D_GNU_SOURCE -D_REENTRANT -D_THREAD_SAFE -D_POSIX_PTHREAD_SEMANTICS -DNNG_HAVE_STRLCPY=1 -DNNG_HAVE_STRNLEN=1 -DNNG_HAVE_STRCASECMP=1 -DNNG_HAVE_STRNCASECMP=1 -DNNG_HAVE_LOCKF=1 -DNNG_HAVE_FLOCK=1 -DNNG_HAVE_GETRANDOM=1 -DNNG_HAVE_ARC4RANDOM=1 -DNNG_HAVE_CLOCK_GETTIME_LIBC=1 -DNNG_HAVE_CLOCK_GETTIME -DNNG_HAVE_SEMAPHORE_PTHREAD=1 -DNNG_HAVE_PTHREAD_ATFORK_PTHREAD=1 -DNNG_HAVE_PTHREAD_SETNAME_NP=1 -DNNG_HAVE_LIBATOMIC=1 -DNNG_HAVE_UNIX_SOCKETS=1 -DNNG_HAVE_BACKTRACE=1 -DNNG_HAVE_MSG_CONTROL=1 -DNNG_HAVE_EVENTFD=1 -DNNG_HAVE_EPOLL=1 -DNNG_HAVE_EPOLL_CREATE1=1 -DNNG_HAVE_SOPEERCRED=1 -DNNG_HAVE_STDATOMIC=1 -DNNG_HAVE_SOCKETPAIR=1 -I"/usr/share/R/include" -DNDEBUG -Imbedtls/include -Inng/include -DNNG_STATIC_LIB     -fvisibility=hidden -fpic  -g -O2 -ffile-prefix-map=/build/reproducible-path/r-base-4.6.1=. -fstack-protector-strong -fstack-clash-protection -Wformat -Werror=format-security -fcf-protection -Wdate-time -D_FORTIFY_SOURCE=2  -c nng/src/platform/posix/posix_tcpconn.c -o nng/src/platform/posix/posix_tcpconn.o
x86_64-linux-gnu-gcc -Inng/src -Inng/include -Imbedtls/include -DNNG_STATIC_LIB -DNNG_SUPP_TLS -DNNG_SUPP_HTTP -DNNG_ENABLE_STATS -DNNG_TLS_ENGINE_INIT=nng_tls_engine_init_mbed -DNNG_TLS_ENGINE_FINI=nng_tls_engine_fini_mbed -DNNG_TRANSPORT_INPROC -DNNG_TRANSPORT_IPC -DNNG_TRANSPORT_TCP -DNNG_TRANSPORT_TLS -DNNG_TRANSPORT_WS -DNNG_TRANSPORT_WSS -DNNG_TRANSPORT_FDC -DNNG_PLATFORM_POSIX -DNNG_PLATFORM_LINUX -DNNG_USE_EVENTFD -DNNG_HAVE_ABSTRACT_SOCKETS -D_GNU_SOURCE -D_REENTRANT -D_THREAD_SAFE -D_POSIX_PTHREAD_SEMANTICS -DNNG_HAVE_STRLCPY=1 -DNNG_HAVE_STRNLEN=1 -DNNG_HAVE_STRCASECMP=1 -DNNG_HAVE_STRNCASECMP=1 -DNNG_HAVE_LOCKF=1 -DNNG_HAVE_FLOCK=1 -DNNG_HAVE_GETRANDOM=1 -DNNG_HAVE_ARC4RANDOM=1 -DNNG_HAVE_CLOCK_GETTIME_LIBC=1 -DNNG_HAVE_CLOCK_GETTIME -DNNG_HAVE_SEMAPHORE_PTHREAD=1 -DNNG_HAVE_PTHREAD_ATFORK_PTHREAD=1 -DNNG_HAVE_PTHREAD_SETNAME_NP=1 -DNNG_HAVE_LIBATOMIC=1 -DNNG_HAVE_UNIX_SOCKETS=1 -DNNG_HAVE_BACKTRACE=1 -DNNG_HAVE_MSG_CONTROL=1 -DNNG_HAVE_EVENTFD=1 -DNNG_HAVE_EPOLL=1 -DNNG_HAVE_EPOLL_CREATE1=1 -DNNG_HAVE_SOPEERCRED=1 -DNNG_HAVE_STDATOMIC=1 -DNNG_HAVE_SOCKETPAIR=1 -I"/usr/share/R/include" -DNDEBUG -Imbedtls/include -Inng/include -DNNG_STATIC_LIB     -fvisibility=hidden -fpic  -g -O2 -ffile-prefix-map=/build/reproducible-path/r-base-4.6.1=. -fstack-protector-strong -fstack-clash-protection -Wformat -Werror=format-security -fcf-protection -Wdate-time -D_FORTIFY_SOURCE=2  -c nng/src/platform/posix/posix_tcpdial.c -o nng/src/platform/posix/posix_tcpdial.o
x86_64-linux-gnu-gcc -Inng/src -Inng/include -Imbedtls/include -DNNG_STATIC_LIB -DNNG_SUPP_TLS -DNNG_SUPP_HTTP -DNNG_ENABLE_STATS -DNNG_TLS_ENGINE_INIT=nng_tls_engine_init_mbed -DNNG_TLS_ENGINE_FINI=nng_tls_engine_fini_mbed -DNNG_TRANSPORT_INPROC -DNNG_TRANSPORT_IPC -DNNG_TRANSPORT_TCP -DNNG_TRANSPORT_TLS -DNNG_TRANSPORT_WS -DNNG_TRANSPORT_WSS -DNNG_TRANSPORT_FDC -DNNG_PLATFORM_POSIX -DNNG_PLATFORM_LINUX -DNNG_USE_EVENTFD -DNNG_HAVE_ABSTRACT_SOCKETS -D_GNU_SOURCE -D_REENTRANT -D_THREAD_SAFE -D_POSIX_PTHREAD_SEMANTICS -DNNG_HAVE_STRLCPY=1 -DNNG_HAVE_STRNLEN=1 -DNNG_HAVE_STRCASECMP=1 -DNNG_HAVE_STRNCASECMP=1 -DNNG_HAVE_LOCKF=1 -DNNG_HAVE_FLOCK=1 -DNNG_HAVE_GETRANDOM=1 -DNNG_HAVE_ARC4RANDOM=1 -DNNG_HAVE_CLOCK_GETTIME_LIBC=1 -DNNG_HAVE_CLOCK_GETTIME -DNNG_HAVE_SEMAPHORE_PTHREAD=1 -DNNG_HAVE_PTHREAD_ATFORK_PTHREAD=1 -DNNG_HAVE_PTHREAD_SETNAME_NP=1 -DNNG_HAVE_LIBATOMIC=1 -DNNG_HAVE_UNIX_SOCKETS=1 -DNNG_HAVE_BACKTRACE=1 -DNNG_HAVE_MSG_CONTROL=1 -DNNG_HAVE_EVENTFD=1 -DNNG_HAVE_EPOLL=1 -DNNG_HAVE_EPOLL_CREATE1=1 -DNNG_HAVE_SOPEERCRED=1 -DNNG_HAVE_STDATOMIC=1 -DNNG_HAVE_SOCKETPAIR=1 -I"/usr/share/R/include" -DNDEBUG -Imbedtls/include -Inng/include -DNNG_STATIC_LIB     -fvisibility=hidden -fpic  -g -O2 -ffile-prefix-map=/build/reproducible-path/r-base-4.6.1=. -fstack-protector-strong -fstack-clash-protection -Wformat -Werror=format-security -fcf-protection -Wdate-time -D_FORTIFY_SOURCE=2  -c nng/src/platform/posix/posix_tcplisten.c -o nng/src/platform/posix/posix_tcplisten.o
x86_64-linux-gnu-gcc -Inng/src -Inng/include -Imbedtls/include -DNNG_STATIC_LIB -DNNG_SUPP_TLS -DNNG_SUPP_HTTP -DNNG_ENABLE_STATS -DNNG_TLS_ENGINE_INIT=nng_tls_engine_init_mbed -DNNG_TLS_ENGINE_FINI=nng_tls_engine_fini_mbed -DNNG_TRANSPORT_INPROC -DNNG_TRANSPORT_IPC -DNNG_TRANSPORT_TCP -DNNG_TRANSPORT_TLS -DNNG_TRANSPORT_WS -DNNG_TRANSPORT_WSS -DNNG_TRANSPORT_FDC -DNNG_PLATFORM_POSIX -DNNG_PLATFORM_LINUX -DNNG_USE_EVENTFD -DNNG_HAVE_ABSTRACT_SOCKETS -D_GNU_SOURCE -D_REENTRANT -D_THREAD_SAFE -D_POSIX_PTHREAD_SEMANTICS -DNNG_HAVE_STRLCPY=1 -DNNG_HAVE_STRNLEN=1 -DNNG_HAVE_STRCASECMP=1 -DNNG_HAVE_STRNCASECMP=1 -DNNG_HAVE_LOCKF=1 -DNNG_HAVE_FLOCK=1 -DNNG_HAVE_GETRANDOM=1 -DNNG_HAVE_ARC4RANDOM=1 -DNNG_HAVE_CLOCK_GETTIME_LIBC=1 -DNNG_HAVE_CLOCK_GETTIME -DNNG_HAVE_SEMAPHORE_PTHREAD=1 -DNNG_HAVE_PTHREAD_ATFORK_PTHREAD=1 -DNNG_HAVE_PTHREAD_SETNAME_NP=1 -DNNG_HAVE_LIBATOMIC=1 -DNNG_HAVE_UNIX_SOCKETS=1 -DNNG_HAVE_BACKTRACE=1 -DNNG_HAVE_MSG_CONTROL=1 -DNNG_HAVE_EVENTFD=1 -DNNG_HAVE_EPOLL=1 -DNNG_HAVE_EPOLL_CREATE1=1 -DNNG_HAVE_SOPEERCRED=1 -DNNG_HAVE_STDATOMIC=1 -DNNG_HAVE_SOCKETPAIR=1 -I"/usr/share/R/include" -DNDEBUG -Imbedtls/include -Inng/include -DNNG_STATIC_LIB     -fvisibility=hidden -fpic  -g -O2 -ffile-prefix-map=/build/reproducible-path/r-base-4.6.1=. -fstack-protector-strong -fstack-clash-protection -Wformat -Werror=format-security -fcf-protection -Wdate-time -D_FORTIFY_SOURCE=2  -c nng/src/platform/posix/posix_thread.c -o nng/src/platform/posix/posix_thread.o
x86_64-linux-gnu-gcc -Inng/src -Inng/include -Imbedtls/include -DNNG_STATIC_LIB -DNNG_SUPP_TLS -DNNG_SUPP_HTTP -DNNG_ENABLE_STATS -DNNG_TLS_ENGINE_INIT=nng_tls_engine_init_mbed -DNNG_TLS_ENGINE_FINI=nng_tls_engine_fini_mbed -DNNG_TRANSPORT_INPROC -DNNG_TRANSPORT_IPC -DNNG_TRANSPORT_TCP -DNNG_TRANSPORT_TLS -DNNG_TRANSPORT_WS -DNNG_TRANSPORT_WSS -DNNG_TRANSPORT_FDC -DNNG_PLATFORM_POSIX -DNNG_PLATFORM_LINUX -DNNG_USE_EVENTFD -DNNG_HAVE_ABSTRACT_SOCKETS -D_GNU_SOURCE -D_REENTRANT -D_THREAD_SAFE -D_POSIX_PTHREAD_SEMANTICS -DNNG_HAVE_STRLCPY=1 -DNNG_HAVE_STRNLEN=1 -DNNG_HAVE_STRCASECMP=1 -DNNG_HAVE_STRNCASECMP=1 -DNNG_HAVE_LOCKF=1 -DNNG_HAVE_FLOCK=1 -DNNG_HAVE_GETRANDOM=1 -DNNG_HAVE_ARC4RANDOM=1 -DNNG_HAVE_CLOCK_GETTIME_LIBC=1 -DNNG_HAVE_CLOCK_GETTIME -DNNG_HAVE_SEMAPHORE_PTHREAD=1 -DNNG_HAVE_PTHREAD_ATFORK_PTHREAD=1 -DNNG_HAVE_PTHREAD_SETNAME_NP=1 -DNNG_HAVE_LIBATOMIC=1 -DNNG_HAVE_UNIX_SOCKETS=1 -DNNG_HAVE_BACKTRACE=1 -DNNG_HAVE_MSG_CONTROL=1 -DNNG_HAVE_EVENTFD=1 -DNNG_HAVE_EPOLL=1 -DNNG_HAVE_EPOLL_CREATE1=1 -DNNG_HAVE_SOPEERCRED=1 -DNNG_HAVE_STDATOMIC=1 -DNNG_HAVE_SOCKETPAIR=1 -I"/usr/share/R/include" -DNDEBUG -Imbedtls/include -Inng/include -DNNG_STATIC_LIB     -fvisibility=hidden -fpic  -g -O2 -ffile-prefix-map=/build/reproducible-path/r-base-4.6.1=. -fstack-protector-strong -fstack-clash-protection -Wformat -Werror=format-security -fcf-protection -Wdate-time -D_FORTIFY_SOURCE=2  -c nng/src/platform/posix/posix_udp.c -o nng/src/platform/posix/posix_udp.o
x86_64-linux-gnu-gcc -Inng/src -Inng/include -Imbedtls/include -DNNG_STATIC_LIB -DNNG_SUPP_TLS -DNNG_SUPP_HTTP -DNNG_ENABLE_STATS -DNNG_TLS_ENGINE_INIT=nng_tls_engine_init_mbed -DNNG_TLS_ENGINE_FINI=nng_tls_engine_fini_mbed -DNNG_TRANSPORT_INPROC -DNNG_TRANSPORT_IPC -DNNG_TRANSPORT_TCP -DNNG_TRANSPORT_TLS -DNNG_TRANSPORT_WS -DNNG_TRANSPORT_WSS -DNNG_TRANSPORT_FDC -DNNG_PLATFORM_POSIX -DNNG_PLATFORM_LINUX -DNNG_USE_EVENTFD -DNNG_HAVE_ABSTRACT_SOCKETS -D_GNU_SOURCE -D_REENTRANT -D_THREAD_SAFE -D_POSIX_PTHREAD_SEMANTICS -DNNG_HAVE_STRLCPY=1 -DNNG_HAVE_STRNLEN=1 -DNNG_HAVE_STRCASECMP=1 -DNNG_HAVE_STRNCASECMP=1 -DNNG_HAVE_LOCKF=1 -DNNG_HAVE_FLOCK=1 -DNNG_HAVE_GETRANDOM=1 -DNNG_HAVE_ARC4RANDOM=1 -DNNG_HAVE_CLOCK_GETTIME_LIBC=1 -DNNG_HAVE_CLOCK_GETTIME -DNNG_HAVE_SEMAPHORE_PTHREAD=1 -DNNG_HAVE_PTHREAD_ATFORK_PTHREAD=1 -DNNG_HAVE_PTHREAD_SETNAME_NP=1 -DNNG_HAVE_LIBATOMIC=1 -DNNG_HAVE_UNIX_SOCKETS=1 -DNNG_HAVE_BACKTRACE=1 -DNNG_HAVE_MSG_CONTROL=1 -DNNG_HAVE_EVENTFD=1 -DNNG_HAVE_EPOLL=1 -DNNG_HAVE_EPOLL_CREATE1=1 -DNNG_HAVE_SOPEERCRED=1 -DNNG_HAVE_STDATOMIC=1 -DNNG_HAVE_SOCKETPAIR=1 -I"/usr/share/R/include" -DNDEBUG -Imbedtls/include -Inng/include -DNNG_STATIC_LIB     -fvisibility=hidden -fpic  -g -O2 -ffile-prefix-map=/build/reproducible-path/r-base-4.6.1=. -fstack-protector-strong -fstack-clash-protection -Wformat -Werror=format-security -fcf-protection -Wdate-time -D_FORTIFY_SOURCE=2  -c nng/src/platform/posix/posix_pollq_epoll.c -o nng/src/platform/posix/posix_pollq_epoll.o
x86_64-linux-gnu-gcc -Inng/src -Inng/include -Imbedtls/include -DNNG_STATIC_LIB -DNNG_SUPP_TLS -DNNG_SUPP_HTTP -DNNG_ENABLE_STATS -DNNG_TLS_ENGINE_INIT=nng_tls_engine_init_mbed -DNNG_TLS_ENGINE_FINI=nng_tls_engine_fini_mbed -DNNG_TRANSPORT_INPROC -DNNG_TRANSPORT_IPC -DNNG_TRANSPORT_TCP -DNNG_TRANSPORT_TLS -DNNG_TRANSPORT_WS -DNNG_TRANSPORT_WSS -DNNG_TRANSPORT_FDC -DNNG_PLATFORM_POSIX -DNNG_PLATFORM_LINUX -DNNG_USE_EVENTFD -DNNG_HAVE_ABSTRACT_SOCKETS -D_GNU_SOURCE -D_REENTRANT -D_THREAD_SAFE -D_POSIX_PTHREAD_SEMANTICS -DNNG_HAVE_STRLCPY=1 -DNNG_HAVE_STRNLEN=1 -DNNG_HAVE_STRCASECMP=1 -DNNG_HAVE_STRNCASECMP=1 -DNNG_HAVE_LOCKF=1 -DNNG_HAVE_FLOCK=1 -DNNG_HAVE_GETRANDOM=1 -DNNG_HAVE_ARC4RANDOM=1 -DNNG_HAVE_CLOCK_GETTIME_LIBC=1 -DNNG_HAVE_CLOCK_GETTIME -DNNG_HAVE_SEMAPHORE_PTHREAD=1 -DNNG_HAVE_PTHREAD_ATFORK_PTHREAD=1 -DNNG_HAVE_PTHREAD_SETNAME_NP=1 -DNNG_HAVE_LIBATOMIC=1 -DNNG_HAVE_UNIX_SOCKETS=1 -DNNG_HAVE_BACKTRACE=1 -DNNG_HAVE_MSG_CONTROL=1 -DNNG_HAVE_EVENTFD=1 -DNNG_HAVE_EPOLL=1 -DNNG_HAVE_EPOLL_CREATE1=1 -DNNG_HAVE_SOPEERCRED=1 -DNNG_HAVE_STDATOMIC=1 -DNNG_HAVE_SOCKETPAIR=1 -I"/usr/share/R/include" -DNDEBUG -Imbedtls/include -Inng/include -DNNG_STATIC_LIB     -fvisibility=hidden -fpic  -g -O2 -ffile-prefix-map=/build/reproducible-path/r-base-4.6.1=. -fstack-protector-strong -fstack-clash-protection -Wformat -Werror=format-security -fcf-protection -Wdate-time -D_FORTIFY_SOURCE=2  -c nng/src/platform/posix/posix_rand_arc4random.c -o nng/src/platform/posix/posix_rand_arc4random.o
x86_64-linux-gnu-gcc -Imbedtls/include -Imbedtls/library -I"/usr/share/R/include" -DNDEBUG -Imbedtls/include -Inng/include -DNNG_STATIC_LIB     -fvisibility=hidden -fpic  -g -O2 -ffile-prefix-map=/build/reproducible-path/r-base-4.6.1=. -fstack-protector-strong -fstack-clash-protection -Wformat -Werror=format-security -fcf-protection -Wdate-time -D_FORTIFY_SOURCE=2  -c mbedtls/library/aes.c -o mbedtls/library/aes.o
x86_64-linux-gnu-gcc -Imbedtls/include -Imbedtls/library -I"/usr/share/R/include" -DNDEBUG -Imbedtls/include -Inng/include -DNNG_STATIC_LIB     -fvisibility=hidden -fpic  -g -O2 -ffile-prefix-map=/build/reproducible-path/r-base-4.6.1=. -fstack-protector-strong -fstack-clash-protection -Wformat -Werror=format-security -fcf-protection -Wdate-time -D_FORTIFY_SOURCE=2  -c mbedtls/library/aesce.c -o mbedtls/library/aesce.o
x86_64-linux-gnu-gcc -Imbedtls/include -Imbedtls/library -I"/usr/share/R/include" -DNDEBUG -Imbedtls/include -Inng/include -DNNG_STATIC_LIB     -fvisibility=hidden -fpic  -g -O2 -ffile-prefix-map=/build/reproducible-path/r-base-4.6.1=. -fstack-protector-strong -fstack-clash-protection -Wformat -Werror=format-security -fcf-protection -Wdate-time -D_FORTIFY_SOURCE=2  -c mbedtls/library/aesni.c -o mbedtls/library/aesni.o
x86_64-linux-gnu-gcc -Imbedtls/include -Imbedtls/library -I"/usr/share/R/include" -DNDEBUG -Imbedtls/include -Inng/include -DNNG_STATIC_LIB     -fvisibility=hidden -fpic  -g -O2 -ffile-prefix-map=/build/reproducible-path/r-base-4.6.1=. -fstack-protector-strong -fstack-clash-protection -Wformat -Werror=format-security -fcf-protection -Wdate-time -D_FORTIFY_SOURCE=2  -c mbedtls/library/asn1parse.c -o mbedtls/library/asn1parse.o
x86_64-linux-gnu-gcc -Imbedtls/include -Imbedtls/library -I"/usr/share/R/include" -DNDEBUG -Imbedtls/include -Inng/include -DNNG_STATIC_LIB     -fvisibility=hidden -fpic  -g -O2 -ffile-prefix-map=/build/reproducible-path/r-base-4.6.1=. -fstack-protector-strong -fstack-clash-protection -Wformat -Werror=format-security -fcf-protection -Wdate-time -D_FORTIFY_SOURCE=2  -c mbedtls/library/asn1write.c -o mbedtls/library/asn1write.o
x86_64-linux-gnu-gcc -Imbedtls/include -Imbedtls/library -I"/usr/share/R/include" -DNDEBUG -Imbedtls/include -Inng/include -DNNG_STATIC_LIB     -fvisibility=hidden -fpic  -g -O2 -ffile-prefix-map=/build/reproducible-path/r-base-4.6.1=. -fstack-protector-strong -fstack-clash-protection -Wformat -Werror=format-security -fcf-protection -Wdate-time -D_FORTIFY_SOURCE=2  -c mbedtls/library/base64.c -o mbedtls/library/base64.o
x86_64-linux-gnu-gcc -Imbedtls/include -Imbedtls/library -I"/usr/share/R/include" -DNDEBUG -Imbedtls/include -Inng/include -DNNG_STATIC_LIB     -fvisibility=hidden -fpic  -g -O2 -ffile-prefix-map=/build/reproducible-path/r-base-4.6.1=. -fstack-protector-strong -fstack-clash-protection -Wformat -Werror=format-security -fcf-protection -Wdate-time -D_FORTIFY_SOURCE=2  -c mbedtls/library/bignum.c -o mbedtls/library/bignum.o
x86_64-linux-gnu-gcc -Imbedtls/include -Imbedtls/library -I"/usr/share/R/include" -DNDEBUG -Imbedtls/include -Inng/include -DNNG_STATIC_LIB     -fvisibility=hidden -fpic  -g -O2 -ffile-prefix-map=/build/reproducible-path/r-base-4.6.1=. -fstack-protector-strong -fstack-clash-protection -Wformat -Werror=format-security -fcf-protection -Wdate-time -D_FORTIFY_SOURCE=2  -c mbedtls/library/bignum_core.c -o mbedtls/library/bignum_core.o
x86_64-linux-gnu-gcc -Imbedtls/include -Imbedtls/library -I"/usr/share/R/include" -DNDEBUG -Imbedtls/include -Inng/include -DNNG_STATIC_LIB     -fvisibility=hidden -fpic  -g -O2 -ffile-prefix-map=/build/reproducible-path/r-base-4.6.1=. -fstack-protector-strong -fstack-clash-protection -Wformat -Werror=format-security -fcf-protection -Wdate-time -D_FORTIFY_SOURCE=2  -c mbedtls/library/ccm.c -o mbedtls/library/ccm.o
x86_64-linux-gnu-gcc -Imbedtls/include -Imbedtls/library -I"/usr/share/R/include" -DNDEBUG -Imbedtls/include -Inng/include -DNNG_STATIC_LIB     -fvisibility=hidden -fpic  -g -O2 -ffile-prefix-map=/build/reproducible-path/r-base-4.6.1=. -fstack-protector-strong -fstack-clash-protection -Wformat -Werror=format-security -fcf-protection -Wdate-time -D_FORTIFY_SOURCE=2  -c mbedtls/library/chacha20.c -o mbedtls/library/chacha20.o
x86_64-linux-gnu-gcc -Imbedtls/include -Imbedtls/library -I"/usr/share/R/include" -DNDEBUG -Imbedtls/include -Inng/include -DNNG_STATIC_LIB     -fvisibility=hidden -fpic  -g -O2 -ffile-prefix-map=/build/reproducible-path/r-base-4.6.1=. -fstack-protector-strong -fstack-clash-protection -Wformat -Werror=format-security -fcf-protection -Wdate-time -D_FORTIFY_SOURCE=2  -c mbedtls/library/chachapoly.c -o mbedtls/library/chachapoly.o
x86_64-linux-gnu-gcc -Imbedtls/include -Imbedtls/library -I"/usr/share/R/include" -DNDEBUG -Imbedtls/include -Inng/include -DNNG_STATIC_LIB     -fvisibility=hidden -fpic  -g -O2 -ffile-prefix-map=/build/reproducible-path/r-base-4.6.1=. -fstack-protector-strong -fstack-clash-protection -Wformat -Werror=format-security -fcf-protection -Wdate-time -D_FORTIFY_SOURCE=2  -c mbedtls/library/cipher.c -o mbedtls/library/cipher.o
x86_64-linux-gnu-gcc -Imbedtls/include -Imbedtls/library -I"/usr/share/R/include" -DNDEBUG -Imbedtls/include -Inng/include -DNNG_STATIC_LIB     -fvisibility=hidden -fpic  -g -O2 -ffile-prefix-map=/build/reproducible-path/r-base-4.6.1=. -fstack-protector-strong -fstack-clash-protection -Wformat -Werror=format-security -fcf-protection -Wdate-time -D_FORTIFY_SOURCE=2  -c mbedtls/library/cipher_wrap.c -o mbedtls/library/cipher_wrap.o
x86_64-linux-gnu-gcc -Imbedtls/include -Imbedtls/library -I"/usr/share/R/include" -DNDEBUG -Imbedtls/include -Inng/include -DNNG_STATIC_LIB     -fvisibility=hidden -fpic  -g -O2 -ffile-prefix-map=/build/reproducible-path/r-base-4.6.1=. -fstack-protector-strong -fstack-clash-protection -Wformat -Werror=format-security -fcf-protection -Wdate-time -D_FORTIFY_SOURCE=2  -c mbedtls/library/constant_time.c -o mbedtls/library/constant_time.o
x86_64-linux-gnu-gcc -Imbedtls/include -Imbedtls/library -I"/usr/share/R/include" -DNDEBUG -Imbedtls/include -Inng/include -DNNG_STATIC_LIB     -fvisibility=hidden -fpic  -g -O2 -ffile-prefix-map=/build/reproducible-path/r-base-4.6.1=. -fstack-protector-strong -fstack-clash-protection -Wformat -Werror=format-security -fcf-protection -Wdate-time -D_FORTIFY_SOURCE=2  -c mbedtls/library/ctr_drbg.c -o mbedtls/library/ctr_drbg.o
x86_64-linux-gnu-gcc -Imbedtls/include -Imbedtls/library -I"/usr/share/R/include" -DNDEBUG -Imbedtls/include -Inng/include -DNNG_STATIC_LIB     -fvisibility=hidden -fpic  -g -O2 -ffile-prefix-map=/build/reproducible-path/r-base-4.6.1=. -fstack-protector-strong -fstack-clash-protection -Wformat -Werror=format-security -fcf-protection -Wdate-time -D_FORTIFY_SOURCE=2  -c mbedtls/library/des.c -o mbedtls/library/des.o
x86_64-linux-gnu-gcc -Imbedtls/include -Imbedtls/library -I"/usr/share/R/include" -DNDEBUG -Imbedtls/include -Inng/include -DNNG_STATIC_LIB     -fvisibility=hidden -fpic  -g -O2 -ffile-prefix-map=/build/reproducible-path/r-base-4.6.1=. -fstack-protector-strong -fstack-clash-protection -Wformat -Werror=format-security -fcf-protection -Wdate-time -D_FORTIFY_SOURCE=2  -c mbedtls/library/ecdh.c -o mbedtls/library/ecdh.o
x86_64-linux-gnu-gcc -Imbedtls/include -Imbedtls/library -I"/usr/share/R/include" -DNDEBUG -Imbedtls/include -Inng/include -DNNG_STATIC_LIB     -fvisibility=hidden -fpic  -g -O2 -ffile-prefix-map=/build/reproducible-path/r-base-4.6.1=. -fstack-protector-strong -fstack-clash-protection -Wformat -Werror=format-security -fcf-protection -Wdate-time -D_FORTIFY_SOURCE=2  -c mbedtls/library/ecdsa.c -o mbedtls/library/ecdsa.o
x86_64-linux-gnu-gcc -Imbedtls/include -Imbedtls/library -I"/usr/share/R/include" -DNDEBUG -Imbedtls/include -Inng/include -DNNG_STATIC_LIB     -fvisibility=hidden -fpic  -g -O2 -ffile-prefix-map=/build/reproducible-path/r-base-4.6.1=. -fstack-protector-strong -fstack-clash-protection -Wformat -Werror=format-security -fcf-protection -Wdate-time -D_FORTIFY_SOURCE=2  -c mbedtls/library/ecp.c -o mbedtls/library/ecp.o
x86_64-linux-gnu-gcc -Imbedtls/include -Imbedtls/library -I"/usr/share/R/include" -DNDEBUG -Imbedtls/include -Inng/include -DNNG_STATIC_LIB     -fvisibility=hidden -fpic  -g -O2 -ffile-prefix-map=/build/reproducible-path/r-base-4.6.1=. -fstack-protector-strong -fstack-clash-protection -Wformat -Werror=format-security -fcf-protection -Wdate-time -D_FORTIFY_SOURCE=2  -c mbedtls/library/ecp_curves.c -o mbedtls/library/ecp_curves.o
x86_64-linux-gnu-gcc -Imbedtls/include -Imbedtls/library -I"/usr/share/R/include" -DNDEBUG -Imbedtls/include -Inng/include -DNNG_STATIC_LIB     -fvisibility=hidden -fpic  -g -O2 -ffile-prefix-map=/build/reproducible-path/r-base-4.6.1=. -fstack-protector-strong -fstack-clash-protection -Wformat -Werror=format-security -fcf-protection -Wdate-time -D_FORTIFY_SOURCE=2  -c mbedtls/library/entropy.c -o mbedtls/library/entropy.o
x86_64-linux-gnu-gcc -Imbedtls/include -Imbedtls/library -I"/usr/share/R/include" -DNDEBUG -Imbedtls/include -Inng/include -DNNG_STATIC_LIB     -fvisibility=hidden -fpic  -g -O2 -ffile-prefix-map=/build/reproducible-path/r-base-4.6.1=. -fstack-protector-strong -fstack-clash-protection -Wformat -Werror=format-security -fcf-protection -Wdate-time -D_FORTIFY_SOURCE=2  -c mbedtls/library/entropy_poll.c -o mbedtls/library/entropy_poll.o
x86_64-linux-gnu-gcc -Imbedtls/include -Imbedtls/library -I"/usr/share/R/include" -DNDEBUG -Imbedtls/include -Inng/include -DNNG_STATIC_LIB     -fvisibility=hidden -fpic  -g -O2 -ffile-prefix-map=/build/reproducible-path/r-base-4.6.1=. -fstack-protector-strong -fstack-clash-protection -Wformat -Werror=format-security -fcf-protection -Wdate-time -D_FORTIFY_SOURCE=2  -c mbedtls/library/error.c -o mbedtls/library/error.o
x86_64-linux-gnu-gcc -Imbedtls/include -Imbedtls/library -I"/usr/share/R/include" -DNDEBUG -Imbedtls/include -Inng/include -DNNG_STATIC_LIB     -fvisibility=hidden -fpic  -g -O2 -ffile-prefix-map=/build/reproducible-path/r-base-4.6.1=. -fstack-protector-strong -fstack-clash-protection -Wformat -Werror=format-security -fcf-protection -Wdate-time -D_FORTIFY_SOURCE=2  -c mbedtls/library/gcm.c -o mbedtls/library/gcm.o
x86_64-linux-gnu-gcc -Imbedtls/include -Imbedtls/library -I"/usr/share/R/include" -DNDEBUG -Imbedtls/include -Inng/include -DNNG_STATIC_LIB     -fvisibility=hidden -fpic  -g -O2 -ffile-prefix-map=/build/reproducible-path/r-base-4.6.1=. -fstack-protector-strong -fstack-clash-protection -Wformat -Werror=format-security -fcf-protection -Wdate-time -D_FORTIFY_SOURCE=2  -c mbedtls/library/md.c -o mbedtls/library/md.o
x86_64-linux-gnu-gcc -Imbedtls/include -Imbedtls/library -I"/usr/share/R/include" -DNDEBUG -Imbedtls/include -Inng/include -DNNG_STATIC_LIB     -fvisibility=hidden -fpic  -g -O2 -ffile-prefix-map=/build/reproducible-path/r-base-4.6.1=. -fstack-protector-strong -fstack-clash-protection -Wformat -Werror=format-security -fcf-protection -Wdate-time -D_FORTIFY_SOURCE=2  -c mbedtls/library/md5.c -o mbedtls/library/md5.o
x86_64-linux-gnu-gcc -Imbedtls/include -Imbedtls/library -I"/usr/share/R/include" -DNDEBUG -Imbedtls/include -Inng/include -DNNG_STATIC_LIB     -fvisibility=hidden -fpic  -g -O2 -ffile-prefix-map=/build/reproducible-path/r-base-4.6.1=. -fstack-protector-strong -fstack-clash-protection -Wformat -Werror=format-security -fcf-protection -Wdate-time -D_FORTIFY_SOURCE=2  -c mbedtls/library/oid.c -o mbedtls/library/oid.o
x86_64-linux-gnu-gcc -Imbedtls/include -Imbedtls/library -I"/usr/share/R/include" -DNDEBUG -Imbedtls/include -Inng/include -DNNG_STATIC_LIB     -fvisibility=hidden -fpic  -g -O2 -ffile-prefix-map=/build/reproducible-path/r-base-4.6.1=. -fstack-protector-strong -fstack-clash-protection -Wformat -Werror=format-security -fcf-protection -Wdate-time -D_FORTIFY_SOURCE=2  -c mbedtls/library/pem.c -o mbedtls/library/pem.o
x86_64-linux-gnu-gcc -Imbedtls/include -Imbedtls/library -I"/usr/share/R/include" -DNDEBUG -Imbedtls/include -Inng/include -DNNG_STATIC_LIB     -fvisibility=hidden -fpic  -g -O2 -ffile-prefix-map=/build/reproducible-path/r-base-4.6.1=. -fstack-protector-strong -fstack-clash-protection -Wformat -Werror=format-security -fcf-protection -Wdate-time -D_FORTIFY_SOURCE=2  -c mbedtls/library/pk.c -o mbedtls/library/pk.o
x86_64-linux-gnu-gcc -Imbedtls/include -Imbedtls/library -I"/usr/share/R/include" -DNDEBUG -Imbedtls/include -Inng/include -DNNG_STATIC_LIB     -fvisibility=hidden -fpic  -g -O2 -ffile-prefix-map=/build/reproducible-path/r-base-4.6.1=. -fstack-protector-strong -fstack-clash-protection -Wformat -Werror=format-security -fcf-protection -Wdate-time -D_FORTIFY_SOURCE=2  -c mbedtls/library/pk_ecc.c -o mbedtls/library/pk_ecc.o
x86_64-linux-gnu-gcc -Imbedtls/include -Imbedtls/library -I"/usr/share/R/include" -DNDEBUG -Imbedtls/include -Inng/include -DNNG_STATIC_LIB     -fvisibility=hidden -fpic  -g -O2 -ffile-prefix-map=/build/reproducible-path/r-base-4.6.1=. -fstack-protector-strong -fstack-clash-protection -Wformat -Werror=format-security -fcf-protection -Wdate-time -D_FORTIFY_SOURCE=2  -c mbedtls/library/pk_wrap.c -o mbedtls/library/pk_wrap.o
x86_64-linux-gnu-gcc -Imbedtls/include -Imbedtls/library -I"/usr/share/R/include" -DNDEBUG -Imbedtls/include -Inng/include -DNNG_STATIC_LIB     -fvisibility=hidden -fpic  -g -O2 -ffile-prefix-map=/build/reproducible-path/r-base-4.6.1=. -fstack-protector-strong -fstack-clash-protection -Wformat -Werror=format-security -fcf-protection -Wdate-time -D_FORTIFY_SOURCE=2  -c mbedtls/library/pkcs12.c -o mbedtls/library/pkcs12.o
x86_64-linux-gnu-gcc -Imbedtls/include -Imbedtls/library -I"/usr/share/R/include" -DNDEBUG -Imbedtls/include -Inng/include -DNNG_STATIC_LIB     -fvisibility=hidden -fpic  -g -O2 -ffile-prefix-map=/build/reproducible-path/r-base-4.6.1=. -fstack-protector-strong -fstack-clash-protection -Wformat -Werror=format-security -fcf-protection -Wdate-time -D_FORTIFY_SOURCE=2  -c mbedtls/library/pkcs5.c -o mbedtls/library/pkcs5.o
x86_64-linux-gnu-gcc -Imbedtls/include -Imbedtls/library -I"/usr/share/R/include" -DNDEBUG -Imbedtls/include -Inng/include -DNNG_STATIC_LIB     -fvisibility=hidden -fpic  -g -O2 -ffile-prefix-map=/build/reproducible-path/r-base-4.6.1=. -fstack-protector-strong -fstack-clash-protection -Wformat -Werror=format-security -fcf-protection -Wdate-time -D_FORTIFY_SOURCE=2  -c mbedtls/library/pkparse.c -o mbedtls/library/pkparse.o
x86_64-linux-gnu-gcc -Imbedtls/include -Imbedtls/library -I"/usr/share/R/include" -DNDEBUG -Imbedtls/include -Inng/include -DNNG_STATIC_LIB     -fvisibility=hidden -fpic  -g -O2 -ffile-prefix-map=/build/reproducible-path/r-base-4.6.1=. -fstack-protector-strong -fstack-clash-protection -Wformat -Werror=format-security -fcf-protection -Wdate-time -D_FORTIFY_SOURCE=2  -c mbedtls/library/pkwrite.c -o mbedtls/library/pkwrite.o
x86_64-linux-gnu-gcc -Imbedtls/include -Imbedtls/library -I"/usr/share/R/include" -DNDEBUG -Imbedtls/include -Inng/include -DNNG_STATIC_LIB     -fvisibility=hidden -fpic  -g -O2 -ffile-prefix-map=/build/reproducible-path/r-base-4.6.1=. -fstack-protector-strong -fstack-clash-protection -Wformat -Werror=format-security -fcf-protection -Wdate-time -D_FORTIFY_SOURCE=2  -c mbedtls/library/platform.c -o mbedtls/library/platform.o
x86_64-linux-gnu-gcc -Imbedtls/include -Imbedtls/library -I"/usr/share/R/include" -DNDEBUG -Imbedtls/include -Inng/include -DNNG_STATIC_LIB     -fvisibility=hidden -fpic  -g -O2 -ffile-prefix-map=/build/reproducible-path/r-base-4.6.1=. -fstack-protector-strong -fstack-clash-protection -Wformat -Werror=format-security -fcf-protection -Wdate-time -D_FORTIFY_SOURCE=2  -c mbedtls/library/platform_util.c -o mbedtls/library/platform_util.o
x86_64-linux-gnu-gcc -Imbedtls/include -Imbedtls/library -I"/usr/share/R/include" -DNDEBUG -Imbedtls/include -Inng/include -DNNG_STATIC_LIB     -fvisibility=hidden -fpic  -g -O2 -ffile-prefix-map=/build/reproducible-path/r-base-4.6.1=. -fstack-protector-strong -fstack-clash-protection -Wformat -Werror=format-security -fcf-protection -Wdate-time -D_FORTIFY_SOURCE=2  -c mbedtls/library/poly1305.c -o mbedtls/library/poly1305.o
x86_64-linux-gnu-gcc -Imbedtls/include -Imbedtls/library -I"/usr/share/R/include" -DNDEBUG -Imbedtls/include -Inng/include -DNNG_STATIC_LIB     -fvisibility=hidden -fpic  -g -O2 -ffile-prefix-map=/build/reproducible-path/r-base-4.6.1=. -fstack-protector-strong -fstack-clash-protection -Wformat -Werror=format-security -fcf-protection -Wdate-time -D_FORTIFY_SOURCE=2  -c mbedtls/library/rsa.c -o mbedtls/library/rsa.o
x86_64-linux-gnu-gcc -Imbedtls/include -Imbedtls/library -I"/usr/share/R/include" -DNDEBUG -Imbedtls/include -Inng/include -DNNG_STATIC_LIB     -fvisibility=hidden -fpic  -g -O2 -ffile-prefix-map=/build/reproducible-path/r-base-4.6.1=. -fstack-protector-strong -fstack-clash-protection -Wformat -Werror=format-security -fcf-protection -Wdate-time -D_FORTIFY_SOURCE=2  -c mbedtls/library/rsa_alt_helpers.c -o mbedtls/library/rsa_alt_helpers.o
x86_64-linux-gnu-gcc -Imbedtls/include -Imbedtls/library -I"/usr/share/R/include" -DNDEBUG -Imbedtls/include -Inng/include -DNNG_STATIC_LIB     -fvisibility=hidden -fpic  -g -O2 -ffile-prefix-map=/build/reproducible-path/r-base-4.6.1=. -fstack-protector-strong -fstack-clash-protection -Wformat -Werror=format-security -fcf-protection -Wdate-time -D_FORTIFY_SOURCE=2  -c mbedtls/library/sha1.c -o mbedtls/library/sha1.o
x86_64-linux-gnu-gcc -Imbedtls/include -Imbedtls/library -I"/usr/share/R/include" -DNDEBUG -Imbedtls/include -Inng/include -DNNG_STATIC_LIB     -fvisibility=hidden -fpic  -g -O2 -ffile-prefix-map=/build/reproducible-path/r-base-4.6.1=. -fstack-protector-strong -fstack-clash-protection -Wformat -Werror=format-security -fcf-protection -Wdate-time -D_FORTIFY_SOURCE=2  -c mbedtls/library/sha256.c -o mbedtls/library/sha256.o
x86_64-linux-gnu-gcc -Imbedtls/include -Imbedtls/library -I"/usr/share/R/include" -DNDEBUG -Imbedtls/include -Inng/include -DNNG_STATIC_LIB     -fvisibility=hidden -fpic  -g -O2 -ffile-prefix-map=/build/reproducible-path/r-base-4.6.1=. -fstack-protector-strong -fstack-clash-protection -Wformat -Werror=format-security -fcf-protection -Wdate-time -D_FORTIFY_SOURCE=2  -c mbedtls/library/sha512.c -o mbedtls/library/sha512.o
x86_64-linux-gnu-gcc -Imbedtls/include -Imbedtls/library -I"/usr/share/R/include" -DNDEBUG -Imbedtls/include -Inng/include -DNNG_STATIC_LIB     -fvisibility=hidden -fpic  -g -O2 -ffile-prefix-map=/build/reproducible-path/r-base-4.6.1=. -fstack-protector-strong -fstack-clash-protection -Wformat -Werror=format-security -fcf-protection -Wdate-time -D_FORTIFY_SOURCE=2  -c mbedtls/library/ssl_ciphersuites.c -o mbedtls/library/ssl_ciphersuites.o
x86_64-linux-gnu-gcc -Imbedtls/include -Imbedtls/library -I"/usr/share/R/include" -DNDEBUG -Imbedtls/include -Inng/include -DNNG_STATIC_LIB     -fvisibility=hidden -fpic  -g -O2 -ffile-prefix-map=/build/reproducible-path/r-base-4.6.1=. -fstack-protector-strong -fstack-clash-protection -Wformat -Werror=format-security -fcf-protection -Wdate-time -D_FORTIFY_SOURCE=2  -c mbedtls/library/ssl_client.c -o mbedtls/library/ssl_client.o
x86_64-linux-gnu-gcc -Imbedtls/include -Imbedtls/library -I"/usr/share/R/include" -DNDEBUG -Imbedtls/include -Inng/include -DNNG_STATIC_LIB     -fvisibility=hidden -fpic  -g -O2 -ffile-prefix-map=/build/reproducible-path/r-base-4.6.1=. -fstack-protector-strong -fstack-clash-protection -Wformat -Werror=format-security -fcf-protection -Wdate-time -D_FORTIFY_SOURCE=2  -c mbedtls/library/ssl_msg.c -o mbedtls/library/ssl_msg.o
x86_64-linux-gnu-gcc -Imbedtls/include -Imbedtls/library -I"/usr/share/R/include" -DNDEBUG -Imbedtls/include -Inng/include -DNNG_STATIC_LIB     -fvisibility=hidden -fpic  -g -O2 -ffile-prefix-map=/build/reproducible-path/r-base-4.6.1=. -fstack-protector-strong -fstack-clash-protection -Wformat -Werror=format-security -fcf-protection -Wdate-time -D_FORTIFY_SOURCE=2  -c mbedtls/library/ssl_tls.c -o mbedtls/library/ssl_tls.o
x86_64-linux-gnu-gcc -Imbedtls/include -Imbedtls/library -I"/usr/share/R/include" -DNDEBUG -Imbedtls/include -Inng/include -DNNG_STATIC_LIB     -fvisibility=hidden -fpic  -g -O2 -ffile-prefix-map=/build/reproducible-path/r-base-4.6.1=. -fstack-protector-strong -fstack-clash-protection -Wformat -Werror=format-security -fcf-protection -Wdate-time -D_FORTIFY_SOURCE=2  -c mbedtls/library/ssl_tls12_client.c -o mbedtls/library/ssl_tls12_client.o
x86_64-linux-gnu-gcc -Imbedtls/include -Imbedtls/library -I"/usr/share/R/include" -DNDEBUG -Imbedtls/include -Inng/include -DNNG_STATIC_LIB     -fvisibility=hidden -fpic  -g -O2 -ffile-prefix-map=/build/reproducible-path/r-base-4.6.1=. -fstack-protector-strong -fstack-clash-protection -Wformat -Werror=format-security -fcf-protection -Wdate-time -D_FORTIFY_SOURCE=2  -c mbedtls/library/ssl_tls12_server.c -o mbedtls/library/ssl_tls12_server.o
x86_64-linux-gnu-gcc -Imbedtls/include -Imbedtls/library -I"/usr/share/R/include" -DNDEBUG -Imbedtls/include -Inng/include -DNNG_STATIC_LIB     -fvisibility=hidden -fpic  -g -O2 -ffile-prefix-map=/build/reproducible-path/r-base-4.6.1=. -fstack-protector-strong -fstack-clash-protection -Wformat -Werror=format-security -fcf-protection -Wdate-time -D_FORTIFY_SOURCE=2  -c mbedtls/library/threading.c -o mbedtls/library/threading.o
x86_64-linux-gnu-gcc -Imbedtls/include -Imbedtls/library -I"/usr/share/R/include" -DNDEBUG -Imbedtls/include -Inng/include -DNNG_STATIC_LIB     -fvisibility=hidden -fpic  -g -O2 -ffile-prefix-map=/build/reproducible-path/r-base-4.6.1=. -fstack-protector-strong -fstack-clash-protection -Wformat -Werror=format-security -fcf-protection -Wdate-time -D_FORTIFY_SOURCE=2  -c mbedtls/library/version.c -o mbedtls/library/version.o
x86_64-linux-gnu-gcc -Imbedtls/include -Imbedtls/library -I"/usr/share/R/include" -DNDEBUG -Imbedtls/include -Inng/include -DNNG_STATIC_LIB     -fvisibility=hidden -fpic  -g -O2 -ffile-prefix-map=/build/reproducible-path/r-base-4.6.1=. -fstack-protector-strong -fstack-clash-protection -Wformat -Werror=format-security -fcf-protection -Wdate-time -D_FORTIFY_SOURCE=2  -c mbedtls/library/x509.c -o mbedtls/library/x509.o
x86_64-linux-gnu-gcc -Imbedtls/include -Imbedtls/library -I"/usr/share/R/include" -DNDEBUG -Imbedtls/include -Inng/include -DNNG_STATIC_LIB     -fvisibility=hidden -fpic  -g -O2 -ffile-prefix-map=/build/reproducible-path/r-base-4.6.1=. -fstack-protector-strong -fstack-clash-protection -Wformat -Werror=format-security -fcf-protection -Wdate-time -D_FORTIFY_SOURCE=2  -c mbedtls/library/x509_create.c -o mbedtls/library/x509_create.o
x86_64-linux-gnu-gcc -Imbedtls/include -Imbedtls/library -I"/usr/share/R/include" -DNDEBUG -Imbedtls/include -Inng/include -DNNG_STATIC_LIB     -fvisibility=hidden -fpic  -g -O2 -ffile-prefix-map=/build/reproducible-path/r-base-4.6.1=. -fstack-protector-strong -fstack-clash-protection -Wformat -Werror=format-security -fcf-protection -Wdate-time -D_FORTIFY_SOURCE=2  -c mbedtls/library/x509_crl.c -o mbedtls/library/x509_crl.o
x86_64-linux-gnu-gcc -Imbedtls/include -Imbedtls/library -I"/usr/share/R/include" -DNDEBUG -Imbedtls/include -Inng/include -DNNG_STATIC_LIB     -fvisibility=hidden -fpic  -g -O2 -ffile-prefix-map=/build/reproducible-path/r-base-4.6.1=. -fstack-protector-strong -fstack-clash-protection -Wformat -Werror=format-security -fcf-protection -Wdate-time -D_FORTIFY_SOURCE=2  -c mbedtls/library/x509_crt.c -o mbedtls/library/x509_crt.o
x86_64-linux-gnu-gcc -Imbedtls/include -Imbedtls/library -I"/usr/share/R/include" -DNDEBUG -Imbedtls/include -Inng/include -DNNG_STATIC_LIB     -fvisibility=hidden -fpic  -g -O2 -ffile-prefix-map=/build/reproducible-path/r-base-4.6.1=. -fstack-protector-strong -fstack-clash-protection -Wformat -Werror=format-security -fcf-protection -Wdate-time -D_FORTIFY_SOURCE=2  -c mbedtls/library/x509_csr.c -o mbedtls/library/x509_csr.o
x86_64-linux-gnu-gcc -Imbedtls/include -Imbedtls/library -I"/usr/share/R/include" -DNDEBUG -Imbedtls/include -Inng/include -DNNG_STATIC_LIB     -fvisibility=hidden -fpic  -g -O2 -ffile-prefix-map=/build/reproducible-path/r-base-4.6.1=. -fstack-protector-strong -fstack-clash-protection -Wformat -Werror=format-security -fcf-protection -Wdate-time -D_FORTIFY_SOURCE=2  -c mbedtls/library/x509write.c -o mbedtls/library/x509write.o
x86_64-linux-gnu-gcc -Imbedtls/include -Imbedtls/library -I"/usr/share/R/include" -DNDEBUG -Imbedtls/include -Inng/include -DNNG_STATIC_LIB     -fvisibility=hidden -fpic  -g -O2 -ffile-prefix-map=/build/reproducible-path/r-base-4.6.1=. -fstack-protector-strong -fstack-clash-protection -Wformat -Werror=format-security -fcf-protection -Wdate-time -D_FORTIFY_SOURCE=2  -c mbedtls/library/x509write_crt.c -o mbedtls/library/x509write_crt.o
x86_64-linux-gnu-gcc -shared -L/usr/lib/R/lib -Wl,-z,relro -o nanonext.so aio.o comms.o core.o dispatcher.o init.o ncurl.o net.o proto.o server.o sync.o thread.o tls.o utils.o nng/src/core/aio.o nng/src/core/device.o nng/src/core/dialer.o nng/src/core/file.o nng/src/core/idhash.o nng/src/core/init.o nng/src/core/list.o nng/src/core/listener.o nng/src/core/lmq.o nng/src/core/message.o nng/src/core/msgqueue.o nng/src/core/options.o nng/src/core/panic.o nng/src/core/pipe.o nng/src/core/pollable.o nng/src/core/reap.o nng/src/core/sockaddr.o nng/src/core/socket.o nng/src/core/sockfd.o nng/src/core/stats.o nng/src/core/stream.o nng/src/core/strs.o nng/src/core/taskq.o nng/src/core/tcp.o nng/src/core/thread.o nng/src/core/url.o nng/src/nng.o nng/src/sp/protocol.o nng/src/sp/protocol/bus0/bus.o nng/src/sp/protocol/pair0/pair.o nng/src/sp/protocol/pair1/pair.o nng/src/sp/protocol/pair1/pair1_poly.o nng/src/sp/protocol/pipeline0/pull.o nng/src/sp/protocol/pipeline0/push.o nng/src/sp/protocol/pubsub0/pub.o nng/src/sp/protocol/pubsub0/sub.o nng/src/sp/protocol/pubsub0/xsub.o nng/src/sp/protocol/reqrep0/rep.o nng/src/sp/protocol/reqrep0/req.o nng/src/sp/protocol/reqrep0/xrep.o nng/src/sp/protocol/reqrep0/xreq.o nng/src/sp/protocol/survey0/respond.o nng/src/sp/protocol/survey0/survey.o nng/src/sp/protocol/survey0/xrespond.o nng/src/sp/protocol/survey0/xsurvey.o nng/src/sp/transport.o nng/src/sp/transport/inproc/inproc.o nng/src/sp/transport/ipc/ipc.o nng/src/sp/transport/socket/sockfd.o nng/src/sp/transport/tcp/tcp.o nng/src/sp/transport/tls/tls.o nng/src/sp/transport/ws/websocket.o nng/src/supplemental/base64/base64.o nng/src/supplemental/http/http_chunk.o nng/src/supplemental/http/http_client.o nng/src/supplemental/http/http_conn.o nng/src/supplemental/http/http_msg.o nng/src/supplemental/http/http_public.o nng/src/supplemental/http/http_schemes.o nng/src/supplemental/http/http_server.o nng/src/supplemental/sha1/sha1.o nng/src/supplemental/tls/mbedtls/tls.o nng/src/supplemental/tls/tls_common.o nng/src/supplemental/websocket/websocket.o nng/src/platform/posix/posix_alloc.o nng/src/platform/posix/posix_atomic.o nng/src/platform/posix/posix_clock.o nng/src/platform/posix/posix_debug.o nng/src/platform/posix/posix_file.o nng/src/platform/posix/posix_ipcconn.o nng/src/platform/posix/posix_ipcdial.o nng/src/platform/posix/posix_ipclisten.o nng/src/platform/posix/posix_peerid.o nng/src/platform/posix/posix_pipe.o nng/src/platform/posix/posix_resolv_gai.o nng/src/platform/posix/posix_sockaddr.o nng/src/platform/posix/posix_socketpair.o nng/src/platform/posix/posix_sockfd.o nng/src/platform/posix/posix_tcpconn.o nng/src/platform/posix/posix_tcpdial.o nng/src/platform/posix/posix_tcplisten.o nng/src/platform/posix/posix_thread.o nng/src/platform/posix/posix_udp.o nng/src/platform/posix/posix_pollq_epoll.o nng/src/platform/posix/posix_rand_arc4random.o mbedtls/library/aes.o mbedtls/library/aesce.o mbedtls/library/aesni.o mbedtls/library/asn1parse.o mbedtls/library/asn1write.o mbedtls/library/base64.o mbedtls/library/bignum.o mbedtls/library/bignum_core.o mbedtls/library/ccm.o mbedtls/library/chacha20.o mbedtls/library/chachapoly.o mbedtls/library/cipher.o mbedtls/library/cipher_wrap.o mbedtls/library/constant_time.o mbedtls/library/ctr_drbg.o mbedtls/library/des.o mbedtls/library/ecdh.o mbedtls/library/ecdsa.o mbedtls/library/ecp.o mbedtls/library/ecp_curves.o mbedtls/library/entropy.o mbedtls/library/entropy_poll.o mbedtls/library/error.o mbedtls/library/gcm.o mbedtls/library/md.o mbedtls/library/md5.o mbedtls/library/oid.o mbedtls/library/pem.o mbedtls/library/pk.o mbedtls/library/pk_ecc.o mbedtls/library/pk_wrap.o mbedtls/library/pkcs12.o mbedtls/library/pkcs5.o mbedtls/library/pkparse.o mbedtls/library/pkwrite.o mbedtls/library/platform.o mbedtls/library/platform_util.o mbedtls/library/poly1305.o mbedtls/library/rsa.o mbedtls/library/rsa_alt_helpers.o mbedtls/library/sha1.o mbedtls/library/sha256.o mbedtls/library/sha512.o mbedtls/library/ssl_ciphersuites.o mbedtls/library/ssl_client.o mbedtls/library/ssl_msg.o mbedtls/library/ssl_tls.o mbedtls/library/ssl_tls12_client.o mbedtls/library/ssl_tls12_server.o mbedtls/library/threading.o mbedtls/library/version.o mbedtls/library/x509.o mbedtls/library/x509_create.o mbedtls/library/x509_crl.o mbedtls/library/x509_crt.o mbedtls/library/x509_csr.o mbedtls/library/x509write.o mbedtls/library/x509write_crt.o -lpthread -latomic -L/usr/lib/R/lib -lR
make[1]: Leaving directory '/tmp/Rtmppl78KI/R.INSTALLbd07dc6170f/nanonext/src'
installing to /work/attic/cnf_verify3/review_semantics/r46-library/00LOCK-nanonext/00new/nanonext/libs
** R
** inst
** byte-compile and prepare package for lazy loading
** help
*** installing help indices
*** copying figures
** building package indices
** installing vignettes
** testing if installed package can be loaded from temporary location
** checking absolute paths in shared objects and dynamic libraries
** testing if installed package can be loaded from final location
** testing if installed package keeps a record of temporary installation path
* DONE (nanonext)
begin installing package ‘mirai’
* installing *source* package ‘mirai’ ...
** this is package ‘mirai’ version ‘2.7.2’
** package ‘mirai’ successfully unpacked and MD5 sums checked
** using staged installation
** R
** inst
** byte-compile and prepare package for lazy loading
** help
*** installing help indices
*** copying figures
** building package indices
** installing vignettes
** testing if installed package can be loaded from temporary location
** testing if installed package can be loaded from final location
** testing if installed package keeps a record of temporary installation path
* DONE (mirai)
* installing *source* package ‘mlr3misc’ ...
** this is package ‘mlr3misc’ version ‘0.23.0’
** package ‘mlr3misc’ successfully unpacked and MD5 sums checked
** using staged installation
** libs
using C compiler: ‘x86_64-linux-gnu-gcc (Debian 15.3.0-1) 15.3.0’
make[1]: Entering directory '/tmp/RtmpUtnNAb/R.INSTALL1f0973b5d5c7/mlr3misc/src'
x86_64-linux-gnu-gcc -I"/usr/share/R/include" -DNDEBUG       -fpic  -g -O2 -ffile-prefix-map=/build/reproducible-path/r-base-4.6.1=. -fstack-protector-strong -fstack-clash-protection -Wformat -Werror=format-security -fcf-protection -Wdate-time -D_FORTIFY_SOURCE=2  -c count_missing.c -o count_missing.o
x86_64-linux-gnu-gcc -I"/usr/share/R/include" -DNDEBUG       -fpic  -g -O2 -ffile-prefix-map=/build/reproducible-path/r-base-4.6.1=. -fstack-protector-strong -fstack-clash-protection -Wformat -Werror=format-security -fcf-protection -Wdate-time -D_FORTIFY_SOURCE=2  -c init.c -o init.o
x86_64-linux-gnu-gcc -I"/usr/share/R/include" -DNDEBUG       -fpic  -g -O2 -ffile-prefix-map=/build/reproducible-path/r-base-4.6.1=. -fstack-protector-strong -fstack-clash-protection -Wformat -Werror=format-security -fcf-protection -Wdate-time -D_FORTIFY_SOURCE=2  -c keep_in_bounds.c -o keep_in_bounds.o
x86_64-linux-gnu-gcc -I"/usr/share/R/include" -DNDEBUG       -fpic  -g -O2 -ffile-prefix-map=/build/reproducible-path/r-base-4.6.1=. -fstack-protector-strong -fstack-clash-protection -Wformat -Werror=format-security -fcf-protection -Wdate-time -D_FORTIFY_SOURCE=2  -c to_decimal.c -o to_decimal.o
x86_64-linux-gnu-gcc -I"/usr/share/R/include" -DNDEBUG       -fpic  -g -O2 -ffile-prefix-map=/build/reproducible-path/r-base-4.6.1=. -fstack-protector-strong -fstack-clash-protection -Wformat -Werror=format-security -fcf-protection -Wdate-time -D_FORTIFY_SOURCE=2  -c which_max.c -o which_max.o
x86_64-linux-gnu-gcc -shared -L/usr/lib/R/lib -Wl,-z,relro -o mlr3misc.so count_missing.o init.o keep_in_bounds.o to_decimal.o which_max.o -L/usr/lib/R/lib -lR
make[1]: Leaving directory '/tmp/RtmpUtnNAb/R.INSTALL1f0973b5d5c7/mlr3misc/src'
installing to /work/attic/cnf_verify3/review_semantics/r46-library/00LOCK-mlr3misc/00new/mlr3misc/libs
** R
** byte-compile and prepare package for lazy loading
** help
*** installing help indices
*** copying figures
** building package indices
** testing if installed package can be loaded from temporary location
** checking absolute paths in shared objects and dynamic libraries
** testing if installed package can be loaded from final location
** testing if installed package keeps a record of temporary installation path
* DONE (mlr3misc)
begin installing package ‘mlr3measures’
begin installing package ‘paradox’
* installing *source* package ‘mlr3measures’ ...
** this is package ‘mlr3measures’ version ‘1.3.0’
** package ‘mlr3measures’ successfully unpacked and MD5 sums checked
** using staged installation
** R
** byte-compile and prepare package for lazy loading
** help
*** installing help indices
** building package indices
** testing if installed package can be loaded from temporary location
** testing if installed package can be loaded from final location
** testing if installed package keeps a record of temporary installation path
* DONE (mlr3measures)
* installing *source* package ‘paradox’ ...
** this is package ‘paradox’ version ‘1.0.1’
** package ‘paradox’ successfully unpacked and MD5 sums checked
** using staged installation
** R
** inst
** byte-compile and prepare package for lazy loading
** help
*** installing help indices
** building package indices
** installing vignettes
** testing if installed package can be loaded from temporary location
** testing if installed package can be loaded from final location
** testing if installed package keeps a record of temporary installation path
* DONE (paradox)
begin installing package ‘mlr3’
* installing *source* package ‘mlr3’ ...
** this is package ‘mlr3’ version ‘1.8.0’
** package ‘mlr3’ successfully unpacked and MD5 sums checked
** using staged installation
** R
** inst
** byte-compile and prepare package for lazy loading
** help
*** installing help indices
*** copying figures
** building package indices
** testing if installed package can be loaded from temporary location
** testing if installed package can be loaded from final location
** testing if installed package keeps a record of temporary installation path
* DONE (mlr3)
           Package      Version
backports  "backports"  "1.5.1"
checkmate  "checkmate"  "2.3.4"
cli        "cli"        "3.6.6"
data.table "data.table" "1.18.6.1"
digest     "digest"     "0.6.39"
lgr        "lgr"        "0.5.2"
mlr3       "mlr3"       "1.8.0"
mlr3misc   "mlr3misc"   "0.23.0"
paradox    "paradox"    "1.0.1"
R6         "R6"         "2.6.1"
mlbench    "mlbench"    "2.1-11"
devtools   "devtools"   "2.4.6"
testthat   "testthat"   "3.3.2"
           LibPath
backports  "/work/attic/cnf_verify3/representation/r46-library"
checkmate  "/work/attic/cnf_verify3/representation/r46-library"
cli        "/usr/lib/R/site-library"
data.table "/work/attic/cnf_verify3/review_semantics/r46-library"
digest     "/usr/lib/R/site-library"
lgr        "/work/attic/cnf_verify3/review_semantics/r46-library"
mlr3       "/work/attic/cnf_verify3/review_semantics/r46-library"
mlr3misc   "/work/attic/cnf_verify3/review_semantics/r46-library"
paradox    "/work/attic/cnf_verify3/review_semantics/r46-library"
R6         "/usr/lib/R/site-library"
mlbench    "/work/attic/cnf_verify3/review_semantics/r46-library"
devtools   "/usr/lib/R/site-library"
testthat   "/usr/lib/R/site-library"
           Built
backports  "R 4.6.1; x86_64-pc-linux-gnu; 2026-09-06 09:41:45 UTC; unix"
checkmate  "R 4.6.1; x86_64-pc-linux-gnu; 2026-09-06 09:41:48 UTC; unix"
cli        "R 4.6.0; x86_64-pc-linux-gnu; 'Thu, 23 Apr 2026 16:08:08 +0900'; unix"
data.table "R 4.6.1; x86_64-pc-linux-gnu; 2026-09-06 12:29:53 UTC; unix"
digest     "R 4.5.2; x86_64-pc-linux-gnu; 'Wed, 19 Nov 2025 14:19:06 -0600'; unix"
lgr        "R 4.6.1; ; 2026-09-06 12:29:55 UTC; unix"
mlr3       "R 4.6.1; ; 2026-09-06 12:30:48 UTC; unix"
mlr3misc   "R 4.6.1; x86_64-pc-linux-gnu; 2026-09-06 12:30:34 UTC; unix"
paradox    "R 4.6.1; ; 2026-09-06 12:30:41 UTC; unix"
R6         "R 4.5.3; ; 'Thu, 12 Mar 2026 12:37:58 +0900'; unix"
mlbench    "R 4.6.1; x86_64-pc-linux-gnu; 2026-09-06 12:29:56 UTC; unix"
devtools   "R 4.5.2; ; 'Mon, 02 Mar 2026 08:49:22 +0900'; unix"
testthat   "R 4.6.1; x86_64-pc-linux-gnu; 'Thu, 06 Aug 2026 11:55:06 +0900'; unix"
All DESCRIPTION imports, devtools, and testthat load successfully.
