"group","case","comparison","locale","expected","original","candidate","guarded"
"atom",1,"forward_equal","C",TRUE,TRUE,TRUE,TRUE
"atom",1,"reverse_equal","C",TRUE,TRUE,TRUE,TRUE
"atom",1,"reflexivity","C",TRUE,TRUE,TRUE,TRUE
"atom",1,"unequal_control","C",FALSE,FALSE,FALSE,FALSE
"atom",2,"forward_equal","C",TRUE,TRUE,TRUE,TRUE
"atom",2,"reverse_equal","C",TRUE,TRUE,TRUE,TRUE
"atom",2,"reflexivity","C",TRUE,TRUE,TRUE,TRUE
"atom",2,"unequal_control","C",FALSE,FALSE,FALSE,FALSE
"atom",3,"forward_equal","C",TRUE,TRUE,TRUE,TRUE
"atom",3,"reverse_equal","C",TRUE,TRUE,TRUE,TRUE
"atom",3,"reflexivity","C",TRUE,TRUE,TRUE,TRUE
"atom",3,"unequal_control","C",FALSE,FALSE,FALSE,FALSE
"atom",4,"forward_equal","C",TRUE,TRUE,TRUE,TRUE
"atom",4,"reverse_equal","C",TRUE,TRUE,TRUE,TRUE
"atom",4,"reflexivity","C",TRUE,TRUE,TRUE,TRUE
"atom",4,"unequal_control","C",FALSE,FALSE,FALSE,FALSE
"atom",5,"forward_equal","C",TRUE,TRUE,TRUE,TRUE
"atom",5,"reverse_equal","C",TRUE,TRUE,TRUE,TRUE
"atom",5,"reflexivity","C",TRUE,TRUE,TRUE,TRUE
"atom",5,"unequal_control","C",FALSE,FALSE,FALSE,FALSE
"atom",6,"forward_equal","C",TRUE,TRUE,TRUE,TRUE
"atom",6,"reverse_equal","C",TRUE,TRUE,TRUE,TRUE
"atom",6,"reflexivity","C",TRUE,TRUE,TRUE,TRUE
"atom",6,"unequal_control","C",FALSE,FALSE,FALSE,FALSE
"atom",7,"forward_equal","C",TRUE,TRUE,TRUE,TRUE
"atom",7,"reverse_equal","C",TRUE,TRUE,TRUE,TRUE
"atom",7,"reflexivity","C",TRUE,TRUE,TRUE,TRUE
"atom",7,"unequal_control","C",FALSE,FALSE,FALSE,FALSE
"atom",8,"forward_equal","C",TRUE,TRUE,TRUE,TRUE
"atom",8,"reverse_equal","C",TRUE,TRUE,TRUE,TRUE
"atom",8,"reflexivity","C",TRUE,TRUE,TRUE,TRUE
"atom",8,"unequal_control","C",FALSE,FALSE,FALSE,FALSE
"atom",9,"forward_equal","C",TRUE,TRUE,TRUE,TRUE
"atom",9,"reverse_equal","C",TRUE,TRUE,TRUE,TRUE
"atom",9,"reflexivity","C",TRUE,TRUE,TRUE,TRUE
"atom",9,"unequal_control","C",FALSE,FALSE,FALSE,FALSE
"atom",10,"forward_equal","C",TRUE,TRUE,TRUE,TRUE
"atom",10,"reverse_equal","C",TRUE,TRUE,TRUE,TRUE
"atom",10,"reflexivity","C",TRUE,TRUE,TRUE,TRUE
"atom",10,"unequal_control","C",FALSE,FALSE,FALSE,FALSE
"atom",11,"forward_equal","C",TRUE,TRUE,TRUE,TRUE
"atom",11,"reverse_equal","C",TRUE,TRUE,TRUE,TRUE
"atom",11,"reflexivity","C",TRUE,TRUE,TRUE,TRUE
"atom",11,"unequal_control","C",FALSE,FALSE,FALSE,FALSE
"atom",12,"forward_equal","C",TRUE,TRUE,TRUE,TRUE
"atom",12,"reverse_equal","C",TRUE,TRUE,TRUE,TRUE
"atom",12,"reflexivity","C",TRUE,TRUE,TRUE,TRUE
"atom",12,"unequal_control","C",FALSE,FALSE,FALSE,FALSE
"atom",13,"forward_equal","C",TRUE,TRUE,TRUE,TRUE
"atom",13,"reverse_equal","C",TRUE,TRUE,TRUE,TRUE
"atom",13,"reflexivity","C",TRUE,TRUE,TRUE,TRUE
"atom",13,"unequal_control","C",FALSE,FALSE,FALSE,FALSE
"atom",14,"forward_equal","C",TRUE,TRUE,TRUE,TRUE
"atom",14,"reverse_equal","C",TRUE,TRUE,TRUE,TRUE
"atom",14,"reflexivity","C",TRUE,TRUE,TRUE,TRUE
"atom",14,"unequal_control","C",FALSE,FALSE,FALSE,FALSE
"atom",15,"forward_equal","C",TRUE,TRUE,TRUE,TRUE
"atom",15,"reverse_equal","C",TRUE,TRUE,TRUE,TRUE
"atom",15,"reflexivity","C",TRUE,TRUE,TRUE,TRUE
"atom",15,"unequal_control","C",FALSE,FALSE,FALSE,FALSE
"atom",16,"forward_equal","C",TRUE,TRUE,TRUE,TRUE
"atom",16,"reverse_equal","C",TRUE,TRUE,TRUE,TRUE
"atom",16,"reflexivity","C",TRUE,TRUE,TRUE,TRUE
"atom",16,"unequal_control","C",FALSE,FALSE,FALSE,FALSE
"atom",17,"forward_equal","C",TRUE,TRUE,TRUE,TRUE
"atom",17,"reverse_equal","C",TRUE,TRUE,TRUE,TRUE
"atom",17,"reflexivity","C",TRUE,TRUE,TRUE,TRUE
"atom",17,"unequal_control","C",FALSE,FALSE,FALSE,FALSE
"atom",18,"forward_equal","C",TRUE,TRUE,TRUE,TRUE
"atom",18,"reverse_equal","C",TRUE,TRUE,TRUE,TRUE
"atom",18,"reflexivity","C",TRUE,TRUE,TRUE,TRUE
"atom",18,"unequal_control","C",FALSE,FALSE,FALSE,FALSE
"atom",19,"forward_equal","C",TRUE,TRUE,TRUE,TRUE
"atom",19,"reverse_equal","C",TRUE,TRUE,TRUE,TRUE
"atom",19,"reflexivity","C",TRUE,TRUE,TRUE,TRUE
"atom",19,"unequal_control","C",FALSE,FALSE,FALSE,FALSE
"atom",20,"forward_equal","C",TRUE,TRUE,TRUE,TRUE
"atom",20,"reverse_equal","C",TRUE,TRUE,TRUE,TRUE
"atom",20,"reflexivity","C",TRUE,TRUE,TRUE,TRUE
"atom",20,"unequal_control","C",FALSE,FALSE,FALSE,FALSE
"atom",21,"forward_equal","C",TRUE,TRUE,TRUE,TRUE
"atom",21,"reverse_equal","C",TRUE,TRUE,TRUE,TRUE
"atom",21,"reflexivity","C",TRUE,TRUE,TRUE,TRUE
"atom",21,"unequal_control","C",FALSE,FALSE,FALSE,FALSE
"atom",22,"forward_equal","C",TRUE,TRUE,TRUE,TRUE
"atom",22,"reverse_equal","C",TRUE,TRUE,TRUE,TRUE
"atom",22,"reflexivity","C",TRUE,TRUE,TRUE,TRUE
"atom",22,"unequal_control","C",FALSE,FALSE,FALSE,FALSE
"atom",23,"forward_equal","C",TRUE,TRUE,TRUE,TRUE
"atom",23,"reverse_equal","C",TRUE,TRUE,TRUE,TRUE
"atom",23,"reflexivity","C",TRUE,TRUE,TRUE,TRUE
"atom",23,"unequal_control","C",FALSE,FALSE,FALSE,FALSE
"atom",24,"forward_equal","C",TRUE,TRUE,TRUE,TRUE
"atom",24,"reverse_equal","C",TRUE,TRUE,TRUE,TRUE
"atom",24,"reflexivity","C",TRUE,TRUE,TRUE,TRUE
"atom",24,"unequal_control","C",FALSE,FALSE,FALSE,FALSE
"atom",25,"forward_equal","C",TRUE,TRUE,TRUE,TRUE
"atom",25,"reverse_equal","C",TRUE,TRUE,TRUE,TRUE
"atom",25,"reflexivity","C",TRUE,TRUE,TRUE,TRUE
"atom",25,"unequal_control","C",FALSE,FALSE,FALSE,FALSE
"atom",26,"forward_equal","C",TRUE,TRUE,TRUE,TRUE
"atom",26,"reverse_equal","C",TRUE,TRUE,TRUE,TRUE
"atom",26,"reflexivity","C",TRUE,TRUE,TRUE,TRUE
"atom",26,"unequal_control","C",FALSE,FALSE,FALSE,FALSE
"atom",27,"forward_equal","C",TRUE,TRUE,TRUE,TRUE
"atom",27,"reverse_equal","C",TRUE,TRUE,TRUE,TRUE
"atom",27,"reflexivity","C",TRUE,TRUE,TRUE,TRUE
"atom",27,"unequal_control","C",FALSE,FALSE,FALSE,FALSE
"atom",28,"forward_equal","C",TRUE,TRUE,TRUE,TRUE
"atom",28,"reverse_equal","C",TRUE,TRUE,TRUE,TRUE
"atom",28,"reflexivity","C",TRUE,TRUE,TRUE,TRUE
"atom",28,"unequal_control","C",FALSE,FALSE,FALSE,FALSE
"atom",29,"forward_equal","C",TRUE,TRUE,TRUE,TRUE
"atom",29,"reverse_equal","C",TRUE,TRUE,TRUE,TRUE
"atom",29,"reflexivity","C",TRUE,TRUE,TRUE,TRUE
"atom",29,"unequal_control","C",FALSE,FALSE,FALSE,FALSE
"atom",30,"forward_equal","C",TRUE,TRUE,TRUE,TRUE
"atom",30,"reverse_equal","C",TRUE,TRUE,TRUE,TRUE
"atom",30,"reflexivity","C",TRUE,TRUE,TRUE,TRUE
"atom",30,"unequal_control","C",FALSE,FALSE,FALSE,FALSE
"atom",31,"forward_equal","C",TRUE,TRUE,TRUE,TRUE
"atom",31,"reverse_equal","C",TRUE,TRUE,TRUE,TRUE
"atom",31,"reflexivity","C",TRUE,TRUE,TRUE,TRUE
"atom",31,"unequal_control","C",FALSE,FALSE,FALSE,FALSE
"atom",32,"forward_equal","C",TRUE,TRUE,TRUE,TRUE
"atom",32,"reverse_equal","C",TRUE,TRUE,TRUE,TRUE
"atom",32,"reflexivity","C",TRUE,TRUE,TRUE,TRUE
"atom",32,"unequal_control","C",FALSE,FALSE,FALSE,FALSE
"atom",33,"forward_equal","C",TRUE,TRUE,TRUE,TRUE
"atom",33,"reverse_equal","C",TRUE,TRUE,TRUE,TRUE
"atom",33,"reflexivity","C",TRUE,TRUE,TRUE,TRUE
"atom",33,"unequal_control","C",FALSE,FALSE,FALSE,FALSE
"atom",34,"forward_equal","C",TRUE,TRUE,TRUE,TRUE
"atom",34,"reverse_equal","C",TRUE,TRUE,TRUE,TRUE
"atom",34,"reflexivity","C",TRUE,TRUE,TRUE,TRUE
"atom",34,"unequal_control","C",FALSE,FALSE,FALSE,FALSE
"atom",35,"forward_equal","C",TRUE,TRUE,TRUE,TRUE
"atom",35,"reverse_equal","C",TRUE,TRUE,TRUE,TRUE
"atom",35,"reflexivity","C",TRUE,TRUE,TRUE,TRUE
"atom",35,"unequal_control","C",FALSE,FALSE,FALSE,FALSE
"atom",36,"forward_equal","C",TRUE,TRUE,TRUE,TRUE
"atom",36,"reverse_equal","C",TRUE,TRUE,TRUE,TRUE
"atom",36,"reflexivity","C",TRUE,TRUE,TRUE,TRUE
"atom",36,"unequal_control","C",FALSE,FALSE,FALSE,FALSE
"atom",37,"forward_equal","C",TRUE,TRUE,TRUE,TRUE
"atom",37,"reverse_equal","C",TRUE,TRUE,TRUE,TRUE
"atom",37,"reflexivity","C",TRUE,TRUE,TRUE,TRUE
"atom",37,"unequal_control","C",FALSE,FALSE,FALSE,FALSE
"atom",38,"forward_equal","C",TRUE,TRUE,TRUE,TRUE
"atom",38,"reverse_equal","C",TRUE,TRUE,TRUE,TRUE
"atom",38,"reflexivity","C",TRUE,TRUE,TRUE,TRUE
"atom",38,"unequal_control","C",FALSE,FALSE,FALSE,FALSE
"atom",39,"forward_equal","C",TRUE,TRUE,TRUE,TRUE
"atom",39,"reverse_equal","C",TRUE,TRUE,TRUE,TRUE
"atom",39,"reflexivity","C",TRUE,TRUE,TRUE,TRUE
"atom",39,"unequal_control","C",FALSE,FALSE,FALSE,FALSE
"atom",40,"forward_equal","C",TRUE,TRUE,TRUE,TRUE
"atom",40,"reverse_equal","C",TRUE,TRUE,TRUE,TRUE
"atom",40,"reflexivity","C",TRUE,TRUE,TRUE,TRUE
"atom",40,"unequal_control","C",FALSE,FALSE,FALSE,FALSE
"atom",41,"forward_equal","C",TRUE,TRUE,TRUE,TRUE
"atom",41,"reverse_equal","C",TRUE,TRUE,TRUE,TRUE
"atom",41,"reflexivity","C",TRUE,TRUE,TRUE,TRUE
"atom",41,"unequal_control","C",FALSE,FALSE,FALSE,FALSE
"atom",42,"forward_equal","C",TRUE,TRUE,TRUE,TRUE
"atom",42,"reverse_equal","C",TRUE,TRUE,TRUE,TRUE
"atom",42,"reflexivity","C",TRUE,TRUE,TRUE,TRUE
"atom",42,"unequal_control","C",FALSE,FALSE,FALSE,FALSE
"atom",43,"forward_equal","C",TRUE,TRUE,TRUE,TRUE
"atom",43,"reverse_equal","C",TRUE,TRUE,TRUE,TRUE
"atom",43,"reflexivity","C",TRUE,TRUE,TRUE,TRUE
"atom",43,"unequal_control","C",FALSE,FALSE,FALSE,FALSE
"atom",44,"forward_equal","C",TRUE,TRUE,TRUE,TRUE
"atom",44,"reverse_equal","C",TRUE,TRUE,TRUE,TRUE
"atom",44,"reflexivity","C",TRUE,TRUE,TRUE,TRUE
"atom",44,"unequal_control","C",FALSE,FALSE,FALSE,FALSE
"atom",45,"forward_equal","C",TRUE,TRUE,TRUE,TRUE
"atom",45,"reverse_equal","C",TRUE,TRUE,TRUE,TRUE
"atom",45,"reflexivity","C",TRUE,TRUE,TRUE,TRUE
"atom",45,"unequal_control","C",FALSE,FALSE,FALSE,FALSE
"atom",46,"forward_equal","C",TRUE,TRUE,TRUE,TRUE
"atom",46,"reverse_equal","C",TRUE,TRUE,TRUE,TRUE
"atom",46,"reflexivity","C",TRUE,TRUE,TRUE,TRUE
"atom",46,"unequal_control","C",FALSE,FALSE,FALSE,FALSE
"atom",47,"forward_equal","C",TRUE,TRUE,TRUE,TRUE
"atom",47,"reverse_equal","C",TRUE,TRUE,TRUE,TRUE
"atom",47,"reflexivity","C",TRUE,TRUE,TRUE,TRUE
"atom",47,"unequal_control","C",FALSE,FALSE,FALSE,FALSE
"atom",48,"forward_equal","C",TRUE,TRUE,TRUE,TRUE
"atom",48,"reverse_equal","C",TRUE,TRUE,TRUE,TRUE
"atom",48,"reflexivity","C",TRUE,TRUE,TRUE,TRUE
"atom",48,"unequal_control","C",FALSE,FALSE,FALSE,FALSE
"atom",49,"forward_equal","C",TRUE,TRUE,TRUE,TRUE
"atom",49,"reverse_equal","C",TRUE,TRUE,TRUE,TRUE
"atom",49,"reflexivity","C",TRUE,TRUE,TRUE,TRUE
"atom",49,"unequal_control","C",FALSE,FALSE,FALSE,FALSE
"atom",50,"forward_equal","C",TRUE,TRUE,TRUE,TRUE
"atom",50,"reverse_equal","C",TRUE,TRUE,TRUE,TRUE
"atom",50,"reflexivity","C",TRUE,TRUE,TRUE,TRUE
"atom",50,"unequal_control","C",FALSE,FALSE,FALSE,FALSE
"atom",51,"forward_equal","C",TRUE,TRUE,TRUE,TRUE
"atom",51,"reverse_equal","C",TRUE,TRUE,TRUE,TRUE
"atom",51,"reflexivity","C",TRUE,TRUE,TRUE,TRUE
"atom",51,"unequal_control","C",FALSE,FALSE,FALSE,FALSE
"atom",52,"forward_equal","C",TRUE,TRUE,TRUE,TRUE
"atom",52,"reverse_equal","C",TRUE,TRUE,TRUE,TRUE
"atom",52,"reflexivity","C",TRUE,TRUE,TRUE,TRUE
"atom",52,"unequal_control","C",FALSE,FALSE,FALSE,FALSE
"atom",53,"forward_equal","C",TRUE,TRUE,TRUE,TRUE
"atom",53,"reverse_equal","C",TRUE,TRUE,TRUE,TRUE
"atom",53,"reflexivity","C",TRUE,TRUE,TRUE,TRUE
"atom",53,"unequal_control","C",FALSE,FALSE,FALSE,FALSE
"atom",54,"forward_equal","C",TRUE,TRUE,TRUE,TRUE
"atom",54,"reverse_equal","C",TRUE,TRUE,TRUE,TRUE
"atom",54,"reflexivity","C",TRUE,TRUE,TRUE,TRUE
"atom",54,"unequal_control","C",FALSE,FALSE,FALSE,FALSE
"atom",55,"forward_equal","C",TRUE,TRUE,TRUE,TRUE
"atom",55,"reverse_equal","C",TRUE,TRUE,TRUE,TRUE
"atom",55,"reflexivity","C",TRUE,TRUE,TRUE,TRUE
"atom",55,"unequal_control","C",FALSE,FALSE,FALSE,FALSE
"atom",56,"forward_equal","C",TRUE,TRUE,TRUE,TRUE
"atom",56,"reverse_equal","C",TRUE,TRUE,TRUE,TRUE
"atom",56,"reflexivity","C",TRUE,TRUE,TRUE,TRUE
"atom",56,"unequal_control","C",FALSE,FALSE,FALSE,FALSE
"atom",57,"forward_equal","C",TRUE,TRUE,TRUE,TRUE
"atom",57,"reverse_equal","C",TRUE,TRUE,TRUE,TRUE
"atom",57,"reflexivity","C",TRUE,TRUE,TRUE,TRUE
"atom",57,"unequal_control","C",FALSE,FALSE,FALSE,FALSE
"atom",58,"forward_equal","C",TRUE,TRUE,TRUE,TRUE
"atom",58,"reverse_equal","C",TRUE,TRUE,TRUE,TRUE
"atom",58,"reflexivity","C",TRUE,TRUE,TRUE,TRUE
"atom",58,"unequal_control","C",FALSE,FALSE,FALSE,FALSE
"atom",59,"forward_equal","C",TRUE,TRUE,TRUE,TRUE
"atom",59,"reverse_equal","C",TRUE,TRUE,TRUE,TRUE
"atom",59,"reflexivity","C",TRUE,TRUE,TRUE,TRUE
"atom",59,"unequal_control","C",FALSE,FALSE,FALSE,FALSE
"atom",60,"forward_equal","C",TRUE,TRUE,TRUE,TRUE
"atom",60,"reverse_equal","C",TRUE,TRUE,TRUE,TRUE
"atom",60,"reflexivity","C",TRUE,TRUE,TRUE,TRUE
"atom",60,"unequal_control","C",FALSE,FALSE,FALSE,FALSE
"atom",61,"forward_equal","C",TRUE,TRUE,TRUE,TRUE
"atom",61,"reverse_equal","C",TRUE,TRUE,TRUE,TRUE
"atom",61,"reflexivity","C",TRUE,TRUE,TRUE,TRUE
"atom",61,"unequal_control","C",FALSE,FALSE,FALSE,FALSE
"atom",62,"forward_equal","C",TRUE,TRUE,TRUE,TRUE
"atom",62,"reverse_equal","C",TRUE,TRUE,TRUE,TRUE
"atom",62,"reflexivity","C",TRUE,TRUE,TRUE,TRUE
"atom",62,"unequal_control","C",FALSE,FALSE,FALSE,FALSE
"atom",63,"forward_equal","C",TRUE,TRUE,TRUE,TRUE
"atom",63,"reverse_equal","C",TRUE,TRUE,TRUE,TRUE
"atom",63,"reflexivity","C",TRUE,TRUE,TRUE,TRUE
"atom",63,"unequal_control","C",FALSE,FALSE,FALSE,FALSE
"atom",64,"forward_equal","C",TRUE,TRUE,TRUE,TRUE
"atom",64,"reverse_equal","C",TRUE,TRUE,TRUE,TRUE
"atom",64,"reflexivity","C",TRUE,TRUE,TRUE,TRUE
"atom",64,"unequal_control","C",FALSE,FALSE,FALSE,FALSE
"atom",65,"forward_equal","C",TRUE,TRUE,TRUE,TRUE
"atom",65,"reverse_equal","C",TRUE,TRUE,TRUE,TRUE
"atom",65,"reflexivity","C",TRUE,TRUE,TRUE,TRUE
"atom",65,"unequal_control","C",FALSE,FALSE,FALSE,FALSE
"atom",66,"forward_equal","C",TRUE,TRUE,TRUE,TRUE
"atom",66,"reverse_equal","C",TRUE,TRUE,TRUE,TRUE
"atom",66,"reflexivity","C",TRUE,TRUE,TRUE,TRUE
"atom",66,"unequal_control","C",FALSE,FALSE,FALSE,FALSE
"atom",67,"forward_equal","C",TRUE,TRUE,TRUE,TRUE
"atom",67,"reverse_equal","C",TRUE,TRUE,TRUE,TRUE
"atom",67,"reflexivity","C",TRUE,TRUE,TRUE,TRUE
"atom",67,"unequal_control","C",FALSE,FALSE,FALSE,FALSE
"atom",68,"forward_equal","C",TRUE,TRUE,TRUE,TRUE
"atom",68,"reverse_equal","C",TRUE,TRUE,TRUE,TRUE
"atom",68,"reflexivity","C",TRUE,TRUE,TRUE,TRUE
"atom",68,"unequal_control","C",FALSE,FALSE,FALSE,FALSE
"atom",69,"forward_equal","C",TRUE,TRUE,TRUE,TRUE
"atom",69,"reverse_equal","C",TRUE,TRUE,TRUE,TRUE
"atom",69,"reflexivity","C",TRUE,TRUE,TRUE,TRUE
"atom",69,"unequal_control","C",FALSE,FALSE,FALSE,FALSE
"atom",70,"forward_equal","C",TRUE,TRUE,TRUE,TRUE
"atom",70,"reverse_equal","C",TRUE,TRUE,TRUE,TRUE
"atom",70,"reflexivity","C",TRUE,TRUE,TRUE,TRUE
"atom",70,"unequal_control","C",FALSE,FALSE,FALSE,FALSE
"atom",71,"forward_equal","C",TRUE,TRUE,TRUE,TRUE
"atom",71,"reverse_equal","C",TRUE,TRUE,TRUE,TRUE
"atom",71,"reflexivity","C",TRUE,TRUE,TRUE,TRUE
"atom",71,"unequal_control","C",FALSE,FALSE,FALSE,FALSE
"atom",72,"forward_equal","C",TRUE,TRUE,TRUE,TRUE
"atom",72,"reverse_equal","C",TRUE,TRUE,TRUE,TRUE
"atom",72,"reflexivity","C",TRUE,TRUE,TRUE,TRUE
"atom",72,"unequal_control","C",FALSE,FALSE,FALSE,FALSE
"atom",73,"forward_equal","C",TRUE,TRUE,TRUE,TRUE
"atom",73,"reverse_equal","C",TRUE,TRUE,TRUE,TRUE
"atom",73,"reflexivity","C",TRUE,TRUE,TRUE,TRUE
"atom",73,"unequal_control","C",FALSE,FALSE,FALSE,FALSE
"atom",74,"forward_equal","C",TRUE,TRUE,TRUE,TRUE
"atom",74,"reverse_equal","C",TRUE,TRUE,TRUE,TRUE
"atom",74,"reflexivity","C",TRUE,TRUE,TRUE,TRUE
"atom",74,"unequal_control","C",FALSE,FALSE,FALSE,FALSE
"atom",75,"forward_equal","C",TRUE,TRUE,TRUE,TRUE
"atom",75,"reverse_equal","C",TRUE,TRUE,TRUE,TRUE
"atom",75,"reflexivity","C",TRUE,TRUE,TRUE,TRUE
"atom",75,"unequal_control","C",FALSE,FALSE,FALSE,FALSE
"atom",76,"forward_equal","C",TRUE,TRUE,TRUE,TRUE
"atom",76,"reverse_equal","C",TRUE,TRUE,TRUE,TRUE
"atom",76,"reflexivity","C",TRUE,TRUE,TRUE,TRUE
"atom",76,"unequal_control","C",FALSE,FALSE,FALSE,FALSE
"atom",77,"forward_equal","C",TRUE,TRUE,TRUE,TRUE
"atom",77,"reverse_equal","C",TRUE,TRUE,TRUE,TRUE
"atom",77,"reflexivity","C",TRUE,TRUE,TRUE,TRUE
"atom",77,"unequal_control","C",FALSE,FALSE,FALSE,FALSE
"atom",78,"forward_equal","C",TRUE,TRUE,TRUE,TRUE
"atom",78,"reverse_equal","C",TRUE,TRUE,TRUE,TRUE
"atom",78,"reflexivity","C",TRUE,TRUE,TRUE,TRUE
"atom",78,"unequal_control","C",FALSE,FALSE,FALSE,FALSE
"atom",79,"forward_equal","C",TRUE,TRUE,TRUE,TRUE
"atom",79,"reverse_equal","C",TRUE,TRUE,TRUE,TRUE
"atom",79,"reflexivity","C",TRUE,TRUE,TRUE,TRUE
"atom",79,"unequal_control","C",FALSE,FALSE,FALSE,FALSE
"atom",80,"forward_equal","C",TRUE,TRUE,TRUE,TRUE
"atom",80,"reverse_equal","C",TRUE,TRUE,TRUE,TRUE
"atom",80,"reflexivity","C",TRUE,TRUE,TRUE,TRUE
"atom",80,"unequal_control","C",FALSE,FALSE,FALSE,FALSE
"atom",81,"forward_equal","C",TRUE,TRUE,TRUE,TRUE
"atom",81,"reverse_equal","C",TRUE,TRUE,TRUE,TRUE
"atom",81,"reflexivity","C",TRUE,TRUE,TRUE,TRUE
"atom",81,"unequal_control","C",FALSE,FALSE,FALSE,FALSE
"atom",82,"forward_equal","C",TRUE,TRUE,TRUE,TRUE
"atom",82,"reverse_equal","C",TRUE,TRUE,TRUE,TRUE
"atom",82,"reflexivity","C",TRUE,TRUE,TRUE,TRUE
"atom",82,"unequal_control","C",FALSE,FALSE,FALSE,FALSE
"atom",83,"forward_equal","C",TRUE,TRUE,TRUE,TRUE
"atom",83,"reverse_equal","C",TRUE,TRUE,TRUE,TRUE
"atom",83,"reflexivity","C",TRUE,TRUE,TRUE,TRUE
"atom",83,"unequal_control","C",FALSE,FALSE,FALSE,FALSE
"atom",84,"forward_equal","C",TRUE,TRUE,TRUE,TRUE
"atom",84,"reverse_equal","C",TRUE,TRUE,TRUE,TRUE
"atom",84,"reflexivity","C",TRUE,TRUE,TRUE,TRUE
"atom",84,"unequal_control","C",FALSE,FALSE,FALSE,FALSE
"atom",85,"forward_equal","C",TRUE,TRUE,TRUE,TRUE
"atom",85,"reverse_equal","C",TRUE,TRUE,TRUE,TRUE
"atom",85,"reflexivity","C",TRUE,TRUE,TRUE,TRUE
"atom",85,"unequal_control","C",FALSE,FALSE,FALSE,FALSE
"atom",86,"forward_equal","C",TRUE,TRUE,TRUE,TRUE
"atom",86,"reverse_equal","C",TRUE,TRUE,TRUE,TRUE
"atom",86,"reflexivity","C",TRUE,TRUE,TRUE,TRUE
"atom",86,"unequal_control","C",FALSE,FALSE,FALSE,FALSE
"atom",87,"forward_equal","C",TRUE,TRUE,TRUE,TRUE
"atom",87,"reverse_equal","C",TRUE,TRUE,TRUE,TRUE
"atom",87,"reflexivity","C",TRUE,TRUE,TRUE,TRUE
"atom",87,"unequal_control","C",FALSE,FALSE,FALSE,FALSE
"atom",88,"forward_equal","C",TRUE,TRUE,TRUE,TRUE
"atom",88,"reverse_equal","C",TRUE,TRUE,TRUE,TRUE
"atom",88,"reflexivity","C",TRUE,TRUE,TRUE,TRUE
"atom",88,"unequal_control","C",FALSE,FALSE,FALSE,FALSE
"atom",89,"forward_equal","C",TRUE,TRUE,TRUE,TRUE
"atom",89,"reverse_equal","C",TRUE,TRUE,TRUE,TRUE
"atom",89,"reflexivity","C",TRUE,TRUE,TRUE,TRUE
"atom",89,"unequal_control","C",FALSE,FALSE,FALSE,FALSE
"atom",90,"forward_equal","C",TRUE,TRUE,TRUE,TRUE
"atom",90,"reverse_equal","C",TRUE,TRUE,TRUE,TRUE
"atom",90,"reflexivity","C",TRUE,TRUE,TRUE,TRUE
"atom",90,"unequal_control","C",FALSE,FALSE,FALSE,FALSE
"atom",91,"forward_equal","C",TRUE,TRUE,TRUE,TRUE
"atom",91,"reverse_equal","C",TRUE,TRUE,TRUE,TRUE
"atom",91,"reflexivity","C",TRUE,TRUE,TRUE,TRUE
"atom",91,"unequal_control","C",FALSE,FALSE,FALSE,FALSE
"atom",92,"forward_equal","C",TRUE,TRUE,TRUE,TRUE
"atom",92,"reverse_equal","C",TRUE,TRUE,TRUE,TRUE
"atom",92,"reflexivity","C",TRUE,TRUE,TRUE,TRUE
"atom",92,"unequal_control","C",FALSE,FALSE,FALSE,FALSE
"atom",93,"forward_equal","C",TRUE,TRUE,TRUE,TRUE
"atom",93,"reverse_equal","C",TRUE,TRUE,TRUE,TRUE
"atom",93,"reflexivity","C",TRUE,TRUE,TRUE,TRUE
"atom",93,"unequal_control","C",FALSE,FALSE,FALSE,FALSE
"atom",94,"forward_equal","C",TRUE,TRUE,TRUE,TRUE
"atom",94,"reverse_equal","C",TRUE,TRUE,TRUE,TRUE
"atom",94,"reflexivity","C",TRUE,TRUE,TRUE,TRUE
"atom",94,"unequal_control","C",FALSE,FALSE,FALSE,FALSE
"atom",95,"forward_equal","C",TRUE,TRUE,TRUE,TRUE
"atom",95,"reverse_equal","C",TRUE,TRUE,TRUE,TRUE
"atom",95,"reflexivity","C",TRUE,TRUE,TRUE,TRUE
"atom",95,"unequal_control","C",FALSE,FALSE,FALSE,FALSE
"atom",96,"forward_equal","C",TRUE,TRUE,TRUE,TRUE
"atom",96,"reverse_equal","C",TRUE,TRUE,TRUE,TRUE
"atom",96,"reflexivity","C",TRUE,TRUE,TRUE,TRUE
"atom",96,"unequal_control","C",FALSE,FALSE,FALSE,FALSE
"atom",97,"forward_equal","C",TRUE,TRUE,TRUE,TRUE
"atom",97,"reverse_equal","C",TRUE,TRUE,TRUE,TRUE
"atom",97,"reflexivity","C",TRUE,TRUE,TRUE,TRUE
"atom",97,"unequal_control","C",FALSE,FALSE,FALSE,FALSE
"atom",98,"forward_equal","C",TRUE,TRUE,TRUE,TRUE
"atom",98,"reverse_equal","C",TRUE,TRUE,TRUE,TRUE
"atom",98,"reflexivity","C",TRUE,TRUE,TRUE,TRUE
"atom",98,"unequal_control","C",FALSE,FALSE,FALSE,FALSE
"atom",99,"forward_equal","C",TRUE,TRUE,TRUE,TRUE
"atom",99,"reverse_equal","C",TRUE,TRUE,TRUE,TRUE
"atom",99,"reflexivity","C",TRUE,TRUE,TRUE,TRUE
"atom",99,"unequal_control","C",FALSE,FALSE,FALSE,FALSE
"atom",100,"forward_equal","C",TRUE,TRUE,TRUE,TRUE
"atom",100,"reverse_equal","C",TRUE,TRUE,TRUE,TRUE
"atom",100,"reflexivity","C",TRUE,TRUE,TRUE,TRUE
"atom",100,"unequal_control","C",FALSE,FALSE,FALSE,FALSE
"atom",101,"forward_equal","C",TRUE,TRUE,TRUE,TRUE
"atom",101,"reverse_equal","C",TRUE,TRUE,TRUE,TRUE
"atom",101,"reflexivity","C",TRUE,TRUE,TRUE,TRUE
"atom",101,"unequal_control","C",FALSE,FALSE,FALSE,FALSE
"atom",102,"forward_equal","C",TRUE,TRUE,TRUE,TRUE
"atom",102,"reverse_equal","C",TRUE,TRUE,TRUE,TRUE
"atom",102,"reflexivity","C",TRUE,TRUE,TRUE,TRUE
"atom",102,"unequal_control","C",FALSE,FALSE,FALSE,FALSE
"atom",103,"forward_equal","C",TRUE,TRUE,TRUE,TRUE
"atom",103,"reverse_equal","C",TRUE,TRUE,TRUE,TRUE
"atom",103,"reflexivity","C",TRUE,TRUE,TRUE,TRUE
"atom",103,"unequal_control","C",FALSE,FALSE,FALSE,FALSE
"atom",104,"forward_equal","C",TRUE,TRUE,TRUE,TRUE
"atom",104,"reverse_equal","C",TRUE,TRUE,TRUE,TRUE
"atom",104,"reflexivity","C",TRUE,TRUE,TRUE,TRUE
"atom",104,"unequal_control","C",FALSE,FALSE,FALSE,FALSE
"atom",105,"forward_equal","C",TRUE,TRUE,TRUE,TRUE
"atom",105,"reverse_equal","C",TRUE,TRUE,TRUE,TRUE
"atom",105,"reflexivity","C",TRUE,TRUE,TRUE,TRUE
"atom",105,"unequal_control","C",FALSE,FALSE,FALSE,FALSE
"atom",106,"forward_equal","C",TRUE,TRUE,TRUE,TRUE
"atom",106,"reverse_equal","C",TRUE,TRUE,TRUE,TRUE
"atom",106,"reflexivity","C",TRUE,TRUE,TRUE,TRUE
"atom",106,"unequal_control","C",FALSE,FALSE,FALSE,FALSE
"atom",107,"forward_equal","C",TRUE,TRUE,TRUE,TRUE
"atom",107,"reverse_equal","C",TRUE,TRUE,TRUE,TRUE
"atom",107,"reflexivity","C",TRUE,TRUE,TRUE,TRUE
"atom",107,"unequal_control","C",FALSE,FALSE,FALSE,FALSE
"atom",108,"forward_equal","C",TRUE,TRUE,TRUE,TRUE
"atom",108,"reverse_equal","C",TRUE,TRUE,TRUE,TRUE
"atom",108,"reflexivity","C",TRUE,TRUE,TRUE,TRUE
"atom",108,"unequal_control","C",FALSE,FALSE,FALSE,FALSE
"atom",109,"forward_equal","C",TRUE,TRUE,TRUE,TRUE
"atom",109,"reverse_equal","C",TRUE,TRUE,TRUE,TRUE
"atom",109,"reflexivity","C",TRUE,TRUE,TRUE,TRUE
"atom",109,"unequal_control","C",FALSE,FALSE,FALSE,FALSE
"atom",110,"forward_equal","C",TRUE,TRUE,TRUE,TRUE
"atom",110,"reverse_equal","C",TRUE,TRUE,TRUE,TRUE
"atom",110,"reflexivity","C",TRUE,TRUE,TRUE,TRUE
"atom",110,"unequal_control","C",FALSE,FALSE,FALSE,FALSE
"atom",111,"forward_equal","C",TRUE,TRUE,TRUE,TRUE
"atom",111,"reverse_equal","C",TRUE,TRUE,TRUE,TRUE
"atom",111,"reflexivity","C",TRUE,TRUE,TRUE,TRUE
"atom",111,"unequal_control","C",FALSE,FALSE,FALSE,FALSE
"atom",112,"forward_equal","C",TRUE,TRUE,TRUE,TRUE
"atom",112,"reverse_equal","C",TRUE,TRUE,TRUE,TRUE
"atom",112,"reflexivity","C",TRUE,TRUE,TRUE,TRUE
"atom",112,"unequal_control","C",FALSE,FALSE,FALSE,FALSE
"atom",113,"forward_equal","C",TRUE,TRUE,TRUE,TRUE
"atom",113,"reverse_equal","C",TRUE,TRUE,TRUE,TRUE
"atom",113,"reflexivity","C",TRUE,TRUE,TRUE,TRUE
"atom",113,"unequal_control","C",FALSE,FALSE,FALSE,FALSE
"atom",114,"forward_equal","C",TRUE,TRUE,TRUE,TRUE
"atom",114,"reverse_equal","C",TRUE,TRUE,TRUE,TRUE
"atom",114,"reflexivity","C",TRUE,TRUE,TRUE,TRUE
"atom",114,"unequal_control","C",FALSE,FALSE,FALSE,FALSE
"atom",115,"forward_equal","C",TRUE,TRUE,TRUE,TRUE
"atom",115,"reverse_equal","C",TRUE,TRUE,TRUE,TRUE
"atom",115,"reflexivity","C",TRUE,TRUE,TRUE,TRUE
"atom",115,"unequal_control","C",FALSE,FALSE,FALSE,FALSE
"atom",116,"forward_equal","C",TRUE,TRUE,TRUE,TRUE
"atom",116,"reverse_equal","C",TRUE,TRUE,TRUE,TRUE
"atom",116,"reflexivity","C",TRUE,TRUE,TRUE,TRUE
"atom",116,"unequal_control","C",FALSE,FALSE,FALSE,FALSE
"atom",117,"forward_equal","C",TRUE,TRUE,TRUE,TRUE
"atom",117,"reverse_equal","C",TRUE,TRUE,TRUE,TRUE
"atom",117,"reflexivity","C",TRUE,TRUE,TRUE,TRUE
"atom",117,"unequal_control","C",FALSE,FALSE,FALSE,FALSE
"atom",118,"forward_equal","C",TRUE,TRUE,TRUE,TRUE
"atom",118,"reverse_equal","C",TRUE,TRUE,TRUE,TRUE
"atom",118,"reflexivity","C",TRUE,TRUE,TRUE,TRUE
"atom",118,"unequal_control","C",FALSE,FALSE,FALSE,FALSE
"atom",119,"forward_equal","C",TRUE,TRUE,TRUE,TRUE
"atom",119,"reverse_equal","C",TRUE,TRUE,TRUE,TRUE
"atom",119,"reflexivity","C",TRUE,TRUE,TRUE,TRUE
"atom",119,"unequal_control","C",FALSE,FALSE,FALSE,FALSE
"atom",120,"forward_equal","C",TRUE,TRUE,TRUE,TRUE
"atom",120,"reverse_equal","C",TRUE,TRUE,TRUE,TRUE
"atom",120,"reflexivity","C",TRUE,TRUE,TRUE,TRUE
"atom",120,"unequal_control","C",FALSE,FALSE,FALSE,FALSE
"atom",121,"forward_equal","C",TRUE,TRUE,TRUE,TRUE
"atom",121,"reverse_equal","C",TRUE,TRUE,TRUE,TRUE
"atom",121,"reflexivity","C",TRUE,TRUE,TRUE,TRUE
"atom",121,"unequal_control","C",FALSE,FALSE,FALSE,FALSE
"atom",122,"forward_equal","C",TRUE,TRUE,TRUE,TRUE
"atom",122,"reverse_equal","C",TRUE,TRUE,TRUE,TRUE
"atom",122,"reflexivity","C",TRUE,TRUE,TRUE,TRUE
"atom",122,"unequal_control","C",FALSE,FALSE,FALSE,FALSE
"atom",123,"forward_equal","C",TRUE,TRUE,TRUE,TRUE
"atom",123,"reverse_equal","C",TRUE,TRUE,TRUE,TRUE
"atom",123,"reflexivity","C",TRUE,TRUE,TRUE,TRUE
"atom",123,"unequal_control","C",FALSE,FALSE,FALSE,FALSE
"atom",124,"forward_equal","C",TRUE,TRUE,TRUE,TRUE
"atom",124,"reverse_equal","C",TRUE,TRUE,TRUE,TRUE
"atom",124,"reflexivity","C",TRUE,TRUE,TRUE,TRUE
"atom",124,"unequal_control","C",FALSE,FALSE,FALSE,FALSE
"atom",125,"forward_equal","C",TRUE,TRUE,TRUE,TRUE
"atom",125,"reverse_equal","C",TRUE,TRUE,TRUE,TRUE
"atom",125,"reflexivity","C",TRUE,TRUE,TRUE,TRUE
"atom",125,"unequal_control","C",FALSE,FALSE,FALSE,FALSE
"atom",126,"forward_equal","C",TRUE,TRUE,TRUE,TRUE
"atom",126,"reverse_equal","C",TRUE,TRUE,TRUE,TRUE
"atom",126,"reflexivity","C",TRUE,TRUE,TRUE,TRUE
"atom",126,"unequal_control","C",FALSE,FALSE,FALSE,FALSE
"atom",127,"forward_equal","C",TRUE,TRUE,TRUE,TRUE
"atom",127,"reverse_equal","C",TRUE,TRUE,TRUE,TRUE
"atom",127,"reflexivity","C",TRUE,TRUE,TRUE,TRUE
"atom",127,"unequal_control","C",FALSE,FALSE,FALSE,FALSE
"atom",128,"forward_equal","C",TRUE,TRUE,TRUE,TRUE
"atom",128,"reverse_equal","C",TRUE,TRUE,TRUE,TRUE
"atom",128,"reflexivity","C",TRUE,TRUE,TRUE,TRUE
"atom",128,"unequal_control","C",FALSE,FALSE,FALSE,FALSE
"atom",129,"forward_equal","C",TRUE,TRUE,TRUE,TRUE
"atom",129,"reverse_equal","C",TRUE,TRUE,TRUE,TRUE
"atom",129,"reflexivity","C",TRUE,TRUE,TRUE,TRUE
"atom",129,"unequal_control","C",FALSE,FALSE,FALSE,FALSE
"atom",130,"forward_equal","C",TRUE,TRUE,TRUE,TRUE
"atom",130,"reverse_equal","C",TRUE,TRUE,TRUE,TRUE
"atom",130,"reflexivity","C",TRUE,TRUE,TRUE,TRUE
"atom",130,"unequal_control","C",FALSE,FALSE,FALSE,FALSE
"atom",131,"forward_equal","C",TRUE,TRUE,TRUE,TRUE
"atom",131,"reverse_equal","C",TRUE,TRUE,TRUE,TRUE
"atom",131,"reflexivity","C",TRUE,TRUE,TRUE,TRUE
"atom",131,"unequal_control","C",FALSE,FALSE,FALSE,FALSE
"atom",132,"forward_equal","C",TRUE,TRUE,TRUE,TRUE
"atom",132,"reverse_equal","C",TRUE,TRUE,TRUE,TRUE
"atom",132,"reflexivity","C",TRUE,TRUE,TRUE,TRUE
"atom",132,"unequal_control","C",FALSE,FALSE,FALSE,FALSE
"atom",133,"forward_equal","C",TRUE,TRUE,TRUE,TRUE
"atom",133,"reverse_equal","C",TRUE,TRUE,TRUE,TRUE
"atom",133,"reflexivity","C",TRUE,TRUE,TRUE,TRUE
"atom",133,"unequal_control","C",FALSE,FALSE,FALSE,FALSE
"atom",134,"forward_equal","C",TRUE,TRUE,TRUE,TRUE
"atom",134,"reverse_equal","C",TRUE,TRUE,TRUE,TRUE
"atom",134,"reflexivity","C",TRUE,TRUE,TRUE,TRUE
"atom",134,"unequal_control","C",FALSE,FALSE,FALSE,FALSE
"atom",135,"forward_equal","C",TRUE,TRUE,TRUE,TRUE
"atom",135,"reverse_equal","C",TRUE,TRUE,TRUE,TRUE
"atom",135,"reflexivity","C",TRUE,TRUE,TRUE,TRUE
"atom",135,"unequal_control","C",FALSE,FALSE,FALSE,FALSE
"atom",136,"forward_equal","C",TRUE,TRUE,TRUE,TRUE
"atom",136,"reverse_equal","C",TRUE,TRUE,TRUE,TRUE
"atom",136,"reflexivity","C",TRUE,TRUE,TRUE,TRUE
"atom",136,"unequal_control","C",FALSE,FALSE,FALSE,FALSE
"atom",137,"forward_equal","C",TRUE,TRUE,TRUE,TRUE
"atom",137,"reverse_equal","C",TRUE,TRUE,TRUE,TRUE
"atom",137,"reflexivity","C",TRUE,TRUE,TRUE,TRUE
"atom",137,"unequal_control","C",FALSE,FALSE,FALSE,FALSE
"atom",138,"forward_equal","C",TRUE,TRUE,TRUE,TRUE
"atom",138,"reverse_equal","C",TRUE,TRUE,TRUE,TRUE
"atom",138,"reflexivity","C",TRUE,TRUE,TRUE,TRUE
"atom",138,"unequal_control","C",FALSE,FALSE,FALSE,FALSE
"atom",139,"forward_equal","C",TRUE,TRUE,TRUE,TRUE
"atom",139,"reverse_equal","C",TRUE,TRUE,TRUE,TRUE
"atom",139,"reflexivity","C",TRUE,TRUE,TRUE,TRUE
"atom",139,"unequal_control","C",FALSE,FALSE,FALSE,FALSE
"atom",140,"forward_equal","C",TRUE,TRUE,TRUE,TRUE
"atom",140,"reverse_equal","C",TRUE,TRUE,TRUE,TRUE
"atom",140,"reflexivity","C",TRUE,TRUE,TRUE,TRUE
"atom",140,"unequal_control","C",FALSE,FALSE,FALSE,FALSE
"atom",141,"forward_equal","C",TRUE,TRUE,TRUE,TRUE
"atom",141,"reverse_equal","C",TRUE,TRUE,TRUE,TRUE
"atom",141,"reflexivity","C",TRUE,TRUE,TRUE,TRUE
"atom",141,"unequal_control","C",FALSE,FALSE,FALSE,FALSE
"atom",142,"forward_equal","C",TRUE,TRUE,TRUE,TRUE
"atom",142,"reverse_equal","C",TRUE,TRUE,TRUE,TRUE
"atom",142,"reflexivity","C",TRUE,TRUE,TRUE,TRUE
"atom",142,"unequal_control","C",FALSE,FALSE,FALSE,FALSE
"atom",143,"forward_equal","C",TRUE,TRUE,TRUE,TRUE
"atom",143,"reverse_equal","C",TRUE,TRUE,TRUE,TRUE
"atom",143,"reflexivity","C",TRUE,TRUE,TRUE,TRUE
"atom",143,"unequal_control","C",FALSE,FALSE,FALSE,FALSE
"atom",144,"forward_equal","C",TRUE,TRUE,TRUE,TRUE
"atom",144,"reverse_equal","C",TRUE,TRUE,TRUE,TRUE
"atom",144,"reflexivity","C",TRUE,TRUE,TRUE,TRUE
"atom",144,"unequal_control","C",FALSE,FALSE,FALSE,FALSE
"atom",145,"forward_equal","C",TRUE,TRUE,TRUE,TRUE
"atom",145,"reverse_equal","C",TRUE,TRUE,TRUE,TRUE
"atom",145,"reflexivity","C",TRUE,TRUE,TRUE,TRUE
"atom",145,"unequal_control","C",FALSE,FALSE,FALSE,FALSE
"atom",146,"forward_equal","C",TRUE,TRUE,TRUE,TRUE
"atom",146,"reverse_equal","C",TRUE,TRUE,TRUE,TRUE
"atom",146,"reflexivity","C",TRUE,TRUE,TRUE,TRUE
"atom",146,"unequal_control","C",FALSE,FALSE,FALSE,FALSE
"atom",147,"forward_equal","C",TRUE,TRUE,TRUE,TRUE
"atom",147,"reverse_equal","C",TRUE,TRUE,TRUE,TRUE
"atom",147,"reflexivity","C",TRUE,TRUE,TRUE,TRUE
"atom",147,"unequal_control","C",FALSE,FALSE,FALSE,FALSE
"atom",148,"forward_equal","C",TRUE,TRUE,TRUE,TRUE
"atom",148,"reverse_equal","C",TRUE,TRUE,TRUE,TRUE
"atom",148,"reflexivity","C",TRUE,TRUE,TRUE,TRUE
"atom",148,"unequal_control","C",FALSE,FALSE,FALSE,FALSE
"atom",149,"forward_equal","C",TRUE,TRUE,TRUE,TRUE
"atom",149,"reverse_equal","C",TRUE,TRUE,TRUE,TRUE
"atom",149,"reflexivity","C",TRUE,TRUE,TRUE,TRUE
"atom",149,"unequal_control","C",FALSE,FALSE,FALSE,FALSE
"atom",150,"forward_equal","C",TRUE,TRUE,TRUE,TRUE
"atom",150,"reverse_equal","C",TRUE,TRUE,TRUE,TRUE
"atom",150,"reflexivity","C",TRUE,TRUE,TRUE,TRUE
"atom",150,"unequal_control","C",FALSE,FALSE,FALSE,FALSE
"atom",151,"forward_equal","C",TRUE,TRUE,TRUE,TRUE
"atom",151,"reverse_equal","C",TRUE,TRUE,TRUE,TRUE
"atom",151,"reflexivity","C",TRUE,TRUE,TRUE,TRUE
"atom",151,"unequal_control","C",FALSE,FALSE,FALSE,FALSE
"atom",152,"forward_equal","C",TRUE,TRUE,TRUE,TRUE
"atom",152,"reverse_equal","C",TRUE,TRUE,TRUE,TRUE
"atom",152,"reflexivity","C",TRUE,TRUE,TRUE,TRUE
"atom",152,"unequal_control","C",FALSE,FALSE,FALSE,FALSE
"atom",153,"forward_equal","C",TRUE,TRUE,TRUE,TRUE
"atom",153,"reverse_equal","C",TRUE,TRUE,TRUE,TRUE
"atom",153,"reflexivity","C",TRUE,TRUE,TRUE,TRUE
"atom",153,"unequal_control","C",FALSE,FALSE,FALSE,FALSE
"atom",154,"forward_equal","C",TRUE,TRUE,TRUE,TRUE
"atom",154,"reverse_equal","C",TRUE,TRUE,TRUE,TRUE
"atom",154,"reflexivity","C",TRUE,TRUE,TRUE,TRUE
"atom",154,"unequal_control","C",FALSE,FALSE,FALSE,FALSE
"atom",155,"forward_equal","C",TRUE,TRUE,TRUE,TRUE
"atom",155,"reverse_equal","C",TRUE,TRUE,TRUE,TRUE
"atom",155,"reflexivity","C",TRUE,TRUE,TRUE,TRUE
"atom",155,"unequal_control","C",FALSE,FALSE,FALSE,FALSE
"atom",156,"forward_equal","C",TRUE,TRUE,TRUE,TRUE
"atom",156,"reverse_equal","C",TRUE,TRUE,TRUE,TRUE
"atom",156,"reflexivity","C",TRUE,TRUE,TRUE,TRUE
"atom",156,"unequal_control","C",FALSE,FALSE,FALSE,FALSE
"atom",157,"forward_equal","C",TRUE,TRUE,TRUE,TRUE
"atom",157,"reverse_equal","C",TRUE,TRUE,TRUE,TRUE
"atom",157,"reflexivity","C",TRUE,TRUE,TRUE,TRUE
"atom",157,"unequal_control","C",FALSE,FALSE,FALSE,FALSE
"atom",158,"forward_equal","C",TRUE,TRUE,TRUE,TRUE
"atom",158,"reverse_equal","C",TRUE,TRUE,TRUE,TRUE
"atom",158,"reflexivity","C",TRUE,TRUE,TRUE,TRUE
"atom",158,"unequal_control","C",FALSE,FALSE,FALSE,FALSE
"atom",159,"forward_equal","C",TRUE,TRUE,TRUE,TRUE
"atom",159,"reverse_equal","C",TRUE,TRUE,TRUE,TRUE
"atom",159,"reflexivity","C",TRUE,TRUE,TRUE,TRUE
"atom",159,"unequal_control","C",FALSE,FALSE,FALSE,FALSE
"atom",160,"forward_equal","C",TRUE,TRUE,TRUE,TRUE
"atom",160,"reverse_equal","C",TRUE,TRUE,TRUE,TRUE
"atom",160,"reflexivity","C",TRUE,TRUE,TRUE,TRUE
"atom",160,"unequal_control","C",FALSE,FALSE,FALSE,FALSE
"atom",161,"forward_equal","C",TRUE,TRUE,TRUE,TRUE
"atom",161,"reverse_equal","C",TRUE,TRUE,TRUE,TRUE
"atom",161,"reflexivity","C",TRUE,TRUE,TRUE,TRUE
"atom",161,"unequal_control","C",FALSE,FALSE,FALSE,FALSE
"atom",162,"forward_equal","C",TRUE,TRUE,TRUE,TRUE
"atom",162,"reverse_equal","C",TRUE,TRUE,TRUE,TRUE
"atom",162,"reflexivity","C",TRUE,TRUE,TRUE,TRUE
"atom",162,"unequal_control","C",FALSE,FALSE,FALSE,FALSE
"atom",163,"forward_equal","C",TRUE,TRUE,TRUE,TRUE
"atom",163,"reverse_equal","C",TRUE,TRUE,TRUE,TRUE
"atom",163,"reflexivity","C",TRUE,TRUE,TRUE,TRUE
"atom",163,"unequal_control","C",FALSE,FALSE,FALSE,FALSE
"atom",164,"forward_equal","C",TRUE,TRUE,TRUE,TRUE
"atom",164,"reverse_equal","C",TRUE,TRUE,TRUE,TRUE
"atom",164,"reflexivity","C",TRUE,TRUE,TRUE,TRUE
"atom",164,"unequal_control","C",FALSE,FALSE,FALSE,FALSE
"atom",165,"forward_equal","C",TRUE,TRUE,TRUE,TRUE
"atom",165,"reverse_equal","C",TRUE,TRUE,TRUE,TRUE
"atom",165,"reflexivity","C",TRUE,TRUE,TRUE,TRUE
"atom",165,"unequal_control","C",FALSE,FALSE,FALSE,FALSE
"atom",166,"forward_equal","C",TRUE,TRUE,TRUE,TRUE
"atom",166,"reverse_equal","C",TRUE,TRUE,TRUE,TRUE
"atom",166,"reflexivity","C",TRUE,TRUE,TRUE,TRUE
"atom",166,"unequal_control","C",FALSE,FALSE,FALSE,FALSE
"atom",167,"forward_equal","C",TRUE,TRUE,TRUE,TRUE
"atom",167,"reverse_equal","C",TRUE,TRUE,TRUE,TRUE
"atom",167,"reflexivity","C",TRUE,TRUE,TRUE,TRUE
"atom",167,"unequal_control","C",FALSE,FALSE,FALSE,FALSE
"atom",168,"forward_equal","C",TRUE,TRUE,TRUE,TRUE
"atom",168,"reverse_equal","C",TRUE,TRUE,TRUE,TRUE
"atom",168,"reflexivity","C",TRUE,TRUE,TRUE,TRUE
"atom",168,"unequal_control","C",FALSE,FALSE,FALSE,FALSE
"atom",169,"forward_equal","C",TRUE,TRUE,TRUE,TRUE
"atom",169,"reverse_equal","C",TRUE,TRUE,TRUE,TRUE
"atom",169,"reflexivity","C",TRUE,TRUE,TRUE,TRUE
"atom",169,"unequal_control","C",FALSE,FALSE,FALSE,FALSE
"atom",170,"forward_equal","C",TRUE,TRUE,TRUE,TRUE
"atom",170,"reverse_equal","C",TRUE,TRUE,TRUE,TRUE
"atom",170,"reflexivity","C",TRUE,TRUE,TRUE,TRUE
"atom",170,"unequal_control","C",FALSE,FALSE,FALSE,FALSE
"atom",171,"forward_equal","C",TRUE,TRUE,TRUE,TRUE
"atom",171,"reverse_equal","C",TRUE,TRUE,TRUE,TRUE
"atom",171,"reflexivity","C",TRUE,TRUE,TRUE,TRUE
"atom",171,"unequal_control","C",FALSE,FALSE,FALSE,FALSE
"atom",172,"forward_equal","C",TRUE,TRUE,TRUE,TRUE
"atom",172,"reverse_equal","C",TRUE,TRUE,TRUE,TRUE
"atom",172,"reflexivity","C",TRUE,TRUE,TRUE,TRUE
"atom",172,"unequal_control","C",FALSE,FALSE,FALSE,FALSE
"atom",173,"forward_equal","C",TRUE,TRUE,TRUE,TRUE
"atom",173,"reverse_equal","C",TRUE,TRUE,TRUE,TRUE
"atom",173,"reflexivity","C",TRUE,TRUE,TRUE,TRUE
"atom",173,"unequal_control","C",FALSE,FALSE,FALSE,FALSE
"atom",174,"forward_equal","C",TRUE,TRUE,TRUE,TRUE
"atom",174,"reverse_equal","C",TRUE,TRUE,TRUE,TRUE
"atom",174,"reflexivity","C",TRUE,TRUE,TRUE,TRUE
"atom",174,"unequal_control","C",FALSE,FALSE,FALSE,FALSE
"atom",175,"forward_equal","C",TRUE,TRUE,TRUE,TRUE
"atom",175,"reverse_equal","C",TRUE,TRUE,TRUE,TRUE
"atom",175,"reflexivity","C",TRUE,TRUE,TRUE,TRUE
"atom",175,"unequal_control","C",FALSE,FALSE,FALSE,FALSE
"atom",176,"forward_equal","C",TRUE,TRUE,TRUE,TRUE
"atom",176,"reverse_equal","C",TRUE,TRUE,TRUE,TRUE
"atom",176,"reflexivity","C",TRUE,TRUE,TRUE,TRUE
"atom",176,"unequal_control","C",FALSE,FALSE,FALSE,FALSE
"atom",177,"forward_equal","C",TRUE,TRUE,TRUE,TRUE
"atom",177,"reverse_equal","C",TRUE,TRUE,TRUE,TRUE
"atom",177,"reflexivity","C",TRUE,TRUE,TRUE,TRUE
"atom",177,"unequal_control","C",FALSE,FALSE,FALSE,FALSE
"atom",178,"forward_equal","C",TRUE,TRUE,TRUE,TRUE
"atom",178,"reverse_equal","C",TRUE,TRUE,TRUE,TRUE
"atom",178,"reflexivity","C",TRUE,TRUE,TRUE,TRUE
"atom",178,"unequal_control","C",FALSE,FALSE,FALSE,FALSE
"atom",179,"forward_equal","C",TRUE,TRUE,TRUE,TRUE
"atom",179,"reverse_equal","C",TRUE,TRUE,TRUE,TRUE
"atom",179,"reflexivity","C",TRUE,TRUE,TRUE,TRUE
"atom",179,"unequal_control","C",FALSE,FALSE,FALSE,FALSE
"atom",180,"forward_equal","C",TRUE,TRUE,TRUE,TRUE
"atom",180,"reverse_equal","C",TRUE,TRUE,TRUE,TRUE
"atom",180,"reflexivity","C",TRUE,TRUE,TRUE,TRUE
"atom",180,"unequal_control","C",FALSE,FALSE,FALSE,FALSE
"atom",181,"forward_equal","C",TRUE,TRUE,TRUE,TRUE
"atom",181,"reverse_equal","C",TRUE,TRUE,TRUE,TRUE
"atom",181,"reflexivity","C",TRUE,TRUE,TRUE,TRUE
"atom",181,"unequal_control","C",FALSE,FALSE,FALSE,FALSE
"atom",182,"forward_equal","C",TRUE,TRUE,TRUE,TRUE
"atom",182,"reverse_equal","C",TRUE,TRUE,TRUE,TRUE
"atom",182,"reflexivity","C",TRUE,TRUE,TRUE,TRUE
"atom",182,"unequal_control","C",FALSE,FALSE,FALSE,FALSE
"atom",183,"forward_equal","C",TRUE,TRUE,TRUE,TRUE
"atom",183,"reverse_equal","C",TRUE,TRUE,TRUE,TRUE
"atom",183,"reflexivity","C",TRUE,TRUE,TRUE,TRUE
"atom",183,"unequal_control","C",FALSE,FALSE,FALSE,FALSE
"atom",184,"forward_equal","C",TRUE,TRUE,TRUE,TRUE
"atom",184,"reverse_equal","C",TRUE,TRUE,TRUE,TRUE
"atom",184,"reflexivity","C",TRUE,TRUE,TRUE,TRUE
"atom",184,"unequal_control","C",FALSE,FALSE,FALSE,FALSE
"atom",185,"forward_equal","C",TRUE,TRUE,TRUE,TRUE
"atom",185,"reverse_equal","C",TRUE,TRUE,TRUE,TRUE
"atom",185,"reflexivity","C",TRUE,TRUE,TRUE,TRUE
"atom",185,"unequal_control","C",FALSE,FALSE,FALSE,FALSE
"atom",186,"forward_equal","C",TRUE,TRUE,TRUE,TRUE
"atom",186,"reverse_equal","C",TRUE,TRUE,TRUE,TRUE
"atom",186,"reflexivity","C",TRUE,TRUE,TRUE,TRUE
"atom",186,"unequal_control","C",FALSE,FALSE,FALSE,FALSE
"atom",187,"forward_equal","C",TRUE,TRUE,TRUE,TRUE
"atom",187,"reverse_equal","C",TRUE,TRUE,TRUE,TRUE
"atom",187,"reflexivity","C",TRUE,TRUE,TRUE,TRUE
"atom",187,"unequal_control","C",FALSE,FALSE,FALSE,FALSE
"atom",188,"forward_equal","C",TRUE,TRUE,TRUE,TRUE
"atom",188,"reverse_equal","C",TRUE,TRUE,TRUE,TRUE
"atom",188,"reflexivity","C",TRUE,TRUE,TRUE,TRUE
"atom",188,"unequal_control","C",FALSE,FALSE,FALSE,FALSE
"atom",189,"forward_equal","C",TRUE,TRUE,TRUE,TRUE
"atom",189,"reverse_equal","C",TRUE,TRUE,TRUE,TRUE
"atom",189,"reflexivity","C",TRUE,TRUE,TRUE,TRUE
"atom",189,"unequal_control","C",FALSE,FALSE,FALSE,FALSE
"atom",190,"forward_equal","C",TRUE,TRUE,TRUE,TRUE
"atom",190,"reverse_equal","C",TRUE,TRUE,TRUE,TRUE
"atom",190,"reflexivity","C",TRUE,TRUE,TRUE,TRUE
"atom",190,"unequal_control","C",FALSE,FALSE,FALSE,FALSE
"atom",191,"forward_equal","C",TRUE,TRUE,TRUE,TRUE
"atom",191,"reverse_equal","C",TRUE,TRUE,TRUE,TRUE
"atom",191,"reflexivity","C",TRUE,TRUE,TRUE,TRUE
"atom",191,"unequal_control","C",FALSE,FALSE,FALSE,FALSE
"atom",192,"forward_equal","C",TRUE,TRUE,TRUE,TRUE
"atom",192,"reverse_equal","C",TRUE,TRUE,TRUE,TRUE
"atom",192,"reflexivity","C",TRUE,TRUE,TRUE,TRUE
"atom",192,"unequal_control","C",FALSE,FALSE,FALSE,FALSE
"atom",193,"forward_equal","C",TRUE,TRUE,TRUE,TRUE
"atom",193,"reverse_equal","C",TRUE,TRUE,TRUE,TRUE
"atom",193,"reflexivity","C",TRUE,TRUE,TRUE,TRUE
"atom",193,"unequal_control","C",FALSE,FALSE,FALSE,FALSE
"atom",194,"forward_equal","C",TRUE,TRUE,TRUE,TRUE
"atom",194,"reverse_equal","C",TRUE,TRUE,TRUE,TRUE
"atom",194,"reflexivity","C",TRUE,TRUE,TRUE,TRUE
"atom",194,"unequal_control","C",FALSE,FALSE,FALSE,FALSE
"atom",195,"forward_equal","C",TRUE,TRUE,TRUE,TRUE
"atom",195,"reverse_equal","C",TRUE,TRUE,TRUE,TRUE
"atom",195,"reflexivity","C",TRUE,TRUE,TRUE,TRUE
"atom",195,"unequal_control","C",FALSE,FALSE,FALSE,FALSE
"atom",196,"forward_equal","C",TRUE,TRUE,TRUE,TRUE
"atom",196,"reverse_equal","C",TRUE,TRUE,TRUE,TRUE
"atom",196,"reflexivity","C",TRUE,TRUE,TRUE,TRUE
"atom",196,"unequal_control","C",FALSE,FALSE,FALSE,FALSE
"atom",197,"forward_equal","C",TRUE,TRUE,TRUE,TRUE
"atom",197,"reverse_equal","C",TRUE,TRUE,TRUE,TRUE
"atom",197,"reflexivity","C",TRUE,TRUE,TRUE,TRUE
"atom",197,"unequal_control","C",FALSE,FALSE,FALSE,FALSE
"atom",198,"forward_equal","C",TRUE,TRUE,TRUE,TRUE
"atom",198,"reverse_equal","C",TRUE,TRUE,TRUE,TRUE
"atom",198,"reflexivity","C",TRUE,TRUE,TRUE,TRUE
"atom",198,"unequal_control","C",FALSE,FALSE,FALSE,FALSE
"atom",199,"forward_equal","C",TRUE,TRUE,TRUE,TRUE
"atom",199,"reverse_equal","C",TRUE,TRUE,TRUE,TRUE
"atom",199,"reflexivity","C",TRUE,TRUE,TRUE,TRUE
"atom",199,"unequal_control","C",FALSE,FALSE,FALSE,FALSE
"atom",200,"forward_equal","C",TRUE,TRUE,TRUE,TRUE
"atom",200,"reverse_equal","C",TRUE,TRUE,TRUE,TRUE
"atom",200,"reflexivity","C",TRUE,TRUE,TRUE,TRUE
"atom",200,"unequal_control","C",FALSE,FALSE,FALSE,FALSE
"atom",201,"forward_equal","C",TRUE,TRUE,TRUE,TRUE
"atom",201,"reverse_equal","C",TRUE,TRUE,TRUE,TRUE
"atom",201,"reflexivity","C",TRUE,TRUE,TRUE,TRUE
"atom",201,"unequal_control","C",FALSE,FALSE,FALSE,FALSE
"atom",202,"forward_equal","C",TRUE,TRUE,TRUE,TRUE
"atom",202,"reverse_equal","C",TRUE,TRUE,TRUE,TRUE
"atom",202,"reflexivity","C",TRUE,TRUE,TRUE,TRUE
"atom",202,"unequal_control","C",FALSE,FALSE,FALSE,FALSE
"atom",203,"forward_equal","C",TRUE,TRUE,TRUE,TRUE
"atom",203,"reverse_equal","C",TRUE,TRUE,TRUE,TRUE
"atom",203,"reflexivity","C",TRUE,TRUE,TRUE,TRUE
"atom",203,"unequal_control","C",FALSE,FALSE,FALSE,FALSE
"atom",204,"forward_equal","C",TRUE,TRUE,TRUE,TRUE
"atom",204,"reverse_equal","C",TRUE,TRUE,TRUE,TRUE
"atom",204,"reflexivity","C",TRUE,TRUE,TRUE,TRUE
"atom",204,"unequal_control","C",FALSE,FALSE,FALSE,FALSE
"atom",205,"forward_equal","C",TRUE,TRUE,TRUE,TRUE
"atom",205,"reverse_equal","C",TRUE,TRUE,TRUE,TRUE
"atom",205,"reflexivity","C",TRUE,TRUE,TRUE,TRUE
"atom",205,"unequal_control","C",FALSE,FALSE,FALSE,FALSE
"atom",206,"forward_equal","C",TRUE,TRUE,TRUE,TRUE
"atom",206,"reverse_equal","C",TRUE,TRUE,TRUE,TRUE
"atom",206,"reflexivity","C",TRUE,TRUE,TRUE,TRUE
"atom",206,"unequal_control","C",FALSE,FALSE,FALSE,FALSE
"atom",207,"forward_equal","C",TRUE,TRUE,TRUE,TRUE
"atom",207,"reverse_equal","C",TRUE,TRUE,TRUE,TRUE
"atom",207,"reflexivity","C",TRUE,TRUE,TRUE,TRUE
"atom",207,"unequal_control","C",FALSE,FALSE,FALSE,FALSE
"atom",208,"forward_equal","C",TRUE,TRUE,TRUE,TRUE
"atom",208,"reverse_equal","C",TRUE,TRUE,TRUE,TRUE
"atom",208,"reflexivity","C",TRUE,TRUE,TRUE,TRUE
"atom",208,"unequal_control","C",FALSE,FALSE,FALSE,FALSE
"atom",209,"forward_equal","C",TRUE,TRUE,TRUE,TRUE
"atom",209,"reverse_equal","C",TRUE,TRUE,TRUE,TRUE
"atom",209,"reflexivity","C",TRUE,TRUE,TRUE,TRUE
"atom",209,"unequal_control","C",FALSE,FALSE,FALSE,FALSE
"atom",210,"forward_equal","C",TRUE,TRUE,TRUE,TRUE
"atom",210,"reverse_equal","C",TRUE,TRUE,TRUE,TRUE
"atom",210,"reflexivity","C",TRUE,TRUE,TRUE,TRUE
"atom",210,"unequal_control","C",FALSE,FALSE,FALSE,FALSE
"atom",211,"forward_equal","C",TRUE,TRUE,TRUE,TRUE
"atom",211,"reverse_equal","C",TRUE,TRUE,TRUE,TRUE
"atom",211,"reflexivity","C",TRUE,TRUE,TRUE,TRUE
"atom",211,"unequal_control","C",FALSE,FALSE,FALSE,FALSE
"atom",212,"forward_equal","C",TRUE,TRUE,TRUE,TRUE
"atom",212,"reverse_equal","C",TRUE,TRUE,TRUE,TRUE
"atom",212,"reflexivity","C",TRUE,TRUE,TRUE,TRUE
"atom",212,"unequal_control","C",FALSE,FALSE,FALSE,FALSE
"atom",213,"forward_equal","C",TRUE,TRUE,TRUE,TRUE
"atom",213,"reverse_equal","C",TRUE,TRUE,TRUE,TRUE
"atom",213,"reflexivity","C",TRUE,TRUE,TRUE,TRUE
"atom",213,"unequal_control","C",FALSE,FALSE,FALSE,FALSE
"atom",214,"forward_equal","C",TRUE,TRUE,TRUE,TRUE
"atom",214,"reverse_equal","C",TRUE,TRUE,TRUE,TRUE
"atom",214,"reflexivity","C",TRUE,TRUE,TRUE,TRUE
"atom",214,"unequal_control","C",FALSE,FALSE,FALSE,FALSE
"atom",215,"forward_equal","C",TRUE,TRUE,TRUE,TRUE
"atom",215,"reverse_equal","C",TRUE,TRUE,TRUE,TRUE
"atom",215,"reflexivity","C",TRUE,TRUE,TRUE,TRUE
"atom",215,"unequal_control","C",FALSE,FALSE,FALSE,FALSE
"atom",216,"forward_equal","C",TRUE,TRUE,TRUE,TRUE
"atom",216,"reverse_equal","C",TRUE,TRUE,TRUE,TRUE
"atom",216,"reflexivity","C",TRUE,TRUE,TRUE,TRUE
"atom",216,"unequal_control","C",FALSE,FALSE,FALSE,FALSE
"atom",217,"forward_equal","C",TRUE,TRUE,TRUE,TRUE
"atom",217,"reverse_equal","C",TRUE,TRUE,TRUE,TRUE
"atom",217,"reflexivity","C",TRUE,TRUE,TRUE,TRUE
"atom",217,"unequal_control","C",FALSE,FALSE,FALSE,FALSE
"atom",218,"forward_equal","C",TRUE,TRUE,TRUE,TRUE
"atom",218,"reverse_equal","C",TRUE,TRUE,TRUE,TRUE
"atom",218,"reflexivity","C",TRUE,TRUE,TRUE,TRUE
"atom",218,"unequal_control","C",FALSE,FALSE,FALSE,FALSE
"atom",219,"forward_equal","C",TRUE,TRUE,TRUE,TRUE
"atom",219,"reverse_equal","C",TRUE,TRUE,TRUE,TRUE
"atom",219,"reflexivity","C",TRUE,TRUE,TRUE,TRUE
"atom",219,"unequal_control","C",FALSE,FALSE,FALSE,FALSE
"atom",220,"forward_equal","C",TRUE,TRUE,TRUE,TRUE
"atom",220,"reverse_equal","C",TRUE,TRUE,TRUE,TRUE
"atom",220,"reflexivity","C",TRUE,TRUE,TRUE,TRUE
"atom",220,"unequal_control","C",FALSE,FALSE,FALSE,FALSE
"atom",221,"forward_equal","C",TRUE,TRUE,TRUE,TRUE
"atom",221,"reverse_equal","C",TRUE,TRUE,TRUE,TRUE
"atom",221,"reflexivity","C",TRUE,TRUE,TRUE,TRUE
"atom",221,"unequal_control","C",FALSE,FALSE,FALSE,FALSE
"atom",222,"forward_equal","C",TRUE,TRUE,TRUE,TRUE
"atom",222,"reverse_equal","C",TRUE,TRUE,TRUE,TRUE
"atom",222,"reflexivity","C",TRUE,TRUE,TRUE,TRUE
"atom",222,"unequal_control","C",FALSE,FALSE,FALSE,FALSE
"atom",223,"forward_equal","C",TRUE,TRUE,TRUE,TRUE
"atom",223,"reverse_equal","C",TRUE,TRUE,TRUE,TRUE
"atom",223,"reflexivity","C",TRUE,TRUE,TRUE,TRUE
"atom",223,"unequal_control","C",FALSE,FALSE,FALSE,FALSE
"atom",224,"forward_equal","C",TRUE,TRUE,TRUE,TRUE
"atom",224,"reverse_equal","C",TRUE,TRUE,TRUE,TRUE
"atom",224,"reflexivity","C",TRUE,TRUE,TRUE,TRUE
"atom",224,"unequal_control","C",FALSE,FALSE,FALSE,FALSE
"atom",225,"forward_equal","C",TRUE,TRUE,TRUE,TRUE
"atom",225,"reverse_equal","C",TRUE,TRUE,TRUE,TRUE
"atom",225,"reflexivity","C",TRUE,TRUE,TRUE,TRUE
"atom",225,"unequal_control","C",FALSE,FALSE,FALSE,FALSE
"atom",226,"forward_equal","C",TRUE,TRUE,TRUE,TRUE
"atom",226,"reverse_equal","C",TRUE,TRUE,TRUE,TRUE
"atom",226,"reflexivity","C",TRUE,TRUE,TRUE,TRUE
"atom",226,"unequal_control","C",FALSE,FALSE,FALSE,FALSE
"atom",227,"forward_equal","C",TRUE,TRUE,TRUE,TRUE
"atom",227,"reverse_equal","C",TRUE,TRUE,TRUE,TRUE
"atom",227,"reflexivity","C",TRUE,TRUE,TRUE,TRUE
"atom",227,"unequal_control","C",FALSE,FALSE,FALSE,FALSE
"atom",228,"forward_equal","C",TRUE,TRUE,TRUE,TRUE
"atom",228,"reverse_equal","C",TRUE,TRUE,TRUE,TRUE
"atom",228,"reflexivity","C",TRUE,TRUE,TRUE,TRUE
"atom",228,"unequal_control","C",FALSE,FALSE,FALSE,FALSE
"atom",229,"forward_equal","C",TRUE,TRUE,TRUE,TRUE
"atom",229,"reverse_equal","C",TRUE,TRUE,TRUE,TRUE
"atom",229,"reflexivity","C",TRUE,TRUE,TRUE,TRUE
"atom",229,"unequal_control","C",FALSE,FALSE,FALSE,FALSE
"atom",230,"forward_equal","C",TRUE,TRUE,TRUE,TRUE
"atom",230,"reverse_equal","C",TRUE,TRUE,TRUE,TRUE
"atom",230,"reflexivity","C",TRUE,TRUE,TRUE,TRUE
"atom",230,"unequal_control","C",FALSE,FALSE,FALSE,FALSE
"atom",231,"forward_equal","C",TRUE,TRUE,TRUE,TRUE
"atom",231,"reverse_equal","C",TRUE,TRUE,TRUE,TRUE
"atom",231,"reflexivity","C",TRUE,TRUE,TRUE,TRUE
"atom",231,"unequal_control","C",FALSE,FALSE,FALSE,FALSE
"atom",232,"forward_equal","C",TRUE,TRUE,TRUE,TRUE
"atom",232,"reverse_equal","C",TRUE,TRUE,TRUE,TRUE
"atom",232,"reflexivity","C",TRUE,TRUE,TRUE,TRUE
"atom",232,"unequal_control","C",FALSE,FALSE,FALSE,FALSE
"atom",233,"forward_equal","C",TRUE,TRUE,TRUE,TRUE
"atom",233,"reverse_equal","C",TRUE,TRUE,TRUE,TRUE
"atom",233,"reflexivity","C",TRUE,TRUE,TRUE,TRUE
"atom",233,"unequal_control","C",FALSE,FALSE,FALSE,FALSE
"atom",234,"forward_equal","C",TRUE,TRUE,TRUE,TRUE
"atom",234,"reverse_equal","C",TRUE,TRUE,TRUE,TRUE
"atom",234,"reflexivity","C",TRUE,TRUE,TRUE,TRUE
"atom",234,"unequal_control","C",FALSE,FALSE,FALSE,FALSE
"atom",235,"forward_equal","C",TRUE,TRUE,TRUE,TRUE
"atom",235,"reverse_equal","C",TRUE,TRUE,TRUE,TRUE
"atom",235,"reflexivity","C",TRUE,TRUE,TRUE,TRUE
"atom",235,"unequal_control","C",FALSE,FALSE,FALSE,FALSE
"atom",236,"forward_equal","C",TRUE,TRUE,TRUE,TRUE
"atom",236,"reverse_equal","C",TRUE,TRUE,TRUE,TRUE
"atom",236,"reflexivity","C",TRUE,TRUE,TRUE,TRUE
"atom",236,"unequal_control","C",FALSE,FALSE,FALSE,FALSE
"atom",237,"forward_equal","C",TRUE,TRUE,TRUE,TRUE
"atom",237,"reverse_equal","C",TRUE,TRUE,TRUE,TRUE
"atom",237,"reflexivity","C",TRUE,TRUE,TRUE,TRUE
"atom",237,"unequal_control","C",FALSE,FALSE,FALSE,FALSE
"atom",238,"forward_equal","C",TRUE,TRUE,TRUE,TRUE
"atom",238,"reverse_equal","C",TRUE,TRUE,TRUE,TRUE
"atom",238,"reflexivity","C",TRUE,TRUE,TRUE,TRUE
"atom",238,"unequal_control","C",FALSE,FALSE,FALSE,FALSE
"atom",239,"forward_equal","C",TRUE,TRUE,TRUE,TRUE
"atom",239,"reverse_equal","C",TRUE,TRUE,TRUE,TRUE
"atom",239,"reflexivity","C",TRUE,TRUE,TRUE,TRUE
"atom",239,"unequal_control","C",FALSE,FALSE,FALSE,FALSE
"atom",240,"forward_equal","C",TRUE,TRUE,TRUE,TRUE
"atom",240,"reverse_equal","C",TRUE,TRUE,TRUE,TRUE
"atom",240,"reflexivity","C",TRUE,TRUE,TRUE,TRUE
"atom",240,"unequal_control","C",FALSE,FALSE,FALSE,FALSE
"atom",241,"forward_equal","C",TRUE,TRUE,TRUE,TRUE
"atom",241,"reverse_equal","C",TRUE,TRUE,TRUE,TRUE
"atom",241,"reflexivity","C",TRUE,TRUE,TRUE,TRUE
"atom",241,"unequal_control","C",FALSE,FALSE,FALSE,FALSE
"atom",242,"forward_equal","C",TRUE,TRUE,TRUE,TRUE
"atom",242,"reverse_equal","C",TRUE,TRUE,TRUE,TRUE
"atom",242,"reflexivity","C",TRUE,TRUE,TRUE,TRUE
"atom",242,"unequal_control","C",FALSE,FALSE,FALSE,FALSE
"atom",243,"forward_equal","C",TRUE,TRUE,TRUE,TRUE
"atom",243,"reverse_equal","C",TRUE,TRUE,TRUE,TRUE
"atom",243,"reflexivity","C",TRUE,TRUE,TRUE,TRUE
"atom",243,"unequal_control","C",FALSE,FALSE,FALSE,FALSE
"atom",244,"forward_equal","C",TRUE,TRUE,TRUE,TRUE
"atom",244,"reverse_equal","C",TRUE,TRUE,TRUE,TRUE
"atom",244,"reflexivity","C",TRUE,TRUE,TRUE,TRUE
"atom",244,"unequal_control","C",FALSE,FALSE,FALSE,FALSE
"atom",245,"forward_equal","C",TRUE,TRUE,TRUE,TRUE
"atom",245,"reverse_equal","C",TRUE,TRUE,TRUE,TRUE
"atom",245,"reflexivity","C",TRUE,TRUE,TRUE,TRUE
"atom",245,"unequal_control","C",FALSE,FALSE,FALSE,FALSE
"atom",246,"forward_equal","C",TRUE,TRUE,TRUE,TRUE
"atom",246,"reverse_equal","C",TRUE,TRUE,TRUE,TRUE
"atom",246,"reflexivity","C",TRUE,TRUE,TRUE,TRUE
"atom",246,"unequal_control","C",FALSE,FALSE,FALSE,FALSE
"atom",247,"forward_equal","C",TRUE,TRUE,TRUE,TRUE
"atom",247,"reverse_equal","C",TRUE,TRUE,TRUE,TRUE
"atom",247,"reflexivity","C",TRUE,TRUE,TRUE,TRUE
"atom",247,"unequal_control","C",FALSE,FALSE,FALSE,FALSE
"atom",248,"forward_equal","C",TRUE,TRUE,TRUE,TRUE
"atom",248,"reverse_equal","C",TRUE,TRUE,TRUE,TRUE
"atom",248,"reflexivity","C",TRUE,TRUE,TRUE,TRUE
"atom",248,"unequal_control","C",FALSE,FALSE,FALSE,FALSE
"atom",249,"forward_equal","C",TRUE,TRUE,TRUE,TRUE
"atom",249,"reverse_equal","C",TRUE,TRUE,TRUE,TRUE
"atom",249,"reflexivity","C",TRUE,TRUE,TRUE,TRUE
"atom",249,"unequal_control","C",FALSE,FALSE,FALSE,FALSE
"atom",250,"forward_equal","C",TRUE,TRUE,TRUE,TRUE
"atom",250,"reverse_equal","C",TRUE,TRUE,TRUE,TRUE
"atom",250,"reflexivity","C",TRUE,TRUE,TRUE,TRUE
"atom",250,"unequal_control","C",FALSE,FALSE,FALSE,FALSE
"atom",251,"forward_equal","C",TRUE,TRUE,TRUE,TRUE
"atom",251,"reverse_equal","C",TRUE,TRUE,TRUE,TRUE
"atom",251,"reflexivity","C",TRUE,TRUE,TRUE,TRUE
"atom",251,"unequal_control","C",FALSE,FALSE,FALSE,FALSE
"atom",252,"forward_equal","C",TRUE,TRUE,TRUE,TRUE
"atom",252,"reverse_equal","C",TRUE,TRUE,TRUE,TRUE
"atom",252,"reflexivity","C",TRUE,TRUE,TRUE,TRUE
"atom",252,"unequal_control","C",FALSE,FALSE,FALSE,FALSE
"atom",253,"forward_equal","C",TRUE,TRUE,TRUE,TRUE
"atom",253,"reverse_equal","C",TRUE,TRUE,TRUE,TRUE
"atom",253,"reflexivity","C",TRUE,TRUE,TRUE,TRUE
"atom",253,"unequal_control","C",FALSE,FALSE,FALSE,FALSE
"atom",254,"forward_equal","C",TRUE,TRUE,TRUE,TRUE
"atom",254,"reverse_equal","C",TRUE,TRUE,TRUE,TRUE
"atom",254,"reflexivity","C",TRUE,TRUE,TRUE,TRUE
"atom",254,"unequal_control","C",FALSE,FALSE,FALSE,FALSE
"atom",255,"forward_equal","C",TRUE,TRUE,TRUE,TRUE
"atom",255,"reverse_equal","C",TRUE,TRUE,TRUE,TRUE
"atom",255,"reflexivity","C",TRUE,TRUE,TRUE,TRUE
"atom",255,"unequal_control","C",FALSE,FALSE,FALSE,FALSE
"atom",256,"forward_equal","C",TRUE,TRUE,TRUE,TRUE
"atom",256,"reverse_equal","C",TRUE,TRUE,TRUE,TRUE
"atom",256,"reflexivity","C",TRUE,TRUE,TRUE,TRUE
"atom",256,"unequal_control","C",FALSE,FALSE,FALSE,FALSE
"atom",257,"forward_equal","C",TRUE,TRUE,TRUE,TRUE
"atom",257,"reverse_equal","C",TRUE,TRUE,TRUE,TRUE
"atom",257,"reflexivity","C",TRUE,TRUE,TRUE,TRUE
"atom",257,"unequal_control","C",FALSE,FALSE,FALSE,FALSE
"atom",258,"forward_equal","C",TRUE,TRUE,TRUE,TRUE
"atom",258,"reverse_equal","C",TRUE,TRUE,TRUE,TRUE
"atom",258,"reflexivity","C",TRUE,TRUE,TRUE,TRUE
"atom",258,"unequal_control","C",FALSE,FALSE,FALSE,FALSE
"atom",259,"forward_equal","C",TRUE,TRUE,TRUE,TRUE
"atom",259,"reverse_equal","C",TRUE,TRUE,TRUE,TRUE
"atom",259,"reflexivity","C",TRUE,TRUE,TRUE,TRUE
"atom",259,"unequal_control","C",FALSE,FALSE,FALSE,FALSE
"atom",260,"forward_equal","C",TRUE,TRUE,TRUE,TRUE
"atom",260,"reverse_equal","C",TRUE,TRUE,TRUE,TRUE
"atom",260,"reflexivity","C",TRUE,TRUE,TRUE,TRUE
"atom",260,"unequal_control","C",FALSE,FALSE,FALSE,FALSE
"atom",261,"forward_equal","C",TRUE,TRUE,TRUE,TRUE
"atom",261,"reverse_equal","C",TRUE,TRUE,TRUE,TRUE
"atom",261,"reflexivity","C",TRUE,TRUE,TRUE,TRUE
"atom",261,"unequal_control","C",FALSE,FALSE,FALSE,FALSE
"atom",262,"forward_equal","C",TRUE,TRUE,TRUE,TRUE
"atom",262,"reverse_equal","C",TRUE,TRUE,TRUE,TRUE
"atom",262,"reflexivity","C",TRUE,TRUE,TRUE,TRUE
"atom",262,"unequal_control","C",FALSE,FALSE,FALSE,FALSE
"atom",263,"forward_equal","C",TRUE,TRUE,TRUE,TRUE
"atom",263,"reverse_equal","C",TRUE,TRUE,TRUE,TRUE
"atom",263,"reflexivity","C",TRUE,TRUE,TRUE,TRUE
"atom",263,"unequal_control","C",FALSE,FALSE,FALSE,FALSE
"atom",264,"forward_equal","C",TRUE,TRUE,TRUE,TRUE
"atom",264,"reverse_equal","C",TRUE,TRUE,TRUE,TRUE
"atom",264,"reflexivity","C",TRUE,TRUE,TRUE,TRUE
"atom",264,"unequal_control","C",FALSE,FALSE,FALSE,FALSE
"atom",265,"forward_equal","C",TRUE,TRUE,TRUE,TRUE
"atom",265,"reverse_equal","C",TRUE,TRUE,TRUE,TRUE
"atom",265,"reflexivity","C",TRUE,TRUE,TRUE,TRUE
"atom",265,"unequal_control","C",FALSE,FALSE,FALSE,FALSE
"atom",266,"forward_equal","C",TRUE,TRUE,TRUE,TRUE
"atom",266,"reverse_equal","C",TRUE,TRUE,TRUE,TRUE
"atom",266,"reflexivity","C",TRUE,TRUE,TRUE,TRUE
"atom",266,"unequal_control","C",FALSE,FALSE,FALSE,FALSE
"atom",267,"forward_equal","C",TRUE,TRUE,TRUE,TRUE
"atom",267,"reverse_equal","C",TRUE,TRUE,TRUE,TRUE
"atom",267,"reflexivity","C",TRUE,TRUE,TRUE,TRUE
"atom",267,"unequal_control","C",FALSE,FALSE,FALSE,FALSE
"atom",268,"forward_equal","C",TRUE,TRUE,TRUE,TRUE
"atom",268,"reverse_equal","C",TRUE,TRUE,TRUE,TRUE
"atom",268,"reflexivity","C",TRUE,TRUE,TRUE,TRUE
"atom",268,"unequal_control","C",FALSE,FALSE,FALSE,FALSE
"atom",269,"forward_equal","C",TRUE,TRUE,TRUE,TRUE
"atom",269,"reverse_equal","C",TRUE,TRUE,TRUE,TRUE
"atom",269,"reflexivity","C",TRUE,TRUE,TRUE,TRUE
"atom",269,"unequal_control","C",FALSE,FALSE,FALSE,FALSE
"atom",270,"forward_equal","C",TRUE,TRUE,TRUE,TRUE
"atom",270,"reverse_equal","C",TRUE,TRUE,TRUE,TRUE
"atom",270,"reflexivity","C",TRUE,TRUE,TRUE,TRUE
"atom",270,"unequal_control","C",FALSE,FALSE,FALSE,FALSE
"atom",271,"forward_equal","C",TRUE,TRUE,TRUE,TRUE
"atom",271,"reverse_equal","C",TRUE,TRUE,TRUE,TRUE
"atom",271,"reflexivity","C",TRUE,TRUE,TRUE,TRUE
"atom",271,"unequal_control","C",FALSE,FALSE,FALSE,FALSE
"atom",272,"forward_equal","C",TRUE,TRUE,TRUE,TRUE
"atom",272,"reverse_equal","C",TRUE,TRUE,TRUE,TRUE
"atom",272,"reflexivity","C",TRUE,TRUE,TRUE,TRUE
"atom",272,"unequal_control","C",FALSE,FALSE,FALSE,FALSE
"atom",273,"forward_equal","C",TRUE,TRUE,TRUE,TRUE
"atom",273,"reverse_equal","C",TRUE,TRUE,TRUE,TRUE
"atom",273,"reflexivity","C",TRUE,TRUE,TRUE,TRUE
"atom",273,"unequal_control","C",FALSE,FALSE,FALSE,FALSE
"atom",274,"forward_equal","C",TRUE,TRUE,TRUE,TRUE
"atom",274,"reverse_equal","C",TRUE,TRUE,TRUE,TRUE
"atom",274,"reflexivity","C",TRUE,TRUE,TRUE,TRUE
"atom",274,"unequal_control","C",FALSE,FALSE,FALSE,FALSE
"atom",275,"forward_equal","C",TRUE,TRUE,TRUE,TRUE
"atom",275,"reverse_equal","C",TRUE,TRUE,TRUE,TRUE
"atom",275,"reflexivity","C",TRUE,TRUE,TRUE,TRUE
"atom",275,"unequal_control","C",FALSE,FALSE,FALSE,FALSE
"atom",276,"forward_equal","C",TRUE,TRUE,TRUE,TRUE
"atom",276,"reverse_equal","C",TRUE,TRUE,TRUE,TRUE
"atom",276,"reflexivity","C",TRUE,TRUE,TRUE,TRUE
"atom",276,"unequal_control","C",FALSE,FALSE,FALSE,FALSE
"atom",277,"forward_equal","C",TRUE,TRUE,TRUE,TRUE
"atom",277,"reverse_equal","C",TRUE,TRUE,TRUE,TRUE
"atom",277,"reflexivity","C",TRUE,TRUE,TRUE,TRUE
"atom",277,"unequal_control","C",FALSE,FALSE,FALSE,FALSE
"atom",278,"forward_equal","C",TRUE,TRUE,TRUE,TRUE
"atom",278,"reverse_equal","C",TRUE,TRUE,TRUE,TRUE
"atom",278,"reflexivity","C",TRUE,TRUE,TRUE,TRUE
"atom",278,"unequal_control","C",FALSE,FALSE,FALSE,FALSE
"atom",279,"forward_equal","C",TRUE,TRUE,TRUE,TRUE
"atom",279,"reverse_equal","C",TRUE,TRUE,TRUE,TRUE
"atom",279,"reflexivity","C",TRUE,TRUE,TRUE,TRUE
"atom",279,"unequal_control","C",FALSE,FALSE,FALSE,FALSE
"atom",280,"forward_equal","C",TRUE,TRUE,TRUE,TRUE
"atom",280,"reverse_equal","C",TRUE,TRUE,TRUE,TRUE
"atom",280,"reflexivity","C",TRUE,TRUE,TRUE,TRUE
"atom",280,"unequal_control","C",FALSE,FALSE,FALSE,FALSE
"atom",281,"forward_equal","C",TRUE,TRUE,TRUE,TRUE
"atom",281,"reverse_equal","C",TRUE,TRUE,TRUE,TRUE
"atom",281,"reflexivity","C",TRUE,TRUE,TRUE,TRUE
"atom",281,"unequal_control","C",FALSE,FALSE,FALSE,FALSE
"atom",282,"forward_equal","C",TRUE,TRUE,TRUE,TRUE
"atom",282,"reverse_equal","C",TRUE,TRUE,TRUE,TRUE
"atom",282,"reflexivity","C",TRUE,TRUE,TRUE,TRUE
"atom",282,"unequal_control","C",FALSE,FALSE,FALSE,FALSE
"atom",283,"forward_equal","C",TRUE,TRUE,TRUE,TRUE
"atom",283,"reverse_equal","C",TRUE,TRUE,TRUE,TRUE
"atom",283,"reflexivity","C",TRUE,TRUE,TRUE,TRUE
"atom",283,"unequal_control","C",FALSE,FALSE,FALSE,FALSE
"atom",284,"forward_equal","C",TRUE,TRUE,TRUE,TRUE
"atom",284,"reverse_equal","C",TRUE,TRUE,TRUE,TRUE
"atom",284,"reflexivity","C",TRUE,TRUE,TRUE,TRUE
"atom",284,"unequal_control","C",FALSE,FALSE,FALSE,FALSE
"atom",285,"forward_equal","C",TRUE,TRUE,TRUE,TRUE
"atom",285,"reverse_equal","C",TRUE,TRUE,TRUE,TRUE
"atom",285,"reflexivity","C",TRUE,TRUE,TRUE,TRUE
"atom",285,"unequal_control","C",FALSE,FALSE,FALSE,FALSE
"atom",286,"forward_equal","C",TRUE,TRUE,TRUE,TRUE
"atom",286,"reverse_equal","C",TRUE,TRUE,TRUE,TRUE
"atom",286,"reflexivity","C",TRUE,TRUE,TRUE,TRUE
"atom",286,"unequal_control","C",FALSE,FALSE,FALSE,FALSE
"atom",287,"forward_equal","C",TRUE,TRUE,TRUE,TRUE
"atom",287,"reverse_equal","C",TRUE,TRUE,TRUE,TRUE
"atom",287,"reflexivity","C",TRUE,TRUE,TRUE,TRUE
"atom",287,"unequal_control","C",FALSE,FALSE,FALSE,FALSE
"atom",288,"forward_equal","C",TRUE,TRUE,TRUE,TRUE
"atom",288,"reverse_equal","C",TRUE,TRUE,TRUE,TRUE
"atom",288,"reflexivity","C",TRUE,TRUE,TRUE,TRUE
"atom",288,"unequal_control","C",FALSE,FALSE,FALSE,FALSE
"atom",289,"forward_equal","C",TRUE,TRUE,TRUE,TRUE
"atom",289,"reverse_equal","C",TRUE,TRUE,TRUE,TRUE
"atom",289,"reflexivity","C",TRUE,TRUE,TRUE,TRUE
"atom",289,"unequal_control","C",FALSE,FALSE,FALSE,FALSE
"atom",290,"forward_equal","C",TRUE,TRUE,TRUE,TRUE
"atom",290,"reverse_equal","C",TRUE,TRUE,TRUE,TRUE
"atom",290,"reflexivity","C",TRUE,TRUE,TRUE,TRUE
"atom",290,"unequal_control","C",FALSE,FALSE,FALSE,FALSE
"atom",291,"forward_equal","C",TRUE,TRUE,TRUE,TRUE
"atom",291,"reverse_equal","C",TRUE,TRUE,TRUE,TRUE
"atom",291,"reflexivity","C",TRUE,TRUE,TRUE,TRUE
"atom",291,"unequal_control","C",FALSE,FALSE,FALSE,FALSE
"atom",292,"forward_equal","C",TRUE,TRUE,TRUE,TRUE
"atom",292,"reverse_equal","C",TRUE,TRUE,TRUE,TRUE
"atom",292,"reflexivity","C",TRUE,TRUE,TRUE,TRUE
"atom",292,"unequal_control","C",FALSE,FALSE,FALSE,FALSE
"atom",293,"forward_equal","C",TRUE,TRUE,TRUE,TRUE
"atom",293,"reverse_equal","C",TRUE,TRUE,TRUE,TRUE
"atom",293,"reflexivity","C",TRUE,TRUE,TRUE,TRUE
"atom",293,"unequal_control","C",FALSE,FALSE,FALSE,FALSE
"atom",294,"forward_equal","C",TRUE,TRUE,TRUE,TRUE
"atom",294,"reverse_equal","C",TRUE,TRUE,TRUE,TRUE
"atom",294,"reflexivity","C",TRUE,TRUE,TRUE,TRUE
"atom",294,"unequal_control","C",FALSE,FALSE,FALSE,FALSE
"atom",295,"forward_equal","C",TRUE,TRUE,TRUE,TRUE
"atom",295,"reverse_equal","C",TRUE,TRUE,TRUE,TRUE
"atom",295,"reflexivity","C",TRUE,TRUE,TRUE,TRUE
"atom",295,"unequal_control","C",FALSE,FALSE,FALSE,FALSE
"atom",296,"forward_equal","C",TRUE,TRUE,TRUE,TRUE
"atom",296,"reverse_equal","C",TRUE,TRUE,TRUE,TRUE
"atom",296,"reflexivity","C",TRUE,TRUE,TRUE,TRUE
"atom",296,"unequal_control","C",FALSE,FALSE,FALSE,FALSE
"atom",297,"forward_equal","C",TRUE,TRUE,TRUE,TRUE
"atom",297,"reverse_equal","C",TRUE,TRUE,TRUE,TRUE
"atom",297,"reflexivity","C",TRUE,TRUE,TRUE,TRUE
"atom",297,"unequal_control","C",FALSE,FALSE,FALSE,FALSE
"atom",298,"forward_equal","C",TRUE,TRUE,TRUE,TRUE
"atom",298,"reverse_equal","C",TRUE,TRUE,TRUE,TRUE
"atom",298,"reflexivity","C",TRUE,TRUE,TRUE,TRUE
"atom",298,"unequal_control","C",FALSE,FALSE,FALSE,FALSE
"atom",299,"forward_equal","C",TRUE,TRUE,TRUE,TRUE
"atom",299,"reverse_equal","C",TRUE,TRUE,TRUE,TRUE
"atom",299,"reflexivity","C",TRUE,TRUE,TRUE,TRUE
"atom",299,"unequal_control","C",FALSE,FALSE,FALSE,FALSE
"atom",300,"forward_equal","C",TRUE,TRUE,TRUE,TRUE
"atom",300,"reverse_equal","C",TRUE,TRUE,TRUE,TRUE
"atom",300,"reflexivity","C",TRUE,TRUE,TRUE,TRUE
"atom",300,"unequal_control","C",FALSE,FALSE,FALSE,FALSE
"atom",301,"forward_equal","C",TRUE,TRUE,TRUE,TRUE
"atom",301,"reverse_equal","C",TRUE,TRUE,TRUE,TRUE
"atom",301,"reflexivity","C",TRUE,TRUE,TRUE,TRUE
"atom",301,"unequal_control","C",FALSE,FALSE,FALSE,FALSE
"atom",302,"forward_equal","C",TRUE,TRUE,TRUE,TRUE
"atom",302,"reverse_equal","C",TRUE,TRUE,TRUE,TRUE
"atom",302,"reflexivity","C",TRUE,TRUE,TRUE,TRUE
"atom",302,"unequal_control","C",FALSE,FALSE,FALSE,FALSE
"atom",303,"forward_equal","C",TRUE,TRUE,TRUE,TRUE
"atom",303,"reverse_equal","C",TRUE,TRUE,TRUE,TRUE
"atom",303,"reflexivity","C",TRUE,TRUE,TRUE,TRUE
"atom",303,"unequal_control","C",FALSE,FALSE,FALSE,FALSE
"atom",304,"forward_equal","C",TRUE,TRUE,TRUE,TRUE
"atom",304,"reverse_equal","C",TRUE,TRUE,TRUE,TRUE
"atom",304,"reflexivity","C",TRUE,TRUE,TRUE,TRUE
"atom",304,"unequal_control","C",FALSE,FALSE,FALSE,FALSE
"atom",305,"forward_equal","C",TRUE,TRUE,TRUE,TRUE
"atom",305,"reverse_equal","C",TRUE,TRUE,TRUE,TRUE
"atom",305,"reflexivity","C",TRUE,TRUE,TRUE,TRUE
"atom",305,"unequal_control","C",FALSE,FALSE,FALSE,FALSE
"atom",306,"forward_equal","C",TRUE,TRUE,TRUE,TRUE
"atom",306,"reverse_equal","C",TRUE,TRUE,TRUE,TRUE
"atom",306,"reflexivity","C",TRUE,TRUE,TRUE,TRUE
"atom",306,"unequal_control","C",FALSE,FALSE,FALSE,FALSE
"atom",307,"forward_equal","C",TRUE,TRUE,TRUE,TRUE
"atom",307,"reverse_equal","C",TRUE,TRUE,TRUE,TRUE
"atom",307,"reflexivity","C",TRUE,TRUE,TRUE,TRUE
"atom",307,"unequal_control","C",FALSE,FALSE,FALSE,FALSE
"atom",308,"forward_equal","C",TRUE,TRUE,TRUE,TRUE
"atom",308,"reverse_equal","C",TRUE,TRUE,TRUE,TRUE
"atom",308,"reflexivity","C",TRUE,TRUE,TRUE,TRUE
"atom",308,"unequal_control","C",FALSE,FALSE,FALSE,FALSE
"atom",309,"forward_equal","C",TRUE,TRUE,TRUE,TRUE
"atom",309,"reverse_equal","C",TRUE,TRUE,TRUE,TRUE
"atom",309,"reflexivity","C",TRUE,TRUE,TRUE,TRUE
"atom",309,"unequal_control","C",FALSE,FALSE,FALSE,FALSE
"atom",310,"forward_equal","C",TRUE,TRUE,TRUE,TRUE
"atom",310,"reverse_equal","C",TRUE,TRUE,TRUE,TRUE
"atom",310,"reflexivity","C",TRUE,TRUE,TRUE,TRUE
"atom",310,"unequal_control","C",FALSE,FALSE,FALSE,FALSE
"atom",311,"forward_equal","C",TRUE,TRUE,TRUE,TRUE
"atom",311,"reverse_equal","C",TRUE,TRUE,TRUE,TRUE
"atom",311,"reflexivity","C",TRUE,TRUE,TRUE,TRUE
"atom",311,"unequal_control","C",FALSE,FALSE,FALSE,FALSE
"atom",312,"forward_equal","C",TRUE,TRUE,TRUE,TRUE
"atom",312,"reverse_equal","C",TRUE,TRUE,TRUE,TRUE
"atom",312,"reflexivity","C",TRUE,TRUE,TRUE,TRUE
"atom",312,"unequal_control","C",FALSE,FALSE,FALSE,FALSE
"atom",313,"forward_equal","C",TRUE,TRUE,TRUE,TRUE
"atom",313,"reverse_equal","C",TRUE,TRUE,TRUE,TRUE
"atom",313,"reflexivity","C",TRUE,TRUE,TRUE,TRUE
"atom",313,"unequal_control","C",FALSE,FALSE,FALSE,FALSE
"atom",314,"forward_equal","C",TRUE,TRUE,TRUE,TRUE
"atom",314,"reverse_equal","C",TRUE,TRUE,TRUE,TRUE
"atom",314,"reflexivity","C",TRUE,TRUE,TRUE,TRUE
"atom",314,"unequal_control","C",FALSE,FALSE,FALSE,FALSE
"atom",315,"forward_equal","C",TRUE,TRUE,TRUE,TRUE
"atom",315,"reverse_equal","C",TRUE,TRUE,TRUE,TRUE
"atom",315,"reflexivity","C",TRUE,TRUE,TRUE,TRUE
"atom",315,"unequal_control","C",FALSE,FALSE,FALSE,FALSE
"atom",316,"forward_equal","C",TRUE,TRUE,TRUE,TRUE
"atom",316,"reverse_equal","C",TRUE,TRUE,TRUE,TRUE
"atom",316,"reflexivity","C",TRUE,TRUE,TRUE,TRUE
"atom",316,"unequal_control","C",FALSE,FALSE,FALSE,FALSE
"atom",317,"forward_equal","C",TRUE,TRUE,TRUE,TRUE
"atom",317,"reverse_equal","C",TRUE,TRUE,TRUE,TRUE
"atom",317,"reflexivity","C",TRUE,TRUE,TRUE,TRUE
"atom",317,"unequal_control","C",FALSE,FALSE,FALSE,FALSE
"atom",318,"forward_equal","C",TRUE,TRUE,TRUE,TRUE
"atom",318,"reverse_equal","C",TRUE,TRUE,TRUE,TRUE
"atom",318,"reflexivity","C",TRUE,TRUE,TRUE,TRUE
"atom",318,"unequal_control","C",FALSE,FALSE,FALSE,FALSE
"atom",319,"forward_equal","C",TRUE,TRUE,TRUE,TRUE
"atom",319,"reverse_equal","C",TRUE,TRUE,TRUE,TRUE
"atom",319,"reflexivity","C",TRUE,TRUE,TRUE,TRUE
"atom",319,"unequal_control","C",FALSE,FALSE,FALSE,FALSE
"atom",320,"forward_equal","C",TRUE,TRUE,TRUE,TRUE
"atom",320,"reverse_equal","C",TRUE,TRUE,TRUE,TRUE
"atom",320,"reflexivity","C",TRUE,TRUE,TRUE,TRUE
"atom",320,"unequal_control","C",FALSE,FALSE,FALSE,FALSE
"atom",321,"forward_equal","C",TRUE,TRUE,TRUE,TRUE
"atom",321,"reverse_equal","C",TRUE,TRUE,TRUE,TRUE
"atom",321,"reflexivity","C",TRUE,TRUE,TRUE,TRUE
"atom",321,"unequal_control","C",FALSE,FALSE,FALSE,FALSE
"atom",322,"forward_equal","C",TRUE,TRUE,TRUE,TRUE
"atom",322,"reverse_equal","C",TRUE,TRUE,TRUE,TRUE
"atom",322,"reflexivity","C",TRUE,TRUE,TRUE,TRUE
"atom",322,"unequal_control","C",FALSE,FALSE,FALSE,FALSE
"atom",323,"forward_equal","C",TRUE,TRUE,TRUE,TRUE
"atom",323,"reverse_equal","C",TRUE,TRUE,TRUE,TRUE
"atom",323,"reflexivity","C",TRUE,TRUE,TRUE,TRUE
"atom",323,"unequal_control","C",FALSE,FALSE,FALSE,FALSE
"atom",324,"forward_equal","C",TRUE,TRUE,TRUE,TRUE
"atom",324,"reverse_equal","C",TRUE,TRUE,TRUE,TRUE
"atom",324,"reflexivity","C",TRUE,TRUE,TRUE,TRUE
"atom",324,"unequal_control","C",FALSE,FALSE,FALSE,FALSE
"atom",325,"forward_equal","C",TRUE,TRUE,TRUE,TRUE
"atom",325,"reverse_equal","C",TRUE,TRUE,TRUE,TRUE
"atom",325,"reflexivity","C",TRUE,TRUE,TRUE,TRUE
"atom",325,"unequal_control","C",FALSE,FALSE,FALSE,FALSE
"atom",326,"forward_equal","C",TRUE,TRUE,TRUE,TRUE
"atom",326,"reverse_equal","C",TRUE,TRUE,TRUE,TRUE
"atom",326,"reflexivity","C",TRUE,TRUE,TRUE,TRUE
"atom",326,"unequal_control","C",FALSE,FALSE,FALSE,FALSE
"atom",327,"forward_equal","C",TRUE,TRUE,TRUE,TRUE
"atom",327,"reverse_equal","C",TRUE,TRUE,TRUE,TRUE
"atom",327,"reflexivity","C",TRUE,TRUE,TRUE,TRUE
"atom",327,"unequal_control","C",FALSE,FALSE,FALSE,FALSE
"atom",328,"forward_equal","C",TRUE,TRUE,TRUE,TRUE
"atom",328,"reverse_equal","C",TRUE,TRUE,TRUE,TRUE
"atom",328,"reflexivity","C",TRUE,TRUE,TRUE,TRUE
"atom",328,"unequal_control","C",FALSE,FALSE,FALSE,FALSE
"atom",329,"forward_equal","C",TRUE,TRUE,TRUE,TRUE
"atom",329,"reverse_equal","C",TRUE,TRUE,TRUE,TRUE
"atom",329,"reflexivity","C",TRUE,TRUE,TRUE,TRUE
"atom",329,"unequal_control","C",FALSE,FALSE,FALSE,FALSE
"atom",330,"forward_equal","C",TRUE,TRUE,TRUE,TRUE
"atom",330,"reverse_equal","C",TRUE,TRUE,TRUE,TRUE
"atom",330,"reflexivity","C",TRUE,TRUE,TRUE,TRUE
"atom",330,"unequal_control","C",FALSE,FALSE,FALSE,FALSE
"atom",331,"forward_equal","C",TRUE,TRUE,TRUE,TRUE
"atom",331,"reverse_equal","C",TRUE,TRUE,TRUE,TRUE
"atom",331,"reflexivity","C",TRUE,TRUE,TRUE,TRUE
"atom",331,"unequal_control","C",FALSE,FALSE,FALSE,FALSE
"atom",332,"forward_equal","C",TRUE,TRUE,TRUE,TRUE
"atom",332,"reverse_equal","C",TRUE,TRUE,TRUE,TRUE
"atom",332,"reflexivity","C",TRUE,TRUE,TRUE,TRUE
"atom",332,"unequal_control","C",FALSE,FALSE,FALSE,FALSE
"atom",333,"forward_equal","C",TRUE,TRUE,TRUE,TRUE
"atom",333,"reverse_equal","C",TRUE,TRUE,TRUE,TRUE
"atom",333,"reflexivity","C",TRUE,TRUE,TRUE,TRUE
"atom",333,"unequal_control","C",FALSE,FALSE,FALSE,FALSE
"atom",334,"forward_equal","C",TRUE,TRUE,TRUE,TRUE
"atom",334,"reverse_equal","C",TRUE,TRUE,TRUE,TRUE
"atom",334,"reflexivity","C",TRUE,TRUE,TRUE,TRUE
"atom",334,"unequal_control","C",FALSE,FALSE,FALSE,FALSE
"atom",335,"forward_equal","C",TRUE,TRUE,TRUE,TRUE
"atom",335,"reverse_equal","C",TRUE,TRUE,TRUE,TRUE
"atom",335,"reflexivity","C",TRUE,TRUE,TRUE,TRUE
"atom",335,"unequal_control","C",FALSE,FALSE,FALSE,FALSE
"atom",336,"forward_equal","C",TRUE,TRUE,TRUE,TRUE
"atom",336,"reverse_equal","C",TRUE,TRUE,TRUE,TRUE
"atom",336,"reflexivity","C",TRUE,TRUE,TRUE,TRUE
"atom",336,"unequal_control","C",FALSE,FALSE,FALSE,FALSE
"atom",337,"forward_equal","C",TRUE,TRUE,TRUE,TRUE
"atom",337,"reverse_equal","C",TRUE,TRUE,TRUE,TRUE
"atom",337,"reflexivity","C",TRUE,TRUE,TRUE,TRUE
"atom",337,"unequal_control","C",FALSE,FALSE,FALSE,FALSE
"atom",338,"forward_equal","C",TRUE,TRUE,TRUE,TRUE
"atom",338,"reverse_equal","C",TRUE,TRUE,TRUE,TRUE
"atom",338,"reflexivity","C",TRUE,TRUE,TRUE,TRUE
"atom",338,"unequal_control","C",FALSE,FALSE,FALSE,FALSE
"atom",339,"forward_equal","C",TRUE,TRUE,TRUE,TRUE
"atom",339,"reverse_equal","C",TRUE,TRUE,TRUE,TRUE
"atom",339,"reflexivity","C",TRUE,TRUE,TRUE,TRUE
"atom",339,"unequal_control","C",FALSE,FALSE,FALSE,FALSE
"atom",340,"forward_equal","C",TRUE,TRUE,TRUE,TRUE
"atom",340,"reverse_equal","C",TRUE,TRUE,TRUE,TRUE
"atom",340,"reflexivity","C",TRUE,TRUE,TRUE,TRUE
"atom",340,"unequal_control","C",FALSE,FALSE,FALSE,FALSE
"atom",341,"forward_equal","C",TRUE,TRUE,TRUE,TRUE
"atom",341,"reverse_equal","C",TRUE,TRUE,TRUE,TRUE
"atom",341,"reflexivity","C",TRUE,TRUE,TRUE,TRUE
"atom",341,"unequal_control","C",FALSE,FALSE,FALSE,FALSE
"atom",342,"forward_equal","C",TRUE,TRUE,TRUE,TRUE
"atom",342,"reverse_equal","C",TRUE,TRUE,TRUE,TRUE
"atom",342,"reflexivity","C",TRUE,TRUE,TRUE,TRUE
"atom",342,"unequal_control","C",FALSE,FALSE,FALSE,FALSE
"atom",343,"forward_equal","C",TRUE,TRUE,TRUE,TRUE
"atom",343,"reverse_equal","C",TRUE,TRUE,TRUE,TRUE
"atom",343,"reflexivity","C",TRUE,TRUE,TRUE,TRUE
"atom",343,"unequal_control","C",FALSE,FALSE,FALSE,FALSE
"atom",344,"forward_equal","C",TRUE,TRUE,TRUE,TRUE
"atom",344,"reverse_equal","C",TRUE,TRUE,TRUE,TRUE
"atom",344,"reflexivity","C",TRUE,TRUE,TRUE,TRUE
"atom",344,"unequal_control","C",FALSE,FALSE,FALSE,FALSE
"atom",345,"forward_equal","C",TRUE,TRUE,TRUE,TRUE
"atom",345,"reverse_equal","C",TRUE,TRUE,TRUE,TRUE
"atom",345,"reflexivity","C",TRUE,TRUE,TRUE,TRUE
"atom",345,"unequal_control","C",FALSE,FALSE,FALSE,FALSE
"atom",346,"forward_equal","C",TRUE,TRUE,TRUE,TRUE
"atom",346,"reverse_equal","C",TRUE,TRUE,TRUE,TRUE
"atom",346,"reflexivity","C",TRUE,TRUE,TRUE,TRUE
"atom",346,"unequal_control","C",FALSE,FALSE,FALSE,FALSE
"atom",347,"forward_equal","C",TRUE,TRUE,TRUE,TRUE
"atom",347,"reverse_equal","C",TRUE,TRUE,TRUE,TRUE
"atom",347,"reflexivity","C",TRUE,TRUE,TRUE,TRUE
"atom",347,"unequal_control","C",FALSE,FALSE,FALSE,FALSE
"atom",348,"forward_equal","C",TRUE,TRUE,TRUE,TRUE
"atom",348,"reverse_equal","C",TRUE,TRUE,TRUE,TRUE
"atom",348,"reflexivity","C",TRUE,TRUE,TRUE,TRUE
"atom",348,"unequal_control","C",FALSE,FALSE,FALSE,FALSE
"atom",349,"forward_equal","C",TRUE,TRUE,TRUE,TRUE
"atom",349,"reverse_equal","C",TRUE,TRUE,TRUE,TRUE
"atom",349,"reflexivity","C",TRUE,TRUE,TRUE,TRUE
"atom",349,"unequal_control","C",FALSE,FALSE,FALSE,FALSE
"atom",350,"forward_equal","C",TRUE,TRUE,TRUE,TRUE
"atom",350,"reverse_equal","C",TRUE,TRUE,TRUE,TRUE
"atom",350,"reflexivity","C",TRUE,TRUE,TRUE,TRUE
"atom",350,"unequal_control","C",FALSE,FALSE,FALSE,FALSE
"atom",351,"forward_equal","C",TRUE,TRUE,TRUE,TRUE
"atom",351,"reverse_equal","C",TRUE,TRUE,TRUE,TRUE
"atom",351,"reflexivity","C",TRUE,TRUE,TRUE,TRUE
"atom",351,"unequal_control","C",FALSE,FALSE,FALSE,FALSE
"atom",352,"forward_equal","C",TRUE,TRUE,TRUE,TRUE
"atom",352,"reverse_equal","C",TRUE,TRUE,TRUE,TRUE
"atom",352,"reflexivity","C",TRUE,TRUE,TRUE,TRUE
"atom",352,"unequal_control","C",FALSE,FALSE,FALSE,FALSE
"atom",353,"forward_equal","C",TRUE,TRUE,TRUE,TRUE
"atom",353,"reverse_equal","C",TRUE,TRUE,TRUE,TRUE
"atom",353,"reflexivity","C",TRUE,TRUE,TRUE,TRUE
"atom",353,"unequal_control","C",FALSE,FALSE,FALSE,FALSE
"atom",354,"forward_equal","C",TRUE,TRUE,TRUE,TRUE
"atom",354,"reverse_equal","C",TRUE,TRUE,TRUE,TRUE
"atom",354,"reflexivity","C",TRUE,TRUE,TRUE,TRUE
"atom",354,"unequal_control","C",FALSE,FALSE,FALSE,FALSE
"atom",355,"forward_equal","C",TRUE,TRUE,TRUE,TRUE
"atom",355,"reverse_equal","C",TRUE,TRUE,TRUE,TRUE
"atom",355,"reflexivity","C",TRUE,TRUE,TRUE,TRUE
"atom",355,"unequal_control","C",FALSE,FALSE,FALSE,FALSE
"atom",356,"forward_equal","C",TRUE,TRUE,TRUE,TRUE
"atom",356,"reverse_equal","C",TRUE,TRUE,TRUE,TRUE
"atom",356,"reflexivity","C",TRUE,TRUE,TRUE,TRUE
"atom",356,"unequal_control","C",FALSE,FALSE,FALSE,FALSE
"atom",357,"forward_equal","C",TRUE,TRUE,TRUE,TRUE
"atom",357,"reverse_equal","C",TRUE,TRUE,TRUE,TRUE
"atom",357,"reflexivity","C",TRUE,TRUE,TRUE,TRUE
"atom",357,"unequal_control","C",FALSE,FALSE,FALSE,FALSE
"atom",358,"forward_equal","C",TRUE,TRUE,TRUE,TRUE
"atom",358,"reverse_equal","C",TRUE,TRUE,TRUE,TRUE
"atom",358,"reflexivity","C",TRUE,TRUE,TRUE,TRUE
"atom",358,"unequal_control","C",FALSE,FALSE,FALSE,FALSE
"atom",359,"forward_equal","C",TRUE,TRUE,TRUE,TRUE
"atom",359,"reverse_equal","C",TRUE,TRUE,TRUE,TRUE
"atom",359,"reflexivity","C",TRUE,TRUE,TRUE,TRUE
"atom",359,"unequal_control","C",FALSE,FALSE,FALSE,FALSE
"atom",360,"forward_equal","C",TRUE,TRUE,TRUE,TRUE
"atom",360,"reverse_equal","C",TRUE,TRUE,TRUE,TRUE
"atom",360,"reflexivity","C",TRUE,TRUE,TRUE,TRUE
"atom",360,"unequal_control","C",FALSE,FALSE,FALSE,FALSE
"atom",361,"forward_equal","C",TRUE,TRUE,TRUE,TRUE
"atom",361,"reverse_equal","C",TRUE,TRUE,TRUE,TRUE
"atom",361,"reflexivity","C",TRUE,TRUE,TRUE,TRUE
"atom",361,"unequal_control","C",FALSE,FALSE,FALSE,FALSE
"atom",362,"forward_equal","C",TRUE,TRUE,TRUE,TRUE
"atom",362,"reverse_equal","C",TRUE,TRUE,TRUE,TRUE
"atom",362,"reflexivity","C",TRUE,TRUE,TRUE,TRUE
"atom",362,"unequal_control","C",FALSE,FALSE,FALSE,FALSE
"atom",363,"forward_equal","C",TRUE,TRUE,TRUE,TRUE
"atom",363,"reverse_equal","C",TRUE,TRUE,TRUE,TRUE
"atom",363,"reflexivity","C",TRUE,TRUE,TRUE,TRUE
"atom",363,"unequal_control","C",FALSE,FALSE,FALSE,FALSE
"atom",364,"forward_equal","C",TRUE,TRUE,TRUE,TRUE
"atom",364,"reverse_equal","C",TRUE,TRUE,TRUE,TRUE
"atom",364,"reflexivity","C",TRUE,TRUE,TRUE,TRUE
"atom",364,"unequal_control","C",FALSE,FALSE,FALSE,FALSE
"atom",365,"forward_equal","C",TRUE,TRUE,TRUE,TRUE
"atom",365,"reverse_equal","C",TRUE,TRUE,TRUE,TRUE
"atom",365,"reflexivity","C",TRUE,TRUE,TRUE,TRUE
"atom",365,"unequal_control","C",FALSE,FALSE,FALSE,FALSE
"atom",366,"forward_equal","C",TRUE,TRUE,TRUE,TRUE
"atom",366,"reverse_equal","C",TRUE,TRUE,TRUE,TRUE
"atom",366,"reflexivity","C",TRUE,TRUE,TRUE,TRUE
"atom",366,"unequal_control","C",FALSE,FALSE,FALSE,FALSE
"atom",367,"forward_equal","C",TRUE,TRUE,TRUE,TRUE
"atom",367,"reverse_equal","C",TRUE,TRUE,TRUE,TRUE
"atom",367,"reflexivity","C",TRUE,TRUE,TRUE,TRUE
"atom",367,"unequal_control","C",FALSE,FALSE,FALSE,FALSE
"atom",368,"forward_equal","C",TRUE,TRUE,TRUE,TRUE
"atom",368,"reverse_equal","C",TRUE,TRUE,TRUE,TRUE
"atom",368,"reflexivity","C",TRUE,TRUE,TRUE,TRUE
"atom",368,"unequal_control","C",FALSE,FALSE,FALSE,FALSE
"atom",369,"forward_equal","C",TRUE,TRUE,TRUE,TRUE
"atom",369,"reverse_equal","C",TRUE,TRUE,TRUE,TRUE
"atom",369,"reflexivity","C",TRUE,TRUE,TRUE,TRUE
"atom",369,"unequal_control","C",FALSE,FALSE,FALSE,FALSE
"atom",370,"forward_equal","C",TRUE,TRUE,TRUE,TRUE
"atom",370,"reverse_equal","C",TRUE,TRUE,TRUE,TRUE
"atom",370,"reflexivity","C",TRUE,TRUE,TRUE,TRUE
"atom",370,"unequal_control","C",FALSE,FALSE,FALSE,FALSE
"atom",371,"forward_equal","C",TRUE,TRUE,TRUE,TRUE
"atom",371,"reverse_equal","C",TRUE,TRUE,TRUE,TRUE
"atom",371,"reflexivity","C",TRUE,TRUE,TRUE,TRUE
"atom",371,"unequal_control","C",FALSE,FALSE,FALSE,FALSE
"atom",372,"forward_equal","C",TRUE,TRUE,TRUE,TRUE
"atom",372,"reverse_equal","C",TRUE,TRUE,TRUE,TRUE
"atom",372,"reflexivity","C",TRUE,TRUE,TRUE,TRUE
"atom",372,"unequal_control","C",FALSE,FALSE,FALSE,FALSE
"atom",373,"forward_equal","C",TRUE,TRUE,TRUE,TRUE
"atom",373,"reverse_equal","C",TRUE,TRUE,TRUE,TRUE
"atom",373,"reflexivity","C",TRUE,TRUE,TRUE,TRUE
"atom",373,"unequal_control","C",FALSE,FALSE,FALSE,FALSE
"atom",374,"forward_equal","C",TRUE,TRUE,TRUE,TRUE
"atom",374,"reverse_equal","C",TRUE,TRUE,TRUE,TRUE
"atom",374,"reflexivity","C",TRUE,TRUE,TRUE,TRUE
"atom",374,"unequal_control","C",FALSE,FALSE,FALSE,FALSE
"atom",375,"forward_equal","C",TRUE,TRUE,TRUE,TRUE
"atom",375,"reverse_equal","C",TRUE,TRUE,TRUE,TRUE
"atom",375,"reflexivity","C",TRUE,TRUE,TRUE,TRUE
"atom",375,"unequal_control","C",FALSE,FALSE,FALSE,FALSE
"atom",376,"forward_equal","C",TRUE,TRUE,TRUE,TRUE
"atom",376,"reverse_equal","C",TRUE,TRUE,TRUE,TRUE
"atom",376,"reflexivity","C",TRUE,TRUE,TRUE,TRUE
"atom",376,"unequal_control","C",FALSE,FALSE,FALSE,FALSE
"atom",377,"forward_equal","C",TRUE,TRUE,TRUE,TRUE
"atom",377,"reverse_equal","C",TRUE,TRUE,TRUE,TRUE
"atom",377,"reflexivity","C",TRUE,TRUE,TRUE,TRUE
"atom",377,"unequal_control","C",FALSE,FALSE,FALSE,FALSE
"atom",378,"forward_equal","C",TRUE,TRUE,TRUE,TRUE
"atom",378,"reverse_equal","C",TRUE,TRUE,TRUE,TRUE
"atom",378,"reflexivity","C",TRUE,TRUE,TRUE,TRUE
"atom",378,"unequal_control","C",FALSE,FALSE,FALSE,FALSE
"atom",379,"forward_equal","C",TRUE,TRUE,TRUE,TRUE
"atom",379,"reverse_equal","C",TRUE,TRUE,TRUE,TRUE
"atom",379,"reflexivity","C",TRUE,TRUE,TRUE,TRUE
"atom",379,"unequal_control","C",FALSE,FALSE,FALSE,FALSE
"atom",380,"forward_equal","C",TRUE,TRUE,TRUE,TRUE
"atom",380,"reverse_equal","C",TRUE,TRUE,TRUE,TRUE
"atom",380,"reflexivity","C",TRUE,TRUE,TRUE,TRUE
"atom",380,"unequal_control","C",FALSE,FALSE,FALSE,FALSE
"atom",381,"forward_equal","C",TRUE,TRUE,TRUE,TRUE
"atom",381,"reverse_equal","C",TRUE,TRUE,TRUE,TRUE
"atom",381,"reflexivity","C",TRUE,TRUE,TRUE,TRUE
"atom",381,"unequal_control","C",FALSE,FALSE,FALSE,FALSE
"atom",382,"forward_equal","C",TRUE,TRUE,TRUE,TRUE
"atom",382,"reverse_equal","C",TRUE,TRUE,TRUE,TRUE
"atom",382,"reflexivity","C",TRUE,TRUE,TRUE,TRUE
"atom",382,"unequal_control","C",FALSE,FALSE,FALSE,FALSE
"atom",383,"forward_equal","C",TRUE,TRUE,TRUE,TRUE
"atom",383,"reverse_equal","C",TRUE,TRUE,TRUE,TRUE
"atom",383,"reflexivity","C",TRUE,TRUE,TRUE,TRUE
"atom",383,"unequal_control","C",FALSE,FALSE,FALSE,FALSE
"atom",384,"forward_equal","C",TRUE,TRUE,TRUE,TRUE
"atom",384,"reverse_equal","C",TRUE,TRUE,TRUE,TRUE
"atom",384,"reflexivity","C",TRUE,TRUE,TRUE,TRUE
"atom",384,"unequal_control","C",FALSE,FALSE,FALSE,FALSE
"atom",385,"forward_equal","C",TRUE,TRUE,TRUE,TRUE
"atom",385,"reverse_equal","C",TRUE,TRUE,TRUE,TRUE
"atom",385,"reflexivity","C",TRUE,TRUE,TRUE,TRUE
"atom",385,"unequal_control","C",FALSE,FALSE,FALSE,FALSE
"atom",386,"forward_equal","C",TRUE,TRUE,TRUE,TRUE
"atom",386,"reverse_equal","C",TRUE,TRUE,TRUE,TRUE
"atom",386,"reflexivity","C",TRUE,TRUE,TRUE,TRUE
"atom",386,"unequal_control","C",FALSE,FALSE,FALSE,FALSE
"atom",387,"forward_equal","C",TRUE,TRUE,TRUE,TRUE
"atom",387,"reverse_equal","C",TRUE,TRUE,TRUE,TRUE
"atom",387,"reflexivity","C",TRUE,TRUE,TRUE,TRUE
"atom",387,"unequal_control","C",FALSE,FALSE,FALSE,FALSE
"atom",388,"forward_equal","C",TRUE,TRUE,TRUE,TRUE
"atom",388,"reverse_equal","C",TRUE,TRUE,TRUE,TRUE
"atom",388,"reflexivity","C",TRUE,TRUE,TRUE,TRUE
"atom",388,"unequal_control","C",FALSE,FALSE,FALSE,FALSE
"atom",389,"forward_equal","C",TRUE,TRUE,TRUE,TRUE
"atom",389,"reverse_equal","C",TRUE,TRUE,TRUE,TRUE
"atom",389,"reflexivity","C",TRUE,TRUE,TRUE,TRUE
"atom",389,"unequal_control","C",FALSE,FALSE,FALSE,FALSE
"atom",390,"forward_equal","C",TRUE,TRUE,TRUE,TRUE
"atom",390,"reverse_equal","C",TRUE,TRUE,TRUE,TRUE
"atom",390,"reflexivity","C",TRUE,TRUE,TRUE,TRUE
"atom",390,"unequal_control","C",FALSE,FALSE,FALSE,FALSE
"atom",391,"forward_equal","C",TRUE,TRUE,TRUE,TRUE
"atom",391,"reverse_equal","C",TRUE,TRUE,TRUE,TRUE
"atom",391,"reflexivity","C",TRUE,TRUE,TRUE,TRUE
"atom",391,"unequal_control","C",FALSE,FALSE,FALSE,FALSE
"atom",392,"forward_equal","C",TRUE,TRUE,TRUE,TRUE
"atom",392,"reverse_equal","C",TRUE,TRUE,TRUE,TRUE
"atom",392,"reflexivity","C",TRUE,TRUE,TRUE,TRUE
"atom",392,"unequal_control","C",FALSE,FALSE,FALSE,FALSE
"atom",393,"forward_equal","C",TRUE,TRUE,TRUE,TRUE
"atom",393,"reverse_equal","C",TRUE,TRUE,TRUE,TRUE
"atom",393,"reflexivity","C",TRUE,TRUE,TRUE,TRUE
"atom",393,"unequal_control","C",FALSE,FALSE,FALSE,FALSE
"atom",394,"forward_equal","C",TRUE,TRUE,TRUE,TRUE
"atom",394,"reverse_equal","C",TRUE,TRUE,TRUE,TRUE
"atom",394,"reflexivity","C",TRUE,TRUE,TRUE,TRUE
"atom",394,"unequal_control","C",FALSE,FALSE,FALSE,FALSE
"atom",395,"forward_equal","C",TRUE,TRUE,TRUE,TRUE
"atom",395,"reverse_equal","C",TRUE,TRUE,TRUE,TRUE
"atom",395,"reflexivity","C",TRUE,TRUE,TRUE,TRUE
"atom",395,"unequal_control","C",FALSE,FALSE,FALSE,FALSE
"atom",396,"forward_equal","C",TRUE,TRUE,TRUE,TRUE
"atom",396,"reverse_equal","C",TRUE,TRUE,TRUE,TRUE
"atom",396,"reflexivity","C",TRUE,TRUE,TRUE,TRUE
"atom",396,"unequal_control","C",FALSE,FALSE,FALSE,FALSE
"atom",397,"forward_equal","C",TRUE,TRUE,TRUE,TRUE
"atom",397,"reverse_equal","C",TRUE,TRUE,TRUE,TRUE
"atom",397,"reflexivity","C",TRUE,TRUE,TRUE,TRUE
"atom",397,"unequal_control","C",FALSE,FALSE,FALSE,FALSE
"atom",398,"forward_equal","C",TRUE,TRUE,TRUE,TRUE
"atom",398,"reverse_equal","C",TRUE,TRUE,TRUE,TRUE
"atom",398,"reflexivity","C",TRUE,TRUE,TRUE,TRUE
"atom",398,"unequal_control","C",FALSE,FALSE,FALSE,FALSE
"atom",399,"forward_equal","C",TRUE,TRUE,TRUE,TRUE
"atom",399,"reverse_equal","C",TRUE,TRUE,TRUE,TRUE
"atom",399,"reflexivity","C",TRUE,TRUE,TRUE,TRUE
"atom",399,"unequal_control","C",FALSE,FALSE,FALSE,FALSE
"atom",400,"forward_equal","C",TRUE,TRUE,TRUE,TRUE
"atom",400,"reverse_equal","C",TRUE,TRUE,TRUE,TRUE
"atom",400,"reflexivity","C",TRUE,TRUE,TRUE,TRUE
"atom",400,"unequal_control","C",FALSE,FALSE,FALSE,FALSE
"atom",401,"forward_equal","C",TRUE,TRUE,TRUE,TRUE
"atom",401,"reverse_equal","C",TRUE,TRUE,TRUE,TRUE
"atom",401,"reflexivity","C",TRUE,TRUE,TRUE,TRUE
"atom",401,"unequal_control","C",FALSE,FALSE,FALSE,FALSE
"atom",402,"forward_equal","C",TRUE,TRUE,TRUE,TRUE
"atom",402,"reverse_equal","C",TRUE,TRUE,TRUE,TRUE
"atom",402,"reflexivity","C",TRUE,TRUE,TRUE,TRUE
"atom",402,"unequal_control","C",FALSE,FALSE,FALSE,FALSE
"atom",403,"forward_equal","C",TRUE,TRUE,TRUE,TRUE
"atom",403,"reverse_equal","C",TRUE,TRUE,TRUE,TRUE
"atom",403,"reflexivity","C",TRUE,TRUE,TRUE,TRUE
"atom",403,"unequal_control","C",FALSE,FALSE,FALSE,FALSE
"atom",404,"forward_equal","C",TRUE,TRUE,TRUE,TRUE
"atom",404,"reverse_equal","C",TRUE,TRUE,TRUE,TRUE
"atom",404,"reflexivity","C",TRUE,TRUE,TRUE,TRUE
"atom",404,"unequal_control","C",FALSE,FALSE,FALSE,FALSE
"atom",405,"forward_equal","C",TRUE,TRUE,TRUE,TRUE
"atom",405,"reverse_equal","C",TRUE,TRUE,TRUE,TRUE
"atom",405,"reflexivity","C",TRUE,TRUE,TRUE,TRUE
"atom",405,"unequal_control","C",FALSE,FALSE,FALSE,FALSE
"atom",406,"forward_equal","C",TRUE,TRUE,TRUE,TRUE
"atom",406,"reverse_equal","C",TRUE,TRUE,TRUE,TRUE
"atom",406,"reflexivity","C",TRUE,TRUE,TRUE,TRUE
"atom",406,"unequal_control","C",FALSE,FALSE,FALSE,FALSE
"atom",407,"forward_equal","C",TRUE,TRUE,TRUE,TRUE
"atom",407,"reverse_equal","C",TRUE,TRUE,TRUE,TRUE
"atom",407,"reflexivity","C",TRUE,TRUE,TRUE,TRUE
"atom",407,"unequal_control","C",FALSE,FALSE,FALSE,FALSE
"atom",408,"forward_equal","C",TRUE,TRUE,TRUE,TRUE
"atom",408,"reverse_equal","C",TRUE,TRUE,TRUE,TRUE
"atom",408,"reflexivity","C",TRUE,TRUE,TRUE,TRUE
"atom",408,"unequal_control","C",FALSE,FALSE,FALSE,FALSE
"atom",409,"forward_equal","C",TRUE,TRUE,TRUE,TRUE
"atom",409,"reverse_equal","C",TRUE,TRUE,TRUE,TRUE
"atom",409,"reflexivity","C",TRUE,TRUE,TRUE,TRUE
"atom",409,"unequal_control","C",FALSE,FALSE,FALSE,FALSE
"atom",410,"forward_equal","C",TRUE,TRUE,TRUE,TRUE
"atom",410,"reverse_equal","C",TRUE,TRUE,TRUE,TRUE
"atom",410,"reflexivity","C",TRUE,TRUE,TRUE,TRUE
"atom",410,"unequal_control","C",FALSE,FALSE,FALSE,FALSE
"atom",411,"forward_equal","C",TRUE,TRUE,TRUE,TRUE
"atom",411,"reverse_equal","C",TRUE,TRUE,TRUE,TRUE
"atom",411,"reflexivity","C",TRUE,TRUE,TRUE,TRUE
"atom",411,"unequal_control","C",FALSE,FALSE,FALSE,FALSE
"atom",412,"forward_equal","C",TRUE,TRUE,TRUE,TRUE
"atom",412,"reverse_equal","C",TRUE,TRUE,TRUE,TRUE
"atom",412,"reflexivity","C",TRUE,TRUE,TRUE,TRUE
"atom",412,"unequal_control","C",FALSE,FALSE,FALSE,FALSE
"atom",413,"forward_equal","C",TRUE,TRUE,TRUE,TRUE
"atom",413,"reverse_equal","C",TRUE,TRUE,TRUE,TRUE
"atom",413,"reflexivity","C",TRUE,TRUE,TRUE,TRUE
"atom",413,"unequal_control","C",FALSE,FALSE,FALSE,FALSE
"atom",414,"forward_equal","C",TRUE,TRUE,TRUE,TRUE
"atom",414,"reverse_equal","C",TRUE,TRUE,TRUE,TRUE
"atom",414,"reflexivity","C",TRUE,TRUE,TRUE,TRUE
"atom",414,"unequal_control","C",FALSE,FALSE,FALSE,FALSE
"atom",415,"forward_equal","C",TRUE,TRUE,TRUE,TRUE
"atom",415,"reverse_equal","C",TRUE,TRUE,TRUE,TRUE
"atom",415,"reflexivity","C",TRUE,TRUE,TRUE,TRUE
"atom",415,"unequal_control","C",FALSE,FALSE,FALSE,FALSE
"atom",416,"forward_equal","C",TRUE,TRUE,TRUE,TRUE
"atom",416,"reverse_equal","C",TRUE,TRUE,TRUE,TRUE
"atom",416,"reflexivity","C",TRUE,TRUE,TRUE,TRUE
"atom",416,"unequal_control","C",FALSE,FALSE,FALSE,FALSE
"atom",417,"forward_equal","C",TRUE,TRUE,TRUE,TRUE
"atom",417,"reverse_equal","C",TRUE,TRUE,TRUE,TRUE
"atom",417,"reflexivity","C",TRUE,TRUE,TRUE,TRUE
"atom",417,"unequal_control","C",FALSE,FALSE,FALSE,FALSE
"atom",418,"forward_equal","C",TRUE,TRUE,TRUE,TRUE
"atom",418,"reverse_equal","C",TRUE,TRUE,TRUE,TRUE
"atom",418,"reflexivity","C",TRUE,TRUE,TRUE,TRUE
"atom",418,"unequal_control","C",FALSE,FALSE,FALSE,FALSE
"atom",419,"forward_equal","C",TRUE,TRUE,TRUE,TRUE
"atom",419,"reverse_equal","C",TRUE,TRUE,TRUE,TRUE
"atom",419,"reflexivity","C",TRUE,TRUE,TRUE,TRUE
"atom",419,"unequal_control","C",FALSE,FALSE,FALSE,FALSE
"atom",420,"forward_equal","C",TRUE,TRUE,TRUE,TRUE
"atom",420,"reverse_equal","C",TRUE,TRUE,TRUE,TRUE
"atom",420,"reflexivity","C",TRUE,TRUE,TRUE,TRUE
"atom",420,"unequal_control","C",FALSE,FALSE,FALSE,FALSE
"atom",421,"forward_equal","C",TRUE,TRUE,TRUE,TRUE
"atom",421,"reverse_equal","C",TRUE,TRUE,TRUE,TRUE
"atom",421,"reflexivity","C",TRUE,TRUE,TRUE,TRUE
"atom",421,"unequal_control","C",FALSE,FALSE,FALSE,FALSE
"atom",422,"forward_equal","C",TRUE,TRUE,TRUE,TRUE
"atom",422,"reverse_equal","C",TRUE,TRUE,TRUE,TRUE
"atom",422,"reflexivity","C",TRUE,TRUE,TRUE,TRUE
"atom",422,"unequal_control","C",FALSE,FALSE,FALSE,FALSE
"atom",423,"forward_equal","C",TRUE,TRUE,TRUE,TRUE
"atom",423,"reverse_equal","C",TRUE,TRUE,TRUE,TRUE
"atom",423,"reflexivity","C",TRUE,TRUE,TRUE,TRUE
"atom",423,"unequal_control","C",FALSE,FALSE,FALSE,FALSE
"atom",424,"forward_equal","C",TRUE,TRUE,TRUE,TRUE
"atom",424,"reverse_equal","C",TRUE,TRUE,TRUE,TRUE
"atom",424,"reflexivity","C",TRUE,TRUE,TRUE,TRUE
"atom",424,"unequal_control","C",FALSE,FALSE,FALSE,FALSE
"atom",425,"forward_equal","C",TRUE,TRUE,TRUE,TRUE
"atom",425,"reverse_equal","C",TRUE,TRUE,TRUE,TRUE
"atom",425,"reflexivity","C",TRUE,TRUE,TRUE,TRUE
"atom",425,"unequal_control","C",FALSE,FALSE,FALSE,FALSE
"atom",426,"forward_equal","C",TRUE,TRUE,TRUE,TRUE
"atom",426,"reverse_equal","C",TRUE,TRUE,TRUE,TRUE
"atom",426,"reflexivity","C",TRUE,TRUE,TRUE,TRUE
"atom",426,"unequal_control","C",FALSE,FALSE,FALSE,FALSE
"atom",427,"forward_equal","C",TRUE,TRUE,TRUE,TRUE
"atom",427,"reverse_equal","C",TRUE,TRUE,TRUE,TRUE
"atom",427,"reflexivity","C",TRUE,TRUE,TRUE,TRUE
"atom",427,"unequal_control","C",FALSE,FALSE,FALSE,FALSE
"atom",428,"forward_equal","C",TRUE,TRUE,TRUE,TRUE
"atom",428,"reverse_equal","C",TRUE,TRUE,TRUE,TRUE
"atom",428,"reflexivity","C",TRUE,TRUE,TRUE,TRUE
"atom",428,"unequal_control","C",FALSE,FALSE,FALSE,FALSE
"atom",429,"forward_equal","C",TRUE,TRUE,TRUE,TRUE
"atom",429,"reverse_equal","C",TRUE,TRUE,TRUE,TRUE
"atom",429,"reflexivity","C",TRUE,TRUE,TRUE,TRUE
"atom",429,"unequal_control","C",FALSE,FALSE,FALSE,FALSE
"atom",430,"forward_equal","C",TRUE,TRUE,TRUE,TRUE
"atom",430,"reverse_equal","C",TRUE,TRUE,TRUE,TRUE
"atom",430,"reflexivity","C",TRUE,TRUE,TRUE,TRUE
"atom",430,"unequal_control","C",FALSE,FALSE,FALSE,FALSE
"atom",431,"forward_equal","C",TRUE,TRUE,TRUE,TRUE
"atom",431,"reverse_equal","C",TRUE,TRUE,TRUE,TRUE
"atom",431,"reflexivity","C",TRUE,TRUE,TRUE,TRUE
"atom",431,"unequal_control","C",FALSE,FALSE,FALSE,FALSE
"atom",432,"forward_equal","C",TRUE,TRUE,TRUE,TRUE
"atom",432,"reverse_equal","C",TRUE,TRUE,TRUE,TRUE
"atom",432,"reflexivity","C",TRUE,TRUE,TRUE,TRUE
"atom",432,"unequal_control","C",FALSE,FALSE,FALSE,FALSE
"clause",1,"forward_equal","C",TRUE,TRUE,TRUE,TRUE
"clause",1,"reverse_equal","C",TRUE,TRUE,TRUE,TRUE
"clause",1,"reflexivity","C",TRUE,TRUE,TRUE,TRUE
"clause",1,"unequal_control","C",FALSE,FALSE,FALSE,FALSE
"clause",2,"forward_equal","C",TRUE,TRUE,TRUE,TRUE
"clause",2,"reverse_equal","C",TRUE,TRUE,TRUE,TRUE
"clause",2,"reflexivity","C",TRUE,TRUE,TRUE,TRUE
"clause",2,"unequal_control","C",FALSE,FALSE,FALSE,FALSE
"clause",3,"forward_equal","C",TRUE,TRUE,TRUE,TRUE
"clause",3,"reverse_equal","C",TRUE,TRUE,TRUE,TRUE
"clause",3,"reflexivity","C",TRUE,TRUE,TRUE,TRUE
"clause",3,"unequal_control","C",FALSE,FALSE,FALSE,FALSE
"clause",4,"forward_equal","C",TRUE,TRUE,TRUE,TRUE
"clause",4,"reverse_equal","C",TRUE,TRUE,TRUE,TRUE
"clause",4,"reflexivity","C",TRUE,TRUE,TRUE,TRUE
"clause",4,"unequal_control","C",FALSE,FALSE,FALSE,FALSE
"clause",5,"forward_equal","C",TRUE,TRUE,TRUE,TRUE
"clause",5,"reverse_equal","C",TRUE,TRUE,TRUE,TRUE
"clause",5,"reflexivity","C",TRUE,TRUE,TRUE,TRUE
"clause",5,"unequal_control","C",FALSE,FALSE,FALSE,FALSE
"clause",6,"forward_equal","C",TRUE,TRUE,TRUE,TRUE
"clause",6,"reverse_equal","C",TRUE,TRUE,TRUE,TRUE
"clause",6,"reflexivity","C",TRUE,TRUE,TRUE,TRUE
"clause",6,"unequal_control","C",FALSE,FALSE,FALSE,FALSE
"clause",7,"forward_equal","C",TRUE,TRUE,TRUE,TRUE
"clause",7,"reverse_equal","C",TRUE,TRUE,TRUE,TRUE
"clause",7,"reflexivity","C",TRUE,TRUE,TRUE,TRUE
"clause",7,"unequal_control","C",FALSE,FALSE,FALSE,FALSE
"clause",8,"forward_equal","C",TRUE,TRUE,TRUE,TRUE
"clause",8,"reverse_equal","C",TRUE,TRUE,TRUE,TRUE
"clause",8,"reflexivity","C",TRUE,TRUE,TRUE,TRUE
"clause",8,"unequal_control","C",FALSE,FALSE,FALSE,FALSE
"clause",9,"forward_equal","C",TRUE,TRUE,TRUE,TRUE
"clause",9,"reverse_equal","C",TRUE,TRUE,TRUE,TRUE
"clause",9,"reflexivity","C",TRUE,TRUE,TRUE,TRUE
"clause",9,"unequal_control","C",FALSE,FALSE,FALSE,FALSE
"clause",10,"forward_equal","C",TRUE,TRUE,TRUE,TRUE
"clause",10,"reverse_equal","C",TRUE,TRUE,TRUE,TRUE
"clause",10,"reflexivity","C",TRUE,TRUE,TRUE,TRUE
"clause",10,"unequal_control","C",FALSE,FALSE,FALSE,FALSE
"clause",11,"forward_equal","C",TRUE,TRUE,TRUE,TRUE
"clause",11,"reverse_equal","C",TRUE,TRUE,TRUE,TRUE
"clause",11,"reflexivity","C",TRUE,TRUE,TRUE,TRUE
"clause",11,"unequal_control","C",FALSE,FALSE,FALSE,FALSE
"clause",12,"forward_equal","C",TRUE,TRUE,TRUE,TRUE
"clause",12,"reverse_equal","C",TRUE,TRUE,TRUE,TRUE
"clause",12,"reflexivity","C",TRUE,TRUE,TRUE,TRUE
"clause",12,"unequal_control","C",FALSE,FALSE,FALSE,FALSE
"clause",13,"forward_equal","C",TRUE,TRUE,TRUE,TRUE
"clause",13,"reverse_equal","C",TRUE,TRUE,TRUE,TRUE
"clause",13,"reflexivity","C",TRUE,TRUE,TRUE,TRUE
"clause",13,"unequal_control","C",FALSE,FALSE,FALSE,FALSE
"clause",14,"forward_equal","C",TRUE,TRUE,TRUE,TRUE
"clause",14,"reverse_equal","C",TRUE,TRUE,TRUE,TRUE
"clause",14,"reflexivity","C",TRUE,TRUE,TRUE,TRUE
"clause",14,"unequal_control","C",FALSE,FALSE,FALSE,FALSE
"clause",15,"forward_equal","C",TRUE,TRUE,TRUE,TRUE
"clause",15,"reverse_equal","C",TRUE,TRUE,TRUE,TRUE
"clause",15,"reflexivity","C",TRUE,TRUE,TRUE,TRUE
"clause",15,"unequal_control","C",FALSE,FALSE,FALSE,FALSE
"clause",16,"forward_equal","C",TRUE,TRUE,TRUE,TRUE
"clause",16,"reverse_equal","C",TRUE,TRUE,TRUE,TRUE
"clause",16,"reflexivity","C",TRUE,TRUE,TRUE,TRUE
"clause",16,"unequal_control","C",FALSE,FALSE,FALSE,FALSE
"clause",17,"forward_equal","C",TRUE,TRUE,TRUE,TRUE
"clause",17,"reverse_equal","C",TRUE,TRUE,TRUE,TRUE
"clause",17,"reflexivity","C",TRUE,TRUE,TRUE,TRUE
"clause",17,"unequal_control","C",FALSE,FALSE,FALSE,FALSE
"clause",18,"forward_equal","C",TRUE,TRUE,TRUE,TRUE
"clause",18,"reverse_equal","C",TRUE,TRUE,TRUE,TRUE
"clause",18,"reflexivity","C",TRUE,TRUE,TRUE,TRUE
"clause",18,"unequal_control","C",FALSE,FALSE,FALSE,FALSE
"clause",19,"forward_equal","C",TRUE,TRUE,TRUE,TRUE
"clause",19,"reverse_equal","C",TRUE,TRUE,TRUE,TRUE
"clause",19,"reflexivity","C",TRUE,TRUE,TRUE,TRUE
"clause",19,"unequal_control","C",FALSE,FALSE,FALSE,FALSE
"clause",20,"forward_equal","C",TRUE,TRUE,TRUE,TRUE
"clause",20,"reverse_equal","C",TRUE,TRUE,TRUE,TRUE
"clause",20,"reflexivity","C",TRUE,TRUE,TRUE,TRUE
"clause",20,"unequal_control","C",FALSE,FALSE,FALSE,FALSE
"clause",21,"forward_equal","C",TRUE,TRUE,TRUE,TRUE
"clause",21,"reverse_equal","C",TRUE,TRUE,TRUE,TRUE
"clause",21,"reflexivity","C",TRUE,TRUE,TRUE,TRUE
"clause",21,"unequal_control","C",FALSE,FALSE,FALSE,FALSE
"clause",22,"forward_equal","C",TRUE,TRUE,TRUE,TRUE
"clause",22,"reverse_equal","C",TRUE,TRUE,TRUE,TRUE
"clause",22,"reflexivity","C",TRUE,TRUE,TRUE,TRUE
"clause",22,"unequal_control","C",FALSE,FALSE,FALSE,FALSE
"clause",23,"forward_equal","C",TRUE,TRUE,TRUE,TRUE
"clause",23,"reverse_equal","C",TRUE,TRUE,TRUE,TRUE
"clause",23,"reflexivity","C",TRUE,TRUE,TRUE,TRUE
"clause",23,"unequal_control","C",FALSE,FALSE,FALSE,FALSE
"clause",24,"forward_equal","C",TRUE,TRUE,TRUE,TRUE
"clause",24,"reverse_equal","C",TRUE,TRUE,TRUE,TRUE
"clause",24,"reflexivity","C",TRUE,TRUE,TRUE,TRUE
"clause",24,"unequal_control","C",FALSE,FALSE,FALSE,FALSE
"clause",25,"forward_equal","C",TRUE,TRUE,TRUE,TRUE
"clause",25,"reverse_equal","C",TRUE,TRUE,TRUE,TRUE
"clause",25,"reflexivity","C",TRUE,TRUE,TRUE,TRUE
"clause",25,"unequal_control","C",FALSE,FALSE,FALSE,FALSE
"clause",26,"forward_equal","C",TRUE,TRUE,TRUE,TRUE
"clause",26,"reverse_equal","C",TRUE,TRUE,TRUE,TRUE
"clause",26,"reflexivity","C",TRUE,TRUE,TRUE,TRUE
"clause",26,"unequal_control","C",FALSE,FALSE,FALSE,FALSE
"clause",27,"forward_equal","C",TRUE,TRUE,TRUE,TRUE
"clause",27,"reverse_equal","C",TRUE,TRUE,TRUE,TRUE
"clause",27,"reflexivity","C",TRUE,TRUE,TRUE,TRUE
"clause",27,"unequal_control","C",FALSE,FALSE,FALSE,FALSE
"clause",28,"forward_equal","C",TRUE,TRUE,TRUE,TRUE
"clause",28,"reverse_equal","C",TRUE,TRUE,TRUE,TRUE
"clause",28,"reflexivity","C",TRUE,TRUE,TRUE,TRUE
"clause",28,"unequal_control","C",FALSE,FALSE,FALSE,FALSE
"clause",29,"forward_equal","C",TRUE,TRUE,TRUE,TRUE
"clause",29,"reverse_equal","C",TRUE,TRUE,TRUE,TRUE
"clause",29,"reflexivity","C",TRUE,TRUE,TRUE,TRUE
"clause",29,"unequal_control","C",FALSE,FALSE,FALSE,FALSE
"clause",30,"forward_equal","C",TRUE,TRUE,TRUE,TRUE
"clause",30,"reverse_equal","C",TRUE,TRUE,TRUE,TRUE
"clause",30,"reflexivity","C",TRUE,TRUE,TRUE,TRUE
"clause",30,"unequal_control","C",FALSE,FALSE,FALSE,FALSE
"clause",31,"forward_equal","C",TRUE,TRUE,TRUE,TRUE
"clause",31,"reverse_equal","C",TRUE,TRUE,TRUE,TRUE
"clause",31,"reflexivity","C",TRUE,TRUE,TRUE,TRUE
"clause",31,"unequal_control","C",FALSE,FALSE,FALSE,FALSE
"clause",32,"forward_equal","C",TRUE,TRUE,TRUE,TRUE
"clause",32,"reverse_equal","C",TRUE,TRUE,TRUE,TRUE
"clause",32,"reflexivity","C",TRUE,TRUE,TRUE,TRUE
"clause",32,"unequal_control","C",FALSE,FALSE,FALSE,FALSE
"clause",33,"forward_equal","C",TRUE,TRUE,TRUE,TRUE
"clause",33,"reverse_equal","C",TRUE,TRUE,TRUE,TRUE
"clause",33,"reflexivity","C",TRUE,TRUE,TRUE,TRUE
"clause",33,"unequal_control","C",FALSE,FALSE,FALSE,FALSE
"clause",34,"forward_equal","C",TRUE,TRUE,TRUE,TRUE
"clause",34,"reverse_equal","C",TRUE,TRUE,TRUE,TRUE
"clause",34,"reflexivity","C",TRUE,TRUE,TRUE,TRUE
"clause",34,"unequal_control","C",FALSE,FALSE,FALSE,FALSE
"clause",35,"forward_equal","C",TRUE,TRUE,TRUE,TRUE
"clause",35,"reverse_equal","C",TRUE,TRUE,TRUE,TRUE
"clause",35,"reflexivity","C",TRUE,TRUE,TRUE,TRUE
"clause",35,"unequal_control","C",FALSE,FALSE,FALSE,FALSE
"clause",36,"forward_equal","C",TRUE,TRUE,TRUE,TRUE
"clause",36,"reverse_equal","C",TRUE,TRUE,TRUE,TRUE
"clause",36,"reflexivity","C",TRUE,TRUE,TRUE,TRUE
"clause",36,"unequal_control","C",FALSE,FALSE,FALSE,FALSE
"clause",37,"forward_equal","C",TRUE,TRUE,TRUE,TRUE
"clause",37,"reverse_equal","C",TRUE,TRUE,TRUE,TRUE
"clause",37,"reflexivity","C",TRUE,TRUE,TRUE,TRUE
"clause",37,"unequal_control","C",FALSE,FALSE,FALSE,FALSE
"clause",38,"forward_equal","C",TRUE,TRUE,TRUE,TRUE
"clause",38,"reverse_equal","C",TRUE,TRUE,TRUE,TRUE
"clause",38,"reflexivity","C",TRUE,TRUE,TRUE,TRUE
"clause",38,"unequal_control","C",FALSE,FALSE,FALSE,FALSE
"clause",39,"forward_equal","C",TRUE,TRUE,TRUE,TRUE
"clause",39,"reverse_equal","C",TRUE,TRUE,TRUE,TRUE
"clause",39,"reflexivity","C",TRUE,TRUE,TRUE,TRUE
"clause",39,"unequal_control","C",FALSE,FALSE,FALSE,FALSE
"clause",40,"forward_equal","C",TRUE,TRUE,TRUE,TRUE
"clause",40,"reverse_equal","C",TRUE,TRUE,TRUE,TRUE
"clause",40,"reflexivity","C",TRUE,TRUE,TRUE,TRUE
"clause",40,"unequal_control","C",FALSE,FALSE,FALSE,FALSE
"clause",41,"forward_equal","C",TRUE,TRUE,TRUE,TRUE
"clause",41,"reverse_equal","C",TRUE,TRUE,TRUE,TRUE
"clause",41,"reflexivity","C",TRUE,TRUE,TRUE,TRUE
"clause",41,"unequal_control","C",FALSE,FALSE,FALSE,FALSE
"clause",42,"forward_equal","C",TRUE,TRUE,TRUE,TRUE
"clause",42,"reverse_equal","C",TRUE,TRUE,TRUE,TRUE
"clause",42,"reflexivity","C",TRUE,TRUE,TRUE,TRUE
"clause",42,"unequal_control","C",FALSE,FALSE,FALSE,FALSE
"clause",43,"forward_equal","C",TRUE,TRUE,TRUE,TRUE
"clause",43,"reverse_equal","C",TRUE,TRUE,TRUE,TRUE
"clause",43,"reflexivity","C",TRUE,TRUE,TRUE,TRUE
"clause",43,"unequal_control","C",FALSE,FALSE,FALSE,FALSE
"clause",44,"forward_equal","C",TRUE,TRUE,TRUE,TRUE
"clause",44,"reverse_equal","C",TRUE,TRUE,TRUE,TRUE
"clause",44,"reflexivity","C",TRUE,TRUE,TRUE,TRUE
"clause",44,"unequal_control","C",FALSE,FALSE,FALSE,FALSE
"clause",45,"forward_equal","C",TRUE,TRUE,TRUE,TRUE
"clause",45,"reverse_equal","C",TRUE,TRUE,TRUE,TRUE
"clause",45,"reflexivity","C",TRUE,TRUE,TRUE,TRUE
"clause",45,"unequal_control","C",FALSE,FALSE,FALSE,FALSE
"clause",46,"forward_equal","C",TRUE,TRUE,TRUE,TRUE
"clause",46,"reverse_equal","C",TRUE,TRUE,TRUE,TRUE
"clause",46,"reflexivity","C",TRUE,TRUE,TRUE,TRUE
"clause",46,"unequal_control","C",FALSE,FALSE,FALSE,FALSE
"clause",47,"forward_equal","C",TRUE,TRUE,TRUE,TRUE
"clause",47,"reverse_equal","C",TRUE,TRUE,TRUE,TRUE
"clause",47,"reflexivity","C",TRUE,TRUE,TRUE,TRUE
"clause",47,"unequal_control","C",FALSE,FALSE,FALSE,FALSE
"clause",48,"forward_equal","C",TRUE,TRUE,TRUE,TRUE
"clause",48,"reverse_equal","C",TRUE,TRUE,TRUE,TRUE
"clause",48,"reflexivity","C",TRUE,TRUE,TRUE,TRUE
"clause",48,"unequal_control","C",FALSE,FALSE,FALSE,FALSE
"clause",49,"forward_equal","C",TRUE,TRUE,TRUE,TRUE
"clause",49,"reverse_equal","C",TRUE,TRUE,TRUE,TRUE
"clause",49,"reflexivity","C",TRUE,TRUE,TRUE,TRUE
"clause",49,"unequal_control","C",FALSE,FALSE,FALSE,FALSE
"clause",50,"forward_equal","C",TRUE,TRUE,TRUE,TRUE
"clause",50,"reverse_equal","C",TRUE,TRUE,TRUE,TRUE
"clause",50,"reflexivity","C",TRUE,TRUE,TRUE,TRUE
"clause",50,"unequal_control","C",FALSE,FALSE,FALSE,FALSE
"clause",51,"forward_equal","C",TRUE,TRUE,TRUE,TRUE
"clause",51,"reverse_equal","C",TRUE,TRUE,TRUE,TRUE
"clause",51,"reflexivity","C",TRUE,TRUE,TRUE,TRUE
"clause",51,"unequal_control","C",FALSE,FALSE,FALSE,FALSE
"clause",52,"forward_equal","C",TRUE,TRUE,TRUE,TRUE
"clause",52,"reverse_equal","C",TRUE,TRUE,TRUE,TRUE
"clause",52,"reflexivity","C",TRUE,TRUE,TRUE,TRUE
"clause",52,"unequal_control","C",FALSE,FALSE,FALSE,FALSE
"clause",53,"forward_equal","C",TRUE,TRUE,TRUE,TRUE
"clause",53,"reverse_equal","C",TRUE,TRUE,TRUE,TRUE
"clause",53,"reflexivity","C",TRUE,TRUE,TRUE,TRUE
"clause",53,"unequal_control","C",FALSE,FALSE,FALSE,FALSE
"clause",54,"forward_equal","C",TRUE,TRUE,TRUE,TRUE
"clause",54,"reverse_equal","C",TRUE,TRUE,TRUE,TRUE
"clause",54,"reflexivity","C",TRUE,TRUE,TRUE,TRUE
"clause",54,"unequal_control","C",FALSE,FALSE,FALSE,FALSE
"clause",55,"forward_equal","C",TRUE,TRUE,TRUE,TRUE
"clause",55,"reverse_equal","C",TRUE,TRUE,TRUE,TRUE
"clause",55,"reflexivity","C",TRUE,TRUE,TRUE,TRUE
"clause",55,"unequal_control","C",FALSE,FALSE,FALSE,FALSE
"clause",56,"forward_equal","C",TRUE,TRUE,TRUE,TRUE
"clause",56,"reverse_equal","C",TRUE,TRUE,TRUE,TRUE
"clause",56,"reflexivity","C",TRUE,TRUE,TRUE,TRUE
"clause",56,"unequal_control","C",FALSE,FALSE,FALSE,FALSE
"clause",57,"forward_equal","C",TRUE,TRUE,TRUE,TRUE
"clause",57,"reverse_equal","C",TRUE,TRUE,TRUE,TRUE
"clause",57,"reflexivity","C",TRUE,TRUE,TRUE,TRUE
"clause",57,"unequal_control","C",FALSE,FALSE,FALSE,FALSE
"clause",58,"forward_equal","C",TRUE,TRUE,TRUE,TRUE
"clause",58,"reverse_equal","C",TRUE,TRUE,TRUE,TRUE
"clause",58,"reflexivity","C",TRUE,TRUE,TRUE,TRUE
"clause",58,"unequal_control","C",FALSE,FALSE,FALSE,FALSE
"clause",59,"forward_equal","C",TRUE,TRUE,TRUE,TRUE
"clause",59,"reverse_equal","C",TRUE,TRUE,TRUE,TRUE
"clause",59,"reflexivity","C",TRUE,TRUE,TRUE,TRUE
"clause",59,"unequal_control","C",FALSE,FALSE,FALSE,FALSE
"clause",60,"forward_equal","C",TRUE,TRUE,TRUE,TRUE
"clause",60,"reverse_equal","C",TRUE,TRUE,TRUE,TRUE
"clause",60,"reflexivity","C",TRUE,TRUE,TRUE,TRUE
"clause",60,"unequal_control","C",FALSE,FALSE,FALSE,FALSE
"clause",61,"forward_equal","C",TRUE,TRUE,TRUE,TRUE
"clause",61,"reverse_equal","C",TRUE,TRUE,TRUE,TRUE
"clause",61,"reflexivity","C",TRUE,TRUE,TRUE,TRUE
"clause",61,"unequal_control","C",FALSE,FALSE,FALSE,FALSE
"clause",62,"forward_equal","C",TRUE,TRUE,TRUE,TRUE
"clause",62,"reverse_equal","C",TRUE,TRUE,TRUE,TRUE
"clause",62,"reflexivity","C",TRUE,TRUE,TRUE,TRUE
"clause",62,"unequal_control","C",FALSE,FALSE,FALSE,FALSE
"clause",63,"forward_equal","C",TRUE,TRUE,TRUE,TRUE
"clause",63,"reverse_equal","C",TRUE,TRUE,TRUE,TRUE
"clause",63,"reflexivity","C",TRUE,TRUE,TRUE,TRUE
"clause",63,"unequal_control","C",FALSE,FALSE,FALSE,FALSE
"clause",64,"forward_equal","C",TRUE,TRUE,TRUE,TRUE
"clause",64,"reverse_equal","C",TRUE,TRUE,TRUE,TRUE
"clause",64,"reflexivity","C",TRUE,TRUE,TRUE,TRUE
"clause",64,"unequal_control","C",FALSE,FALSE,FALSE,FALSE
"clause",65,"forward_equal","C",TRUE,TRUE,TRUE,TRUE
"clause",65,"reverse_equal","C",TRUE,TRUE,TRUE,TRUE
"clause",65,"reflexivity","C",TRUE,TRUE,TRUE,TRUE
"clause",65,"unequal_control","C",FALSE,FALSE,FALSE,FALSE
"clause",66,"forward_equal","C",TRUE,TRUE,TRUE,TRUE
"clause",66,"reverse_equal","C",TRUE,TRUE,TRUE,TRUE
"clause",66,"reflexivity","C",TRUE,TRUE,TRUE,TRUE
"clause",66,"unequal_control","C",FALSE,FALSE,FALSE,FALSE
"clause",67,"forward_equal","C",TRUE,TRUE,TRUE,TRUE
"clause",67,"reverse_equal","C",TRUE,TRUE,TRUE,TRUE
"clause",67,"reflexivity","C",TRUE,TRUE,TRUE,TRUE
"clause",67,"unequal_control","C",FALSE,FALSE,FALSE,FALSE
"clause",68,"forward_equal","C",TRUE,TRUE,TRUE,TRUE
"clause",68,"reverse_equal","C",TRUE,TRUE,TRUE,TRUE
"clause",68,"reflexivity","C",TRUE,TRUE,TRUE,TRUE
"clause",68,"unequal_control","C",FALSE,FALSE,FALSE,FALSE
"clause",69,"forward_equal","C",TRUE,TRUE,TRUE,TRUE
"clause",69,"reverse_equal","C",TRUE,TRUE,TRUE,TRUE
"clause",69,"reflexivity","C",TRUE,TRUE,TRUE,TRUE
"clause",69,"unequal_control","C",FALSE,FALSE,FALSE,FALSE
"clause",70,"forward_equal","C",TRUE,TRUE,TRUE,TRUE
"clause",70,"reverse_equal","C",TRUE,TRUE,TRUE,TRUE
"clause",70,"reflexivity","C",TRUE,TRUE,TRUE,TRUE
"clause",70,"unequal_control","C",FALSE,FALSE,FALSE,FALSE
"clause",71,"forward_equal","C",TRUE,TRUE,TRUE,TRUE
"clause",71,"reverse_equal","C",TRUE,TRUE,TRUE,TRUE
"clause",71,"reflexivity","C",TRUE,TRUE,TRUE,TRUE
"clause",71,"unequal_control","C",FALSE,FALSE,FALSE,FALSE
"clause",72,"forward_equal","C",TRUE,TRUE,TRUE,TRUE
"clause",72,"reverse_equal","C",TRUE,TRUE,TRUE,TRUE
"clause",72,"reflexivity","C",TRUE,TRUE,TRUE,TRUE
"clause",72,"unequal_control","C",FALSE,FALSE,FALSE,FALSE
"clause",73,"forward_equal","C",TRUE,TRUE,TRUE,TRUE
"clause",73,"reverse_equal","C",TRUE,TRUE,TRUE,TRUE
"clause",73,"reflexivity","C",TRUE,TRUE,TRUE,TRUE
"clause",73,"unequal_control","C",FALSE,FALSE,FALSE,FALSE
"clause",74,"forward_equal","C",TRUE,TRUE,TRUE,TRUE
"clause",74,"reverse_equal","C",TRUE,TRUE,TRUE,TRUE
"clause",74,"reflexivity","C",TRUE,TRUE,TRUE,TRUE
"clause",74,"unequal_control","C",FALSE,FALSE,FALSE,FALSE
"clause",75,"forward_equal","C",TRUE,TRUE,TRUE,TRUE
"clause",75,"reverse_equal","C",TRUE,TRUE,TRUE,TRUE
"clause",75,"reflexivity","C",TRUE,TRUE,TRUE,TRUE
"clause",75,"unequal_control","C",FALSE,FALSE,FALSE,FALSE
"clause",76,"forward_equal","C",TRUE,TRUE,TRUE,TRUE
"clause",76,"reverse_equal","C",TRUE,TRUE,TRUE,TRUE
"clause",76,"reflexivity","C",TRUE,TRUE,TRUE,TRUE
"clause",76,"unequal_control","C",FALSE,FALSE,FALSE,FALSE
"clause",77,"forward_equal","C",TRUE,TRUE,TRUE,TRUE
"clause",77,"reverse_equal","C",TRUE,TRUE,TRUE,TRUE
"clause",77,"reflexivity","C",TRUE,TRUE,TRUE,TRUE
"clause",77,"unequal_control","C",FALSE,FALSE,FALSE,FALSE
"clause",78,"forward_equal","C",TRUE,TRUE,TRUE,TRUE
"clause",78,"reverse_equal","C",TRUE,TRUE,TRUE,TRUE
"clause",78,"reflexivity","C",TRUE,TRUE,TRUE,TRUE
"clause",78,"unequal_control","C",FALSE,FALSE,FALSE,FALSE
"clause",79,"forward_equal","C",TRUE,TRUE,TRUE,TRUE
"clause",79,"reverse_equal","C",TRUE,TRUE,TRUE,TRUE
"clause",79,"reflexivity","C",TRUE,TRUE,TRUE,TRUE
"clause",79,"unequal_control","C",FALSE,FALSE,FALSE,FALSE
"clause",80,"forward_equal","C",TRUE,TRUE,TRUE,TRUE
"clause",80,"reverse_equal","C",TRUE,TRUE,TRUE,TRUE
"clause",80,"reflexivity","C",TRUE,TRUE,TRUE,TRUE
"clause",80,"unequal_control","C",FALSE,FALSE,FALSE,FALSE
"clause",81,"forward_equal","C",TRUE,TRUE,TRUE,TRUE
"clause",81,"reverse_equal","C",TRUE,TRUE,TRUE,TRUE
"clause",81,"reflexivity","C",TRUE,TRUE,TRUE,TRUE
"clause",81,"unequal_control","C",FALSE,FALSE,FALSE,FALSE
"clause",82,"forward_equal","C",TRUE,TRUE,TRUE,TRUE
"clause",82,"reverse_equal","C",TRUE,TRUE,TRUE,TRUE
"clause",82,"reflexivity","C",TRUE,TRUE,TRUE,TRUE
"clause",82,"unequal_control","C",FALSE,FALSE,FALSE,FALSE
"clause",83,"forward_equal","C",TRUE,TRUE,TRUE,TRUE
"clause",83,"reverse_equal","C",TRUE,TRUE,TRUE,TRUE
"clause",83,"reflexivity","C",TRUE,TRUE,TRUE,TRUE
"clause",83,"unequal_control","C",FALSE,FALSE,FALSE,FALSE
"clause",84,"forward_equal","C",TRUE,TRUE,TRUE,TRUE
"clause",84,"reverse_equal","C",TRUE,TRUE,TRUE,TRUE
"clause",84,"reflexivity","C",TRUE,TRUE,TRUE,TRUE
"clause",84,"unequal_control","C",FALSE,FALSE,FALSE,FALSE
"clause",85,"forward_equal","C",TRUE,TRUE,TRUE,TRUE
"clause",85,"reverse_equal","C",TRUE,TRUE,TRUE,TRUE
"clause",85,"reflexivity","C",TRUE,TRUE,TRUE,TRUE
"clause",85,"unequal_control","C",FALSE,FALSE,FALSE,FALSE
"clause",86,"forward_equal","C",TRUE,TRUE,TRUE,TRUE
"clause",86,"reverse_equal","C",TRUE,TRUE,TRUE,TRUE
"clause",86,"reflexivity","C",TRUE,TRUE,TRUE,TRUE
"clause",86,"unequal_control","C",FALSE,FALSE,FALSE,FALSE
"clause",87,"forward_equal","C",TRUE,TRUE,TRUE,TRUE
"clause",87,"reverse_equal","C",TRUE,TRUE,TRUE,TRUE
"clause",87,"reflexivity","C",TRUE,TRUE,TRUE,TRUE
"clause",87,"unequal_control","C",FALSE,FALSE,FALSE,FALSE
"clause",88,"forward_equal","C",TRUE,TRUE,TRUE,TRUE
"clause",88,"reverse_equal","C",TRUE,TRUE,TRUE,TRUE
"clause",88,"reflexivity","C",TRUE,TRUE,TRUE,TRUE
"clause",88,"unequal_control","C",FALSE,FALSE,FALSE,FALSE
"clause",89,"forward_equal","C",TRUE,TRUE,TRUE,TRUE
"clause",89,"reverse_equal","C",TRUE,TRUE,TRUE,TRUE
"clause",89,"reflexivity","C",TRUE,TRUE,TRUE,TRUE
"clause",89,"unequal_control","C",FALSE,FALSE,FALSE,FALSE
"clause",90,"forward_equal","C",TRUE,TRUE,TRUE,TRUE
"clause",90,"reverse_equal","C",TRUE,TRUE,TRUE,TRUE
"clause",90,"reflexivity","C",TRUE,TRUE,TRUE,TRUE
"clause",90,"unequal_control","C",FALSE,FALSE,FALSE,FALSE
"clause",91,"forward_equal","C",TRUE,TRUE,TRUE,TRUE
"clause",91,"reverse_equal","C",TRUE,TRUE,TRUE,TRUE
"clause",91,"reflexivity","C",TRUE,TRUE,TRUE,TRUE
"clause",91,"unequal_control","C",FALSE,FALSE,FALSE,FALSE
"clause",92,"forward_equal","C",TRUE,TRUE,TRUE,TRUE
"clause",92,"reverse_equal","C",TRUE,TRUE,TRUE,TRUE
"clause",92,"reflexivity","C",TRUE,TRUE,TRUE,TRUE
"clause",92,"unequal_control","C",FALSE,FALSE,FALSE,FALSE
"clause",93,"forward_equal","C",TRUE,TRUE,TRUE,TRUE
"clause",93,"reverse_equal","C",TRUE,TRUE,TRUE,TRUE
"clause",93,"reflexivity","C",TRUE,TRUE,TRUE,TRUE
"clause",93,"unequal_control","C",FALSE,FALSE,FALSE,FALSE
"clause",94,"forward_equal","C",TRUE,TRUE,TRUE,TRUE
"clause",94,"reverse_equal","C",TRUE,TRUE,TRUE,TRUE
"clause",94,"reflexivity","C",TRUE,TRUE,TRUE,TRUE
"clause",94,"unequal_control","C",FALSE,FALSE,FALSE,FALSE
"clause",95,"forward_equal","C",TRUE,TRUE,TRUE,TRUE
"clause",95,"reverse_equal","C",TRUE,TRUE,TRUE,TRUE
"clause",95,"reflexivity","C",TRUE,TRUE,TRUE,TRUE
"clause",95,"unequal_control","C",FALSE,FALSE,FALSE,FALSE
"clause",96,"forward_equal","C",TRUE,TRUE,TRUE,TRUE
"clause",96,"reverse_equal","C",TRUE,TRUE,TRUE,TRUE
"clause",96,"reflexivity","C",TRUE,TRUE,TRUE,TRUE
"clause",96,"unequal_control","C",FALSE,FALSE,FALSE,FALSE
"clause",97,"forward_equal","C",TRUE,TRUE,TRUE,TRUE
"clause",97,"reverse_equal","C",TRUE,TRUE,TRUE,TRUE
"clause",97,"reflexivity","C",TRUE,TRUE,TRUE,TRUE
"clause",97,"unequal_control","C",FALSE,FALSE,FALSE,FALSE
"clause",98,"forward_equal","C",TRUE,TRUE,TRUE,TRUE
"clause",98,"reverse_equal","C",TRUE,TRUE,TRUE,TRUE
"clause",98,"reflexivity","C",TRUE,TRUE,TRUE,TRUE
"clause",98,"unequal_control","C",FALSE,FALSE,FALSE,FALSE
"clause",99,"forward_equal","C",TRUE,TRUE,TRUE,TRUE
"clause",99,"reverse_equal","C",TRUE,TRUE,TRUE,TRUE
"clause",99,"reflexivity","C",TRUE,TRUE,TRUE,TRUE
"clause",99,"unequal_control","C",FALSE,FALSE,FALSE,FALSE
"clause",100,"forward_equal","C",TRUE,TRUE,TRUE,TRUE
"clause",100,"reverse_equal","C",TRUE,TRUE,TRUE,TRUE
"clause",100,"reflexivity","C",TRUE,TRUE,TRUE,TRUE
"clause",100,"unequal_control","C",FALSE,FALSE,FALSE,FALSE
"clause",101,"forward_equal","C",TRUE,TRUE,TRUE,TRUE
"clause",101,"reverse_equal","C",TRUE,TRUE,TRUE,TRUE
"clause",101,"reflexivity","C",TRUE,TRUE,TRUE,TRUE
"clause",101,"unequal_control","C",FALSE,FALSE,FALSE,FALSE
"clause",102,"forward_equal","C",TRUE,TRUE,TRUE,TRUE
"clause",102,"reverse_equal","C",TRUE,TRUE,TRUE,TRUE
"clause",102,"reflexivity","C",TRUE,TRUE,TRUE,TRUE
"clause",102,"unequal_control","C",FALSE,FALSE,FALSE,FALSE
"clause",103,"forward_equal","C",TRUE,TRUE,TRUE,TRUE
"clause",103,"reverse_equal","C",TRUE,TRUE,TRUE,TRUE
"clause",103,"reflexivity","C",TRUE,TRUE,TRUE,TRUE
"clause",103,"unequal_control","C",FALSE,FALSE,FALSE,FALSE
"clause",104,"forward_equal","C",TRUE,TRUE,TRUE,TRUE
"clause",104,"reverse_equal","C",TRUE,TRUE,TRUE,TRUE
"clause",104,"reflexivity","C",TRUE,TRUE,TRUE,TRUE
"clause",104,"unequal_control","C",FALSE,FALSE,FALSE,FALSE
"clause",105,"forward_equal","C",TRUE,TRUE,TRUE,TRUE
"clause",105,"reverse_equal","C",TRUE,TRUE,TRUE,TRUE
"clause",105,"reflexivity","C",TRUE,TRUE,TRUE,TRUE
"clause",105,"unequal_control","C",FALSE,FALSE,FALSE,FALSE
"clause",106,"forward_equal","C",TRUE,TRUE,TRUE,TRUE
"clause",106,"reverse_equal","C",TRUE,TRUE,TRUE,TRUE
"clause",106,"reflexivity","C",TRUE,TRUE,TRUE,TRUE
"clause",106,"unequal_control","C",FALSE,FALSE,FALSE,FALSE
"clause",107,"forward_equal","C",TRUE,TRUE,TRUE,TRUE
"clause",107,"reverse_equal","C",TRUE,TRUE,TRUE,TRUE
"clause",107,"reflexivity","C",TRUE,TRUE,TRUE,TRUE
"clause",107,"unequal_control","C",FALSE,FALSE,FALSE,FALSE
"clause",108,"forward_equal","C",TRUE,TRUE,TRUE,TRUE
"clause",108,"reverse_equal","C",TRUE,TRUE,TRUE,TRUE
"clause",108,"reflexivity","C",TRUE,TRUE,TRUE,TRUE
"clause",108,"unequal_control","C",FALSE,FALSE,FALSE,FALSE
"clause",109,"forward_equal","C",TRUE,TRUE,TRUE,TRUE
"clause",109,"reverse_equal","C",TRUE,TRUE,TRUE,TRUE
"clause",109,"reflexivity","C",TRUE,TRUE,TRUE,TRUE
"clause",109,"unequal_control","C",FALSE,FALSE,FALSE,FALSE
"clause",110,"forward_equal","C",TRUE,TRUE,TRUE,TRUE
"clause",110,"reverse_equal","C",TRUE,TRUE,TRUE,TRUE
"clause",110,"reflexivity","C",TRUE,TRUE,TRUE,TRUE
"clause",110,"unequal_control","C",FALSE,FALSE,FALSE,FALSE
"clause",111,"forward_equal","C",TRUE,TRUE,TRUE,TRUE
"clause",111,"reverse_equal","C",TRUE,TRUE,TRUE,TRUE
"clause",111,"reflexivity","C",TRUE,TRUE,TRUE,TRUE
"clause",111,"unequal_control","C",FALSE,FALSE,FALSE,FALSE
"clause",112,"forward_equal","C",TRUE,TRUE,TRUE,TRUE
"clause",112,"reverse_equal","C",TRUE,TRUE,TRUE,TRUE
"clause",112,"reflexivity","C",TRUE,TRUE,TRUE,TRUE
"clause",112,"unequal_control","C",FALSE,FALSE,FALSE,FALSE
"clause",113,"forward_equal","C",TRUE,TRUE,TRUE,TRUE
"clause",113,"reverse_equal","C",TRUE,TRUE,TRUE,TRUE
"clause",113,"reflexivity","C",TRUE,TRUE,TRUE,TRUE
"clause",113,"unequal_control","C",FALSE,FALSE,FALSE,FALSE
"clause",114,"forward_equal","C",TRUE,TRUE,TRUE,TRUE
"clause",114,"reverse_equal","C",TRUE,TRUE,TRUE,TRUE
"clause",114,"reflexivity","C",TRUE,TRUE,TRUE,TRUE
"clause",114,"unequal_control","C",FALSE,FALSE,FALSE,FALSE
"clause",115,"forward_equal","C",TRUE,TRUE,TRUE,TRUE
"clause",115,"reverse_equal","C",TRUE,TRUE,TRUE,TRUE
"clause",115,"reflexivity","C",TRUE,TRUE,TRUE,TRUE
"clause",115,"unequal_control","C",FALSE,FALSE,FALSE,FALSE
"clause",116,"forward_equal","C",TRUE,TRUE,TRUE,TRUE
"clause",116,"reverse_equal","C",TRUE,TRUE,TRUE,TRUE
"clause",116,"reflexivity","C",TRUE,TRUE,TRUE,TRUE
"clause",116,"unequal_control","C",FALSE,FALSE,FALSE,FALSE
"clause",117,"forward_equal","C",TRUE,TRUE,TRUE,TRUE
"clause",117,"reverse_equal","C",TRUE,TRUE,TRUE,TRUE
"clause",117,"reflexivity","C",TRUE,TRUE,TRUE,TRUE
"clause",117,"unequal_control","C",FALSE,FALSE,FALSE,FALSE
"clause",118,"forward_equal","C",TRUE,TRUE,TRUE,TRUE
"clause",118,"reverse_equal","C",TRUE,TRUE,TRUE,TRUE
"clause",118,"reflexivity","C",TRUE,TRUE,TRUE,TRUE
"clause",118,"unequal_control","C",FALSE,FALSE,FALSE,FALSE
"clause",119,"forward_equal","C",TRUE,TRUE,TRUE,TRUE
"clause",119,"reverse_equal","C",TRUE,TRUE,TRUE,TRUE
"clause",119,"reflexivity","C",TRUE,TRUE,TRUE,TRUE
"clause",119,"unequal_control","C",FALSE,FALSE,FALSE,FALSE
"clause",120,"forward_equal","C",TRUE,TRUE,TRUE,TRUE
"clause",120,"reverse_equal","C",TRUE,TRUE,TRUE,TRUE
"clause",120,"reflexivity","C",TRUE,TRUE,TRUE,TRUE
"clause",120,"unequal_control","C",FALSE,FALSE,FALSE,FALSE
"clause",121,"forward_equal","C",TRUE,TRUE,TRUE,TRUE
"clause",121,"reverse_equal","C",TRUE,TRUE,TRUE,TRUE
"clause",121,"reflexivity","C",TRUE,TRUE,TRUE,TRUE
"clause",121,"unequal_control","C",FALSE,FALSE,FALSE,FALSE
"clause",122,"forward_equal","C",TRUE,TRUE,TRUE,TRUE
"clause",122,"reverse_equal","C",TRUE,TRUE,TRUE,TRUE
"clause",122,"reflexivity","C",TRUE,TRUE,TRUE,TRUE
"clause",122,"unequal_control","C",FALSE,FALSE,FALSE,FALSE
"clause",123,"forward_equal","C",TRUE,TRUE,TRUE,TRUE
"clause",123,"reverse_equal","C",TRUE,TRUE,TRUE,TRUE
"clause",123,"reflexivity","C",TRUE,TRUE,TRUE,TRUE
"clause",123,"unequal_control","C",FALSE,FALSE,FALSE,FALSE
"clause",124,"forward_equal","C",TRUE,TRUE,TRUE,TRUE
"clause",124,"reverse_equal","C",TRUE,TRUE,TRUE,TRUE
"clause",124,"reflexivity","C",TRUE,TRUE,TRUE,TRUE
"clause",124,"unequal_control","C",FALSE,FALSE,FALSE,FALSE
"clause",125,"forward_equal","C",TRUE,TRUE,TRUE,TRUE
"clause",125,"reverse_equal","C",TRUE,TRUE,TRUE,TRUE
"clause",125,"reflexivity","C",TRUE,TRUE,TRUE,TRUE
"clause",125,"unequal_control","C",FALSE,FALSE,FALSE,FALSE
"clause",126,"forward_equal","C",TRUE,TRUE,TRUE,TRUE
"clause",126,"reverse_equal","C",TRUE,TRUE,TRUE,TRUE
"clause",126,"reflexivity","C",TRUE,TRUE,TRUE,TRUE
"clause",126,"unequal_control","C",FALSE,FALSE,FALSE,FALSE
"clause",127,"forward_equal","C",TRUE,TRUE,TRUE,TRUE
"clause",127,"reverse_equal","C",TRUE,TRUE,TRUE,TRUE
"clause",127,"reflexivity","C",TRUE,TRUE,TRUE,TRUE
"clause",127,"unequal_control","C",FALSE,FALSE,FALSE,FALSE
"clause",128,"forward_equal","C",TRUE,TRUE,TRUE,TRUE
"clause",128,"reverse_equal","C",TRUE,TRUE,TRUE,TRUE
"clause",128,"reflexivity","C",TRUE,TRUE,TRUE,TRUE
"clause",128,"unequal_control","C",FALSE,FALSE,FALSE,FALSE
"clause",129,"forward_equal","C",TRUE,TRUE,TRUE,TRUE
"clause",129,"reverse_equal","C",TRUE,TRUE,TRUE,TRUE
"clause",129,"reflexivity","C",TRUE,TRUE,TRUE,TRUE
"clause",129,"unequal_control","C",FALSE,FALSE,FALSE,FALSE
"clause",130,"forward_equal","C",TRUE,TRUE,TRUE,TRUE
"clause",130,"reverse_equal","C",TRUE,TRUE,TRUE,TRUE
"clause",130,"reflexivity","C",TRUE,TRUE,TRUE,TRUE
"clause",130,"unequal_control","C",FALSE,FALSE,FALSE,FALSE
"clause",131,"forward_equal","C",TRUE,TRUE,TRUE,TRUE
"clause",131,"reverse_equal","C",TRUE,TRUE,TRUE,TRUE
"clause",131,"reflexivity","C",TRUE,TRUE,TRUE,TRUE
"clause",131,"unequal_control","C",FALSE,FALSE,FALSE,FALSE
"clause",132,"forward_equal","C",TRUE,TRUE,TRUE,TRUE
"clause",132,"reverse_equal","C",TRUE,TRUE,TRUE,TRUE
"clause",132,"reflexivity","C",TRUE,TRUE,TRUE,TRUE
"clause",132,"unequal_control","C",FALSE,FALSE,FALSE,FALSE
"clause",133,"forward_equal","C",TRUE,TRUE,TRUE,TRUE
"clause",133,"reverse_equal","C",TRUE,TRUE,TRUE,TRUE
"clause",133,"reflexivity","C",TRUE,TRUE,TRUE,TRUE
"clause",133,"unequal_control","C",FALSE,FALSE,FALSE,FALSE
"clause",134,"forward_equal","C",TRUE,TRUE,TRUE,TRUE
"clause",134,"reverse_equal","C",TRUE,TRUE,TRUE,TRUE
"clause",134,"reflexivity","C",TRUE,TRUE,TRUE,TRUE
"clause",134,"unequal_control","C",FALSE,FALSE,FALSE,FALSE
"clause",135,"forward_equal","C",TRUE,TRUE,TRUE,TRUE
"clause",135,"reverse_equal","C",TRUE,TRUE,TRUE,TRUE
"clause",135,"reflexivity","C",TRUE,TRUE,TRUE,TRUE
"clause",135,"unequal_control","C",FALSE,FALSE,FALSE,FALSE
"clause",136,"forward_equal","C",TRUE,TRUE,TRUE,TRUE
"clause",136,"reverse_equal","C",TRUE,TRUE,TRUE,TRUE
"clause",136,"reflexivity","C",TRUE,TRUE,TRUE,TRUE
"clause",136,"unequal_control","C",FALSE,FALSE,FALSE,FALSE
"clause",137,"forward_equal","C",TRUE,TRUE,TRUE,TRUE
"clause",137,"reverse_equal","C",TRUE,TRUE,TRUE,TRUE
"clause",137,"reflexivity","C",TRUE,TRUE,TRUE,TRUE
"clause",137,"unequal_control","C",FALSE,FALSE,FALSE,FALSE
"clause",138,"forward_equal","C",TRUE,TRUE,TRUE,TRUE
"clause",138,"reverse_equal","C",TRUE,TRUE,TRUE,TRUE
"clause",138,"reflexivity","C",TRUE,TRUE,TRUE,TRUE
"clause",138,"unequal_control","C",FALSE,FALSE,FALSE,FALSE
"clause",139,"forward_equal","C",TRUE,TRUE,TRUE,TRUE
"clause",139,"reverse_equal","C",TRUE,TRUE,TRUE,TRUE
"clause",139,"reflexivity","C",TRUE,TRUE,TRUE,TRUE
"clause",139,"unequal_control","C",FALSE,FALSE,FALSE,FALSE
"clause",140,"forward_equal","C",TRUE,TRUE,TRUE,TRUE
"clause",140,"reverse_equal","C",TRUE,TRUE,TRUE,TRUE
"clause",140,"reflexivity","C",TRUE,TRUE,TRUE,TRUE
"clause",140,"unequal_control","C",FALSE,FALSE,FALSE,FALSE
"clause",141,"forward_equal","C",TRUE,TRUE,TRUE,TRUE
"clause",141,"reverse_equal","C",TRUE,TRUE,TRUE,TRUE
"clause",141,"reflexivity","C",TRUE,TRUE,TRUE,TRUE
"clause",141,"unequal_control","C",FALSE,FALSE,FALSE,FALSE
"clause",142,"forward_equal","C",TRUE,TRUE,TRUE,TRUE
"clause",142,"reverse_equal","C",TRUE,TRUE,TRUE,TRUE
"clause",142,"reflexivity","C",TRUE,TRUE,TRUE,TRUE
"clause",142,"unequal_control","C",FALSE,FALSE,FALSE,FALSE
"clause",143,"forward_equal","C",TRUE,TRUE,TRUE,TRUE
"clause",143,"reverse_equal","C",TRUE,TRUE,TRUE,TRUE
"clause",143,"reflexivity","C",TRUE,TRUE,TRUE,TRUE
"clause",143,"unequal_control","C",FALSE,FALSE,FALSE,FALSE
"clause",144,"forward_equal","C",TRUE,TRUE,TRUE,TRUE
"clause",144,"reverse_equal","C",TRUE,TRUE,TRUE,TRUE
"clause",144,"reflexivity","C",TRUE,TRUE,TRUE,TRUE
"clause",144,"unequal_control","C",FALSE,FALSE,FALSE,FALSE
"clause",145,"forward_equal","C",TRUE,TRUE,TRUE,TRUE
"clause",145,"reverse_equal","C",TRUE,TRUE,TRUE,TRUE
"clause",145,"reflexivity","C",TRUE,TRUE,TRUE,TRUE
"clause",145,"unequal_control","C",FALSE,FALSE,FALSE,FALSE
"clause",146,"forward_equal","C",TRUE,TRUE,TRUE,TRUE
"clause",146,"reverse_equal","C",TRUE,TRUE,TRUE,TRUE
"clause",146,"reflexivity","C",TRUE,TRUE,TRUE,TRUE
"clause",146,"unequal_control","C",FALSE,FALSE,FALSE,FALSE
"clause",147,"forward_equal","C",TRUE,TRUE,TRUE,TRUE
"clause",147,"reverse_equal","C",TRUE,TRUE,TRUE,TRUE
"clause",147,"reflexivity","C",TRUE,TRUE,TRUE,TRUE
"clause",147,"unequal_control","C",FALSE,FALSE,FALSE,FALSE
"clause",148,"forward_equal","C",TRUE,TRUE,TRUE,TRUE
"clause",148,"reverse_equal","C",TRUE,TRUE,TRUE,TRUE
"clause",148,"reflexivity","C",TRUE,TRUE,TRUE,TRUE
"clause",148,"unequal_control","C",FALSE,FALSE,FALSE,FALSE
"clause",149,"forward_equal","C",TRUE,TRUE,TRUE,TRUE
"clause",149,"reverse_equal","C",TRUE,TRUE,TRUE,TRUE
"clause",149,"reflexivity","C",TRUE,TRUE,TRUE,TRUE
"clause",149,"unequal_control","C",FALSE,FALSE,FALSE,FALSE
"clause",150,"forward_equal","C",TRUE,TRUE,TRUE,TRUE
"clause",150,"reverse_equal","C",TRUE,TRUE,TRUE,TRUE
"clause",150,"reflexivity","C",TRUE,TRUE,TRUE,TRUE
"clause",150,"unequal_control","C",FALSE,FALSE,FALSE,FALSE
"clause",151,"forward_equal","C",TRUE,TRUE,TRUE,TRUE
"clause",151,"reverse_equal","C",TRUE,TRUE,TRUE,TRUE
"clause",151,"reflexivity","C",TRUE,TRUE,TRUE,TRUE
"clause",151,"unequal_control","C",FALSE,FALSE,FALSE,FALSE
"clause",152,"forward_equal","C",TRUE,TRUE,TRUE,TRUE
"clause",152,"reverse_equal","C",TRUE,TRUE,TRUE,TRUE
"clause",152,"reflexivity","C",TRUE,TRUE,TRUE,TRUE
"clause",152,"unequal_control","C",FALSE,FALSE,FALSE,FALSE
"clause",153,"forward_equal","C",TRUE,TRUE,TRUE,TRUE
"clause",153,"reverse_equal","C",TRUE,TRUE,TRUE,TRUE
"clause",153,"reflexivity","C",TRUE,TRUE,TRUE,TRUE
"clause",153,"unequal_control","C",FALSE,FALSE,FALSE,FALSE
"clause",154,"forward_equal","C",TRUE,TRUE,TRUE,TRUE
"clause",154,"reverse_equal","C",TRUE,TRUE,TRUE,TRUE
"clause",154,"reflexivity","C",TRUE,TRUE,TRUE,TRUE
"clause",154,"unequal_control","C",FALSE,FALSE,FALSE,FALSE
"clause",155,"forward_equal","C",TRUE,TRUE,TRUE,TRUE
"clause",155,"reverse_equal","C",TRUE,TRUE,TRUE,TRUE
"clause",155,"reflexivity","C",TRUE,TRUE,TRUE,TRUE
"clause",155,"unequal_control","C",FALSE,FALSE,FALSE,FALSE
"clause",156,"forward_equal","C",TRUE,TRUE,TRUE,TRUE
"clause",156,"reverse_equal","C",TRUE,TRUE,TRUE,TRUE
"clause",156,"reflexivity","C",TRUE,TRUE,TRUE,TRUE
"clause",156,"unequal_control","C",FALSE,FALSE,FALSE,FALSE
"clause",157,"forward_equal","C",TRUE,TRUE,TRUE,TRUE
"clause",157,"reverse_equal","C",TRUE,TRUE,TRUE,TRUE
"clause",157,"reflexivity","C",TRUE,TRUE,TRUE,TRUE
"clause",157,"unequal_control","C",FALSE,FALSE,FALSE,FALSE
"clause",158,"forward_equal","C",TRUE,TRUE,TRUE,TRUE
"clause",158,"reverse_equal","C",TRUE,TRUE,TRUE,TRUE
"clause",158,"reflexivity","C",TRUE,TRUE,TRUE,TRUE
"clause",158,"unequal_control","C",FALSE,FALSE,FALSE,FALSE
"clause",159,"forward_equal","C",TRUE,TRUE,TRUE,TRUE
"clause",159,"reverse_equal","C",TRUE,TRUE,TRUE,TRUE
"clause",159,"reflexivity","C",TRUE,TRUE,TRUE,TRUE
"clause",159,"unequal_control","C",FALSE,FALSE,FALSE,FALSE
"clause",160,"forward_equal","C",TRUE,TRUE,TRUE,TRUE
"clause",160,"reverse_equal","C",TRUE,TRUE,TRUE,TRUE
"clause",160,"reflexivity","C",TRUE,TRUE,TRUE,TRUE
"clause",160,"unequal_control","C",FALSE,FALSE,FALSE,FALSE
"clause",161,"forward_equal","C",TRUE,TRUE,TRUE,TRUE
"clause",161,"reverse_equal","C",TRUE,TRUE,TRUE,TRUE
"clause",161,"reflexivity","C",TRUE,TRUE,TRUE,TRUE
"clause",161,"unequal_control","C",FALSE,FALSE,FALSE,FALSE
"clause",162,"forward_equal","C",TRUE,TRUE,TRUE,TRUE
"clause",162,"reverse_equal","C",TRUE,TRUE,TRUE,TRUE
"clause",162,"reflexivity","C",TRUE,TRUE,TRUE,TRUE
"clause",162,"unequal_control","C",FALSE,FALSE,FALSE,FALSE
"clause",163,"forward_equal","C",TRUE,TRUE,TRUE,TRUE
"clause",163,"reverse_equal","C",TRUE,TRUE,TRUE,TRUE
"clause",163,"reflexivity","C",TRUE,TRUE,TRUE,TRUE
"clause",163,"unequal_control","C",FALSE,FALSE,FALSE,FALSE
"clause",164,"forward_equal","C",TRUE,TRUE,TRUE,TRUE
"clause",164,"reverse_equal","C",TRUE,TRUE,TRUE,TRUE
"clause",164,"reflexivity","C",TRUE,TRUE,TRUE,TRUE
"clause",164,"unequal_control","C",FALSE,FALSE,FALSE,FALSE
"clause",165,"forward_equal","C",TRUE,TRUE,TRUE,TRUE
"clause",165,"reverse_equal","C",TRUE,TRUE,TRUE,TRUE
"clause",165,"reflexivity","C",TRUE,TRUE,TRUE,TRUE
"clause",165,"unequal_control","C",FALSE,FALSE,FALSE,FALSE
"clause",166,"forward_equal","C",TRUE,TRUE,TRUE,TRUE
"clause",166,"reverse_equal","C",TRUE,TRUE,TRUE,TRUE
"clause",166,"reflexivity","C",TRUE,TRUE,TRUE,TRUE
"clause",166,"unequal_control","C",FALSE,FALSE,FALSE,FALSE
"clause",167,"forward_equal","C",TRUE,TRUE,TRUE,TRUE
"clause",167,"reverse_equal","C",TRUE,TRUE,TRUE,TRUE
"clause",167,"reflexivity","C",TRUE,TRUE,TRUE,TRUE
"clause",167,"unequal_control","C",FALSE,FALSE,FALSE,FALSE
"clause",168,"forward_equal","C",TRUE,TRUE,TRUE,TRUE
"clause",168,"reverse_equal","C",TRUE,TRUE,TRUE,TRUE
"clause",168,"reflexivity","C",TRUE,TRUE,TRUE,TRUE
"clause",168,"unequal_control","C",FALSE,FALSE,FALSE,FALSE
"clause",169,"forward_equal","C",TRUE,TRUE,TRUE,TRUE
"clause",169,"reverse_equal","C",TRUE,TRUE,TRUE,TRUE
"clause",169,"reflexivity","C",TRUE,TRUE,TRUE,TRUE
"clause",169,"unequal_control","C",FALSE,FALSE,FALSE,FALSE
"clause",170,"forward_equal","C",TRUE,TRUE,TRUE,TRUE
"clause",170,"reverse_equal","C",TRUE,TRUE,TRUE,TRUE
"clause",170,"reflexivity","C",TRUE,TRUE,TRUE,TRUE
"clause",170,"unequal_control","C",FALSE,FALSE,FALSE,FALSE
"clause",171,"forward_equal","C",TRUE,TRUE,TRUE,TRUE
"clause",171,"reverse_equal","C",TRUE,TRUE,TRUE,TRUE
"clause",171,"reflexivity","C",TRUE,TRUE,TRUE,TRUE
"clause",171,"unequal_control","C",FALSE,FALSE,FALSE,FALSE
"clause",172,"forward_equal","C",TRUE,TRUE,TRUE,TRUE
"clause",172,"reverse_equal","C",TRUE,TRUE,TRUE,TRUE
"clause",172,"reflexivity","C",TRUE,TRUE,TRUE,TRUE
"clause",172,"unequal_control","C",FALSE,FALSE,FALSE,FALSE
"clause",173,"forward_equal","C",TRUE,TRUE,TRUE,TRUE
"clause",173,"reverse_equal","C",TRUE,TRUE,TRUE,TRUE
"clause",173,"reflexivity","C",TRUE,TRUE,TRUE,TRUE
"clause",173,"unequal_control","C",FALSE,FALSE,FALSE,FALSE
"clause",174,"forward_equal","C",TRUE,TRUE,TRUE,TRUE
"clause",174,"reverse_equal","C",TRUE,TRUE,TRUE,TRUE
"clause",174,"reflexivity","C",TRUE,TRUE,TRUE,TRUE
"clause",174,"unequal_control","C",FALSE,FALSE,FALSE,FALSE
"clause",175,"forward_equal","C",TRUE,TRUE,TRUE,TRUE
"clause",175,"reverse_equal","C",TRUE,TRUE,TRUE,TRUE
"clause",175,"reflexivity","C",TRUE,TRUE,TRUE,TRUE
"clause",175,"unequal_control","C",FALSE,FALSE,FALSE,FALSE
"clause",176,"forward_equal","C",TRUE,TRUE,TRUE,TRUE
"clause",176,"reverse_equal","C",TRUE,TRUE,TRUE,TRUE
"clause",176,"reflexivity","C",TRUE,TRUE,TRUE,TRUE
"clause",176,"unequal_control","C",FALSE,FALSE,FALSE,FALSE
"clause",177,"forward_equal","C",TRUE,TRUE,TRUE,TRUE
"clause",177,"reverse_equal","C",TRUE,TRUE,TRUE,TRUE
"clause",177,"reflexivity","C",TRUE,TRUE,TRUE,TRUE
"clause",177,"unequal_control","C",FALSE,FALSE,FALSE,FALSE
"clause",178,"forward_equal","C",TRUE,TRUE,TRUE,TRUE
"clause",178,"reverse_equal","C",TRUE,TRUE,TRUE,TRUE
"clause",178,"reflexivity","C",TRUE,TRUE,TRUE,TRUE
"clause",178,"unequal_control","C",FALSE,FALSE,FALSE,FALSE
"clause",179,"forward_equal","C",TRUE,TRUE,TRUE,TRUE
"clause",179,"reverse_equal","C",TRUE,TRUE,TRUE,TRUE
"clause",179,"reflexivity","C",TRUE,TRUE,TRUE,TRUE
"clause",179,"unequal_control","C",FALSE,FALSE,FALSE,FALSE
"clause",180,"forward_equal","C",TRUE,TRUE,TRUE,TRUE
"clause",180,"reverse_equal","C",TRUE,TRUE,TRUE,TRUE
"clause",180,"reflexivity","C",TRUE,TRUE,TRUE,TRUE
"clause",180,"unequal_control","C",FALSE,FALSE,FALSE,FALSE
"clause",181,"forward_equal","C",TRUE,TRUE,TRUE,TRUE
"clause",181,"reverse_equal","C",TRUE,TRUE,TRUE,TRUE
"clause",181,"reflexivity","C",TRUE,TRUE,TRUE,TRUE
"clause",181,"unequal_control","C",FALSE,FALSE,FALSE,FALSE
"clause",182,"forward_equal","C",TRUE,TRUE,TRUE,TRUE
"clause",182,"reverse_equal","C",TRUE,TRUE,TRUE,TRUE
"clause",182,"reflexivity","C",TRUE,TRUE,TRUE,TRUE
"clause",182,"unequal_control","C",FALSE,FALSE,FALSE,FALSE
"clause",183,"forward_equal","C",TRUE,TRUE,TRUE,TRUE
"clause",183,"reverse_equal","C",TRUE,TRUE,TRUE,TRUE
"clause",183,"reflexivity","C",TRUE,TRUE,TRUE,TRUE
"clause",183,"unequal_control","C",FALSE,FALSE,FALSE,FALSE
"clause",184,"forward_equal","C",TRUE,TRUE,TRUE,TRUE
"clause",184,"reverse_equal","C",TRUE,TRUE,TRUE,TRUE
"clause",184,"reflexivity","C",TRUE,TRUE,TRUE,TRUE
"clause",184,"unequal_control","C",FALSE,FALSE,FALSE,FALSE
"clause",185,"forward_equal","C",TRUE,TRUE,TRUE,TRUE
"clause",185,"reverse_equal","C",TRUE,TRUE,TRUE,TRUE
"clause",185,"reflexivity","C",TRUE,TRUE,TRUE,TRUE
"clause",185,"unequal_control","C",FALSE,FALSE,FALSE,FALSE
"clause",186,"forward_equal","C",TRUE,TRUE,TRUE,TRUE
"clause",186,"reverse_equal","C",TRUE,TRUE,TRUE,TRUE
"clause",186,"reflexivity","C",TRUE,TRUE,TRUE,TRUE
"clause",186,"unequal_control","C",FALSE,FALSE,FALSE,FALSE
"clause",187,"forward_equal","C",TRUE,TRUE,TRUE,TRUE
"clause",187,"reverse_equal","C",TRUE,TRUE,TRUE,TRUE
"clause",187,"reflexivity","C",TRUE,TRUE,TRUE,TRUE
"clause",187,"unequal_control","C",FALSE,FALSE,FALSE,FALSE
"clause",188,"forward_equal","C",TRUE,TRUE,TRUE,TRUE
"clause",188,"reverse_equal","C",TRUE,TRUE,TRUE,TRUE
"clause",188,"reflexivity","C",TRUE,TRUE,TRUE,TRUE
"clause",188,"unequal_control","C",FALSE,FALSE,FALSE,FALSE
"clause",189,"forward_equal","C",TRUE,TRUE,TRUE,TRUE
"clause",189,"reverse_equal","C",TRUE,TRUE,TRUE,TRUE
"clause",189,"reflexivity","C",TRUE,TRUE,TRUE,TRUE
"clause",189,"unequal_control","C",FALSE,FALSE,FALSE,FALSE
"clause",190,"forward_equal","C",TRUE,TRUE,TRUE,TRUE
"clause",190,"reverse_equal","C",TRUE,TRUE,TRUE,TRUE
"clause",190,"reflexivity","C",TRUE,TRUE,TRUE,TRUE
"clause",190,"unequal_control","C",FALSE,FALSE,FALSE,FALSE
"clause",191,"forward_equal","C",TRUE,TRUE,TRUE,TRUE
"clause",191,"reverse_equal","C",TRUE,TRUE,TRUE,TRUE
"clause",191,"reflexivity","C",TRUE,TRUE,TRUE,TRUE
"clause",191,"unequal_control","C",FALSE,FALSE,FALSE,FALSE
"clause",192,"forward_equal","C",TRUE,TRUE,TRUE,TRUE
"clause",192,"reverse_equal","C",TRUE,TRUE,TRUE,TRUE
"clause",192,"reflexivity","C",TRUE,TRUE,TRUE,TRUE
"clause",192,"unequal_control","C",FALSE,FALSE,FALSE,FALSE
"clause",193,"forward_equal","C",TRUE,TRUE,TRUE,TRUE
"clause",193,"reverse_equal","C",TRUE,TRUE,TRUE,TRUE
"clause",193,"reflexivity","C",TRUE,TRUE,TRUE,TRUE
"clause",193,"unequal_control","C",FALSE,FALSE,FALSE,FALSE
"clause",194,"forward_equal","C",TRUE,TRUE,TRUE,TRUE
"clause",194,"reverse_equal","C",TRUE,TRUE,TRUE,TRUE
"clause",194,"reflexivity","C",TRUE,TRUE,TRUE,TRUE
"clause",194,"unequal_control","C",FALSE,FALSE,FALSE,FALSE
"clause",195,"forward_equal","C",TRUE,TRUE,TRUE,TRUE
"clause",195,"reverse_equal","C",TRUE,TRUE,TRUE,TRUE
"clause",195,"reflexivity","C",TRUE,TRUE,TRUE,TRUE
"clause",195,"unequal_control","C",FALSE,FALSE,FALSE,FALSE
"clause",196,"forward_equal","C",TRUE,TRUE,TRUE,TRUE
"clause",196,"reverse_equal","C",TRUE,TRUE,TRUE,TRUE
"clause",196,"reflexivity","C",TRUE,TRUE,TRUE,TRUE
"clause",196,"unequal_control","C",FALSE,FALSE,FALSE,FALSE
"clause",197,"forward_equal","C",TRUE,TRUE,TRUE,TRUE
"clause",197,"reverse_equal","C",TRUE,TRUE,TRUE,TRUE
"clause",197,"reflexivity","C",TRUE,TRUE,TRUE,TRUE
"clause",197,"unequal_control","C",FALSE,FALSE,FALSE,FALSE
"clause",198,"forward_equal","C",TRUE,TRUE,TRUE,TRUE
"clause",198,"reverse_equal","C",TRUE,TRUE,TRUE,TRUE
"clause",198,"reflexivity","C",TRUE,TRUE,TRUE,TRUE
"clause",198,"unequal_control","C",FALSE,FALSE,FALSE,FALSE
"clause",199,"forward_equal","C",TRUE,TRUE,TRUE,TRUE
"clause",199,"reverse_equal","C",TRUE,TRUE,TRUE,TRUE
"clause",199,"reflexivity","C",TRUE,TRUE,TRUE,TRUE
"clause",199,"unequal_control","C",FALSE,FALSE,FALSE,FALSE
"clause",200,"forward_equal","C",TRUE,TRUE,TRUE,TRUE
"clause",200,"reverse_equal","C",TRUE,TRUE,TRUE,TRUE
"clause",200,"reflexivity","C",TRUE,TRUE,TRUE,TRUE
"clause",200,"unequal_control","C",FALSE,FALSE,FALSE,FALSE
"clause",201,"forward_equal","C",TRUE,TRUE,TRUE,TRUE
"clause",201,"reverse_equal","C",TRUE,TRUE,TRUE,TRUE
"clause",201,"reflexivity","C",TRUE,TRUE,TRUE,TRUE
"clause",201,"unequal_control","C",FALSE,FALSE,FALSE,FALSE
"clause",202,"forward_equal","C",TRUE,TRUE,TRUE,TRUE
"clause",202,"reverse_equal","C",TRUE,TRUE,TRUE,TRUE
"clause",202,"reflexivity","C",TRUE,TRUE,TRUE,TRUE
"clause",202,"unequal_control","C",FALSE,FALSE,FALSE,FALSE
"clause",203,"forward_equal","C",TRUE,TRUE,TRUE,TRUE
"clause",203,"reverse_equal","C",TRUE,TRUE,TRUE,TRUE
"clause",203,"reflexivity","C",TRUE,TRUE,TRUE,TRUE
"clause",203,"unequal_control","C",FALSE,FALSE,FALSE,FALSE
"clause",204,"forward_equal","C",TRUE,TRUE,TRUE,TRUE
"clause",204,"reverse_equal","C",TRUE,TRUE,TRUE,TRUE
"clause",204,"reflexivity","C",TRUE,TRUE,TRUE,TRUE
"clause",204,"unequal_control","C",FALSE,FALSE,FALSE,FALSE
"clause",205,"forward_equal","C",TRUE,TRUE,TRUE,TRUE
"clause",205,"reverse_equal","C",TRUE,TRUE,TRUE,TRUE
"clause",205,"reflexivity","C",TRUE,TRUE,TRUE,TRUE
"clause",205,"unequal_control","C",FALSE,FALSE,FALSE,FALSE
"clause",206,"forward_equal","C",TRUE,TRUE,TRUE,TRUE
"clause",206,"reverse_equal","C",TRUE,TRUE,TRUE,TRUE
"clause",206,"reflexivity","C",TRUE,TRUE,TRUE,TRUE
"clause",206,"unequal_control","C",FALSE,FALSE,FALSE,FALSE
"clause",207,"forward_equal","C",TRUE,TRUE,TRUE,TRUE
"clause",207,"reverse_equal","C",TRUE,TRUE,TRUE,TRUE
"clause",207,"reflexivity","C",TRUE,TRUE,TRUE,TRUE
"clause",207,"unequal_control","C",FALSE,FALSE,FALSE,FALSE
"clause",208,"forward_equal","C",TRUE,TRUE,TRUE,TRUE
"clause",208,"reverse_equal","C",TRUE,TRUE,TRUE,TRUE
"clause",208,"reflexivity","C",TRUE,TRUE,TRUE,TRUE
"clause",208,"unequal_control","C",FALSE,FALSE,FALSE,FALSE
"clause",209,"forward_equal","C",TRUE,TRUE,TRUE,TRUE
"clause",209,"reverse_equal","C",TRUE,TRUE,TRUE,TRUE
"clause",209,"reflexivity","C",TRUE,TRUE,TRUE,TRUE
"clause",209,"unequal_control","C",FALSE,FALSE,FALSE,FALSE
"clause",210,"forward_equal","C",TRUE,TRUE,TRUE,TRUE
"clause",210,"reverse_equal","C",TRUE,TRUE,TRUE,TRUE
"clause",210,"reflexivity","C",TRUE,TRUE,TRUE,TRUE
"clause",210,"unequal_control","C",FALSE,FALSE,FALSE,FALSE
"clause",211,"forward_equal","C",TRUE,TRUE,TRUE,TRUE
"clause",211,"reverse_equal","C",TRUE,TRUE,TRUE,TRUE
"clause",211,"reflexivity","C",TRUE,TRUE,TRUE,TRUE
"clause",211,"unequal_control","C",FALSE,FALSE,FALSE,FALSE
"clause",212,"forward_equal","C",TRUE,TRUE,TRUE,TRUE
"clause",212,"reverse_equal","C",TRUE,TRUE,TRUE,TRUE
"clause",212,"reflexivity","C",TRUE,TRUE,TRUE,TRUE
"clause",212,"unequal_control","C",FALSE,FALSE,FALSE,FALSE
"clause",213,"forward_equal","C",TRUE,TRUE,TRUE,TRUE
"clause",213,"reverse_equal","C",TRUE,TRUE,TRUE,TRUE
"clause",213,"reflexivity","C",TRUE,TRUE,TRUE,TRUE
"clause",213,"unequal_control","C",FALSE,FALSE,FALSE,FALSE
"clause",214,"forward_equal","C",TRUE,TRUE,TRUE,TRUE
"clause",214,"reverse_equal","C",TRUE,TRUE,TRUE,TRUE
"clause",214,"reflexivity","C",TRUE,TRUE,TRUE,TRUE
"clause",214,"unequal_control","C",FALSE,FALSE,FALSE,FALSE
"clause",215,"forward_equal","C",TRUE,TRUE,TRUE,TRUE
"clause",215,"reverse_equal","C",TRUE,TRUE,TRUE,TRUE
"clause",215,"reflexivity","C",TRUE,TRUE,TRUE,TRUE
"clause",215,"unequal_control","C",FALSE,FALSE,FALSE,FALSE
"clause",216,"forward_equal","C",TRUE,TRUE,TRUE,TRUE
"clause",216,"reverse_equal","C",TRUE,TRUE,TRUE,TRUE
"clause",216,"reflexivity","C",TRUE,TRUE,TRUE,TRUE
"clause",216,"unequal_control","C",FALSE,FALSE,FALSE,FALSE
"formula",1,"forward_equal","C",TRUE,FALSE,TRUE,TRUE
"formula",1,"reverse_equal","C",TRUE,FALSE,TRUE,TRUE
"formula",1,"reflexivity","C",TRUE,TRUE,TRUE,TRUE
"formula",1,"unequal_control","C",FALSE,FALSE,FALSE,FALSE
"formula",2,"forward_equal","C",TRUE,FALSE,TRUE,TRUE
"formula",2,"reverse_equal","C",TRUE,FALSE,TRUE,TRUE
"formula",2,"reflexivity","C",TRUE,TRUE,TRUE,TRUE
"formula",2,"unequal_control","C",FALSE,FALSE,FALSE,FALSE
"formula",3,"forward_equal","C",TRUE,FALSE,TRUE,TRUE
"formula",3,"reverse_equal","C",TRUE,FALSE,TRUE,TRUE
"formula",3,"reflexivity","C",TRUE,TRUE,TRUE,TRUE
"formula",3,"unequal_control","C",FALSE,FALSE,FALSE,FALSE
"formula",4,"forward_equal","C",TRUE,FALSE,TRUE,TRUE
"formula",4,"reverse_equal","C",TRUE,FALSE,TRUE,TRUE
"formula",4,"reflexivity","C",TRUE,TRUE,TRUE,TRUE
"formula",4,"unequal_control","C",FALSE,FALSE,FALSE,FALSE
"formula",5,"forward_equal","C",TRUE,FALSE,TRUE,TRUE
"formula",5,"reverse_equal","C",TRUE,FALSE,TRUE,TRUE
"formula",5,"reflexivity","C",TRUE,TRUE,TRUE,TRUE
"formula",5,"unequal_control","C",FALSE,FALSE,FALSE,FALSE
"formula",6,"forward_equal","C",TRUE,FALSE,TRUE,TRUE
"formula",6,"reverse_equal","C",TRUE,FALSE,TRUE,TRUE
"formula",6,"reflexivity","C",TRUE,TRUE,TRUE,TRUE
"formula",6,"unequal_control","C",FALSE,FALSE,FALSE,FALSE
"formula",7,"forward_equal","C",TRUE,FALSE,TRUE,TRUE
"formula",7,"reverse_equal","C",TRUE,FALSE,TRUE,TRUE
"formula",7,"reflexivity","C",TRUE,TRUE,TRUE,TRUE
"formula",7,"unequal_control","C",FALSE,FALSE,FALSE,FALSE
"formula",8,"forward_equal","C",TRUE,FALSE,TRUE,TRUE
"formula",8,"reverse_equal","C",TRUE,FALSE,TRUE,TRUE
"formula",8,"reflexivity","C",TRUE,TRUE,TRUE,TRUE
"formula",8,"unequal_control","C",FALSE,FALSE,FALSE,FALSE
"formula",9,"forward_equal","C",TRUE,FALSE,TRUE,TRUE
"formula",9,"reverse_equal","C",TRUE,FALSE,TRUE,TRUE
"formula",9,"reflexivity","C",TRUE,TRUE,TRUE,TRUE
"formula",9,"unequal_control","C",FALSE,FALSE,FALSE,FALSE
"formula",10,"forward_equal","C",TRUE,FALSE,TRUE,TRUE
"formula",10,"reverse_equal","C",TRUE,FALSE,TRUE,TRUE
"formula",10,"reflexivity","C",TRUE,TRUE,TRUE,TRUE
"formula",10,"unequal_control","C",FALSE,FALSE,FALSE,FALSE
"formula",11,"forward_equal","C",TRUE,FALSE,TRUE,TRUE
"formula",11,"reverse_equal","C",TRUE,FALSE,TRUE,TRUE
"formula",11,"reflexivity","C",TRUE,TRUE,TRUE,TRUE
"formula",11,"unequal_control","C",FALSE,FALSE,FALSE,FALSE
"formula",12,"forward_equal","C",TRUE,FALSE,TRUE,TRUE
"formula",12,"reverse_equal","C",TRUE,FALSE,TRUE,TRUE
"formula",12,"reflexivity","C",TRUE,TRUE,TRUE,TRUE
"formula",12,"unequal_control","C",FALSE,FALSE,FALSE,FALSE
"formula",13,"forward_equal","C",TRUE,FALSE,TRUE,TRUE
"formula",13,"reverse_equal","C",TRUE,FALSE,TRUE,TRUE
"formula",13,"reflexivity","C",TRUE,TRUE,TRUE,TRUE
"formula",13,"unequal_control","C",FALSE,FALSE,FALSE,FALSE
"formula",14,"forward_equal","C",TRUE,FALSE,TRUE,TRUE
"formula",14,"reverse_equal","C",TRUE,FALSE,TRUE,TRUE
"formula",14,"reflexivity","C",TRUE,TRUE,TRUE,TRUE
"formula",14,"unequal_control","C",FALSE,FALSE,FALSE,FALSE
"formula",15,"forward_equal","C",TRUE,FALSE,TRUE,TRUE
"formula",15,"reverse_equal","C",TRUE,FALSE,TRUE,TRUE
"formula",15,"reflexivity","C",TRUE,TRUE,TRUE,TRUE
"formula",15,"unequal_control","C",FALSE,FALSE,FALSE,FALSE
"formula",16,"forward_equal","C",TRUE,FALSE,TRUE,TRUE
"formula",16,"reverse_equal","C",TRUE,FALSE,TRUE,TRUE
"formula",16,"reflexivity","C",TRUE,TRUE,TRUE,TRUE
"formula",16,"unequal_control","C",FALSE,FALSE,FALSE,FALSE
"formula",17,"forward_equal","C",TRUE,FALSE,TRUE,TRUE
"formula",17,"reverse_equal","C",TRUE,FALSE,TRUE,TRUE
"formula",17,"reflexivity","C",TRUE,TRUE,TRUE,TRUE
"formula",17,"unequal_control","C",FALSE,FALSE,FALSE,FALSE
"formula",18,"forward_equal","C",TRUE,FALSE,TRUE,TRUE
"formula",18,"reverse_equal","C",TRUE,FALSE,TRUE,TRUE
"formula",18,"reflexivity","C",TRUE,TRUE,TRUE,TRUE
"formula",18,"unequal_control","C",FALSE,FALSE,FALSE,FALSE
"formula",19,"forward_equal","C",TRUE,FALSE,TRUE,TRUE
"formula",19,"reverse_equal","C",TRUE,FALSE,TRUE,TRUE
"formula",19,"reflexivity","C",TRUE,TRUE,TRUE,TRUE
"formula",19,"unequal_control","C",FALSE,FALSE,FALSE,FALSE
"formula",20,"forward_equal","C",TRUE,FALSE,TRUE,TRUE
"formula",20,"reverse_equal","C",TRUE,FALSE,TRUE,TRUE
"formula",20,"reflexivity","C",TRUE,TRUE,TRUE,TRUE
"formula",20,"unequal_control","C",FALSE,FALSE,FALSE,FALSE
"formula",21,"forward_equal","C",TRUE,FALSE,TRUE,TRUE
"formula",21,"reverse_equal","C",TRUE,FALSE,TRUE,TRUE
"formula",21,"reflexivity","C",TRUE,TRUE,TRUE,TRUE
"formula",21,"unequal_control","C",FALSE,FALSE,FALSE,FALSE
"formula",22,"forward_equal","C",TRUE,FALSE,TRUE,TRUE
"formula",22,"reverse_equal","C",TRUE,FALSE,TRUE,TRUE
"formula",22,"reflexivity","C",TRUE,TRUE,TRUE,TRUE
"formula",22,"unequal_control","C",FALSE,FALSE,FALSE,FALSE
"formula",23,"forward_equal","C",TRUE,FALSE,TRUE,TRUE
"formula",23,"reverse_equal","C",TRUE,FALSE,TRUE,TRUE
"formula",23,"reflexivity","C",TRUE,TRUE,TRUE,TRUE
"formula",23,"unequal_control","C",FALSE,FALSE,FALSE,FALSE
"formula",24,"forward_equal","C",TRUE,FALSE,TRUE,TRUE
"formula",24,"reverse_equal","C",TRUE,FALSE,TRUE,TRUE
"formula",24,"reflexivity","C",TRUE,TRUE,TRUE,TRUE
"formula",24,"unequal_control","C",FALSE,FALSE,FALSE,FALSE
"formula",25,"forward_equal","C",TRUE,FALSE,TRUE,TRUE
"formula",25,"reverse_equal","C",TRUE,FALSE,TRUE,TRUE
"formula",25,"reflexivity","C",TRUE,TRUE,TRUE,TRUE
"formula",25,"unequal_control","C",FALSE,FALSE,FALSE,FALSE
"formula",26,"forward_equal","C",TRUE,FALSE,TRUE,TRUE
"formula",26,"reverse_equal","C",TRUE,FALSE,TRUE,TRUE
"formula",26,"reflexivity","C",TRUE,TRUE,TRUE,TRUE
"formula",26,"unequal_control","C",FALSE,FALSE,FALSE,FALSE
"formula",27,"forward_equal","C",TRUE,FALSE,TRUE,TRUE
"formula",27,"reverse_equal","C",TRUE,FALSE,TRUE,TRUE
"formula",27,"reflexivity","C",TRUE,TRUE,TRUE,TRUE
"formula",27,"unequal_control","C",FALSE,FALSE,FALSE,FALSE
"formula",28,"forward_equal","C",TRUE,FALSE,TRUE,TRUE
"formula",28,"reverse_equal","C",TRUE,FALSE,TRUE,TRUE
"formula",28,"reflexivity","C",TRUE,TRUE,TRUE,TRUE
"formula",28,"unequal_control","C",FALSE,FALSE,FALSE,FALSE
"formula",29,"forward_equal","C",TRUE,FALSE,TRUE,TRUE
"formula",29,"reverse_equal","C",TRUE,FALSE,TRUE,TRUE
"formula",29,"reflexivity","C",TRUE,TRUE,TRUE,TRUE
"formula",29,"unequal_control","C",FALSE,FALSE,FALSE,FALSE
"formula",30,"forward_equal","C",TRUE,FALSE,TRUE,TRUE
"formula",30,"reverse_equal","C",TRUE,FALSE,TRUE,TRUE
"formula",30,"reflexivity","C",TRUE,TRUE,TRUE,TRUE
"formula",30,"unequal_control","C",FALSE,FALSE,FALSE,FALSE
"formula",31,"forward_equal","C",TRUE,FALSE,TRUE,TRUE
"formula",31,"reverse_equal","C",TRUE,FALSE,TRUE,TRUE
"formula",31,"reflexivity","C",TRUE,TRUE,TRUE,TRUE
"formula",31,"unequal_control","C",FALSE,FALSE,FALSE,FALSE
"formula",32,"forward_equal","C",TRUE,FALSE,TRUE,TRUE
"formula",32,"reverse_equal","C",TRUE,FALSE,TRUE,TRUE
"formula",32,"reflexivity","C",TRUE,TRUE,TRUE,TRUE
"formula",32,"unequal_control","C",FALSE,FALSE,FALSE,FALSE
"formula",33,"forward_equal","C",TRUE,FALSE,TRUE,TRUE
"formula",33,"reverse_equal","C",TRUE,FALSE,TRUE,TRUE
"formula",33,"reflexivity","C",TRUE,TRUE,TRUE,TRUE
"formula",33,"unequal_control","C",FALSE,FALSE,FALSE,FALSE
"formula",34,"forward_equal","C",TRUE,FALSE,TRUE,TRUE
"formula",34,"reverse_equal","C",TRUE,FALSE,TRUE,TRUE
"formula",34,"reflexivity","C",TRUE,TRUE,TRUE,TRUE
"formula",34,"unequal_control","C",FALSE,FALSE,FALSE,FALSE
"formula",35,"forward_equal","C",TRUE,FALSE,TRUE,TRUE
"formula",35,"reverse_equal","C",TRUE,FALSE,TRUE,TRUE
"formula",35,"reflexivity","C",TRUE,TRUE,TRUE,TRUE
"formula",35,"unequal_control","C",FALSE,FALSE,FALSE,FALSE
"formula",36,"forward_equal","C",TRUE,FALSE,TRUE,TRUE
"formula",36,"reverse_equal","C",TRUE,FALSE,TRUE,TRUE
"formula",36,"reflexivity","C",TRUE,TRUE,TRUE,TRUE
"formula",36,"unequal_control","C",FALSE,FALSE,FALSE,FALSE
"formula",37,"forward_equal","C",TRUE,FALSE,TRUE,TRUE
"formula",37,"reverse_equal","C",TRUE,FALSE,TRUE,TRUE
"formula",37,"reflexivity","C",TRUE,TRUE,TRUE,TRUE
"formula",37,"unequal_control","C",FALSE,FALSE,FALSE,FALSE
"formula",38,"forward_equal","C",TRUE,FALSE,TRUE,TRUE
"formula",38,"reverse_equal","C",TRUE,FALSE,TRUE,TRUE
"formula",38,"reflexivity","C",TRUE,TRUE,TRUE,TRUE
"formula",38,"unequal_control","C",FALSE,FALSE,FALSE,FALSE
"formula",39,"forward_equal","C",TRUE,FALSE,TRUE,TRUE
"formula",39,"reverse_equal","C",TRUE,FALSE,TRUE,TRUE
"formula",39,"reflexivity","C",TRUE,TRUE,TRUE,TRUE
"formula",39,"unequal_control","C",FALSE,FALSE,FALSE,FALSE
"formula",40,"forward_equal","C",TRUE,FALSE,TRUE,TRUE
"formula",40,"reverse_equal","C",TRUE,FALSE,TRUE,TRUE
"formula",40,"reflexivity","C",TRUE,TRUE,TRUE,TRUE
"formula",40,"unequal_control","C",FALSE,FALSE,FALSE,FALSE
"formula",41,"forward_equal","C",TRUE,FALSE,TRUE,TRUE
"formula",41,"reverse_equal","C",TRUE,FALSE,TRUE,TRUE
"formula",41,"reflexivity","C",TRUE,TRUE,TRUE,TRUE
"formula",41,"unequal_control","C",FALSE,FALSE,FALSE,FALSE
"formula",42,"forward_equal","C",TRUE,FALSE,TRUE,TRUE
"formula",42,"reverse_equal","C",TRUE,FALSE,TRUE,TRUE
"formula",42,"reflexivity","C",TRUE,TRUE,TRUE,TRUE
"formula",42,"unequal_control","C",FALSE,FALSE,FALSE,FALSE
"formula",43,"forward_equal","C",TRUE,FALSE,TRUE,TRUE
"formula",43,"reverse_equal","C",TRUE,FALSE,TRUE,TRUE
"formula",43,"reflexivity","C",TRUE,TRUE,TRUE,TRUE
"formula",43,"unequal_control","C",FALSE,FALSE,FALSE,FALSE
"formula",44,"forward_equal","C",TRUE,FALSE,TRUE,TRUE
"formula",44,"reverse_equal","C",TRUE,FALSE,TRUE,TRUE
"formula",44,"reflexivity","C",TRUE,TRUE,TRUE,TRUE
"formula",44,"unequal_control","C",FALSE,FALSE,FALSE,FALSE
"formula",45,"forward_equal","C",TRUE,FALSE,TRUE,TRUE
"formula",45,"reverse_equal","C",TRUE,FALSE,TRUE,TRUE
"formula",45,"reflexivity","C",TRUE,TRUE,TRUE,TRUE
"formula",45,"unequal_control","C",FALSE,FALSE,FALSE,FALSE
"formula",46,"forward_equal","C",TRUE,FALSE,TRUE,TRUE
"formula",46,"reverse_equal","C",TRUE,FALSE,TRUE,TRUE
"formula",46,"reflexivity","C",TRUE,TRUE,TRUE,TRUE
"formula",46,"unequal_control","C",FALSE,FALSE,FALSE,FALSE
"formula",47,"forward_equal","C",TRUE,FALSE,TRUE,TRUE
"formula",47,"reverse_equal","C",TRUE,FALSE,TRUE,TRUE
"formula",47,"reflexivity","C",TRUE,TRUE,TRUE,TRUE
"formula",47,"unequal_control","C",FALSE,FALSE,FALSE,FALSE
"formula",48,"forward_equal","C",TRUE,FALSE,TRUE,TRUE
"formula",48,"reverse_equal","C",TRUE,FALSE,TRUE,TRUE
"formula",48,"reflexivity","C",TRUE,TRUE,TRUE,TRUE
"formula",48,"unequal_control","C",FALSE,FALSE,FALSE,FALSE
"formula",49,"forward_equal","C",TRUE,FALSE,TRUE,TRUE
"formula",49,"reverse_equal","C",TRUE,FALSE,TRUE,TRUE
"formula",49,"reflexivity","C",TRUE,TRUE,TRUE,TRUE
"formula",49,"unequal_control","C",FALSE,FALSE,FALSE,FALSE
"formula",50,"forward_equal","C",TRUE,FALSE,TRUE,TRUE
"formula",50,"reverse_equal","C",TRUE,FALSE,TRUE,TRUE
"formula",50,"reflexivity","C",TRUE,TRUE,TRUE,TRUE
"formula",50,"unequal_control","C",FALSE,FALSE,FALSE,FALSE
"formula",51,"forward_equal","C",TRUE,FALSE,TRUE,TRUE
"formula",51,"reverse_equal","C",TRUE,FALSE,TRUE,TRUE
"formula",51,"reflexivity","C",TRUE,TRUE,TRUE,TRUE
"formula",51,"unequal_control","C",FALSE,FALSE,FALSE,FALSE
"formula",52,"forward_equal","C",TRUE,FALSE,TRUE,TRUE
"formula",52,"reverse_equal","C",TRUE,FALSE,TRUE,TRUE
"formula",52,"reflexivity","C",TRUE,TRUE,TRUE,TRUE
"formula",52,"unequal_control","C",FALSE,FALSE,FALSE,FALSE
"formula",53,"forward_equal","C",TRUE,FALSE,TRUE,TRUE
"formula",53,"reverse_equal","C",TRUE,FALSE,TRUE,TRUE
"formula",53,"reflexivity","C",TRUE,TRUE,TRUE,TRUE
"formula",53,"unequal_control","C",FALSE,FALSE,FALSE,FALSE
"formula",54,"forward_equal","C",TRUE,FALSE,TRUE,TRUE
"formula",54,"reverse_equal","C",TRUE,FALSE,TRUE,TRUE
"formula",54,"reflexivity","C",TRUE,TRUE,TRUE,TRUE
"formula",54,"unequal_control","C",FALSE,FALSE,FALSE,FALSE
"formula",55,"forward_equal","C",TRUE,FALSE,TRUE,TRUE
"formula",55,"reverse_equal","C",TRUE,FALSE,TRUE,TRUE
"formula",55,"reflexivity","C",TRUE,TRUE,TRUE,TRUE
"formula",55,"unequal_control","C",FALSE,FALSE,FALSE,FALSE
"formula",56,"forward_equal","C",TRUE,FALSE,TRUE,TRUE
"formula",56,"reverse_equal","C",TRUE,FALSE,TRUE,TRUE
"formula",56,"reflexivity","C",TRUE,TRUE,TRUE,TRUE
"formula",56,"unequal_control","C",FALSE,FALSE,FALSE,FALSE
"formula",57,"forward_equal","C",TRUE,FALSE,TRUE,TRUE
"formula",57,"reverse_equal","C",TRUE,FALSE,TRUE,TRUE
"formula",57,"reflexivity","C",TRUE,TRUE,TRUE,TRUE
"formula",57,"unequal_control","C",FALSE,FALSE,FALSE,FALSE
"formula",58,"forward_equal","C",TRUE,FALSE,TRUE,TRUE
"formula",58,"reverse_equal","C",TRUE,FALSE,TRUE,TRUE
"formula",58,"reflexivity","C",TRUE,TRUE,TRUE,TRUE
"formula",58,"unequal_control","C",FALSE,FALSE,FALSE,FALSE
"formula",59,"forward_equal","C",TRUE,FALSE,TRUE,TRUE
"formula",59,"reverse_equal","C",TRUE,FALSE,TRUE,TRUE
"formula",59,"reflexivity","C",TRUE,TRUE,TRUE,TRUE
"formula",59,"unequal_control","C",FALSE,FALSE,FALSE,FALSE
"formula",60,"forward_equal","C",TRUE,FALSE,TRUE,TRUE
"formula",60,"reverse_equal","C",TRUE,FALSE,TRUE,TRUE
"formula",60,"reflexivity","C",TRUE,TRUE,TRUE,TRUE
"formula",60,"unequal_control","C",FALSE,FALSE,FALSE,FALSE
"formula",61,"forward_equal","C",TRUE,FALSE,TRUE,TRUE
"formula",61,"reverse_equal","C",TRUE,FALSE,TRUE,TRUE
"formula",61,"reflexivity","C",TRUE,TRUE,TRUE,TRUE
"formula",61,"unequal_control","C",FALSE,FALSE,FALSE,FALSE
"formula",62,"forward_equal","C",TRUE,FALSE,TRUE,TRUE
"formula",62,"reverse_equal","C",TRUE,FALSE,TRUE,TRUE
"formula",62,"reflexivity","C",TRUE,TRUE,TRUE,TRUE
"formula",62,"unequal_control","C",FALSE,FALSE,FALSE,FALSE
"formula",63,"forward_equal","C",TRUE,FALSE,TRUE,TRUE
"formula",63,"reverse_equal","C",TRUE,FALSE,TRUE,TRUE
"formula",63,"reflexivity","C",TRUE,TRUE,TRUE,TRUE
"formula",63,"unequal_control","C",FALSE,FALSE,FALSE,FALSE
"formula",64,"forward_equal","C",TRUE,FALSE,TRUE,TRUE
"formula",64,"reverse_equal","C",TRUE,FALSE,TRUE,TRUE
"formula",64,"reflexivity","C",TRUE,TRUE,TRUE,TRUE
"formula",64,"unequal_control","C",FALSE,FALSE,FALSE,FALSE
"formula",65,"forward_equal","C",TRUE,FALSE,TRUE,TRUE
"formula",65,"reverse_equal","C",TRUE,FALSE,TRUE,TRUE
"formula",65,"reflexivity","C",TRUE,TRUE,TRUE,TRUE
"formula",65,"unequal_control","C",FALSE,FALSE,FALSE,FALSE
"formula",66,"forward_equal","C",TRUE,FALSE,TRUE,TRUE
"formula",66,"reverse_equal","C",TRUE,FALSE,TRUE,TRUE
"formula",66,"reflexivity","C",TRUE,TRUE,TRUE,TRUE
"formula",66,"unequal_control","C",FALSE,FALSE,FALSE,FALSE
"formula",67,"forward_equal","C",TRUE,FALSE,TRUE,TRUE
"formula",67,"reverse_equal","C",TRUE,FALSE,TRUE,TRUE
"formula",67,"reflexivity","C",TRUE,TRUE,TRUE,TRUE
"formula",67,"unequal_control","C",FALSE,FALSE,FALSE,FALSE
"formula",68,"forward_equal","C",TRUE,FALSE,TRUE,TRUE
"formula",68,"reverse_equal","C",TRUE,FALSE,TRUE,TRUE
"formula",68,"reflexivity","C",TRUE,TRUE,TRUE,TRUE
"formula",68,"unequal_control","C",FALSE,FALSE,FALSE,FALSE
"formula",69,"forward_equal","C",TRUE,FALSE,TRUE,TRUE
"formula",69,"reverse_equal","C",TRUE,FALSE,TRUE,TRUE
"formula",69,"reflexivity","C",TRUE,TRUE,TRUE,TRUE
"formula",69,"unequal_control","C",FALSE,FALSE,FALSE,FALSE
"formula",70,"forward_equal","C",TRUE,FALSE,TRUE,TRUE
"formula",70,"reverse_equal","C",TRUE,FALSE,TRUE,TRUE
"formula",70,"reflexivity","C",TRUE,TRUE,TRUE,TRUE
"formula",70,"unequal_control","C",FALSE,FALSE,FALSE,FALSE
"formula",71,"forward_equal","C",TRUE,FALSE,TRUE,TRUE
"formula",71,"reverse_equal","C",TRUE,FALSE,TRUE,TRUE
"formula",71,"reflexivity","C",TRUE,TRUE,TRUE,TRUE
"formula",71,"unequal_control","C",FALSE,FALSE,FALSE,FALSE
"formula",72,"forward_equal","C",TRUE,FALSE,TRUE,TRUE
"formula",72,"reverse_equal","C",TRUE,FALSE,TRUE,TRUE
"formula",72,"reflexivity","C",TRUE,TRUE,TRUE,TRUE
"formula",72,"unequal_control","C",FALSE,FALSE,FALSE,FALSE
"formula",73,"forward_equal","C",TRUE,FALSE,TRUE,TRUE
"formula",73,"reverse_equal","C",TRUE,FALSE,TRUE,TRUE
"formula",73,"reflexivity","C",TRUE,TRUE,TRUE,TRUE
"formula",73,"unequal_control","C",FALSE,FALSE,FALSE,FALSE
"formula",74,"forward_equal","C",TRUE,FALSE,TRUE,TRUE
"formula",74,"reverse_equal","C",TRUE,FALSE,TRUE,TRUE
"formula",74,"reflexivity","C",TRUE,TRUE,TRUE,TRUE
"formula",74,"unequal_control","C",FALSE,FALSE,FALSE,FALSE
"formula",75,"forward_equal","C",TRUE,FALSE,TRUE,TRUE
"formula",75,"reverse_equal","C",TRUE,FALSE,TRUE,TRUE
"formula",75,"reflexivity","C",TRUE,TRUE,TRUE,TRUE
"formula",75,"unequal_control","C",FALSE,FALSE,FALSE,FALSE
"formula",76,"forward_equal","C",TRUE,FALSE,TRUE,TRUE
"formula",76,"reverse_equal","C",TRUE,FALSE,TRUE,TRUE
"formula",76,"reflexivity","C",TRUE,TRUE,TRUE,TRUE
"formula",76,"unequal_control","C",FALSE,FALSE,FALSE,FALSE
"formula",77,"forward_equal","C",TRUE,FALSE,TRUE,TRUE
"formula",77,"reverse_equal","C",TRUE,FALSE,TRUE,TRUE
"formula",77,"reflexivity","C",TRUE,TRUE,TRUE,TRUE
"formula",77,"unequal_control","C",FALSE,FALSE,FALSE,FALSE
"formula",78,"forward_equal","C",TRUE,FALSE,TRUE,TRUE
"formula",78,"reverse_equal","C",TRUE,FALSE,TRUE,TRUE
"formula",78,"reflexivity","C",TRUE,TRUE,TRUE,TRUE
"formula",78,"unequal_control","C",FALSE,FALSE,FALSE,FALSE
"formula",79,"forward_equal","C",TRUE,FALSE,TRUE,TRUE
"formula",79,"reverse_equal","C",TRUE,FALSE,TRUE,TRUE
"formula",79,"reflexivity","C",TRUE,TRUE,TRUE,TRUE
"formula",79,"unequal_control","C",FALSE,FALSE,FALSE,FALSE
"formula",80,"forward_equal","C",TRUE,FALSE,TRUE,TRUE
"formula",80,"reverse_equal","C",TRUE,FALSE,TRUE,TRUE
"formula",80,"reflexivity","C",TRUE,TRUE,TRUE,TRUE
"formula",80,"unequal_control","C",FALSE,FALSE,FALSE,FALSE
"formula",81,"forward_equal","C",TRUE,FALSE,TRUE,TRUE
"formula",81,"reverse_equal","C",TRUE,FALSE,TRUE,TRUE
"formula",81,"reflexivity","C",TRUE,TRUE,TRUE,TRUE
"formula",81,"unequal_control","C",FALSE,FALSE,FALSE,FALSE
"formula",82,"forward_equal","C",TRUE,FALSE,TRUE,TRUE
"formula",82,"reverse_equal","C",TRUE,FALSE,TRUE,TRUE
"formula",82,"reflexivity","C",TRUE,TRUE,TRUE,TRUE
"formula",82,"unequal_control","C",FALSE,FALSE,FALSE,FALSE
"formula",83,"forward_equal","C",TRUE,FALSE,TRUE,TRUE
"formula",83,"reverse_equal","C",TRUE,FALSE,TRUE,TRUE
"formula",83,"reflexivity","C",TRUE,TRUE,TRUE,TRUE
"formula",83,"unequal_control","C",FALSE,FALSE,FALSE,FALSE
"formula",84,"forward_equal","C",TRUE,FALSE,TRUE,TRUE
"formula",84,"reverse_equal","C",TRUE,FALSE,TRUE,TRUE
"formula",84,"reflexivity","C",TRUE,TRUE,TRUE,TRUE
"formula",84,"unequal_control","C",FALSE,FALSE,FALSE,FALSE
"formula",85,"forward_equal","C",TRUE,FALSE,TRUE,TRUE
"formula",85,"reverse_equal","C",TRUE,FALSE,TRUE,TRUE
"formula",85,"reflexivity","C",TRUE,TRUE,TRUE,TRUE
"formula",85,"unequal_control","C",FALSE,FALSE,FALSE,FALSE
"formula",86,"forward_equal","C",TRUE,FALSE,TRUE,TRUE
"formula",86,"reverse_equal","C",TRUE,FALSE,TRUE,TRUE
"formula",86,"reflexivity","C",TRUE,TRUE,TRUE,TRUE
"formula",86,"unequal_control","C",FALSE,FALSE,FALSE,FALSE
"formula",87,"forward_equal","C",TRUE,FALSE,TRUE,TRUE
"formula",87,"reverse_equal","C",TRUE,FALSE,TRUE,TRUE
"formula",87,"reflexivity","C",TRUE,TRUE,TRUE,TRUE
"formula",87,"unequal_control","C",FALSE,FALSE,FALSE,FALSE
"formula",88,"forward_equal","C",TRUE,FALSE,TRUE,TRUE
"formula",88,"reverse_equal","C",TRUE,FALSE,TRUE,TRUE
"formula",88,"reflexivity","C",TRUE,TRUE,TRUE,TRUE
"formula",88,"unequal_control","C",FALSE,FALSE,FALSE,FALSE
"formula",89,"forward_equal","C",TRUE,FALSE,TRUE,TRUE
"formula",89,"reverse_equal","C",TRUE,FALSE,TRUE,TRUE
"formula",89,"reflexivity","C",TRUE,TRUE,TRUE,TRUE
"formula",89,"unequal_control","C",FALSE,FALSE,FALSE,FALSE
"formula",90,"forward_equal","C",TRUE,FALSE,TRUE,TRUE
"formula",90,"reverse_equal","C",TRUE,FALSE,TRUE,TRUE
"formula",90,"reflexivity","C",TRUE,TRUE,TRUE,TRUE
"formula",90,"unequal_control","C",FALSE,FALSE,FALSE,FALSE
"formula",91,"forward_equal","C",TRUE,FALSE,TRUE,TRUE
"formula",91,"reverse_equal","C",TRUE,FALSE,TRUE,TRUE
"formula",91,"reflexivity","C",TRUE,TRUE,TRUE,TRUE
"formula",91,"unequal_control","C",FALSE,FALSE,FALSE,FALSE
"formula",92,"forward_equal","C",TRUE,FALSE,TRUE,TRUE
"formula",92,"reverse_equal","C",TRUE,FALSE,TRUE,TRUE
"formula",92,"reflexivity","C",TRUE,TRUE,TRUE,TRUE
"formula",92,"unequal_control","C",FALSE,FALSE,FALSE,FALSE
"formula",93,"forward_equal","C",TRUE,FALSE,TRUE,TRUE
"formula",93,"reverse_equal","C",TRUE,FALSE,TRUE,TRUE
"formula",93,"reflexivity","C",TRUE,TRUE,TRUE,TRUE
"formula",93,"unequal_control","C",FALSE,FALSE,FALSE,FALSE
"formula",94,"forward_equal","C",TRUE,FALSE,TRUE,TRUE
"formula",94,"reverse_equal","C",TRUE,FALSE,TRUE,TRUE
"formula",94,"reflexivity","C",TRUE,TRUE,TRUE,TRUE
"formula",94,"unequal_control","C",FALSE,FALSE,FALSE,FALSE
"formula",95,"forward_equal","C",TRUE,FALSE,TRUE,TRUE
"formula",95,"reverse_equal","C",TRUE,FALSE,TRUE,TRUE
"formula",95,"reflexivity","C",TRUE,TRUE,TRUE,TRUE
"formula",95,"unequal_control","C",FALSE,FALSE,FALSE,FALSE
"formula",96,"forward_equal","C",TRUE,FALSE,TRUE,TRUE
"formula",96,"reverse_equal","C",TRUE,FALSE,TRUE,TRUE
"formula",96,"reflexivity","C",TRUE,TRUE,TRUE,TRUE
"formula",96,"unequal_control","C",FALSE,FALSE,FALSE,FALSE
"formula",97,"forward_equal","C",TRUE,FALSE,TRUE,TRUE
"formula",97,"reverse_equal","C",TRUE,FALSE,TRUE,TRUE
"formula",97,"reflexivity","C",TRUE,TRUE,TRUE,TRUE
"formula",97,"unequal_control","C",FALSE,FALSE,FALSE,FALSE
"formula",98,"forward_equal","C",TRUE,FALSE,TRUE,TRUE
"formula",98,"reverse_equal","C",TRUE,FALSE,TRUE,TRUE
"formula",98,"reflexivity","C",TRUE,TRUE,TRUE,TRUE
"formula",98,"unequal_control","C",FALSE,FALSE,FALSE,FALSE
"formula",99,"forward_equal","C",TRUE,FALSE,TRUE,TRUE
"formula",99,"reverse_equal","C",TRUE,FALSE,TRUE,TRUE
"formula",99,"reflexivity","C",TRUE,TRUE,TRUE,TRUE
"formula",99,"unequal_control","C",FALSE,FALSE,FALSE,FALSE
"formula",100,"forward_equal","C",TRUE,FALSE,TRUE,TRUE
"formula",100,"reverse_equal","C",TRUE,FALSE,TRUE,TRUE
"formula",100,"reflexivity","C",TRUE,TRUE,TRUE,TRUE
"formula",100,"unequal_control","C",FALSE,FALSE,FALSE,FALSE
"formula",101,"forward_equal","C",TRUE,FALSE,TRUE,TRUE
"formula",101,"reverse_equal","C",TRUE,FALSE,TRUE,TRUE
"formula",101,"reflexivity","C",TRUE,TRUE,TRUE,TRUE
"formula",101,"unequal_control","C",FALSE,FALSE,FALSE,FALSE
"formula",102,"forward_equal","C",TRUE,FALSE,TRUE,TRUE
"formula",102,"reverse_equal","C",TRUE,FALSE,TRUE,TRUE
"formula",102,"reflexivity","C",TRUE,TRUE,TRUE,TRUE
"formula",102,"unequal_control","C",FALSE,FALSE,FALSE,FALSE
"formula",103,"forward_equal","C",TRUE,FALSE,TRUE,TRUE
"formula",103,"reverse_equal","C",TRUE,FALSE,TRUE,TRUE
"formula",103,"reflexivity","C",TRUE,TRUE,TRUE,TRUE
"formula",103,"unequal_control","C",FALSE,FALSE,FALSE,FALSE
"formula",104,"forward_equal","C",TRUE,FALSE,TRUE,TRUE
"formula",104,"reverse_equal","C",TRUE,FALSE,TRUE,TRUE
"formula",104,"reflexivity","C",TRUE,TRUE,TRUE,TRUE
"formula",104,"unequal_control","C",FALSE,FALSE,FALSE,FALSE
"formula",105,"forward_equal","C",TRUE,FALSE,TRUE,TRUE
"formula",105,"reverse_equal","C",TRUE,FALSE,TRUE,TRUE
"formula",105,"reflexivity","C",TRUE,TRUE,TRUE,TRUE
"formula",105,"unequal_control","C",FALSE,FALSE,FALSE,FALSE
"formula",106,"forward_equal","C",TRUE,FALSE,TRUE,TRUE
"formula",106,"reverse_equal","C",TRUE,FALSE,TRUE,TRUE
"formula",106,"reflexivity","C",TRUE,TRUE,TRUE,TRUE
"formula",106,"unequal_control","C",FALSE,FALSE,FALSE,FALSE
"formula",107,"forward_equal","C",TRUE,FALSE,TRUE,TRUE
"formula",107,"reverse_equal","C",TRUE,FALSE,TRUE,TRUE
"formula",107,"reflexivity","C",TRUE,TRUE,TRUE,TRUE
"formula",107,"unequal_control","C",FALSE,FALSE,FALSE,FALSE
"formula",108,"forward_equal","C",TRUE,FALSE,TRUE,TRUE
"formula",108,"reverse_equal","C",TRUE,FALSE,TRUE,TRUE
"formula",108,"reflexivity","C",TRUE,TRUE,TRUE,TRUE
"formula",108,"unequal_control","C",FALSE,FALSE,FALSE,FALSE
"formula",109,"forward_equal","C",TRUE,FALSE,TRUE,TRUE
"formula",109,"reverse_equal","C",TRUE,FALSE,TRUE,TRUE
"formula",109,"reflexivity","C",TRUE,TRUE,TRUE,TRUE
"formula",109,"unequal_control","C",FALSE,FALSE,FALSE,FALSE
"formula",110,"forward_equal","C",TRUE,FALSE,TRUE,TRUE
"formula",110,"reverse_equal","C",TRUE,FALSE,TRUE,TRUE
"formula",110,"reflexivity","C",TRUE,TRUE,TRUE,TRUE
"formula",110,"unequal_control","C",FALSE,FALSE,FALSE,FALSE
"formula",111,"forward_equal","C",TRUE,FALSE,TRUE,TRUE
"formula",111,"reverse_equal","C",TRUE,FALSE,TRUE,TRUE
"formula",111,"reflexivity","C",TRUE,TRUE,TRUE,TRUE
"formula",111,"unequal_control","C",FALSE,FALSE,FALSE,FALSE
"formula",112,"forward_equal","C",TRUE,FALSE,TRUE,TRUE
"formula",112,"reverse_equal","C",TRUE,FALSE,TRUE,TRUE
"formula",112,"reflexivity","C",TRUE,TRUE,TRUE,TRUE
"formula",112,"unequal_control","C",FALSE,FALSE,FALSE,FALSE
"formula",113,"forward_equal","C",TRUE,FALSE,TRUE,TRUE
"formula",113,"reverse_equal","C",TRUE,FALSE,TRUE,TRUE
"formula",113,"reflexivity","C",TRUE,TRUE,TRUE,TRUE
"formula",113,"unequal_control","C",FALSE,FALSE,FALSE,FALSE
"formula",114,"forward_equal","C",TRUE,FALSE,TRUE,TRUE
"formula",114,"reverse_equal","C",TRUE,FALSE,TRUE,TRUE
"formula",114,"reflexivity","C",TRUE,TRUE,TRUE,TRUE
"formula",114,"unequal_control","C",FALSE,FALSE,FALSE,FALSE
"formula",115,"forward_equal","C",TRUE,FALSE,TRUE,TRUE
"formula",115,"reverse_equal","C",TRUE,FALSE,TRUE,TRUE
"formula",115,"reflexivity","C",TRUE,TRUE,TRUE,TRUE
"formula",115,"unequal_control","C",FALSE,FALSE,FALSE,FALSE
"formula",116,"forward_equal","C",TRUE,FALSE,TRUE,TRUE
"formula",116,"reverse_equal","C",TRUE,FALSE,TRUE,TRUE
"formula",116,"reflexivity","C",TRUE,TRUE,TRUE,TRUE
"formula",116,"unequal_control","C",FALSE,FALSE,FALSE,FALSE
"formula",117,"forward_equal","C",TRUE,FALSE,TRUE,TRUE
"formula",117,"reverse_equal","C",TRUE,FALSE,TRUE,TRUE
"formula",117,"reflexivity","C",TRUE,TRUE,TRUE,TRUE
"formula",117,"unequal_control","C",FALSE,FALSE,FALSE,FALSE
"formula",118,"forward_equal","C",TRUE,FALSE,TRUE,TRUE
"formula",118,"reverse_equal","C",TRUE,FALSE,TRUE,TRUE
"formula",118,"reflexivity","C",TRUE,TRUE,TRUE,TRUE
"formula",118,"unequal_control","C",FALSE,FALSE,FALSE,FALSE
"formula",119,"forward_equal","C",TRUE,FALSE,TRUE,TRUE
"formula",119,"reverse_equal","C",TRUE,FALSE,TRUE,TRUE
"formula",119,"reflexivity","C",TRUE,TRUE,TRUE,TRUE
"formula",119,"unequal_control","C",FALSE,FALSE,FALSE,FALSE
"formula",120,"forward_equal","C",TRUE,FALSE,TRUE,TRUE
"formula",120,"reverse_equal","C",TRUE,FALSE,TRUE,TRUE
"formula",120,"reflexivity","C",TRUE,TRUE,TRUE,TRUE
"formula",120,"unequal_control","C",FALSE,FALSE,FALSE,FALSE
"formula",121,"forward_equal","C",TRUE,FALSE,TRUE,TRUE
"formula",121,"reverse_equal","C",TRUE,FALSE,TRUE,TRUE
"formula",121,"reflexivity","C",TRUE,TRUE,TRUE,TRUE
"formula",121,"unequal_control","C",FALSE,FALSE,FALSE,FALSE
"formula",122,"forward_equal","C",TRUE,FALSE,TRUE,TRUE
"formula",122,"reverse_equal","C",TRUE,FALSE,TRUE,TRUE
"formula",122,"reflexivity","C",TRUE,TRUE,TRUE,TRUE
"formula",122,"unequal_control","C",FALSE,FALSE,FALSE,FALSE
"formula",123,"forward_equal","C",TRUE,FALSE,TRUE,TRUE
"formula",123,"reverse_equal","C",TRUE,FALSE,TRUE,TRUE
"formula",123,"reflexivity","C",TRUE,TRUE,TRUE,TRUE
"formula",123,"unequal_control","C",FALSE,FALSE,FALSE,FALSE
"formula",124,"forward_equal","C",TRUE,FALSE,TRUE,TRUE
"formula",124,"reverse_equal","C",TRUE,FALSE,TRUE,TRUE
"formula",124,"reflexivity","C",TRUE,TRUE,TRUE,TRUE
"formula",124,"unequal_control","C",FALSE,FALSE,FALSE,FALSE
"formula",125,"forward_equal","C",TRUE,FALSE,TRUE,TRUE
"formula",125,"reverse_equal","C",TRUE,FALSE,TRUE,TRUE
"formula",125,"reflexivity","C",TRUE,TRUE,TRUE,TRUE
"formula",125,"unequal_control","C",FALSE,FALSE,FALSE,FALSE
"formula",126,"forward_equal","C",TRUE,FALSE,TRUE,TRUE
"formula",126,"reverse_equal","C",TRUE,FALSE,TRUE,TRUE
"formula",126,"reflexivity","C",TRUE,TRUE,TRUE,TRUE
"formula",126,"unequal_control","C",FALSE,FALSE,FALSE,FALSE
"formula",127,"forward_equal","C",TRUE,FALSE,TRUE,TRUE
"formula",127,"reverse_equal","C",TRUE,FALSE,TRUE,TRUE
"formula",127,"reflexivity","C",TRUE,TRUE,TRUE,TRUE
"formula",127,"unequal_control","C",FALSE,FALSE,FALSE,FALSE
"formula",128,"forward_equal","C",TRUE,FALSE,TRUE,TRUE
"formula",128,"reverse_equal","C",TRUE,FALSE,TRUE,TRUE
"formula",128,"reflexivity","C",TRUE,TRUE,TRUE,TRUE
"formula",128,"unequal_control","C",FALSE,FALSE,FALSE,FALSE
"formula",129,"forward_equal","C",TRUE,FALSE,TRUE,TRUE
"formula",129,"reverse_equal","C",TRUE,FALSE,TRUE,TRUE
"formula",129,"reflexivity","C",TRUE,TRUE,TRUE,TRUE
"formula",129,"unequal_control","C",FALSE,FALSE,FALSE,FALSE
"formula",130,"forward_equal","C",TRUE,FALSE,TRUE,TRUE
"formula",130,"reverse_equal","C",TRUE,FALSE,TRUE,TRUE
"formula",130,"reflexivity","C",TRUE,TRUE,TRUE,TRUE
"formula",130,"unequal_control","C",FALSE,FALSE,FALSE,FALSE
"formula",131,"forward_equal","C",TRUE,FALSE,TRUE,TRUE
"formula",131,"reverse_equal","C",TRUE,FALSE,TRUE,TRUE
"formula",131,"reflexivity","C",TRUE,TRUE,TRUE,TRUE
"formula",131,"unequal_control","C",FALSE,FALSE,FALSE,FALSE
"formula",132,"forward_equal","C",TRUE,FALSE,TRUE,TRUE
"formula",132,"reverse_equal","C",TRUE,FALSE,TRUE,TRUE
"formula",132,"reflexivity","C",TRUE,TRUE,TRUE,TRUE
"formula",132,"unequal_control","C",FALSE,FALSE,FALSE,FALSE
"formula",133,"forward_equal","C",TRUE,FALSE,TRUE,TRUE
"formula",133,"reverse_equal","C",TRUE,FALSE,TRUE,TRUE
"formula",133,"reflexivity","C",TRUE,TRUE,TRUE,TRUE
"formula",133,"unequal_control","C",FALSE,FALSE,FALSE,FALSE
"formula",134,"forward_equal","C",TRUE,FALSE,TRUE,TRUE
"formula",134,"reverse_equal","C",TRUE,FALSE,TRUE,TRUE
"formula",134,"reflexivity","C",TRUE,TRUE,TRUE,TRUE
"formula",134,"unequal_control","C",FALSE,FALSE,FALSE,FALSE
"formula",135,"forward_equal","C",TRUE,FALSE,TRUE,TRUE
"formula",135,"reverse_equal","C",TRUE,FALSE,TRUE,TRUE
"formula",135,"reflexivity","C",TRUE,TRUE,TRUE,TRUE
"formula",135,"unequal_control","C",FALSE,FALSE,FALSE,FALSE
"formula",136,"forward_equal","C",TRUE,FALSE,TRUE,TRUE
"formula",136,"reverse_equal","C",TRUE,FALSE,TRUE,TRUE
"formula",136,"reflexivity","C",TRUE,TRUE,TRUE,TRUE
"formula",136,"unequal_control","C",FALSE,FALSE,FALSE,FALSE
"formula",137,"forward_equal","C",TRUE,FALSE,TRUE,TRUE
"formula",137,"reverse_equal","C",TRUE,FALSE,TRUE,TRUE
"formula",137,"reflexivity","C",TRUE,TRUE,TRUE,TRUE
"formula",137,"unequal_control","C",FALSE,FALSE,FALSE,FALSE
"formula",138,"forward_equal","C",TRUE,FALSE,TRUE,TRUE
"formula",138,"reverse_equal","C",TRUE,FALSE,TRUE,TRUE
"formula",138,"reflexivity","C",TRUE,TRUE,TRUE,TRUE
"formula",138,"unequal_control","C",FALSE,FALSE,FALSE,FALSE
"formula",139,"forward_equal","C",TRUE,FALSE,TRUE,TRUE
"formula",139,"reverse_equal","C",TRUE,FALSE,TRUE,TRUE
"formula",139,"reflexivity","C",TRUE,TRUE,TRUE,TRUE
"formula",139,"unequal_control","C",FALSE,FALSE,FALSE,FALSE
"formula",140,"forward_equal","C",TRUE,FALSE,TRUE,TRUE
"formula",140,"reverse_equal","C",TRUE,FALSE,TRUE,TRUE
"formula",140,"reflexivity","C",TRUE,TRUE,TRUE,TRUE
"formula",140,"unequal_control","C",FALSE,FALSE,FALSE,FALSE
"formula",141,"forward_equal","C",TRUE,FALSE,TRUE,TRUE
"formula",141,"reverse_equal","C",TRUE,FALSE,TRUE,TRUE
"formula",141,"reflexivity","C",TRUE,TRUE,TRUE,TRUE
"formula",141,"unequal_control","C",FALSE,FALSE,FALSE,FALSE
"formula",142,"forward_equal","C",TRUE,FALSE,TRUE,TRUE
"formula",142,"reverse_equal","C",TRUE,FALSE,TRUE,TRUE
"formula",142,"reflexivity","C",TRUE,TRUE,TRUE,TRUE
"formula",142,"unequal_control","C",FALSE,FALSE,FALSE,FALSE
"formula",143,"forward_equal","C",TRUE,FALSE,TRUE,TRUE
"formula",143,"reverse_equal","C",TRUE,FALSE,TRUE,TRUE
"formula",143,"reflexivity","C",TRUE,TRUE,TRUE,TRUE
"formula",143,"unequal_control","C",FALSE,FALSE,FALSE,FALSE
"formula",144,"forward_equal","C",TRUE,FALSE,TRUE,TRUE
"formula",144,"reverse_equal","C",TRUE,FALSE,TRUE,TRUE
"formula",144,"reflexivity","C",TRUE,TRUE,TRUE,TRUE
"formula",144,"unequal_control","C",FALSE,FALSE,FALSE,FALSE
"formula",145,"forward_equal","C",TRUE,FALSE,TRUE,TRUE
"formula",145,"reverse_equal","C",TRUE,FALSE,TRUE,TRUE
"formula",145,"reflexivity","C",TRUE,TRUE,TRUE,TRUE
"formula",145,"unequal_control","C",FALSE,FALSE,FALSE,FALSE
"formula",146,"forward_equal","C",TRUE,FALSE,TRUE,TRUE
"formula",146,"reverse_equal","C",TRUE,FALSE,TRUE,TRUE
"formula",146,"reflexivity","C",TRUE,TRUE,TRUE,TRUE
"formula",146,"unequal_control","C",FALSE,FALSE,FALSE,FALSE
"formula",147,"forward_equal","C",TRUE,FALSE,TRUE,TRUE
"formula",147,"reverse_equal","C",TRUE,FALSE,TRUE,TRUE
"formula",147,"reflexivity","C",TRUE,TRUE,TRUE,TRUE
"formula",147,"unequal_control","C",FALSE,FALSE,FALSE,FALSE
"formula",148,"forward_equal","C",TRUE,FALSE,TRUE,TRUE
"formula",148,"reverse_equal","C",TRUE,FALSE,TRUE,TRUE
"formula",148,"reflexivity","C",TRUE,TRUE,TRUE,TRUE
"formula",148,"unequal_control","C",FALSE,FALSE,FALSE,FALSE
"formula",149,"forward_equal","C",TRUE,FALSE,TRUE,TRUE
"formula",149,"reverse_equal","C",TRUE,FALSE,TRUE,TRUE
"formula",149,"reflexivity","C",TRUE,TRUE,TRUE,TRUE
"formula",149,"unequal_control","C",FALSE,FALSE,FALSE,FALSE
"formula",150,"forward_equal","C",TRUE,FALSE,TRUE,TRUE
"formula",150,"reverse_equal","C",TRUE,FALSE,TRUE,TRUE
"formula",150,"reflexivity","C",TRUE,TRUE,TRUE,TRUE
"formula",150,"unequal_control","C",FALSE,FALSE,FALSE,FALSE
"formula",151,"forward_equal","C",TRUE,FALSE,TRUE,TRUE
"formula",151,"reverse_equal","C",TRUE,FALSE,TRUE,TRUE
"formula",151,"reflexivity","C",TRUE,TRUE,TRUE,TRUE
"formula",151,"unequal_control","C",FALSE,FALSE,FALSE,FALSE
"formula",152,"forward_equal","C",TRUE,FALSE,TRUE,TRUE
"formula",152,"reverse_equal","C",TRUE,FALSE,TRUE,TRUE
"formula",152,"reflexivity","C",TRUE,TRUE,TRUE,TRUE
"formula",152,"unequal_control","C",FALSE,FALSE,FALSE,FALSE
"formula",153,"forward_equal","C",TRUE,FALSE,TRUE,TRUE
"formula",153,"reverse_equal","C",TRUE,FALSE,TRUE,TRUE
"formula",153,"reflexivity","C",TRUE,TRUE,TRUE,TRUE
"formula",153,"unequal_control","C",FALSE,FALSE,FALSE,FALSE
"formula",154,"forward_equal","C",TRUE,FALSE,TRUE,TRUE
"formula",154,"reverse_equal","C",TRUE,FALSE,TRUE,TRUE
"formula",154,"reflexivity","C",TRUE,TRUE,TRUE,TRUE
"formula",154,"unequal_control","C",FALSE,FALSE,FALSE,FALSE
"formula",155,"forward_equal","C",TRUE,FALSE,TRUE,TRUE
"formula",155,"reverse_equal","C",TRUE,FALSE,TRUE,TRUE
"formula",155,"reflexivity","C",TRUE,TRUE,TRUE,TRUE
"formula",155,"unequal_control","C",FALSE,FALSE,FALSE,FALSE
"formula",156,"forward_equal","C",TRUE,FALSE,TRUE,TRUE
"formula",156,"reverse_equal","C",TRUE,FALSE,TRUE,TRUE
"formula",156,"reflexivity","C",TRUE,TRUE,TRUE,TRUE
"formula",156,"unequal_control","C",FALSE,FALSE,FALSE,FALSE
"formula",157,"forward_equal","C",TRUE,FALSE,TRUE,TRUE
"formula",157,"reverse_equal","C",TRUE,FALSE,TRUE,TRUE
"formula",157,"reflexivity","C",TRUE,TRUE,TRUE,TRUE
"formula",157,"unequal_control","C",FALSE,FALSE,FALSE,FALSE
"formula",158,"forward_equal","C",TRUE,FALSE,TRUE,TRUE
"formula",158,"reverse_equal","C",TRUE,FALSE,TRUE,TRUE
"formula",158,"reflexivity","C",TRUE,TRUE,TRUE,TRUE
"formula",158,"unequal_control","C",FALSE,FALSE,FALSE,FALSE
"formula",159,"forward_equal","C",TRUE,FALSE,TRUE,TRUE
"formula",159,"reverse_equal","C",TRUE,FALSE,TRUE,TRUE
"formula",159,"reflexivity","C",TRUE,TRUE,TRUE,TRUE
"formula",159,"unequal_control","C",FALSE,FALSE,FALSE,FALSE
"formula",160,"forward_equal","C",TRUE,FALSE,TRUE,TRUE
"formula",160,"reverse_equal","C",TRUE,FALSE,TRUE,TRUE
"formula",160,"reflexivity","C",TRUE,TRUE,TRUE,TRUE
"formula",160,"unequal_control","C",FALSE,FALSE,FALSE,FALSE
"formula",161,"forward_equal","C",TRUE,FALSE,TRUE,TRUE
"formula",161,"reverse_equal","C",TRUE,FALSE,TRUE,TRUE
"formula",161,"reflexivity","C",TRUE,TRUE,TRUE,TRUE
"formula",161,"unequal_control","C",FALSE,FALSE,FALSE,FALSE
"formula",162,"forward_equal","C",TRUE,FALSE,TRUE,TRUE
"formula",162,"reverse_equal","C",TRUE,FALSE,TRUE,TRUE
"formula",162,"reflexivity","C",TRUE,TRUE,TRUE,TRUE
"formula",162,"unequal_control","C",FALSE,FALSE,FALSE,FALSE
"formula",163,"forward_equal","C",TRUE,FALSE,TRUE,TRUE
"formula",163,"reverse_equal","C",TRUE,FALSE,TRUE,TRUE
"formula",163,"reflexivity","C",TRUE,TRUE,TRUE,TRUE
"formula",163,"unequal_control","C",FALSE,FALSE,FALSE,FALSE
"formula",164,"forward_equal","C",TRUE,FALSE,TRUE,TRUE
"formula",164,"reverse_equal","C",TRUE,FALSE,TRUE,TRUE
"formula",164,"reflexivity","C",TRUE,TRUE,TRUE,TRUE
"formula",164,"unequal_control","C",FALSE,FALSE,FALSE,FALSE
"formula",165,"forward_equal","C",TRUE,FALSE,TRUE,TRUE
"formula",165,"reverse_equal","C",TRUE,FALSE,TRUE,TRUE
"formula",165,"reflexivity","C",TRUE,TRUE,TRUE,TRUE
"formula",165,"unequal_control","C",FALSE,FALSE,FALSE,FALSE
"formula",166,"forward_equal","C",TRUE,FALSE,TRUE,TRUE
"formula",166,"reverse_equal","C",TRUE,FALSE,TRUE,TRUE
"formula",166,"reflexivity","C",TRUE,TRUE,TRUE,TRUE
"formula",166,"unequal_control","C",FALSE,FALSE,FALSE,FALSE
"formula",167,"forward_equal","C",TRUE,FALSE,TRUE,TRUE
"formula",167,"reverse_equal","C",TRUE,FALSE,TRUE,TRUE
"formula",167,"reflexivity","C",TRUE,TRUE,TRUE,TRUE
"formula",167,"unequal_control","C",FALSE,FALSE,FALSE,FALSE
"formula",168,"forward_equal","C",TRUE,FALSE,TRUE,TRUE
"formula",168,"reverse_equal","C",TRUE,FALSE,TRUE,TRUE
"formula",168,"reflexivity","C",TRUE,TRUE,TRUE,TRUE
"formula",168,"unequal_control","C",FALSE,FALSE,FALSE,FALSE
"formula",169,"forward_equal","C",TRUE,FALSE,TRUE,TRUE
"formula",169,"reverse_equal","C",TRUE,FALSE,TRUE,TRUE
"formula",169,"reflexivity","C",TRUE,TRUE,TRUE,TRUE
"formula",169,"unequal_control","C",FALSE,FALSE,FALSE,FALSE
"formula",170,"forward_equal","C",TRUE,FALSE,TRUE,TRUE
"formula",170,"reverse_equal","C",TRUE,FALSE,TRUE,TRUE
"formula",170,"reflexivity","C",TRUE,TRUE,TRUE,TRUE
"formula",170,"unequal_control","C",FALSE,FALSE,FALSE,FALSE
"formula",171,"forward_equal","C",TRUE,FALSE,TRUE,TRUE
"formula",171,"reverse_equal","C",TRUE,FALSE,TRUE,TRUE
"formula",171,"reflexivity","C",TRUE,TRUE,TRUE,TRUE
"formula",171,"unequal_control","C",FALSE,FALSE,FALSE,FALSE
"formula",172,"forward_equal","C",TRUE,FALSE,TRUE,TRUE
"formula",172,"reverse_equal","C",TRUE,FALSE,TRUE,TRUE
"formula",172,"reflexivity","C",TRUE,TRUE,TRUE,TRUE
"formula",172,"unequal_control","C",FALSE,FALSE,FALSE,FALSE
"formula",173,"forward_equal","C",TRUE,FALSE,TRUE,TRUE
"formula",173,"reverse_equal","C",TRUE,FALSE,TRUE,TRUE
"formula",173,"reflexivity","C",TRUE,TRUE,TRUE,TRUE
"formula",173,"unequal_control","C",FALSE,FALSE,FALSE,FALSE
"formula",174,"forward_equal","C",TRUE,FALSE,TRUE,TRUE
"formula",174,"reverse_equal","C",TRUE,FALSE,TRUE,TRUE
"formula",174,"reflexivity","C",TRUE,TRUE,TRUE,TRUE
"formula",174,"unequal_control","C",FALSE,FALSE,FALSE,FALSE
"formula",175,"forward_equal","C",TRUE,FALSE,TRUE,TRUE
"formula",175,"reverse_equal","C",TRUE,FALSE,TRUE,TRUE
"formula",175,"reflexivity","C",TRUE,TRUE,TRUE,TRUE
"formula",175,"unequal_control","C",FALSE,FALSE,FALSE,FALSE
"formula",176,"forward_equal","C",TRUE,FALSE,TRUE,TRUE
"formula",176,"reverse_equal","C",TRUE,FALSE,TRUE,TRUE
"formula",176,"reflexivity","C",TRUE,TRUE,TRUE,TRUE
"formula",176,"unequal_control","C",FALSE,FALSE,FALSE,FALSE
"formula",177,"forward_equal","C",TRUE,FALSE,TRUE,TRUE
"formula",177,"reverse_equal","C",TRUE,FALSE,TRUE,TRUE
"formula",177,"reflexivity","C",TRUE,TRUE,TRUE,TRUE
"formula",177,"unequal_control","C",FALSE,FALSE,FALSE,FALSE
"formula",178,"forward_equal","C",TRUE,FALSE,TRUE,TRUE
"formula",178,"reverse_equal","C",TRUE,FALSE,TRUE,TRUE
"formula",178,"reflexivity","C",TRUE,TRUE,TRUE,TRUE
"formula",178,"unequal_control","C",FALSE,FALSE,FALSE,FALSE
"formula",179,"forward_equal","C",TRUE,FALSE,TRUE,TRUE
"formula",179,"reverse_equal","C",TRUE,FALSE,TRUE,TRUE
"formula",179,"reflexivity","C",TRUE,TRUE,TRUE,TRUE
"formula",179,"unequal_control","C",FALSE,FALSE,FALSE,FALSE
"formula",180,"forward_equal","C",TRUE,FALSE,TRUE,TRUE
"formula",180,"reverse_equal","C",TRUE,FALSE,TRUE,TRUE
"formula",180,"reflexivity","C",TRUE,TRUE,TRUE,TRUE
"formula",180,"unequal_control","C",FALSE,FALSE,FALSE,FALSE
"formula",181,"forward_equal","C",TRUE,TRUE,TRUE,TRUE
"formula",181,"reverse_equal","C",TRUE,TRUE,TRUE,TRUE
"formula",181,"reflexivity","C",TRUE,TRUE,TRUE,TRUE
"formula",181,"unequal_control","C",FALSE,FALSE,FALSE,FALSE
"formula",182,"forward_equal","C",TRUE,TRUE,TRUE,TRUE
"formula",182,"reverse_equal","C",TRUE,TRUE,TRUE,TRUE
"formula",182,"reflexivity","C",TRUE,TRUE,TRUE,TRUE
"formula",182,"unequal_control","C",FALSE,FALSE,FALSE,FALSE
"formula",183,"forward_equal","C",TRUE,TRUE,TRUE,TRUE
"formula",183,"reverse_equal","C",TRUE,TRUE,TRUE,TRUE
"formula",183,"reflexivity","C",TRUE,TRUE,TRUE,TRUE
"formula",183,"unequal_control","C",FALSE,FALSE,FALSE,FALSE
"formula",184,"forward_equal","C",TRUE,TRUE,TRUE,TRUE
"formula",184,"reverse_equal","C",TRUE,TRUE,TRUE,TRUE
"formula",184,"reflexivity","C",TRUE,TRUE,TRUE,TRUE
"formula",184,"unequal_control","C",FALSE,FALSE,FALSE,FALSE
"formula",185,"forward_equal","C",TRUE,TRUE,TRUE,TRUE
"formula",185,"reverse_equal","C",TRUE,TRUE,TRUE,TRUE
"formula",185,"reflexivity","C",TRUE,TRUE,TRUE,TRUE
"formula",185,"unequal_control","C",FALSE,FALSE,FALSE,FALSE
"formula",186,"forward_equal","C",TRUE,TRUE,TRUE,TRUE
"formula",186,"reverse_equal","C",TRUE,TRUE,TRUE,TRUE
"formula",186,"reflexivity","C",TRUE,TRUE,TRUE,TRUE
"formula",186,"unequal_control","C",FALSE,FALSE,FALSE,FALSE
"formula",187,"forward_equal","C",TRUE,TRUE,TRUE,TRUE
"formula",187,"reverse_equal","C",TRUE,TRUE,TRUE,TRUE
"formula",187,"reflexivity","C",TRUE,TRUE,TRUE,TRUE
"formula",187,"unequal_control","C",FALSE,FALSE,FALSE,FALSE
"formula",188,"forward_equal","C",TRUE,TRUE,TRUE,TRUE
"formula",188,"reverse_equal","C",TRUE,TRUE,TRUE,TRUE
"formula",188,"reflexivity","C",TRUE,TRUE,TRUE,TRUE
"formula",188,"unequal_control","C",FALSE,FALSE,FALSE,FALSE
"formula",189,"forward_equal","C",TRUE,TRUE,TRUE,TRUE
"formula",189,"reverse_equal","C",TRUE,TRUE,TRUE,TRUE
"formula",189,"reflexivity","C",TRUE,TRUE,TRUE,TRUE
"formula",189,"unequal_control","C",FALSE,FALSE,FALSE,FALSE
"formula",190,"forward_equal","C",TRUE,TRUE,TRUE,TRUE
"formula",190,"reverse_equal","C",TRUE,TRUE,TRUE,TRUE
"formula",190,"reflexivity","C",TRUE,TRUE,TRUE,TRUE
"formula",190,"unequal_control","C",FALSE,FALSE,FALSE,FALSE
"formula",191,"forward_equal","C",TRUE,TRUE,TRUE,TRUE
"formula",191,"reverse_equal","C",TRUE,TRUE,TRUE,TRUE
"formula",191,"reflexivity","C",TRUE,TRUE,TRUE,TRUE
"formula",191,"unequal_control","C",FALSE,FALSE,FALSE,FALSE
"formula",192,"forward_equal","C",TRUE,TRUE,TRUE,TRUE
"formula",192,"reverse_equal","C",TRUE,TRUE,TRUE,TRUE
"formula",192,"reflexivity","C",TRUE,TRUE,TRUE,TRUE
"formula",192,"unequal_control","C",FALSE,FALSE,FALSE,FALSE
"formula",193,"forward_equal","C",TRUE,TRUE,TRUE,TRUE
"formula",193,"reverse_equal","C",TRUE,TRUE,TRUE,TRUE
"formula",193,"reflexivity","C",TRUE,TRUE,TRUE,TRUE
"formula",193,"unequal_control","C",FALSE,FALSE,FALSE,FALSE
"formula",194,"forward_equal","C",TRUE,TRUE,TRUE,TRUE
"formula",194,"reverse_equal","C",TRUE,TRUE,TRUE,TRUE
"formula",194,"reflexivity","C",TRUE,TRUE,TRUE,TRUE
"formula",194,"unequal_control","C",FALSE,FALSE,FALSE,FALSE
"formula",195,"forward_equal","C",TRUE,TRUE,TRUE,TRUE
"formula",195,"reverse_equal","C",TRUE,TRUE,TRUE,TRUE
"formula",195,"reflexivity","C",TRUE,TRUE,TRUE,TRUE
"formula",195,"unequal_control","C",FALSE,FALSE,FALSE,FALSE
"formula",196,"forward_equal","C",TRUE,TRUE,TRUE,TRUE
"formula",196,"reverse_equal","C",TRUE,TRUE,TRUE,TRUE
"formula",196,"reflexivity","C",TRUE,TRUE,TRUE,TRUE
"formula",196,"unequal_control","C",FALSE,FALSE,FALSE,FALSE
"formula",197,"forward_equal","C",TRUE,TRUE,TRUE,TRUE
"formula",197,"reverse_equal","C",TRUE,TRUE,TRUE,TRUE
"formula",197,"reflexivity","C",TRUE,TRUE,TRUE,TRUE
"formula",197,"unequal_control","C",FALSE,FALSE,FALSE,FALSE
"formula",198,"forward_equal","C",TRUE,TRUE,TRUE,TRUE
"formula",198,"reverse_equal","C",TRUE,TRUE,TRUE,TRUE
"formula",198,"reflexivity","C",TRUE,TRUE,TRUE,TRUE
"formula",198,"unequal_control","C",FALSE,FALSE,FALSE,FALSE
"formula",199,"forward_equal","C",TRUE,TRUE,TRUE,TRUE
"formula",199,"reverse_equal","C",TRUE,TRUE,TRUE,TRUE
"formula",199,"reflexivity","C",TRUE,TRUE,TRUE,TRUE
"formula",199,"unequal_control","C",FALSE,FALSE,FALSE,FALSE
"formula",200,"forward_equal","C",TRUE,TRUE,TRUE,TRUE
"formula",200,"reverse_equal","C",TRUE,TRUE,TRUE,TRUE
"formula",200,"reflexivity","C",TRUE,TRUE,TRUE,TRUE
"formula",200,"unequal_control","C",FALSE,FALSE,FALSE,FALSE
"formula",201,"forward_equal","C",TRUE,TRUE,TRUE,TRUE
"formula",201,"reverse_equal","C",TRUE,TRUE,TRUE,TRUE
"formula",201,"reflexivity","C",TRUE,TRUE,TRUE,TRUE
"formula",201,"unequal_control","C",FALSE,FALSE,FALSE,FALSE
"formula",202,"forward_equal","C",TRUE,TRUE,TRUE,TRUE
"formula",202,"reverse_equal","C",TRUE,TRUE,TRUE,TRUE
"formula",202,"reflexivity","C",TRUE,TRUE,TRUE,TRUE
"formula",202,"unequal_control","C",FALSE,FALSE,FALSE,FALSE
"formula",203,"forward_equal","C",TRUE,TRUE,TRUE,TRUE
"formula",203,"reverse_equal","C",TRUE,TRUE,TRUE,TRUE
"formula",203,"reflexivity","C",TRUE,TRUE,TRUE,TRUE
"formula",203,"unequal_control","C",FALSE,FALSE,FALSE,FALSE
"formula",204,"forward_equal","C",TRUE,TRUE,TRUE,TRUE
"formula",204,"reverse_equal","C",TRUE,TRUE,TRUE,TRUE
"formula",204,"reflexivity","C",TRUE,TRUE,TRUE,TRUE
"formula",204,"unequal_control","C",FALSE,FALSE,FALSE,FALSE
"formula",205,"forward_equal","C",TRUE,TRUE,TRUE,TRUE
"formula",205,"reverse_equal","C",TRUE,TRUE,TRUE,TRUE
"formula",205,"reflexivity","C",TRUE,TRUE,TRUE,TRUE
"formula",205,"unequal_control","C",FALSE,FALSE,FALSE,FALSE
"formula",206,"forward_equal","C",TRUE,TRUE,TRUE,TRUE
"formula",206,"reverse_equal","C",TRUE,TRUE,TRUE,TRUE
"formula",206,"reflexivity","C",TRUE,TRUE,TRUE,TRUE
"formula",206,"unequal_control","C",FALSE,FALSE,FALSE,FALSE
"formula",207,"forward_equal","C",TRUE,TRUE,TRUE,TRUE
"formula",207,"reverse_equal","C",TRUE,TRUE,TRUE,TRUE
"formula",207,"reflexivity","C",TRUE,TRUE,TRUE,TRUE
"formula",207,"unequal_control","C",FALSE,FALSE,FALSE,FALSE
"formula",208,"forward_equal","C",TRUE,TRUE,TRUE,TRUE
"formula",208,"reverse_equal","C",TRUE,TRUE,TRUE,TRUE
"formula",208,"reflexivity","C",TRUE,TRUE,TRUE,TRUE
"formula",208,"unequal_control","C",FALSE,FALSE,FALSE,FALSE
"formula",209,"forward_equal","C",TRUE,TRUE,TRUE,TRUE
"formula",209,"reverse_equal","C",TRUE,TRUE,TRUE,TRUE
"formula",209,"reflexivity","C",TRUE,TRUE,TRUE,TRUE
"formula",209,"unequal_control","C",FALSE,FALSE,FALSE,FALSE
"formula",210,"forward_equal","C",TRUE,TRUE,TRUE,TRUE
"formula",210,"reverse_equal","C",TRUE,TRUE,TRUE,TRUE
"formula",210,"reflexivity","C",TRUE,TRUE,TRUE,TRUE
"formula",210,"unequal_control","C",FALSE,FALSE,FALSE,FALSE
"formula",211,"forward_equal","C",TRUE,TRUE,TRUE,TRUE
"formula",211,"reverse_equal","C",TRUE,TRUE,TRUE,TRUE
"formula",211,"reflexivity","C",TRUE,TRUE,TRUE,TRUE
"formula",211,"unequal_control","C",FALSE,FALSE,FALSE,FALSE
"formula",212,"forward_equal","C",TRUE,TRUE,TRUE,TRUE
"formula",212,"reverse_equal","C",TRUE,TRUE,TRUE,TRUE
"formula",212,"reflexivity","C",TRUE,TRUE,TRUE,TRUE
"formula",212,"unequal_control","C",FALSE,FALSE,FALSE,FALSE
"formula",213,"forward_equal","C",TRUE,TRUE,TRUE,TRUE
"formula",213,"reverse_equal","C",TRUE,TRUE,TRUE,TRUE
"formula",213,"reflexivity","C",TRUE,TRUE,TRUE,TRUE
"formula",213,"unequal_control","C",FALSE,FALSE,FALSE,FALSE
"formula",214,"forward_equal","C",TRUE,TRUE,TRUE,TRUE
"formula",214,"reverse_equal","C",TRUE,TRUE,TRUE,TRUE
"formula",214,"reflexivity","C",TRUE,TRUE,TRUE,TRUE
"formula",214,"unequal_control","C",FALSE,FALSE,FALSE,FALSE
"formula",215,"forward_equal","C",TRUE,TRUE,TRUE,TRUE
"formula",215,"reverse_equal","C",TRUE,TRUE,TRUE,TRUE
"formula",215,"reflexivity","C",TRUE,TRUE,TRUE,TRUE
"formula",215,"unequal_control","C",FALSE,FALSE,FALSE,FALSE
"formula",216,"forward_equal","C",TRUE,TRUE,TRUE,TRUE
"formula",216,"reverse_equal","C",TRUE,TRUE,TRUE,TRUE
"formula",216,"reflexivity","C",TRUE,TRUE,TRUE,TRUE
"formula",216,"unequal_control","C",FALSE,FALSE,FALSE,FALSE
"formula",217,"forward_equal","C",TRUE,FALSE,TRUE,TRUE
"formula",217,"reverse_equal","C",TRUE,FALSE,TRUE,TRUE
"formula",217,"reflexivity","C",TRUE,TRUE,TRUE,TRUE
"formula",217,"unequal_control","C",FALSE,FALSE,FALSE,FALSE
"formula",218,"forward_equal","C",TRUE,FALSE,TRUE,TRUE
"formula",218,"reverse_equal","C",TRUE,FALSE,TRUE,TRUE
"formula",218,"reflexivity","C",TRUE,TRUE,TRUE,TRUE
"formula",218,"unequal_control","C",FALSE,FALSE,FALSE,FALSE
"formula",219,"forward_equal","C",TRUE,FALSE,TRUE,TRUE
"formula",219,"reverse_equal","C",TRUE,FALSE,TRUE,TRUE
"formula",219,"reflexivity","C",TRUE,TRUE,TRUE,TRUE
"formula",219,"unequal_control","C",FALSE,FALSE,FALSE,FALSE
"formula",220,"forward_equal","C",TRUE,FALSE,TRUE,TRUE
"formula",220,"reverse_equal","C",TRUE,FALSE,TRUE,TRUE
"formula",220,"reflexivity","C",TRUE,TRUE,TRUE,TRUE
"formula",220,"unequal_control","C",FALSE,FALSE,FALSE,FALSE
"formula",221,"forward_equal","C",TRUE,FALSE,TRUE,TRUE
"formula",221,"reverse_equal","C",TRUE,FALSE,TRUE,TRUE
"formula",221,"reflexivity","C",TRUE,TRUE,TRUE,TRUE
"formula",221,"unequal_control","C",FALSE,FALSE,FALSE,FALSE
"formula",222,"forward_equal","C",TRUE,FALSE,TRUE,TRUE
"formula",222,"reverse_equal","C",TRUE,FALSE,TRUE,TRUE
"formula",222,"reflexivity","C",TRUE,TRUE,TRUE,TRUE
"formula",222,"unequal_control","C",FALSE,FALSE,FALSE,FALSE
"formula",223,"forward_equal","C",TRUE,FALSE,TRUE,TRUE
"formula",223,"reverse_equal","C",TRUE,FALSE,TRUE,TRUE
"formula",223,"reflexivity","C",TRUE,TRUE,TRUE,TRUE
"formula",223,"unequal_control","C",FALSE,FALSE,FALSE,FALSE
"formula",224,"forward_equal","C",TRUE,FALSE,TRUE,TRUE
"formula",224,"reverse_equal","C",TRUE,FALSE,TRUE,TRUE
"formula",224,"reflexivity","C",TRUE,TRUE,TRUE,TRUE
"formula",224,"unequal_control","C",FALSE,FALSE,FALSE,FALSE
"formula",225,"forward_equal","C",TRUE,FALSE,TRUE,TRUE
"formula",225,"reverse_equal","C",TRUE,FALSE,TRUE,TRUE
"formula",225,"reflexivity","C",TRUE,TRUE,TRUE,TRUE
"formula",225,"unequal_control","C",FALSE,FALSE,FALSE,FALSE
"formula",226,"forward_equal","C",TRUE,FALSE,TRUE,TRUE
"formula",226,"reverse_equal","C",TRUE,FALSE,TRUE,TRUE
"formula",226,"reflexivity","C",TRUE,TRUE,TRUE,TRUE
"formula",226,"unequal_control","C",FALSE,FALSE,FALSE,FALSE
"formula",227,"forward_equal","C",TRUE,FALSE,TRUE,TRUE
"formula",227,"reverse_equal","C",TRUE,FALSE,TRUE,TRUE
"formula",227,"reflexivity","C",TRUE,TRUE,TRUE,TRUE
"formula",227,"unequal_control","C",FALSE,FALSE,FALSE,FALSE
"formula",228,"forward_equal","C",TRUE,FALSE,TRUE,TRUE
"formula",228,"reverse_equal","C",TRUE,FALSE,TRUE,TRUE
"formula",228,"reflexivity","C",TRUE,TRUE,TRUE,TRUE
"formula",228,"unequal_control","C",FALSE,FALSE,FALSE,FALSE
"formula",229,"forward_equal","C",TRUE,FALSE,TRUE,TRUE
"formula",229,"reverse_equal","C",TRUE,FALSE,TRUE,TRUE
"formula",229,"reflexivity","C",TRUE,TRUE,TRUE,TRUE
"formula",229,"unequal_control","C",FALSE,FALSE,FALSE,FALSE
"formula",230,"forward_equal","C",TRUE,FALSE,TRUE,TRUE
"formula",230,"reverse_equal","C",TRUE,FALSE,TRUE,TRUE
"formula",230,"reflexivity","C",TRUE,TRUE,TRUE,TRUE
"formula",230,"unequal_control","C",FALSE,FALSE,FALSE,FALSE
"formula",231,"forward_equal","C",TRUE,FALSE,TRUE,TRUE
"formula",231,"reverse_equal","C",TRUE,FALSE,TRUE,TRUE
"formula",231,"reflexivity","C",TRUE,TRUE,TRUE,TRUE
"formula",231,"unequal_control","C",FALSE,FALSE,FALSE,FALSE
"formula",232,"forward_equal","C",TRUE,FALSE,TRUE,TRUE
"formula",232,"reverse_equal","C",TRUE,FALSE,TRUE,TRUE
"formula",232,"reflexivity","C",TRUE,TRUE,TRUE,TRUE
"formula",232,"unequal_control","C",FALSE,FALSE,FALSE,FALSE
"formula",233,"forward_equal","C",TRUE,FALSE,TRUE,TRUE
"formula",233,"reverse_equal","C",TRUE,FALSE,TRUE,TRUE
"formula",233,"reflexivity","C",TRUE,TRUE,TRUE,TRUE
"formula",233,"unequal_control","C",FALSE,FALSE,FALSE,FALSE
"formula",234,"forward_equal","C",TRUE,FALSE,TRUE,TRUE
"formula",234,"reverse_equal","C",TRUE,FALSE,TRUE,TRUE
"formula",234,"reflexivity","C",TRUE,TRUE,TRUE,TRUE
"formula",234,"unequal_control","C",FALSE,FALSE,FALSE,FALSE
"formula",235,"forward_equal","C",TRUE,FALSE,TRUE,TRUE
"formula",235,"reverse_equal","C",TRUE,FALSE,TRUE,TRUE
"formula",235,"reflexivity","C",TRUE,TRUE,TRUE,TRUE
"formula",235,"unequal_control","C",FALSE,FALSE,FALSE,FALSE
"formula",236,"forward_equal","C",TRUE,FALSE,TRUE,TRUE
"formula",236,"reverse_equal","C",TRUE,FALSE,TRUE,TRUE
"formula",236,"reflexivity","C",TRUE,TRUE,TRUE,TRUE
"formula",236,"unequal_control","C",FALSE,FALSE,FALSE,FALSE
"formula",237,"forward_equal","C",TRUE,FALSE,TRUE,TRUE
"formula",237,"reverse_equal","C",TRUE,FALSE,TRUE,TRUE
"formula",237,"reflexivity","C",TRUE,TRUE,TRUE,TRUE
"formula",237,"unequal_control","C",FALSE,FALSE,FALSE,FALSE
"formula",238,"forward_equal","C",TRUE,FALSE,TRUE,TRUE
"formula",238,"reverse_equal","C",TRUE,FALSE,TRUE,TRUE
"formula",238,"reflexivity","C",TRUE,TRUE,TRUE,TRUE
"formula",238,"unequal_control","C",FALSE,FALSE,FALSE,FALSE
"formula",239,"forward_equal","C",TRUE,FALSE,TRUE,TRUE
"formula",239,"reverse_equal","C",TRUE,FALSE,TRUE,TRUE
"formula",239,"reflexivity","C",TRUE,TRUE,TRUE,TRUE
"formula",239,"unequal_control","C",FALSE,FALSE,FALSE,FALSE
"formula",240,"forward_equal","C",TRUE,FALSE,TRUE,TRUE
"formula",240,"reverse_equal","C",TRUE,FALSE,TRUE,TRUE
"formula",240,"reflexivity","C",TRUE,TRUE,TRUE,TRUE
"formula",240,"unequal_control","C",FALSE,FALSE,FALSE,FALSE
"formula",241,"forward_equal","C",TRUE,FALSE,TRUE,TRUE
"formula",241,"reverse_equal","C",TRUE,FALSE,TRUE,TRUE
"formula",241,"reflexivity","C",TRUE,TRUE,TRUE,TRUE
"formula",241,"unequal_control","C",FALSE,FALSE,FALSE,FALSE
"formula",242,"forward_equal","C",TRUE,FALSE,TRUE,TRUE
"formula",242,"reverse_equal","C",TRUE,FALSE,TRUE,TRUE
"formula",242,"reflexivity","C",TRUE,TRUE,TRUE,TRUE
"formula",242,"unequal_control","C",FALSE,FALSE,FALSE,FALSE
"formula",243,"forward_equal","C",TRUE,FALSE,TRUE,TRUE
"formula",243,"reverse_equal","C",TRUE,FALSE,TRUE,TRUE
"formula",243,"reflexivity","C",TRUE,TRUE,TRUE,TRUE
"formula",243,"unequal_control","C",FALSE,FALSE,FALSE,FALSE
"formula",244,"forward_equal","C",TRUE,FALSE,TRUE,TRUE
"formula",244,"reverse_equal","C",TRUE,FALSE,TRUE,TRUE
"formula",244,"reflexivity","C",TRUE,TRUE,TRUE,TRUE
"formula",244,"unequal_control","C",FALSE,FALSE,FALSE,FALSE
"formula",245,"forward_equal","C",TRUE,FALSE,TRUE,TRUE
"formula",245,"reverse_equal","C",TRUE,FALSE,TRUE,TRUE
"formula",245,"reflexivity","C",TRUE,TRUE,TRUE,TRUE
"formula",245,"unequal_control","C",FALSE,FALSE,FALSE,FALSE
"formula",246,"forward_equal","C",TRUE,FALSE,TRUE,TRUE
"formula",246,"reverse_equal","C",TRUE,FALSE,TRUE,TRUE
"formula",246,"reflexivity","C",TRUE,TRUE,TRUE,TRUE
"formula",246,"unequal_control","C",FALSE,FALSE,FALSE,FALSE
"formula",247,"forward_equal","C",TRUE,FALSE,TRUE,TRUE
"formula",247,"reverse_equal","C",TRUE,FALSE,TRUE,TRUE
"formula",247,"reflexivity","C",TRUE,TRUE,TRUE,TRUE
"formula",247,"unequal_control","C",FALSE,FALSE,FALSE,FALSE
"formula",248,"forward_equal","C",TRUE,FALSE,TRUE,TRUE
"formula",248,"reverse_equal","C",TRUE,FALSE,TRUE,TRUE
"formula",248,"reflexivity","C",TRUE,TRUE,TRUE,TRUE
"formula",248,"unequal_control","C",FALSE,FALSE,FALSE,FALSE
"formula",249,"forward_equal","C",TRUE,FALSE,TRUE,TRUE
"formula",249,"reverse_equal","C",TRUE,FALSE,TRUE,TRUE
"formula",249,"reflexivity","C",TRUE,TRUE,TRUE,TRUE
"formula",249,"unequal_control","C",FALSE,FALSE,FALSE,FALSE
"formula",250,"forward_equal","C",TRUE,FALSE,TRUE,TRUE
"formula",250,"reverse_equal","C",TRUE,FALSE,TRUE,TRUE
"formula",250,"reflexivity","C",TRUE,TRUE,TRUE,TRUE
"formula",250,"unequal_control","C",FALSE,FALSE,FALSE,FALSE
"formula",251,"forward_equal","C",TRUE,FALSE,TRUE,TRUE
"formula",251,"reverse_equal","C",TRUE,FALSE,TRUE,TRUE
"formula",251,"reflexivity","C",TRUE,TRUE,TRUE,TRUE
"formula",251,"unequal_control","C",FALSE,FALSE,FALSE,FALSE
"formula",252,"forward_equal","C",TRUE,FALSE,TRUE,TRUE
"formula",252,"reverse_equal","C",TRUE,FALSE,TRUE,TRUE
"formula",252,"reflexivity","C",TRUE,TRUE,TRUE,TRUE
"formula",252,"unequal_control","C",FALSE,FALSE,FALSE,FALSE
"formula",253,"forward_equal","C",TRUE,FALSE,TRUE,TRUE
"formula",253,"reverse_equal","C",TRUE,FALSE,TRUE,TRUE
"formula",253,"reflexivity","C",TRUE,TRUE,TRUE,TRUE
"formula",253,"unequal_control","C",FALSE,FALSE,FALSE,FALSE
"formula",254,"forward_equal","C",TRUE,FALSE,TRUE,TRUE
"formula",254,"reverse_equal","C",TRUE,FALSE,TRUE,TRUE
"formula",254,"reflexivity","C",TRUE,TRUE,TRUE,TRUE
"formula",254,"unequal_control","C",FALSE,FALSE,FALSE,FALSE
"formula",255,"forward_equal","C",TRUE,FALSE,TRUE,TRUE
"formula",255,"reverse_equal","C",TRUE,FALSE,TRUE,TRUE
"formula",255,"reflexivity","C",TRUE,TRUE,TRUE,TRUE
"formula",255,"unequal_control","C",FALSE,FALSE,FALSE,FALSE
"formula",256,"forward_equal","C",TRUE,FALSE,TRUE,TRUE
"formula",256,"reverse_equal","C",TRUE,FALSE,TRUE,TRUE
"formula",256,"reflexivity","C",TRUE,TRUE,TRUE,TRUE
"formula",256,"unequal_control","C",FALSE,FALSE,FALSE,FALSE
"formula",257,"forward_equal","C",TRUE,FALSE,TRUE,TRUE
"formula",257,"reverse_equal","C",TRUE,FALSE,TRUE,TRUE
"formula",257,"reflexivity","C",TRUE,TRUE,TRUE,TRUE
"formula",257,"unequal_control","C",FALSE,FALSE,FALSE,FALSE
"formula",258,"forward_equal","C",TRUE,FALSE,TRUE,TRUE
"formula",258,"reverse_equal","C",TRUE,FALSE,TRUE,TRUE
"formula",258,"reflexivity","C",TRUE,TRUE,TRUE,TRUE
"formula",258,"unequal_control","C",FALSE,FALSE,FALSE,FALSE
"formula",259,"forward_equal","C",TRUE,FALSE,TRUE,TRUE
"formula",259,"reverse_equal","C",TRUE,FALSE,TRUE,TRUE
"formula",259,"reflexivity","C",TRUE,TRUE,TRUE,TRUE
"formula",259,"unequal_control","C",FALSE,FALSE,FALSE,FALSE
"formula",260,"forward_equal","C",TRUE,FALSE,TRUE,TRUE
"formula",260,"reverse_equal","C",TRUE,FALSE,TRUE,TRUE
"formula",260,"reflexivity","C",TRUE,TRUE,TRUE,TRUE
"formula",260,"unequal_control","C",FALSE,FALSE,FALSE,FALSE
"formula",261,"forward_equal","C",TRUE,FALSE,TRUE,TRUE
"formula",261,"reverse_equal","C",TRUE,FALSE,TRUE,TRUE
"formula",261,"reflexivity","C",TRUE,TRUE,TRUE,TRUE
"formula",261,"unequal_control","C",FALSE,FALSE,FALSE,FALSE
"formula",262,"forward_equal","C",TRUE,FALSE,TRUE,TRUE
"formula",262,"reverse_equal","C",TRUE,FALSE,TRUE,TRUE
"formula",262,"reflexivity","C",TRUE,TRUE,TRUE,TRUE
"formula",262,"unequal_control","C",FALSE,FALSE,FALSE,FALSE
"formula",263,"forward_equal","C",TRUE,FALSE,TRUE,TRUE
"formula",263,"reverse_equal","C",TRUE,FALSE,TRUE,TRUE
"formula",263,"reflexivity","C",TRUE,TRUE,TRUE,TRUE
"formula",263,"unequal_control","C",FALSE,FALSE,FALSE,FALSE
"formula",264,"forward_equal","C",TRUE,FALSE,TRUE,TRUE
"formula",264,"reverse_equal","C",TRUE,FALSE,TRUE,TRUE
"formula",264,"reflexivity","C",TRUE,TRUE,TRUE,TRUE
"formula",264,"unequal_control","C",FALSE,FALSE,FALSE,FALSE
"formula",265,"forward_equal","C",TRUE,FALSE,TRUE,TRUE
"formula",265,"reverse_equal","C",TRUE,FALSE,TRUE,TRUE
"formula",265,"reflexivity","C",TRUE,TRUE,TRUE,TRUE
"formula",265,"unequal_control","C",FALSE,FALSE,FALSE,FALSE
"formula",266,"forward_equal","C",TRUE,FALSE,TRUE,TRUE
"formula",266,"reverse_equal","C",TRUE,FALSE,TRUE,TRUE
"formula",266,"reflexivity","C",TRUE,TRUE,TRUE,TRUE
"formula",266,"unequal_control","C",FALSE,FALSE,FALSE,FALSE
"formula",267,"forward_equal","C",TRUE,FALSE,TRUE,TRUE
"formula",267,"reverse_equal","C",TRUE,FALSE,TRUE,TRUE
"formula",267,"reflexivity","C",TRUE,TRUE,TRUE,TRUE
"formula",267,"unequal_control","C",FALSE,FALSE,FALSE,FALSE
"formula",268,"forward_equal","C",TRUE,FALSE,TRUE,TRUE
"formula",268,"reverse_equal","C",TRUE,FALSE,TRUE,TRUE
"formula",268,"reflexivity","C",TRUE,TRUE,TRUE,TRUE
"formula",268,"unequal_control","C",FALSE,FALSE,FALSE,FALSE
"formula",269,"forward_equal","C",TRUE,FALSE,TRUE,TRUE
"formula",269,"reverse_equal","C",TRUE,FALSE,TRUE,TRUE
"formula",269,"reflexivity","C",TRUE,TRUE,TRUE,TRUE
"formula",269,"unequal_control","C",FALSE,FALSE,FALSE,FALSE
"formula",270,"forward_equal","C",TRUE,FALSE,TRUE,TRUE
"formula",270,"reverse_equal","C",TRUE,FALSE,TRUE,TRUE
"formula",270,"reflexivity","C",TRUE,TRUE,TRUE,TRUE
"formula",270,"unequal_control","C",FALSE,FALSE,FALSE,FALSE
"formula",271,"forward_equal","C",TRUE,FALSE,TRUE,TRUE
"formula",271,"reverse_equal","C",TRUE,FALSE,TRUE,TRUE
"formula",271,"reflexivity","C",TRUE,TRUE,TRUE,TRUE
"formula",271,"unequal_control","C",FALSE,FALSE,FALSE,FALSE
"formula",272,"forward_equal","C",TRUE,FALSE,TRUE,TRUE
"formula",272,"reverse_equal","C",TRUE,FALSE,TRUE,TRUE
"formula",272,"reflexivity","C",TRUE,TRUE,TRUE,TRUE
"formula",272,"unequal_control","C",FALSE,FALSE,FALSE,FALSE
"formula",273,"forward_equal","C",TRUE,FALSE,TRUE,TRUE
"formula",273,"reverse_equal","C",TRUE,FALSE,TRUE,TRUE
"formula",273,"reflexivity","C",TRUE,TRUE,TRUE,TRUE
"formula",273,"unequal_control","C",FALSE,FALSE,FALSE,FALSE
"formula",274,"forward_equal","C",TRUE,FALSE,TRUE,TRUE
"formula",274,"reverse_equal","C",TRUE,FALSE,TRUE,TRUE
"formula",274,"reflexivity","C",TRUE,TRUE,TRUE,TRUE
"formula",274,"unequal_control","C",FALSE,FALSE,FALSE,FALSE
"formula",275,"forward_equal","C",TRUE,FALSE,TRUE,TRUE
"formula",275,"reverse_equal","C",TRUE,FALSE,TRUE,TRUE
"formula",275,"reflexivity","C",TRUE,TRUE,TRUE,TRUE
"formula",275,"unequal_control","C",FALSE,FALSE,FALSE,FALSE
"formula",276,"forward_equal","C",TRUE,FALSE,TRUE,TRUE
"formula",276,"reverse_equal","C",TRUE,FALSE,TRUE,TRUE
"formula",276,"reflexivity","C",TRUE,TRUE,TRUE,TRUE
"formula",276,"unequal_control","C",FALSE,FALSE,FALSE,FALSE
"formula",277,"forward_equal","C",TRUE,FALSE,TRUE,TRUE
"formula",277,"reverse_equal","C",TRUE,FALSE,TRUE,TRUE
"formula",277,"reflexivity","C",TRUE,TRUE,TRUE,TRUE
"formula",277,"unequal_control","C",FALSE,FALSE,FALSE,FALSE
"formula",278,"forward_equal","C",TRUE,FALSE,TRUE,TRUE
"formula",278,"reverse_equal","C",TRUE,FALSE,TRUE,TRUE
"formula",278,"reflexivity","C",TRUE,TRUE,TRUE,TRUE
"formula",278,"unequal_control","C",FALSE,FALSE,FALSE,FALSE
"formula",279,"forward_equal","C",TRUE,FALSE,TRUE,TRUE
"formula",279,"reverse_equal","C",TRUE,FALSE,TRUE,TRUE
"formula",279,"reflexivity","C",TRUE,TRUE,TRUE,TRUE
"formula",279,"unequal_control","C",FALSE,FALSE,FALSE,FALSE
"formula",280,"forward_equal","C",TRUE,FALSE,TRUE,TRUE
"formula",280,"reverse_equal","C",TRUE,FALSE,TRUE,TRUE
"formula",280,"reflexivity","C",TRUE,TRUE,TRUE,TRUE
"formula",280,"unequal_control","C",FALSE,FALSE,FALSE,FALSE
"formula",281,"forward_equal","C",TRUE,FALSE,TRUE,TRUE
"formula",281,"reverse_equal","C",TRUE,FALSE,TRUE,TRUE
"formula",281,"reflexivity","C",TRUE,TRUE,TRUE,TRUE
"formula",281,"unequal_control","C",FALSE,FALSE,FALSE,FALSE
"formula",282,"forward_equal","C",TRUE,FALSE,TRUE,TRUE
"formula",282,"reverse_equal","C",TRUE,FALSE,TRUE,TRUE
"formula",282,"reflexivity","C",TRUE,TRUE,TRUE,TRUE
"formula",282,"unequal_control","C",FALSE,FALSE,FALSE,FALSE
"formula",283,"forward_equal","C",TRUE,FALSE,TRUE,TRUE
"formula",283,"reverse_equal","C",TRUE,FALSE,TRUE,TRUE
"formula",283,"reflexivity","C",TRUE,TRUE,TRUE,TRUE
"formula",283,"unequal_control","C",FALSE,FALSE,FALSE,FALSE
"formula",284,"forward_equal","C",TRUE,FALSE,TRUE,TRUE
"formula",284,"reverse_equal","C",TRUE,FALSE,TRUE,TRUE
"formula",284,"reflexivity","C",TRUE,TRUE,TRUE,TRUE
"formula",284,"unequal_control","C",FALSE,FALSE,FALSE,FALSE
"formula",285,"forward_equal","C",TRUE,FALSE,TRUE,TRUE
"formula",285,"reverse_equal","C",TRUE,FALSE,TRUE,TRUE
"formula",285,"reflexivity","C",TRUE,TRUE,TRUE,TRUE
"formula",285,"unequal_control","C",FALSE,FALSE,FALSE,FALSE
"formula",286,"forward_equal","C",TRUE,FALSE,TRUE,TRUE
"formula",286,"reverse_equal","C",TRUE,FALSE,TRUE,TRUE
"formula",286,"reflexivity","C",TRUE,TRUE,TRUE,TRUE
"formula",286,"unequal_control","C",FALSE,FALSE,FALSE,FALSE
"formula",287,"forward_equal","C",TRUE,FALSE,TRUE,TRUE
"formula",287,"reverse_equal","C",TRUE,FALSE,TRUE,TRUE
"formula",287,"reflexivity","C",TRUE,TRUE,TRUE,TRUE
"formula",287,"unequal_control","C",FALSE,FALSE,FALSE,FALSE
"formula",288,"forward_equal","C",TRUE,FALSE,TRUE,TRUE
"formula",288,"reverse_equal","C",TRUE,FALSE,TRUE,TRUE
"formula",288,"reflexivity","C",TRUE,TRUE,TRUE,TRUE
"formula",288,"unequal_control","C",FALSE,FALSE,FALSE,FALSE
"formula",289,"forward_equal","C",TRUE,FALSE,TRUE,TRUE
"formula",289,"reverse_equal","C",TRUE,FALSE,TRUE,TRUE
"formula",289,"reflexivity","C",TRUE,TRUE,TRUE,TRUE
"formula",289,"unequal_control","C",FALSE,FALSE,FALSE,FALSE
"formula",290,"forward_equal","C",TRUE,FALSE,TRUE,TRUE
"formula",290,"reverse_equal","C",TRUE,FALSE,TRUE,TRUE
"formula",290,"reflexivity","C",TRUE,TRUE,TRUE,TRUE
"formula",290,"unequal_control","C",FALSE,FALSE,FALSE,FALSE
"formula",291,"forward_equal","C",TRUE,FALSE,TRUE,TRUE
"formula",291,"reverse_equal","C",TRUE,FALSE,TRUE,TRUE
"formula",291,"reflexivity","C",TRUE,TRUE,TRUE,TRUE
"formula",291,"unequal_control","C",FALSE,FALSE,FALSE,FALSE
"formula",292,"forward_equal","C",TRUE,FALSE,TRUE,TRUE
"formula",292,"reverse_equal","C",TRUE,FALSE,TRUE,TRUE
"formula",292,"reflexivity","C",TRUE,TRUE,TRUE,TRUE
"formula",292,"unequal_control","C",FALSE,FALSE,FALSE,FALSE
"formula",293,"forward_equal","C",TRUE,FALSE,TRUE,TRUE
"formula",293,"reverse_equal","C",TRUE,FALSE,TRUE,TRUE
"formula",293,"reflexivity","C",TRUE,TRUE,TRUE,TRUE
"formula",293,"unequal_control","C",FALSE,FALSE,FALSE,FALSE
"formula",294,"forward_equal","C",TRUE,FALSE,TRUE,TRUE
"formula",294,"reverse_equal","C",TRUE,FALSE,TRUE,TRUE
"formula",294,"reflexivity","C",TRUE,TRUE,TRUE,TRUE
"formula",294,"unequal_control","C",FALSE,FALSE,FALSE,FALSE
"formula",295,"forward_equal","C",TRUE,FALSE,TRUE,TRUE
"formula",295,"reverse_equal","C",TRUE,FALSE,TRUE,TRUE
"formula",295,"reflexivity","C",TRUE,TRUE,TRUE,TRUE
"formula",295,"unequal_control","C",FALSE,FALSE,FALSE,FALSE
"formula",296,"forward_equal","C",TRUE,FALSE,TRUE,TRUE
"formula",296,"reverse_equal","C",TRUE,FALSE,TRUE,TRUE
"formula",296,"reflexivity","C",TRUE,TRUE,TRUE,TRUE
"formula",296,"unequal_control","C",FALSE,FALSE,FALSE,FALSE
"formula",297,"forward_equal","C",TRUE,FALSE,TRUE,TRUE
"formula",297,"reverse_equal","C",TRUE,FALSE,TRUE,TRUE
"formula",297,"reflexivity","C",TRUE,TRUE,TRUE,TRUE
"formula",297,"unequal_control","C",FALSE,FALSE,FALSE,FALSE
"formula",298,"forward_equal","C",TRUE,FALSE,TRUE,TRUE
"formula",298,"reverse_equal","C",TRUE,FALSE,TRUE,TRUE
"formula",298,"reflexivity","C",TRUE,TRUE,TRUE,TRUE
"formula",298,"unequal_control","C",FALSE,FALSE,FALSE,FALSE
"formula",299,"forward_equal","C",TRUE,FALSE,TRUE,TRUE
"formula",299,"reverse_equal","C",TRUE,FALSE,TRUE,TRUE
"formula",299,"reflexivity","C",TRUE,TRUE,TRUE,TRUE
"formula",299,"unequal_control","C",FALSE,FALSE,FALSE,FALSE
"formula",300,"forward_equal","C",TRUE,FALSE,TRUE,TRUE
"formula",300,"reverse_equal","C",TRUE,FALSE,TRUE,TRUE
"formula",300,"reflexivity","C",TRUE,TRUE,TRUE,TRUE
"formula",300,"unequal_control","C",FALSE,FALSE,FALSE,FALSE
"formula",301,"forward_equal","C",TRUE,FALSE,TRUE,TRUE
"formula",301,"reverse_equal","C",TRUE,FALSE,TRUE,TRUE
"formula",301,"reflexivity","C",TRUE,TRUE,TRUE,TRUE
"formula",301,"unequal_control","C",FALSE,FALSE,FALSE,FALSE
"formula",302,"forward_equal","C",TRUE,FALSE,TRUE,TRUE
"formula",302,"reverse_equal","C",TRUE,FALSE,TRUE,TRUE
"formula",302,"reflexivity","C",TRUE,TRUE,TRUE,TRUE
"formula",302,"unequal_control","C",FALSE,FALSE,FALSE,FALSE
"formula",303,"forward_equal","C",TRUE,FALSE,TRUE,TRUE
"formula",303,"reverse_equal","C",TRUE,FALSE,TRUE,TRUE
"formula",303,"reflexivity","C",TRUE,TRUE,TRUE,TRUE
"formula",303,"unequal_control","C",FALSE,FALSE,FALSE,FALSE
"formula",304,"forward_equal","C",TRUE,FALSE,TRUE,TRUE
"formula",304,"reverse_equal","C",TRUE,FALSE,TRUE,TRUE
"formula",304,"reflexivity","C",TRUE,TRUE,TRUE,TRUE
"formula",304,"unequal_control","C",FALSE,FALSE,FALSE,FALSE
"formula",305,"forward_equal","C",TRUE,FALSE,TRUE,TRUE
"formula",305,"reverse_equal","C",TRUE,FALSE,TRUE,TRUE
"formula",305,"reflexivity","C",TRUE,TRUE,TRUE,TRUE
"formula",305,"unequal_control","C",FALSE,FALSE,FALSE,FALSE
"formula",306,"forward_equal","C",TRUE,FALSE,TRUE,TRUE
"formula",306,"reverse_equal","C",TRUE,FALSE,TRUE,TRUE
"formula",306,"reflexivity","C",TRUE,TRUE,TRUE,TRUE
"formula",306,"unequal_control","C",FALSE,FALSE,FALSE,FALSE
"formula",307,"forward_equal","C",TRUE,FALSE,TRUE,TRUE
"formula",307,"reverse_equal","C",TRUE,FALSE,TRUE,TRUE
"formula",307,"reflexivity","C",TRUE,TRUE,TRUE,TRUE
"formula",307,"unequal_control","C",FALSE,FALSE,FALSE,FALSE
"formula",308,"forward_equal","C",TRUE,FALSE,TRUE,TRUE
"formula",308,"reverse_equal","C",TRUE,FALSE,TRUE,TRUE
"formula",308,"reflexivity","C",TRUE,TRUE,TRUE,TRUE
"formula",308,"unequal_control","C",FALSE,FALSE,FALSE,FALSE
"formula",309,"forward_equal","C",TRUE,FALSE,TRUE,TRUE
"formula",309,"reverse_equal","C",TRUE,FALSE,TRUE,TRUE
"formula",309,"reflexivity","C",TRUE,TRUE,TRUE,TRUE
"formula",309,"unequal_control","C",FALSE,FALSE,FALSE,FALSE
"formula",310,"forward_equal","C",TRUE,FALSE,TRUE,TRUE
"formula",310,"reverse_equal","C",TRUE,FALSE,TRUE,TRUE
"formula",310,"reflexivity","C",TRUE,TRUE,TRUE,TRUE
"formula",310,"unequal_control","C",FALSE,FALSE,FALSE,FALSE
"formula",311,"forward_equal","C",TRUE,FALSE,TRUE,TRUE
"formula",311,"reverse_equal","C",TRUE,FALSE,TRUE,TRUE
"formula",311,"reflexivity","C",TRUE,TRUE,TRUE,TRUE
"formula",311,"unequal_control","C",FALSE,FALSE,FALSE,FALSE
"formula",312,"forward_equal","C",TRUE,FALSE,TRUE,TRUE
"formula",312,"reverse_equal","C",TRUE,FALSE,TRUE,TRUE
"formula",312,"reflexivity","C",TRUE,TRUE,TRUE,TRUE
"formula",312,"unequal_control","C",FALSE,FALSE,FALSE,FALSE
"formula",313,"forward_equal","C",TRUE,FALSE,TRUE,TRUE
"formula",313,"reverse_equal","C",TRUE,FALSE,TRUE,TRUE
"formula",313,"reflexivity","C",TRUE,TRUE,TRUE,TRUE
"formula",313,"unequal_control","C",FALSE,FALSE,FALSE,FALSE
"formula",314,"forward_equal","C",TRUE,FALSE,TRUE,TRUE
"formula",314,"reverse_equal","C",TRUE,FALSE,TRUE,TRUE
"formula",314,"reflexivity","C",TRUE,TRUE,TRUE,TRUE
"formula",314,"unequal_control","C",FALSE,FALSE,FALSE,FALSE
"formula",315,"forward_equal","C",TRUE,FALSE,TRUE,TRUE
"formula",315,"reverse_equal","C",TRUE,FALSE,TRUE,TRUE
"formula",315,"reflexivity","C",TRUE,TRUE,TRUE,TRUE
"formula",315,"unequal_control","C",FALSE,FALSE,FALSE,FALSE
"formula",316,"forward_equal","C",TRUE,FALSE,TRUE,TRUE
"formula",316,"reverse_equal","C",TRUE,FALSE,TRUE,TRUE
"formula",316,"reflexivity","C",TRUE,TRUE,TRUE,TRUE
"formula",316,"unequal_control","C",FALSE,FALSE,FALSE,FALSE
"formula",317,"forward_equal","C",TRUE,FALSE,TRUE,TRUE
"formula",317,"reverse_equal","C",TRUE,FALSE,TRUE,TRUE
"formula",317,"reflexivity","C",TRUE,TRUE,TRUE,TRUE
"formula",317,"unequal_control","C",FALSE,FALSE,FALSE,FALSE
"formula",318,"forward_equal","C",TRUE,FALSE,TRUE,TRUE
"formula",318,"reverse_equal","C",TRUE,FALSE,TRUE,TRUE
"formula",318,"reflexivity","C",TRUE,TRUE,TRUE,TRUE
"formula",318,"unequal_control","C",FALSE,FALSE,FALSE,FALSE
"formula",319,"forward_equal","C",TRUE,FALSE,TRUE,TRUE
"formula",319,"reverse_equal","C",TRUE,FALSE,TRUE,TRUE
"formula",319,"reflexivity","C",TRUE,TRUE,TRUE,TRUE
"formula",319,"unequal_control","C",FALSE,FALSE,FALSE,FALSE
"formula",320,"forward_equal","C",TRUE,FALSE,TRUE,TRUE
"formula",320,"reverse_equal","C",TRUE,FALSE,TRUE,TRUE
"formula",320,"reflexivity","C",TRUE,TRUE,TRUE,TRUE
"formula",320,"unequal_control","C",FALSE,FALSE,FALSE,FALSE
"formula",321,"forward_equal","C",TRUE,FALSE,TRUE,TRUE
"formula",321,"reverse_equal","C",TRUE,FALSE,TRUE,TRUE
"formula",321,"reflexivity","C",TRUE,TRUE,TRUE,TRUE
"formula",321,"unequal_control","C",FALSE,FALSE,FALSE,FALSE
"formula",322,"forward_equal","C",TRUE,FALSE,TRUE,TRUE
"formula",322,"reverse_equal","C",TRUE,FALSE,TRUE,TRUE
"formula",322,"reflexivity","C",TRUE,TRUE,TRUE,TRUE
"formula",322,"unequal_control","C",FALSE,FALSE,FALSE,FALSE
"formula",323,"forward_equal","C",TRUE,FALSE,TRUE,TRUE
"formula",323,"reverse_equal","C",TRUE,FALSE,TRUE,TRUE
"formula",323,"reflexivity","C",TRUE,TRUE,TRUE,TRUE
"formula",323,"unequal_control","C",FALSE,FALSE,FALSE,FALSE
"formula",324,"forward_equal","C",TRUE,FALSE,TRUE,TRUE
"formula",324,"reverse_equal","C",TRUE,FALSE,TRUE,TRUE
"formula",324,"reflexivity","C",TRUE,TRUE,TRUE,TRUE
"formula",324,"unequal_control","C",FALSE,FALSE,FALSE,FALSE
"formula",325,"forward_equal","C",TRUE,FALSE,TRUE,TRUE
"formula",325,"reverse_equal","C",TRUE,FALSE,TRUE,TRUE
"formula",325,"reflexivity","C",TRUE,TRUE,TRUE,TRUE
"formula",325,"unequal_control","C",FALSE,FALSE,FALSE,FALSE
"formula",326,"forward_equal","C",TRUE,FALSE,TRUE,TRUE
"formula",326,"reverse_equal","C",TRUE,FALSE,TRUE,TRUE
"formula",326,"reflexivity","C",TRUE,TRUE,TRUE,TRUE
"formula",326,"unequal_control","C",FALSE,FALSE,FALSE,FALSE
"formula",327,"forward_equal","C",TRUE,FALSE,TRUE,TRUE
"formula",327,"reverse_equal","C",TRUE,FALSE,TRUE,TRUE
"formula",327,"reflexivity","C",TRUE,TRUE,TRUE,TRUE
"formula",327,"unequal_control","C",FALSE,FALSE,FALSE,FALSE
"formula",328,"forward_equal","C",TRUE,FALSE,TRUE,TRUE
"formula",328,"reverse_equal","C",TRUE,FALSE,TRUE,TRUE
"formula",328,"reflexivity","C",TRUE,TRUE,TRUE,TRUE
"formula",328,"unequal_control","C",FALSE,FALSE,FALSE,FALSE
"formula",329,"forward_equal","C",TRUE,FALSE,TRUE,TRUE
"formula",329,"reverse_equal","C",TRUE,FALSE,TRUE,TRUE
"formula",329,"reflexivity","C",TRUE,TRUE,TRUE,TRUE
"formula",329,"unequal_control","C",FALSE,FALSE,FALSE,FALSE
"formula",330,"forward_equal","C",TRUE,FALSE,TRUE,TRUE
"formula",330,"reverse_equal","C",TRUE,FALSE,TRUE,TRUE
"formula",330,"reflexivity","C",TRUE,TRUE,TRUE,TRUE
"formula",330,"unequal_control","C",FALSE,FALSE,FALSE,FALSE
"formula",331,"forward_equal","C",TRUE,FALSE,TRUE,TRUE
"formula",331,"reverse_equal","C",TRUE,FALSE,TRUE,TRUE
"formula",331,"reflexivity","C",TRUE,TRUE,TRUE,TRUE
"formula",331,"unequal_control","C",FALSE,FALSE,FALSE,FALSE
"formula",332,"forward_equal","C",TRUE,FALSE,TRUE,TRUE
"formula",332,"reverse_equal","C",TRUE,FALSE,TRUE,TRUE
"formula",332,"reflexivity","C",TRUE,TRUE,TRUE,TRUE
"formula",332,"unequal_control","C",FALSE,FALSE,FALSE,FALSE
"formula",333,"forward_equal","C",TRUE,FALSE,TRUE,TRUE
"formula",333,"reverse_equal","C",TRUE,FALSE,TRUE,TRUE
"formula",333,"reflexivity","C",TRUE,TRUE,TRUE,TRUE
"formula",333,"unequal_control","C",FALSE,FALSE,FALSE,FALSE
"formula",334,"forward_equal","C",TRUE,FALSE,TRUE,TRUE
"formula",334,"reverse_equal","C",TRUE,FALSE,TRUE,TRUE
"formula",334,"reflexivity","C",TRUE,TRUE,TRUE,TRUE
"formula",334,"unequal_control","C",FALSE,FALSE,FALSE,FALSE
"formula",335,"forward_equal","C",TRUE,FALSE,TRUE,TRUE
"formula",335,"reverse_equal","C",TRUE,FALSE,TRUE,TRUE
"formula",335,"reflexivity","C",TRUE,TRUE,TRUE,TRUE
"formula",335,"unequal_control","C",FALSE,FALSE,FALSE,FALSE
"formula",336,"forward_equal","C",TRUE,FALSE,TRUE,TRUE
"formula",336,"reverse_equal","C",TRUE,FALSE,TRUE,TRUE
"formula",336,"reflexivity","C",TRUE,TRUE,TRUE,TRUE
"formula",336,"unequal_control","C",FALSE,FALSE,FALSE,FALSE
"formula",337,"forward_equal","C",TRUE,FALSE,TRUE,TRUE
"formula",337,"reverse_equal","C",TRUE,FALSE,TRUE,TRUE
"formula",337,"reflexivity","C",TRUE,TRUE,TRUE,TRUE
"formula",337,"unequal_control","C",FALSE,FALSE,FALSE,FALSE
"formula",338,"forward_equal","C",TRUE,FALSE,TRUE,TRUE
"formula",338,"reverse_equal","C",TRUE,FALSE,TRUE,TRUE
"formula",338,"reflexivity","C",TRUE,TRUE,TRUE,TRUE
"formula",338,"unequal_control","C",FALSE,FALSE,FALSE,FALSE
"formula",339,"forward_equal","C",TRUE,FALSE,TRUE,TRUE
"formula",339,"reverse_equal","C",TRUE,FALSE,TRUE,TRUE
"formula",339,"reflexivity","C",TRUE,TRUE,TRUE,TRUE
"formula",339,"unequal_control","C",FALSE,FALSE,FALSE,FALSE
"formula",340,"forward_equal","C",TRUE,FALSE,TRUE,TRUE
"formula",340,"reverse_equal","C",TRUE,FALSE,TRUE,TRUE
"formula",340,"reflexivity","C",TRUE,TRUE,TRUE,TRUE
"formula",340,"unequal_control","C",FALSE,FALSE,FALSE,FALSE
"formula",341,"forward_equal","C",TRUE,FALSE,TRUE,TRUE
"formula",341,"reverse_equal","C",TRUE,FALSE,TRUE,TRUE
"formula",341,"reflexivity","C",TRUE,TRUE,TRUE,TRUE
"formula",341,"unequal_control","C",FALSE,FALSE,FALSE,FALSE
"formula",342,"forward_equal","C",TRUE,FALSE,TRUE,TRUE
"formula",342,"reverse_equal","C",TRUE,FALSE,TRUE,TRUE
"formula",342,"reflexivity","C",TRUE,TRUE,TRUE,TRUE
"formula",342,"unequal_control","C",FALSE,FALSE,FALSE,FALSE
"formula",343,"forward_equal","C",TRUE,FALSE,TRUE,TRUE
"formula",343,"reverse_equal","C",TRUE,FALSE,TRUE,TRUE
"formula",343,"reflexivity","C",TRUE,TRUE,TRUE,TRUE
"formula",343,"unequal_control","C",FALSE,FALSE,FALSE,FALSE
"formula",344,"forward_equal","C",TRUE,FALSE,TRUE,TRUE
"formula",344,"reverse_equal","C",TRUE,FALSE,TRUE,TRUE
"formula",344,"reflexivity","C",TRUE,TRUE,TRUE,TRUE
"formula",344,"unequal_control","C",FALSE,FALSE,FALSE,FALSE
"formula",345,"forward_equal","C",TRUE,FALSE,TRUE,TRUE
"formula",345,"reverse_equal","C",TRUE,FALSE,TRUE,TRUE
"formula",345,"reflexivity","C",TRUE,TRUE,TRUE,TRUE
"formula",345,"unequal_control","C",FALSE,FALSE,FALSE,FALSE
"formula",346,"forward_equal","C",TRUE,FALSE,TRUE,TRUE
"formula",346,"reverse_equal","C",TRUE,FALSE,TRUE,TRUE
"formula",346,"reflexivity","C",TRUE,TRUE,TRUE,TRUE
"formula",346,"unequal_control","C",FALSE,FALSE,FALSE,FALSE
"formula",347,"forward_equal","C",TRUE,FALSE,TRUE,TRUE
"formula",347,"reverse_equal","C",TRUE,FALSE,TRUE,TRUE
"formula",347,"reflexivity","C",TRUE,TRUE,TRUE,TRUE
"formula",347,"unequal_control","C",FALSE,FALSE,FALSE,FALSE
"formula",348,"forward_equal","C",TRUE,FALSE,TRUE,TRUE
"formula",348,"reverse_equal","C",TRUE,FALSE,TRUE,TRUE
"formula",348,"reflexivity","C",TRUE,TRUE,TRUE,TRUE
"formula",348,"unequal_control","C",FALSE,FALSE,FALSE,FALSE
"formula",349,"forward_equal","C",TRUE,FALSE,TRUE,TRUE
"formula",349,"reverse_equal","C",TRUE,FALSE,TRUE,TRUE
"formula",349,"reflexivity","C",TRUE,TRUE,TRUE,TRUE
"formula",349,"unequal_control","C",FALSE,FALSE,FALSE,FALSE
"formula",350,"forward_equal","C",TRUE,FALSE,TRUE,TRUE
"formula",350,"reverse_equal","C",TRUE,FALSE,TRUE,TRUE
"formula",350,"reflexivity","C",TRUE,TRUE,TRUE,TRUE
"formula",350,"unequal_control","C",FALSE,FALSE,FALSE,FALSE
"formula",351,"forward_equal","C",TRUE,FALSE,TRUE,TRUE
"formula",351,"reverse_equal","C",TRUE,FALSE,TRUE,TRUE
"formula",351,"reflexivity","C",TRUE,TRUE,TRUE,TRUE
"formula",351,"unequal_control","C",FALSE,FALSE,FALSE,FALSE
"formula",352,"forward_equal","C",TRUE,FALSE,TRUE,TRUE
"formula",352,"reverse_equal","C",TRUE,FALSE,TRUE,TRUE
"formula",352,"reflexivity","C",TRUE,TRUE,TRUE,TRUE
"formula",352,"unequal_control","C",FALSE,FALSE,FALSE,FALSE
"formula",353,"forward_equal","C",TRUE,FALSE,TRUE,TRUE
"formula",353,"reverse_equal","C",TRUE,FALSE,TRUE,TRUE
"formula",353,"reflexivity","C",TRUE,TRUE,TRUE,TRUE
"formula",353,"unequal_control","C",FALSE,FALSE,FALSE,FALSE
"formula",354,"forward_equal","C",TRUE,FALSE,TRUE,TRUE
"formula",354,"reverse_equal","C",TRUE,FALSE,TRUE,TRUE
"formula",354,"reflexivity","C",TRUE,TRUE,TRUE,TRUE
"formula",354,"unequal_control","C",FALSE,FALSE,FALSE,FALSE
"formula",355,"forward_equal","C",TRUE,FALSE,TRUE,TRUE
"formula",355,"reverse_equal","C",TRUE,FALSE,TRUE,TRUE
"formula",355,"reflexivity","C",TRUE,TRUE,TRUE,TRUE
"formula",355,"unequal_control","C",FALSE,FALSE,FALSE,FALSE
"formula",356,"forward_equal","C",TRUE,FALSE,TRUE,TRUE
"formula",356,"reverse_equal","C",TRUE,FALSE,TRUE,TRUE
"formula",356,"reflexivity","C",TRUE,TRUE,TRUE,TRUE
"formula",356,"unequal_control","C",FALSE,FALSE,FALSE,FALSE
"formula",357,"forward_equal","C",TRUE,FALSE,TRUE,TRUE
"formula",357,"reverse_equal","C",TRUE,FALSE,TRUE,TRUE
"formula",357,"reflexivity","C",TRUE,TRUE,TRUE,TRUE
"formula",357,"unequal_control","C",FALSE,FALSE,FALSE,FALSE
"formula",358,"forward_equal","C",TRUE,FALSE,TRUE,TRUE
"formula",358,"reverse_equal","C",TRUE,FALSE,TRUE,TRUE
"formula",358,"reflexivity","C",TRUE,TRUE,TRUE,TRUE
"formula",358,"unequal_control","C",FALSE,FALSE,FALSE,FALSE
"formula",359,"forward_equal","C",TRUE,FALSE,TRUE,TRUE
"formula",359,"reverse_equal","C",TRUE,FALSE,TRUE,TRUE
"formula",359,"reflexivity","C",TRUE,TRUE,TRUE,TRUE
"formula",359,"unequal_control","C",FALSE,FALSE,FALSE,FALSE
"formula",360,"forward_equal","C",TRUE,FALSE,TRUE,TRUE
"formula",360,"reverse_equal","C",TRUE,FALSE,TRUE,TRUE
"formula",360,"reflexivity","C",TRUE,TRUE,TRUE,TRUE
"formula",360,"unequal_control","C",FALSE,FALSE,FALSE,FALSE
"formula",361,"forward_equal","C",TRUE,FALSE,TRUE,TRUE
"formula",361,"reverse_equal","C",TRUE,FALSE,TRUE,TRUE
"formula",361,"reflexivity","C",TRUE,TRUE,TRUE,TRUE
"formula",361,"unequal_control","C",FALSE,FALSE,FALSE,FALSE
"formula",362,"forward_equal","C",TRUE,FALSE,TRUE,TRUE
"formula",362,"reverse_equal","C",TRUE,FALSE,TRUE,TRUE
"formula",362,"reflexivity","C",TRUE,TRUE,TRUE,TRUE
"formula",362,"unequal_control","C",FALSE,FALSE,FALSE,FALSE
"formula",363,"forward_equal","C",TRUE,FALSE,TRUE,TRUE
"formula",363,"reverse_equal","C",TRUE,FALSE,TRUE,TRUE
"formula",363,"reflexivity","C",TRUE,TRUE,TRUE,TRUE
"formula",363,"unequal_control","C",FALSE,FALSE,FALSE,FALSE
"formula",364,"forward_equal","C",TRUE,FALSE,TRUE,TRUE
"formula",364,"reverse_equal","C",TRUE,FALSE,TRUE,TRUE
"formula",364,"reflexivity","C",TRUE,TRUE,TRUE,TRUE
"formula",364,"unequal_control","C",FALSE,FALSE,FALSE,FALSE
"formula",365,"forward_equal","C",TRUE,FALSE,TRUE,TRUE
"formula",365,"reverse_equal","C",TRUE,FALSE,TRUE,TRUE
"formula",365,"reflexivity","C",TRUE,TRUE,TRUE,TRUE
"formula",365,"unequal_control","C",FALSE,FALSE,FALSE,FALSE
"formula",366,"forward_equal","C",TRUE,FALSE,TRUE,TRUE
"formula",366,"reverse_equal","C",TRUE,FALSE,TRUE,TRUE
"formula",366,"reflexivity","C",TRUE,TRUE,TRUE,TRUE
"formula",366,"unequal_control","C",FALSE,FALSE,FALSE,FALSE
"formula",367,"forward_equal","C",TRUE,FALSE,TRUE,TRUE
"formula",367,"reverse_equal","C",TRUE,FALSE,TRUE,TRUE
"formula",367,"reflexivity","C",TRUE,TRUE,TRUE,TRUE
"formula",367,"unequal_control","C",FALSE,FALSE,FALSE,FALSE
"formula",368,"forward_equal","C",TRUE,FALSE,TRUE,TRUE
"formula",368,"reverse_equal","C",TRUE,FALSE,TRUE,TRUE
"formula",368,"reflexivity","C",TRUE,TRUE,TRUE,TRUE
"formula",368,"unequal_control","C",FALSE,FALSE,FALSE,FALSE
"formula",369,"forward_equal","C",TRUE,FALSE,TRUE,TRUE
"formula",369,"reverse_equal","C",TRUE,FALSE,TRUE,TRUE
"formula",369,"reflexivity","C",TRUE,TRUE,TRUE,TRUE
"formula",369,"unequal_control","C",FALSE,FALSE,FALSE,FALSE
"formula",370,"forward_equal","C",TRUE,FALSE,TRUE,TRUE
"formula",370,"reverse_equal","C",TRUE,FALSE,TRUE,TRUE
"formula",370,"reflexivity","C",TRUE,TRUE,TRUE,TRUE
"formula",370,"unequal_control","C",FALSE,FALSE,FALSE,FALSE
"formula",371,"forward_equal","C",TRUE,FALSE,TRUE,TRUE
"formula",371,"reverse_equal","C",TRUE,FALSE,TRUE,TRUE
"formula",371,"reflexivity","C",TRUE,TRUE,TRUE,TRUE
"formula",371,"unequal_control","C",FALSE,FALSE,FALSE,FALSE
"formula",372,"forward_equal","C",TRUE,FALSE,TRUE,TRUE
"formula",372,"reverse_equal","C",TRUE,FALSE,TRUE,TRUE
"formula",372,"reflexivity","C",TRUE,TRUE,TRUE,TRUE
"formula",372,"unequal_control","C",FALSE,FALSE,FALSE,FALSE
"formula",373,"forward_equal","C",TRUE,FALSE,TRUE,TRUE
"formula",373,"reverse_equal","C",TRUE,FALSE,TRUE,TRUE
"formula",373,"reflexivity","C",TRUE,TRUE,TRUE,TRUE
"formula",373,"unequal_control","C",FALSE,FALSE,FALSE,FALSE
"formula",374,"forward_equal","C",TRUE,FALSE,TRUE,TRUE
"formula",374,"reverse_equal","C",TRUE,FALSE,TRUE,TRUE
"formula",374,"reflexivity","C",TRUE,TRUE,TRUE,TRUE
"formula",374,"unequal_control","C",FALSE,FALSE,FALSE,FALSE
"formula",375,"forward_equal","C",TRUE,FALSE,TRUE,TRUE
"formula",375,"reverse_equal","C",TRUE,FALSE,TRUE,TRUE
"formula",375,"reflexivity","C",TRUE,TRUE,TRUE,TRUE
"formula",375,"unequal_control","C",FALSE,FALSE,FALSE,FALSE
"formula",376,"forward_equal","C",TRUE,FALSE,TRUE,TRUE
"formula",376,"reverse_equal","C",TRUE,FALSE,TRUE,TRUE
"formula",376,"reflexivity","C",TRUE,TRUE,TRUE,TRUE
"formula",376,"unequal_control","C",FALSE,FALSE,FALSE,FALSE
"formula",377,"forward_equal","C",TRUE,FALSE,TRUE,TRUE
"formula",377,"reverse_equal","C",TRUE,FALSE,TRUE,TRUE
"formula",377,"reflexivity","C",TRUE,TRUE,TRUE,TRUE
"formula",377,"unequal_control","C",FALSE,FALSE,FALSE,FALSE
"formula",378,"forward_equal","C",TRUE,FALSE,TRUE,TRUE
"formula",378,"reverse_equal","C",TRUE,FALSE,TRUE,TRUE
"formula",378,"reflexivity","C",TRUE,TRUE,TRUE,TRUE
"formula",378,"unequal_control","C",FALSE,FALSE,FALSE,FALSE
"formula",379,"forward_equal","C",TRUE,FALSE,TRUE,TRUE
"formula",379,"reverse_equal","C",TRUE,FALSE,TRUE,TRUE
"formula",379,"reflexivity","C",TRUE,TRUE,TRUE,TRUE
"formula",379,"unequal_control","C",FALSE,FALSE,FALSE,FALSE
"formula",380,"forward_equal","C",TRUE,FALSE,TRUE,TRUE
"formula",380,"reverse_equal","C",TRUE,FALSE,TRUE,TRUE
"formula",380,"reflexivity","C",TRUE,TRUE,TRUE,TRUE
"formula",380,"unequal_control","C",FALSE,FALSE,FALSE,FALSE
"formula",381,"forward_equal","C",TRUE,FALSE,TRUE,TRUE
"formula",381,"reverse_equal","C",TRUE,FALSE,TRUE,TRUE
"formula",381,"reflexivity","C",TRUE,TRUE,TRUE,TRUE
"formula",381,"unequal_control","C",FALSE,FALSE,FALSE,FALSE
"formula",382,"forward_equal","C",TRUE,FALSE,TRUE,TRUE
"formula",382,"reverse_equal","C",TRUE,FALSE,TRUE,TRUE
"formula",382,"reflexivity","C",TRUE,TRUE,TRUE,TRUE
"formula",382,"unequal_control","C",FALSE,FALSE,FALSE,FALSE
"formula",383,"forward_equal","C",TRUE,FALSE,TRUE,TRUE
"formula",383,"reverse_equal","C",TRUE,FALSE,TRUE,TRUE
"formula",383,"reflexivity","C",TRUE,TRUE,TRUE,TRUE
"formula",383,"unequal_control","C",FALSE,FALSE,FALSE,FALSE
"formula",384,"forward_equal","C",TRUE,FALSE,TRUE,TRUE
"formula",384,"reverse_equal","C",TRUE,FALSE,TRUE,TRUE
"formula",384,"reflexivity","C",TRUE,TRUE,TRUE,TRUE
"formula",384,"unequal_control","C",FALSE,FALSE,FALSE,FALSE
"formula",385,"forward_equal","C",TRUE,FALSE,TRUE,TRUE
"formula",385,"reverse_equal","C",TRUE,FALSE,TRUE,TRUE
"formula",385,"reflexivity","C",TRUE,TRUE,TRUE,TRUE
"formula",385,"unequal_control","C",FALSE,FALSE,FALSE,FALSE
"formula",386,"forward_equal","C",TRUE,FALSE,TRUE,TRUE
"formula",386,"reverse_equal","C",TRUE,FALSE,TRUE,TRUE
"formula",386,"reflexivity","C",TRUE,TRUE,TRUE,TRUE
"formula",386,"unequal_control","C",FALSE,FALSE,FALSE,FALSE
"formula",387,"forward_equal","C",TRUE,FALSE,TRUE,TRUE
"formula",387,"reverse_equal","C",TRUE,FALSE,TRUE,TRUE
"formula",387,"reflexivity","C",TRUE,TRUE,TRUE,TRUE
"formula",387,"unequal_control","C",FALSE,FALSE,FALSE,FALSE
"formula",388,"forward_equal","C",TRUE,FALSE,TRUE,TRUE
"formula",388,"reverse_equal","C",TRUE,FALSE,TRUE,TRUE
"formula",388,"reflexivity","C",TRUE,TRUE,TRUE,TRUE
"formula",388,"unequal_control","C",FALSE,FALSE,FALSE,FALSE
"formula",389,"forward_equal","C",TRUE,FALSE,TRUE,TRUE
"formula",389,"reverse_equal","C",TRUE,FALSE,TRUE,TRUE
"formula",389,"reflexivity","C",TRUE,TRUE,TRUE,TRUE
"formula",389,"unequal_control","C",FALSE,FALSE,FALSE,FALSE
"formula",390,"forward_equal","C",TRUE,FALSE,TRUE,TRUE
"formula",390,"reverse_equal","C",TRUE,FALSE,TRUE,TRUE
"formula",390,"reflexivity","C",TRUE,TRUE,TRUE,TRUE
"formula",390,"unequal_control","C",FALSE,FALSE,FALSE,FALSE
"formula",391,"forward_equal","C",TRUE,FALSE,TRUE,TRUE
"formula",391,"reverse_equal","C",TRUE,FALSE,TRUE,TRUE
"formula",391,"reflexivity","C",TRUE,TRUE,TRUE,TRUE
"formula",391,"unequal_control","C",FALSE,FALSE,FALSE,FALSE
"formula",392,"forward_equal","C",TRUE,FALSE,TRUE,TRUE
"formula",392,"reverse_equal","C",TRUE,FALSE,TRUE,TRUE
"formula",392,"reflexivity","C",TRUE,TRUE,TRUE,TRUE
"formula",392,"unequal_control","C",FALSE,FALSE,FALSE,FALSE
"formula",393,"forward_equal","C",TRUE,FALSE,TRUE,TRUE
"formula",393,"reverse_equal","C",TRUE,FALSE,TRUE,TRUE
"formula",393,"reflexivity","C",TRUE,TRUE,TRUE,TRUE
"formula",393,"unequal_control","C",FALSE,FALSE,FALSE,FALSE
"formula",394,"forward_equal","C",TRUE,FALSE,TRUE,TRUE
"formula",394,"reverse_equal","C",TRUE,FALSE,TRUE,TRUE
"formula",394,"reflexivity","C",TRUE,TRUE,TRUE,TRUE
"formula",394,"unequal_control","C",FALSE,FALSE,FALSE,FALSE
"formula",395,"forward_equal","C",TRUE,FALSE,TRUE,TRUE
"formula",395,"reverse_equal","C",TRUE,FALSE,TRUE,TRUE
"formula",395,"reflexivity","C",TRUE,TRUE,TRUE,TRUE
"formula",395,"unequal_control","C",FALSE,FALSE,FALSE,FALSE
"formula",396,"forward_equal","C",TRUE,FALSE,TRUE,TRUE
"formula",396,"reverse_equal","C",TRUE,FALSE,TRUE,TRUE
"formula",396,"reflexivity","C",TRUE,TRUE,TRUE,TRUE
"formula",396,"unequal_control","C",FALSE,FALSE,FALSE,FALSE
"formula",397,"forward_equal","C",TRUE,FALSE,TRUE,TRUE
"formula",397,"reverse_equal","C",TRUE,FALSE,TRUE,TRUE
"formula",397,"reflexivity","C",TRUE,TRUE,TRUE,TRUE
"formula",397,"unequal_control","C",FALSE,FALSE,FALSE,FALSE
"formula",398,"forward_equal","C",TRUE,FALSE,TRUE,TRUE
"formula",398,"reverse_equal","C",TRUE,FALSE,TRUE,TRUE
"formula",398,"reflexivity","C",TRUE,TRUE,TRUE,TRUE
"formula",398,"unequal_control","C",FALSE,FALSE,FALSE,FALSE
"formula",399,"forward_equal","C",TRUE,FALSE,TRUE,TRUE
"formula",399,"reverse_equal","C",TRUE,FALSE,TRUE,TRUE
"formula",399,"reflexivity","C",TRUE,TRUE,TRUE,TRUE
"formula",399,"unequal_control","C",FALSE,FALSE,FALSE,FALSE
"formula",400,"forward_equal","C",TRUE,FALSE,TRUE,TRUE
"formula",400,"reverse_equal","C",TRUE,FALSE,TRUE,TRUE
"formula",400,"reflexivity","C",TRUE,TRUE,TRUE,TRUE
"formula",400,"unequal_control","C",FALSE,FALSE,FALSE,FALSE
"formula",401,"forward_equal","C",TRUE,FALSE,TRUE,TRUE
"formula",401,"reverse_equal","C",TRUE,FALSE,TRUE,TRUE
"formula",401,"reflexivity","C",TRUE,TRUE,TRUE,TRUE
"formula",401,"unequal_control","C",FALSE,FALSE,FALSE,FALSE
"formula",402,"forward_equal","C",TRUE,FALSE,TRUE,TRUE
"formula",402,"reverse_equal","C",TRUE,FALSE,TRUE,TRUE
"formula",402,"reflexivity","C",TRUE,TRUE,TRUE,TRUE
"formula",402,"unequal_control","C",FALSE,FALSE,FALSE,FALSE
"formula",403,"forward_equal","C",TRUE,FALSE,TRUE,TRUE
"formula",403,"reverse_equal","C",TRUE,FALSE,TRUE,TRUE
"formula",403,"reflexivity","C",TRUE,TRUE,TRUE,TRUE
"formula",403,"unequal_control","C",FALSE,FALSE,FALSE,FALSE
"formula",404,"forward_equal","C",TRUE,FALSE,TRUE,TRUE
"formula",404,"reverse_equal","C",TRUE,FALSE,TRUE,TRUE
"formula",404,"reflexivity","C",TRUE,TRUE,TRUE,TRUE
"formula",404,"unequal_control","C",FALSE,FALSE,FALSE,FALSE
"formula",405,"forward_equal","C",TRUE,FALSE,TRUE,TRUE
"formula",405,"reverse_equal","C",TRUE,FALSE,TRUE,TRUE
"formula",405,"reflexivity","C",TRUE,TRUE,TRUE,TRUE
"formula",405,"unequal_control","C",FALSE,FALSE,FALSE,FALSE
"formula",406,"forward_equal","C",TRUE,FALSE,TRUE,TRUE
"formula",406,"reverse_equal","C",TRUE,FALSE,TRUE,TRUE
"formula",406,"reflexivity","C",TRUE,TRUE,TRUE,TRUE
"formula",406,"unequal_control","C",FALSE,FALSE,FALSE,FALSE
"formula",407,"forward_equal","C",TRUE,FALSE,TRUE,TRUE
"formula",407,"reverse_equal","C",TRUE,FALSE,TRUE,TRUE
"formula",407,"reflexivity","C",TRUE,TRUE,TRUE,TRUE
"formula",407,"unequal_control","C",FALSE,FALSE,FALSE,FALSE
"formula",408,"forward_equal","C",TRUE,FALSE,TRUE,TRUE
"formula",408,"reverse_equal","C",TRUE,FALSE,TRUE,TRUE
"formula",408,"reflexivity","C",TRUE,TRUE,TRUE,TRUE
"formula",408,"unequal_control","C",FALSE,FALSE,FALSE,FALSE
"formula",409,"forward_equal","C",TRUE,FALSE,TRUE,TRUE
"formula",409,"reverse_equal","C",TRUE,FALSE,TRUE,TRUE
"formula",409,"reflexivity","C",TRUE,TRUE,TRUE,TRUE
"formula",409,"unequal_control","C",FALSE,FALSE,FALSE,FALSE
"formula",410,"forward_equal","C",TRUE,FALSE,TRUE,TRUE
"formula",410,"reverse_equal","C",TRUE,FALSE,TRUE,TRUE
"formula",410,"reflexivity","C",TRUE,TRUE,TRUE,TRUE
"formula",410,"unequal_control","C",FALSE,FALSE,FALSE,FALSE
"formula",411,"forward_equal","C",TRUE,FALSE,TRUE,TRUE
"formula",411,"reverse_equal","C",TRUE,FALSE,TRUE,TRUE
"formula",411,"reflexivity","C",TRUE,TRUE,TRUE,TRUE
"formula",411,"unequal_control","C",FALSE,FALSE,FALSE,FALSE
"formula",412,"forward_equal","C",TRUE,FALSE,TRUE,TRUE
"formula",412,"reverse_equal","C",TRUE,FALSE,TRUE,TRUE
"formula",412,"reflexivity","C",TRUE,TRUE,TRUE,TRUE
"formula",412,"unequal_control","C",FALSE,FALSE,FALSE,FALSE
"formula",413,"forward_equal","C",TRUE,FALSE,TRUE,TRUE
"formula",413,"reverse_equal","C",TRUE,FALSE,TRUE,TRUE
"formula",413,"reflexivity","C",TRUE,TRUE,TRUE,TRUE
"formula",413,"unequal_control","C",FALSE,FALSE,FALSE,FALSE
"formula",414,"forward_equal","C",TRUE,FALSE,TRUE,TRUE
"formula",414,"reverse_equal","C",TRUE,FALSE,TRUE,TRUE
"formula",414,"reflexivity","C",TRUE,TRUE,TRUE,TRUE
"formula",414,"unequal_control","C",FALSE,FALSE,FALSE,FALSE
"formula",415,"forward_equal","C",TRUE,FALSE,TRUE,TRUE
"formula",415,"reverse_equal","C",TRUE,FALSE,TRUE,TRUE
"formula",415,"reflexivity","C",TRUE,TRUE,TRUE,TRUE
"formula",415,"unequal_control","C",FALSE,FALSE,FALSE,FALSE
"formula",416,"forward_equal","C",TRUE,FALSE,TRUE,TRUE
"formula",416,"reverse_equal","C",TRUE,FALSE,TRUE,TRUE
"formula",416,"reflexivity","C",TRUE,TRUE,TRUE,TRUE
"formula",416,"unequal_control","C",FALSE,FALSE,FALSE,FALSE
"formula",417,"forward_equal","C",TRUE,FALSE,TRUE,TRUE
"formula",417,"reverse_equal","C",TRUE,FALSE,TRUE,TRUE
"formula",417,"reflexivity","C",TRUE,TRUE,TRUE,TRUE
"formula",417,"unequal_control","C",FALSE,FALSE,FALSE,FALSE
"formula",418,"forward_equal","C",TRUE,FALSE,TRUE,TRUE
"formula",418,"reverse_equal","C",TRUE,FALSE,TRUE,TRUE
"formula",418,"reflexivity","C",TRUE,TRUE,TRUE,TRUE
"formula",418,"unequal_control","C",FALSE,FALSE,FALSE,FALSE
"formula",419,"forward_equal","C",TRUE,FALSE,TRUE,TRUE
"formula",419,"reverse_equal","C",TRUE,FALSE,TRUE,TRUE
"formula",419,"reflexivity","C",TRUE,TRUE,TRUE,TRUE
"formula",419,"unequal_control","C",FALSE,FALSE,FALSE,FALSE
"formula",420,"forward_equal","C",TRUE,FALSE,TRUE,TRUE
"formula",420,"reverse_equal","C",TRUE,FALSE,TRUE,TRUE
"formula",420,"reflexivity","C",TRUE,TRUE,TRUE,TRUE
"formula",420,"unequal_control","C",FALSE,FALSE,FALSE,FALSE
"formula",421,"forward_equal","C",TRUE,FALSE,TRUE,TRUE
"formula",421,"reverse_equal","C",TRUE,FALSE,TRUE,TRUE
"formula",421,"reflexivity","C",TRUE,TRUE,TRUE,TRUE
"formula",421,"unequal_control","C",FALSE,FALSE,FALSE,FALSE
"formula",422,"forward_equal","C",TRUE,FALSE,TRUE,TRUE
"formula",422,"reverse_equal","C",TRUE,FALSE,TRUE,TRUE
"formula",422,"reflexivity","C",TRUE,TRUE,TRUE,TRUE
"formula",422,"unequal_control","C",FALSE,FALSE,FALSE,FALSE
"formula",423,"forward_equal","C",TRUE,FALSE,TRUE,TRUE
"formula",423,"reverse_equal","C",TRUE,FALSE,TRUE,TRUE
"formula",423,"reflexivity","C",TRUE,TRUE,TRUE,TRUE
"formula",423,"unequal_control","C",FALSE,FALSE,FALSE,FALSE
"formula",424,"forward_equal","C",TRUE,FALSE,TRUE,TRUE
"formula",424,"reverse_equal","C",TRUE,FALSE,TRUE,TRUE
"formula",424,"reflexivity","C",TRUE,TRUE,TRUE,TRUE
"formula",424,"unequal_control","C",FALSE,FALSE,FALSE,FALSE
"formula",425,"forward_equal","C",TRUE,FALSE,TRUE,TRUE
"formula",425,"reverse_equal","C",TRUE,FALSE,TRUE,TRUE
"formula",425,"reflexivity","C",TRUE,TRUE,TRUE,TRUE
"formula",425,"unequal_control","C",FALSE,FALSE,FALSE,FALSE
"formula",426,"forward_equal","C",TRUE,FALSE,TRUE,TRUE
"formula",426,"reverse_equal","C",TRUE,FALSE,TRUE,TRUE
"formula",426,"reflexivity","C",TRUE,TRUE,TRUE,TRUE
"formula",426,"unequal_control","C",FALSE,FALSE,FALSE,FALSE
"formula",427,"forward_equal","C",TRUE,FALSE,TRUE,TRUE
"formula",427,"reverse_equal","C",TRUE,FALSE,TRUE,TRUE
"formula",427,"reflexivity","C",TRUE,TRUE,TRUE,TRUE
"formula",427,"unequal_control","C",FALSE,FALSE,FALSE,FALSE
"formula",428,"forward_equal","C",TRUE,FALSE,TRUE,TRUE
"formula",428,"reverse_equal","C",TRUE,FALSE,TRUE,TRUE
"formula",428,"reflexivity","C",TRUE,TRUE,TRUE,TRUE
"formula",428,"unequal_control","C",FALSE,FALSE,FALSE,FALSE
"formula",429,"forward_equal","C",TRUE,FALSE,TRUE,TRUE
"formula",429,"reverse_equal","C",TRUE,FALSE,TRUE,TRUE
"formula",429,"reflexivity","C",TRUE,TRUE,TRUE,TRUE
"formula",429,"unequal_control","C",FALSE,FALSE,FALSE,FALSE
"formula",430,"forward_equal","C",TRUE,FALSE,TRUE,TRUE
"formula",430,"reverse_equal","C",TRUE,FALSE,TRUE,TRUE
"formula",430,"reflexivity","C",TRUE,TRUE,TRUE,TRUE
"formula",430,"unequal_control","C",FALSE,FALSE,FALSE,FALSE
"formula",431,"forward_equal","C",TRUE,FALSE,TRUE,TRUE
"formula",431,"reverse_equal","C",TRUE,FALSE,TRUE,TRUE
"formula",431,"reflexivity","C",TRUE,TRUE,TRUE,TRUE
"formula",431,"unequal_control","C",FALSE,FALSE,FALSE,FALSE
"formula",432,"forward_equal","C",TRUE,FALSE,TRUE,TRUE
"formula",432,"reverse_equal","C",TRUE,FALSE,TRUE,TRUE
"formula",432,"reflexivity","C",TRUE,TRUE,TRUE,TRUE
"formula",432,"unequal_control","C",FALSE,FALSE,FALSE,FALSE
"formula",433,"forward_equal","C",TRUE,FALSE,TRUE,TRUE
"formula",433,"reverse_equal","C",TRUE,FALSE,TRUE,TRUE
"formula",433,"reflexivity","C",TRUE,TRUE,TRUE,TRUE
"formula",433,"unequal_control","C",FALSE,FALSE,FALSE,FALSE
"formula",434,"forward_equal","C",TRUE,FALSE,TRUE,TRUE
"formula",434,"reverse_equal","C",TRUE,FALSE,TRUE,TRUE
"formula",434,"reflexivity","C",TRUE,TRUE,TRUE,TRUE
"formula",434,"unequal_control","C",FALSE,FALSE,FALSE,FALSE
"formula",435,"forward_equal","C",TRUE,FALSE,TRUE,TRUE
"formula",435,"reverse_equal","C",TRUE,FALSE,TRUE,TRUE
"formula",435,"reflexivity","C",TRUE,TRUE,TRUE,TRUE
"formula",435,"unequal_control","C",FALSE,FALSE,FALSE,FALSE
"formula",436,"forward_equal","C",TRUE,FALSE,TRUE,TRUE
"formula",436,"reverse_equal","C",TRUE,FALSE,TRUE,TRUE
"formula",436,"reflexivity","C",TRUE,TRUE,TRUE,TRUE
"formula",436,"unequal_control","C",FALSE,FALSE,FALSE,FALSE
"formula",437,"forward_equal","C",TRUE,FALSE,TRUE,TRUE
"formula",437,"reverse_equal","C",TRUE,FALSE,TRUE,TRUE
"formula",437,"reflexivity","C",TRUE,TRUE,TRUE,TRUE
"formula",437,"unequal_control","C",FALSE,FALSE,FALSE,FALSE
"formula",438,"forward_equal","C",TRUE,FALSE,TRUE,TRUE
"formula",438,"reverse_equal","C",TRUE,FALSE,TRUE,TRUE
"formula",438,"reflexivity","C",TRUE,TRUE,TRUE,TRUE
"formula",438,"unequal_control","C",FALSE,FALSE,FALSE,FALSE
"formula",439,"forward_equal","C",TRUE,FALSE,TRUE,TRUE
"formula",439,"reverse_equal","C",TRUE,FALSE,TRUE,TRUE
"formula",439,"reflexivity","C",TRUE,TRUE,TRUE,TRUE
"formula",439,"unequal_control","C",FALSE,FALSE,FALSE,FALSE
"formula",440,"forward_equal","C",TRUE,FALSE,TRUE,TRUE
"formula",440,"reverse_equal","C",TRUE,FALSE,TRUE,TRUE
"formula",440,"reflexivity","C",TRUE,TRUE,TRUE,TRUE
"formula",440,"unequal_control","C",FALSE,FALSE,FALSE,FALSE
"formula",441,"forward_equal","C",TRUE,FALSE,TRUE,TRUE
"formula",441,"reverse_equal","C",TRUE,FALSE,TRUE,TRUE
"formula",441,"reflexivity","C",TRUE,TRUE,TRUE,TRUE
"formula",441,"unequal_control","C",FALSE,FALSE,FALSE,FALSE
"formula",442,"forward_equal","C",TRUE,FALSE,TRUE,TRUE
"formula",442,"reverse_equal","C",TRUE,FALSE,TRUE,TRUE
"formula",442,"reflexivity","C",TRUE,TRUE,TRUE,TRUE
"formula",442,"unequal_control","C",FALSE,FALSE,FALSE,FALSE
"formula",443,"forward_equal","C",TRUE,FALSE,TRUE,TRUE
"formula",443,"reverse_equal","C",TRUE,FALSE,TRUE,TRUE
"formula",443,"reflexivity","C",TRUE,TRUE,TRUE,TRUE
"formula",443,"unequal_control","C",FALSE,FALSE,FALSE,FALSE
"formula",444,"forward_equal","C",TRUE,FALSE,TRUE,TRUE
"formula",444,"reverse_equal","C",TRUE,FALSE,TRUE,TRUE
"formula",444,"reflexivity","C",TRUE,TRUE,TRUE,TRUE
"formula",444,"unequal_control","C",FALSE,FALSE,FALSE,FALSE
"formula",445,"forward_equal","C",TRUE,FALSE,TRUE,TRUE
"formula",445,"reverse_equal","C",TRUE,FALSE,TRUE,TRUE
"formula",445,"reflexivity","C",TRUE,TRUE,TRUE,TRUE
"formula",445,"unequal_control","C",FALSE,FALSE,FALSE,FALSE
"formula",446,"forward_equal","C",TRUE,FALSE,TRUE,TRUE
"formula",446,"reverse_equal","C",TRUE,FALSE,TRUE,TRUE
"formula",446,"reflexivity","C",TRUE,TRUE,TRUE,TRUE
"formula",446,"unequal_control","C",FALSE,FALSE,FALSE,FALSE
"formula",447,"forward_equal","C",TRUE,FALSE,TRUE,TRUE
"formula",447,"reverse_equal","C",TRUE,FALSE,TRUE,TRUE
"formula",447,"reflexivity","C",TRUE,TRUE,TRUE,TRUE
"formula",447,"unequal_control","C",FALSE,FALSE,FALSE,FALSE
"formula",448,"forward_equal","C",TRUE,FALSE,TRUE,TRUE
"formula",448,"reverse_equal","C",TRUE,FALSE,TRUE,TRUE
"formula",448,"reflexivity","C",TRUE,TRUE,TRUE,TRUE
"formula",448,"unequal_control","C",FALSE,FALSE,FALSE,FALSE
"formula",449,"forward_equal","C",TRUE,FALSE,TRUE,TRUE
"formula",449,"reverse_equal","C",TRUE,FALSE,TRUE,TRUE
"formula",449,"reflexivity","C",TRUE,TRUE,TRUE,TRUE
"formula",449,"unequal_control","C",FALSE,FALSE,FALSE,FALSE
"formula",450,"forward_equal","C",TRUE,FALSE,TRUE,TRUE
"formula",450,"reverse_equal","C",TRUE,FALSE,TRUE,TRUE
"formula",450,"reflexivity","C",TRUE,TRUE,TRUE,TRUE
"formula",450,"unequal_control","C",FALSE,FALSE,FALSE,FALSE
"formula",451,"forward_equal","C",TRUE,FALSE,TRUE,TRUE
"formula",451,"reverse_equal","C",TRUE,FALSE,TRUE,TRUE
"formula",451,"reflexivity","C",TRUE,TRUE,TRUE,TRUE
"formula",451,"unequal_control","C",FALSE,FALSE,FALSE,FALSE
"formula",452,"forward_equal","C",TRUE,FALSE,TRUE,TRUE
"formula",452,"reverse_equal","C",TRUE,FALSE,TRUE,TRUE
"formula",452,"reflexivity","C",TRUE,TRUE,TRUE,TRUE
"formula",452,"unequal_control","C",FALSE,FALSE,FALSE,FALSE
"formula",453,"forward_equal","C",TRUE,FALSE,TRUE,TRUE
"formula",453,"reverse_equal","C",TRUE,FALSE,TRUE,TRUE
"formula",453,"reflexivity","C",TRUE,TRUE,TRUE,TRUE
"formula",453,"unequal_control","C",FALSE,FALSE,FALSE,FALSE
"formula",454,"forward_equal","C",TRUE,FALSE,TRUE,TRUE
"formula",454,"reverse_equal","C",TRUE,FALSE,TRUE,TRUE
"formula",454,"reflexivity","C",TRUE,TRUE,TRUE,TRUE
"formula",454,"unequal_control","C",FALSE,FALSE,FALSE,FALSE
"formula",455,"forward_equal","C",TRUE,FALSE,TRUE,TRUE
"formula",455,"reverse_equal","C",TRUE,FALSE,TRUE,TRUE
"formula",455,"reflexivity","C",TRUE,TRUE,TRUE,TRUE
"formula",455,"unequal_control","C",FALSE,FALSE,FALSE,FALSE
"formula",456,"forward_equal","C",TRUE,FALSE,TRUE,TRUE
"formula",456,"reverse_equal","C",TRUE,FALSE,TRUE,TRUE
"formula",456,"reflexivity","C",TRUE,TRUE,TRUE,TRUE
"formula",456,"unequal_control","C",FALSE,FALSE,FALSE,FALSE
"formula",457,"forward_equal","C",TRUE,FALSE,TRUE,TRUE
"formula",457,"reverse_equal","C",TRUE,FALSE,TRUE,TRUE
"formula",457,"reflexivity","C",TRUE,TRUE,TRUE,TRUE
"formula",457,"unequal_control","C",FALSE,FALSE,FALSE,FALSE
"formula",458,"forward_equal","C",TRUE,FALSE,TRUE,TRUE
"formula",458,"reverse_equal","C",TRUE,FALSE,TRUE,TRUE
"formula",458,"reflexivity","C",TRUE,TRUE,TRUE,TRUE
"formula",458,"unequal_control","C",FALSE,FALSE,FALSE,FALSE
"formula",459,"forward_equal","C",TRUE,FALSE,TRUE,TRUE
"formula",459,"reverse_equal","C",TRUE,FALSE,TRUE,TRUE
"formula",459,"reflexivity","C",TRUE,TRUE,TRUE,TRUE
"formula",459,"unequal_control","C",FALSE,FALSE,FALSE,FALSE
"formula",460,"forward_equal","C",TRUE,FALSE,TRUE,TRUE
"formula",460,"reverse_equal","C",TRUE,FALSE,TRUE,TRUE
"formula",460,"reflexivity","C",TRUE,TRUE,TRUE,TRUE
"formula",460,"unequal_control","C",FALSE,FALSE,FALSE,FALSE
"formula",461,"forward_equal","C",TRUE,FALSE,TRUE,TRUE
"formula",461,"reverse_equal","C",TRUE,FALSE,TRUE,TRUE
"formula",461,"reflexivity","C",TRUE,TRUE,TRUE,TRUE
"formula",461,"unequal_control","C",FALSE,FALSE,FALSE,FALSE
"formula",462,"forward_equal","C",TRUE,FALSE,TRUE,TRUE
"formula",462,"reverse_equal","C",TRUE,FALSE,TRUE,TRUE
"formula",462,"reflexivity","C",TRUE,TRUE,TRUE,TRUE
"formula",462,"unequal_control","C",FALSE,FALSE,FALSE,FALSE
"formula",463,"forward_equal","C",TRUE,FALSE,TRUE,TRUE
"formula",463,"reverse_equal","C",TRUE,FALSE,TRUE,TRUE
"formula",463,"reflexivity","C",TRUE,TRUE,TRUE,TRUE
"formula",463,"unequal_control","C",FALSE,FALSE,FALSE,FALSE
"formula",464,"forward_equal","C",TRUE,FALSE,TRUE,TRUE
"formula",464,"reverse_equal","C",TRUE,FALSE,TRUE,TRUE
"formula",464,"reflexivity","C",TRUE,TRUE,TRUE,TRUE
"formula",464,"unequal_control","C",FALSE,FALSE,FALSE,FALSE
"formula",465,"forward_equal","C",TRUE,FALSE,TRUE,TRUE
"formula",465,"reverse_equal","C",TRUE,FALSE,TRUE,TRUE
"formula",465,"reflexivity","C",TRUE,TRUE,TRUE,TRUE
"formula",465,"unequal_control","C",FALSE,FALSE,FALSE,FALSE
"formula",466,"forward_equal","C",TRUE,FALSE,TRUE,TRUE
"formula",466,"reverse_equal","C",TRUE,FALSE,TRUE,TRUE
"formula",466,"reflexivity","C",TRUE,TRUE,TRUE,TRUE
"formula",466,"unequal_control","C",FALSE,FALSE,FALSE,FALSE
"formula",467,"forward_equal","C",TRUE,FALSE,TRUE,TRUE
"formula",467,"reverse_equal","C",TRUE,FALSE,TRUE,TRUE
"formula",467,"reflexivity","C",TRUE,TRUE,TRUE,TRUE
"formula",467,"unequal_control","C",FALSE,FALSE,FALSE,FALSE
"formula",468,"forward_equal","C",TRUE,FALSE,TRUE,TRUE
"formula",468,"reverse_equal","C",TRUE,FALSE,TRUE,TRUE
"formula",468,"reflexivity","C",TRUE,TRUE,TRUE,TRUE
"formula",468,"unequal_control","C",FALSE,FALSE,FALSE,FALSE
"formula",469,"forward_equal","C",TRUE,FALSE,TRUE,TRUE
"formula",469,"reverse_equal","C",TRUE,FALSE,TRUE,TRUE
"formula",469,"reflexivity","C",TRUE,TRUE,TRUE,TRUE
"formula",469,"unequal_control","C",FALSE,FALSE,FALSE,FALSE
"formula",470,"forward_equal","C",TRUE,FALSE,TRUE,TRUE
"formula",470,"reverse_equal","C",TRUE,FALSE,TRUE,TRUE
"formula",470,"reflexivity","C",TRUE,TRUE,TRUE,TRUE
"formula",470,"unequal_control","C",FALSE,FALSE,FALSE,FALSE
"formula",471,"forward_equal","C",TRUE,FALSE,TRUE,TRUE
"formula",471,"reverse_equal","C",TRUE,FALSE,TRUE,TRUE
"formula",471,"reflexivity","C",TRUE,TRUE,TRUE,TRUE
"formula",471,"unequal_control","C",FALSE,FALSE,FALSE,FALSE
"formula",472,"forward_equal","C",TRUE,FALSE,TRUE,TRUE
"formula",472,"reverse_equal","C",TRUE,FALSE,TRUE,TRUE
"formula",472,"reflexivity","C",TRUE,TRUE,TRUE,TRUE
"formula",472,"unequal_control","C",FALSE,FALSE,FALSE,FALSE
"formula",473,"forward_equal","C",TRUE,FALSE,TRUE,TRUE
"formula",473,"reverse_equal","C",TRUE,FALSE,TRUE,TRUE
"formula",473,"reflexivity","C",TRUE,TRUE,TRUE,TRUE
"formula",473,"unequal_control","C",FALSE,FALSE,FALSE,FALSE
"formula",474,"forward_equal","C",TRUE,FALSE,TRUE,TRUE
"formula",474,"reverse_equal","C",TRUE,FALSE,TRUE,TRUE
"formula",474,"reflexivity","C",TRUE,TRUE,TRUE,TRUE
"formula",474,"unequal_control","C",FALSE,FALSE,FALSE,FALSE
"formula",475,"forward_equal","C",TRUE,FALSE,TRUE,TRUE
"formula",475,"reverse_equal","C",TRUE,FALSE,TRUE,TRUE
"formula",475,"reflexivity","C",TRUE,TRUE,TRUE,TRUE
"formula",475,"unequal_control","C",FALSE,FALSE,FALSE,FALSE
"formula",476,"forward_equal","C",TRUE,FALSE,TRUE,TRUE
"formula",476,"reverse_equal","C",TRUE,FALSE,TRUE,TRUE
"formula",476,"reflexivity","C",TRUE,TRUE,TRUE,TRUE
"formula",476,"unequal_control","C",FALSE,FALSE,FALSE,FALSE
"formula",477,"forward_equal","C",TRUE,FALSE,TRUE,TRUE
"formula",477,"reverse_equal","C",TRUE,FALSE,TRUE,TRUE
"formula",477,"reflexivity","C",TRUE,TRUE,TRUE,TRUE
"formula",477,"unequal_control","C",FALSE,FALSE,FALSE,FALSE
"formula",478,"forward_equal","C",TRUE,FALSE,TRUE,TRUE
"formula",478,"reverse_equal","C",TRUE,FALSE,TRUE,TRUE
"formula",478,"reflexivity","C",TRUE,TRUE,TRUE,TRUE
"formula",478,"unequal_control","C",FALSE,FALSE,FALSE,FALSE
"formula",479,"forward_equal","C",TRUE,FALSE,TRUE,TRUE
"formula",479,"reverse_equal","C",TRUE,FALSE,TRUE,TRUE
"formula",479,"reflexivity","C",TRUE,TRUE,TRUE,TRUE
"formula",479,"unequal_control","C",FALSE,FALSE,FALSE,FALSE
"formula",480,"forward_equal","C",TRUE,FALSE,TRUE,TRUE
"formula",480,"reverse_equal","C",TRUE,FALSE,TRUE,TRUE
"formula",480,"reflexivity","C",TRUE,TRUE,TRUE,TRUE
"formula",480,"unequal_control","C",FALSE,FALSE,FALSE,FALSE
"formula",481,"forward_equal","C",TRUE,FALSE,TRUE,TRUE
"formula",481,"reverse_equal","C",TRUE,FALSE,TRUE,TRUE
"formula",481,"reflexivity","C",TRUE,TRUE,TRUE,TRUE
"formula",481,"unequal_control","C",FALSE,FALSE,FALSE,FALSE
"formula",482,"forward_equal","C",TRUE,FALSE,TRUE,TRUE
"formula",482,"reverse_equal","C",TRUE,FALSE,TRUE,TRUE
"formula",482,"reflexivity","C",TRUE,TRUE,TRUE,TRUE
"formula",482,"unequal_control","C",FALSE,FALSE,FALSE,FALSE
"formula",483,"forward_equal","C",TRUE,FALSE,TRUE,TRUE
"formula",483,"reverse_equal","C",TRUE,FALSE,TRUE,TRUE
"formula",483,"reflexivity","C",TRUE,TRUE,TRUE,TRUE
"formula",483,"unequal_control","C",FALSE,FALSE,FALSE,FALSE
"formula",484,"forward_equal","C",TRUE,FALSE,TRUE,TRUE
"formula",484,"reverse_equal","C",TRUE,FALSE,TRUE,TRUE
"formula",484,"reflexivity","C",TRUE,TRUE,TRUE,TRUE
"formula",484,"unequal_control","C",FALSE,FALSE,FALSE,FALSE
"formula",485,"forward_equal","C",TRUE,FALSE,TRUE,TRUE
"formula",485,"reverse_equal","C",TRUE,FALSE,TRUE,TRUE
"formula",485,"reflexivity","C",TRUE,TRUE,TRUE,TRUE
"formula",485,"unequal_control","C",FALSE,FALSE,FALSE,FALSE
"formula",486,"forward_equal","C",TRUE,FALSE,TRUE,TRUE
"formula",486,"reverse_equal","C",TRUE,FALSE,TRUE,TRUE
"formula",486,"reflexivity","C",TRUE,TRUE,TRUE,TRUE
"formula",486,"unequal_control","C",FALSE,FALSE,FALSE,FALSE
"formula",487,"forward_equal","C",TRUE,FALSE,TRUE,TRUE
"formula",487,"reverse_equal","C",TRUE,FALSE,TRUE,TRUE
"formula",487,"reflexivity","C",TRUE,TRUE,TRUE,TRUE
"formula",487,"unequal_control","C",FALSE,FALSE,FALSE,FALSE
"formula",488,"forward_equal","C",TRUE,FALSE,TRUE,TRUE
"formula",488,"reverse_equal","C",TRUE,FALSE,TRUE,TRUE
"formula",488,"reflexivity","C",TRUE,TRUE,TRUE,TRUE
"formula",488,"unequal_control","C",FALSE,FALSE,FALSE,FALSE
"formula",489,"forward_equal","C",TRUE,FALSE,TRUE,TRUE
"formula",489,"reverse_equal","C",TRUE,FALSE,TRUE,TRUE
"formula",489,"reflexivity","C",TRUE,TRUE,TRUE,TRUE
"formula",489,"unequal_control","C",FALSE,FALSE,FALSE,FALSE
"formula",490,"forward_equal","C",TRUE,FALSE,TRUE,TRUE
"formula",490,"reverse_equal","C",TRUE,FALSE,TRUE,TRUE
"formula",490,"reflexivity","C",TRUE,TRUE,TRUE,TRUE
"formula",490,"unequal_control","C",FALSE,FALSE,FALSE,FALSE
"formula",491,"forward_equal","C",TRUE,FALSE,TRUE,TRUE
"formula",491,"reverse_equal","C",TRUE,FALSE,TRUE,TRUE
"formula",491,"reflexivity","C",TRUE,TRUE,TRUE,TRUE
"formula",491,"unequal_control","C",FALSE,FALSE,FALSE,FALSE
"formula",492,"forward_equal","C",TRUE,FALSE,TRUE,TRUE
"formula",492,"reverse_equal","C",TRUE,FALSE,TRUE,TRUE
"formula",492,"reflexivity","C",TRUE,TRUE,TRUE,TRUE
"formula",492,"unequal_control","C",FALSE,FALSE,FALSE,FALSE
"formula",493,"forward_equal","C",TRUE,FALSE,TRUE,TRUE
"formula",493,"reverse_equal","C",TRUE,FALSE,TRUE,TRUE
"formula",493,"reflexivity","C",TRUE,TRUE,TRUE,TRUE
"formula",493,"unequal_control","C",FALSE,FALSE,FALSE,FALSE
"formula",494,"forward_equal","C",TRUE,FALSE,TRUE,TRUE
"formula",494,"reverse_equal","C",TRUE,FALSE,TRUE,TRUE
"formula",494,"reflexivity","C",TRUE,TRUE,TRUE,TRUE
"formula",494,"unequal_control","C",FALSE,FALSE,FALSE,FALSE
"formula",495,"forward_equal","C",TRUE,FALSE,TRUE,TRUE
"formula",495,"reverse_equal","C",TRUE,FALSE,TRUE,TRUE
"formula",495,"reflexivity","C",TRUE,TRUE,TRUE,TRUE
"formula",495,"unequal_control","C",FALSE,FALSE,FALSE,FALSE
"formula",496,"forward_equal","C",TRUE,FALSE,TRUE,TRUE
"formula",496,"reverse_equal","C",TRUE,FALSE,TRUE,TRUE
"formula",496,"reflexivity","C",TRUE,TRUE,TRUE,TRUE
"formula",496,"unequal_control","C",FALSE,FALSE,FALSE,FALSE
"formula",497,"forward_equal","C",TRUE,FALSE,TRUE,TRUE
"formula",497,"reverse_equal","C",TRUE,FALSE,TRUE,TRUE
"formula",497,"reflexivity","C",TRUE,TRUE,TRUE,TRUE
"formula",497,"unequal_control","C",FALSE,FALSE,FALSE,FALSE
"formula",498,"forward_equal","C",TRUE,FALSE,TRUE,TRUE
"formula",498,"reverse_equal","C",TRUE,FALSE,TRUE,TRUE
"formula",498,"reflexivity","C",TRUE,TRUE,TRUE,TRUE
"formula",498,"unequal_control","C",FALSE,FALSE,FALSE,FALSE
"formula",499,"forward_equal","C",TRUE,FALSE,TRUE,TRUE
"formula",499,"reverse_equal","C",TRUE,FALSE,TRUE,TRUE
"formula",499,"reflexivity","C",TRUE,TRUE,TRUE,TRUE
"formula",499,"unequal_control","C",FALSE,FALSE,FALSE,FALSE
"formula",500,"forward_equal","C",TRUE,FALSE,TRUE,TRUE
"formula",500,"reverse_equal","C",TRUE,FALSE,TRUE,TRUE
"formula",500,"reflexivity","C",TRUE,TRUE,TRUE,TRUE
"formula",500,"unequal_control","C",FALSE,FALSE,FALSE,FALSE
"formula",501,"forward_equal","C",TRUE,FALSE,TRUE,TRUE
"formula",501,"reverse_equal","C",TRUE,FALSE,TRUE,TRUE
"formula",501,"reflexivity","C",TRUE,TRUE,TRUE,TRUE
"formula",501,"unequal_control","C",FALSE,FALSE,FALSE,FALSE
"formula",502,"forward_equal","C",TRUE,FALSE,TRUE,TRUE
"formula",502,"reverse_equal","C",TRUE,FALSE,TRUE,TRUE
"formula",502,"reflexivity","C",TRUE,TRUE,TRUE,TRUE
"formula",502,"unequal_control","C",FALSE,FALSE,FALSE,FALSE
"formula",503,"forward_equal","C",TRUE,FALSE,TRUE,TRUE
"formula",503,"reverse_equal","C",TRUE,FALSE,TRUE,TRUE
"formula",503,"reflexivity","C",TRUE,TRUE,TRUE,TRUE
"formula",503,"unequal_control","C",FALSE,FALSE,FALSE,FALSE
"formula",504,"forward_equal","C",TRUE,FALSE,TRUE,TRUE
"formula",504,"reverse_equal","C",TRUE,FALSE,TRUE,TRUE
"formula",504,"reflexivity","C",TRUE,TRUE,TRUE,TRUE
"formula",504,"unequal_control","C",FALSE,FALSE,FALSE,FALSE
"formula",505,"forward_equal","C",TRUE,FALSE,TRUE,TRUE
"formula",505,"reverse_equal","C",TRUE,FALSE,TRUE,TRUE
"formula",505,"reflexivity","C",TRUE,TRUE,TRUE,TRUE
"formula",505,"unequal_control","C",FALSE,FALSE,FALSE,FALSE
"formula",506,"forward_equal","C",TRUE,FALSE,TRUE,TRUE
"formula",506,"reverse_equal","C",TRUE,FALSE,TRUE,TRUE
"formula",506,"reflexivity","C",TRUE,TRUE,TRUE,TRUE
"formula",506,"unequal_control","C",FALSE,FALSE,FALSE,FALSE
"formula",507,"forward_equal","C",TRUE,FALSE,TRUE,TRUE
"formula",507,"reverse_equal","C",TRUE,FALSE,TRUE,TRUE
"formula",507,"reflexivity","C",TRUE,TRUE,TRUE,TRUE
"formula",507,"unequal_control","C",FALSE,FALSE,FALSE,FALSE
"formula",508,"forward_equal","C",TRUE,FALSE,TRUE,TRUE
"formula",508,"reverse_equal","C",TRUE,FALSE,TRUE,TRUE
"formula",508,"reflexivity","C",TRUE,TRUE,TRUE,TRUE
"formula",508,"unequal_control","C",FALSE,FALSE,FALSE,FALSE
"formula",509,"forward_equal","C",TRUE,FALSE,TRUE,TRUE
"formula",509,"reverse_equal","C",TRUE,FALSE,TRUE,TRUE
"formula",509,"reflexivity","C",TRUE,TRUE,TRUE,TRUE
"formula",509,"unequal_control","C",FALSE,FALSE,FALSE,FALSE
"formula",510,"forward_equal","C",TRUE,FALSE,TRUE,TRUE
"formula",510,"reverse_equal","C",TRUE,FALSE,TRUE,TRUE
"formula",510,"reflexivity","C",TRUE,TRUE,TRUE,TRUE
"formula",510,"unequal_control","C",FALSE,FALSE,FALSE,FALSE
"formula",511,"forward_equal","C",TRUE,FALSE,TRUE,TRUE
"formula",511,"reverse_equal","C",TRUE,FALSE,TRUE,TRUE
"formula",511,"reflexivity","C",TRUE,TRUE,TRUE,TRUE
"formula",511,"unequal_control","C",FALSE,FALSE,FALSE,FALSE
"formula",512,"forward_equal","C",TRUE,FALSE,TRUE,TRUE
"formula",512,"reverse_equal","C",TRUE,FALSE,TRUE,TRUE
"formula",512,"reflexivity","C",TRUE,TRUE,TRUE,TRUE
"formula",512,"unequal_control","C",FALSE,FALSE,FALSE,FALSE
"formula",513,"forward_equal","C",TRUE,FALSE,TRUE,TRUE
"formula",513,"reverse_equal","C",TRUE,FALSE,TRUE,TRUE
"formula",513,"reflexivity","C",TRUE,TRUE,TRUE,TRUE
"formula",513,"unequal_control","C",FALSE,FALSE,FALSE,FALSE
"formula",514,"forward_equal","C",TRUE,FALSE,TRUE,TRUE
"formula",514,"reverse_equal","C",TRUE,FALSE,TRUE,TRUE
"formula",514,"reflexivity","C",TRUE,TRUE,TRUE,TRUE
"formula",514,"unequal_control","C",FALSE,FALSE,FALSE,FALSE
"formula",515,"forward_equal","C",TRUE,FALSE,TRUE,TRUE
"formula",515,"reverse_equal","C",TRUE,FALSE,TRUE,TRUE
"formula",515,"reflexivity","C",TRUE,TRUE,TRUE,TRUE
"formula",515,"unequal_control","C",FALSE,FALSE,FALSE,FALSE
"formula",516,"forward_equal","C",TRUE,FALSE,TRUE,TRUE
"formula",516,"reverse_equal","C",TRUE,FALSE,TRUE,TRUE
"formula",516,"reflexivity","C",TRUE,TRUE,TRUE,TRUE
"formula",516,"unequal_control","C",FALSE,FALSE,FALSE,FALSE
"formula",517,"forward_equal","C",TRUE,FALSE,TRUE,TRUE
"formula",517,"reverse_equal","C",TRUE,FALSE,TRUE,TRUE
"formula",517,"reflexivity","C",TRUE,TRUE,TRUE,TRUE
"formula",517,"unequal_control","C",FALSE,FALSE,FALSE,FALSE
"formula",518,"forward_equal","C",TRUE,FALSE,TRUE,TRUE
"formula",518,"reverse_equal","C",TRUE,FALSE,TRUE,TRUE
"formula",518,"reflexivity","C",TRUE,TRUE,TRUE,TRUE
"formula",518,"unequal_control","C",FALSE,FALSE,FALSE,FALSE
"formula",519,"forward_equal","C",TRUE,FALSE,TRUE,TRUE
"formula",519,"reverse_equal","C",TRUE,FALSE,TRUE,TRUE
"formula",519,"reflexivity","C",TRUE,TRUE,TRUE,TRUE
"formula",519,"unequal_control","C",FALSE,FALSE,FALSE,FALSE
"formula",520,"forward_equal","C",TRUE,FALSE,TRUE,TRUE
"formula",520,"reverse_equal","C",TRUE,FALSE,TRUE,TRUE
"formula",520,"reflexivity","C",TRUE,TRUE,TRUE,TRUE
"formula",520,"unequal_control","C",FALSE,FALSE,FALSE,FALSE
"formula",521,"forward_equal","C",TRUE,FALSE,TRUE,TRUE
"formula",521,"reverse_equal","C",TRUE,FALSE,TRUE,TRUE
"formula",521,"reflexivity","C",TRUE,TRUE,TRUE,TRUE
"formula",521,"unequal_control","C",FALSE,FALSE,FALSE,FALSE
"formula",522,"forward_equal","C",TRUE,FALSE,TRUE,TRUE
"formula",522,"reverse_equal","C",TRUE,FALSE,TRUE,TRUE
"formula",522,"reflexivity","C",TRUE,TRUE,TRUE,TRUE
"formula",522,"unequal_control","C",FALSE,FALSE,FALSE,FALSE
"formula",523,"forward_equal","C",TRUE,FALSE,TRUE,TRUE
"formula",523,"reverse_equal","C",TRUE,FALSE,TRUE,TRUE
"formula",523,"reflexivity","C",TRUE,TRUE,TRUE,TRUE
"formula",523,"unequal_control","C",FALSE,FALSE,FALSE,FALSE
"formula",524,"forward_equal","C",TRUE,FALSE,TRUE,TRUE
"formula",524,"reverse_equal","C",TRUE,FALSE,TRUE,TRUE
"formula",524,"reflexivity","C",TRUE,TRUE,TRUE,TRUE
"formula",524,"unequal_control","C",FALSE,FALSE,FALSE,FALSE
"formula",525,"forward_equal","C",TRUE,FALSE,TRUE,TRUE
"formula",525,"reverse_equal","C",TRUE,FALSE,TRUE,TRUE
"formula",525,"reflexivity","C",TRUE,TRUE,TRUE,TRUE
"formula",525,"unequal_control","C",FALSE,FALSE,FALSE,FALSE
"formula",526,"forward_equal","C",TRUE,FALSE,TRUE,TRUE
"formula",526,"reverse_equal","C",TRUE,FALSE,TRUE,TRUE
"formula",526,"reflexivity","C",TRUE,TRUE,TRUE,TRUE
"formula",526,"unequal_control","C",FALSE,FALSE,FALSE,FALSE
"formula",527,"forward_equal","C",TRUE,FALSE,TRUE,TRUE
"formula",527,"reverse_equal","C",TRUE,FALSE,TRUE,TRUE
"formula",527,"reflexivity","C",TRUE,TRUE,TRUE,TRUE
"formula",527,"unequal_control","C",FALSE,FALSE,FALSE,FALSE
"formula",528,"forward_equal","C",TRUE,FALSE,TRUE,TRUE
"formula",528,"reverse_equal","C",TRUE,FALSE,TRUE,TRUE
"formula",528,"reflexivity","C",TRUE,TRUE,TRUE,TRUE
"formula",528,"unequal_control","C",FALSE,FALSE,FALSE,FALSE
"formula",529,"forward_equal","C",TRUE,FALSE,TRUE,TRUE
"formula",529,"reverse_equal","C",TRUE,FALSE,TRUE,TRUE
"formula",529,"reflexivity","C",TRUE,TRUE,TRUE,TRUE
"formula",529,"unequal_control","C",FALSE,FALSE,FALSE,FALSE
"formula",530,"forward_equal","C",TRUE,FALSE,TRUE,TRUE
"formula",530,"reverse_equal","C",TRUE,FALSE,TRUE,TRUE
"formula",530,"reflexivity","C",TRUE,TRUE,TRUE,TRUE
"formula",530,"unequal_control","C",FALSE,FALSE,FALSE,FALSE
"formula",531,"forward_equal","C",TRUE,FALSE,TRUE,TRUE
"formula",531,"reverse_equal","C",TRUE,FALSE,TRUE,TRUE
"formula",531,"reflexivity","C",TRUE,TRUE,TRUE,TRUE
"formula",531,"unequal_control","C",FALSE,FALSE,FALSE,FALSE
"formula",532,"forward_equal","C",TRUE,FALSE,TRUE,TRUE
"formula",532,"reverse_equal","C",TRUE,FALSE,TRUE,TRUE
"formula",532,"reflexivity","C",TRUE,TRUE,TRUE,TRUE
"formula",532,"unequal_control","C",FALSE,FALSE,FALSE,FALSE
"formula",533,"forward_equal","C",TRUE,FALSE,TRUE,TRUE
"formula",533,"reverse_equal","C",TRUE,FALSE,TRUE,TRUE
"formula",533,"reflexivity","C",TRUE,TRUE,TRUE,TRUE
"formula",533,"unequal_control","C",FALSE,FALSE,FALSE,FALSE
"formula",534,"forward_equal","C",TRUE,FALSE,TRUE,TRUE
"formula",534,"reverse_equal","C",TRUE,FALSE,TRUE,TRUE
"formula",534,"reflexivity","C",TRUE,TRUE,TRUE,TRUE
"formula",534,"unequal_control","C",FALSE,FALSE,FALSE,FALSE
"formula",535,"forward_equal","C",TRUE,FALSE,TRUE,TRUE
"formula",535,"reverse_equal","C",TRUE,FALSE,TRUE,TRUE
"formula",535,"reflexivity","C",TRUE,TRUE,TRUE,TRUE
"formula",535,"unequal_control","C",FALSE,FALSE,FALSE,FALSE
"formula",536,"forward_equal","C",TRUE,FALSE,TRUE,TRUE
"formula",536,"reverse_equal","C",TRUE,FALSE,TRUE,TRUE
"formula",536,"reflexivity","C",TRUE,TRUE,TRUE,TRUE
"formula",536,"unequal_control","C",FALSE,FALSE,FALSE,FALSE
"formula",537,"forward_equal","C",TRUE,FALSE,TRUE,TRUE
"formula",537,"reverse_equal","C",TRUE,FALSE,TRUE,TRUE
"formula",537,"reflexivity","C",TRUE,TRUE,TRUE,TRUE
"formula",537,"unequal_control","C",FALSE,FALSE,FALSE,FALSE
"formula",538,"forward_equal","C",TRUE,FALSE,TRUE,TRUE
"formula",538,"reverse_equal","C",TRUE,FALSE,TRUE,TRUE
"formula",538,"reflexivity","C",TRUE,TRUE,TRUE,TRUE
"formula",538,"unequal_control","C",FALSE,FALSE,FALSE,FALSE
"formula",539,"forward_equal","C",TRUE,FALSE,TRUE,TRUE
"formula",539,"reverse_equal","C",TRUE,FALSE,TRUE,TRUE
"formula",539,"reflexivity","C",TRUE,TRUE,TRUE,TRUE
"formula",539,"unequal_control","C",FALSE,FALSE,FALSE,FALSE
"formula",540,"forward_equal","C",TRUE,FALSE,TRUE,TRUE
"formula",540,"reverse_equal","C",TRUE,FALSE,TRUE,TRUE
"formula",540,"reflexivity","C",TRUE,TRUE,TRUE,TRUE
"formula",540,"unequal_control","C",FALSE,FALSE,FALSE,FALSE
"formula",541,"forward_equal","C",TRUE,TRUE,TRUE,TRUE
"formula",541,"reverse_equal","C",TRUE,TRUE,TRUE,TRUE
"formula",541,"reflexivity","C",TRUE,TRUE,TRUE,TRUE
"formula",541,"unequal_control","C",FALSE,FALSE,FALSE,FALSE
"formula",542,"forward_equal","C",TRUE,TRUE,TRUE,TRUE
"formula",542,"reverse_equal","C",TRUE,TRUE,TRUE,TRUE
"formula",542,"reflexivity","C",TRUE,TRUE,TRUE,TRUE
"formula",542,"unequal_control","C",FALSE,FALSE,FALSE,FALSE
"formula",543,"forward_equal","C",TRUE,TRUE,TRUE,TRUE
"formula",543,"reverse_equal","C",TRUE,TRUE,TRUE,TRUE
"formula",543,"reflexivity","C",TRUE,TRUE,TRUE,TRUE
"formula",543,"unequal_control","C",FALSE,FALSE,FALSE,FALSE
"formula",544,"forward_equal","C",TRUE,TRUE,TRUE,TRUE
"formula",544,"reverse_equal","C",TRUE,TRUE,TRUE,TRUE
"formula",544,"reflexivity","C",TRUE,TRUE,TRUE,TRUE
"formula",544,"unequal_control","C",FALSE,FALSE,FALSE,FALSE
"formula",545,"forward_equal","C",TRUE,TRUE,TRUE,TRUE
"formula",545,"reverse_equal","C",TRUE,TRUE,TRUE,TRUE
"formula",545,"reflexivity","C",TRUE,TRUE,TRUE,TRUE
"formula",545,"unequal_control","C",FALSE,FALSE,FALSE,FALSE
"formula",546,"forward_equal","C",TRUE,TRUE,TRUE,TRUE
"formula",546,"reverse_equal","C",TRUE,TRUE,TRUE,TRUE
"formula",546,"reflexivity","C",TRUE,TRUE,TRUE,TRUE
"formula",546,"unequal_control","C",FALSE,FALSE,FALSE,FALSE
"formula",547,"forward_equal","C",TRUE,TRUE,TRUE,TRUE
"formula",547,"reverse_equal","C",TRUE,TRUE,TRUE,TRUE
"formula",547,"reflexivity","C",TRUE,TRUE,TRUE,TRUE
"formula",547,"unequal_control","C",FALSE,FALSE,FALSE,FALSE
"formula",548,"forward_equal","C",TRUE,TRUE,TRUE,TRUE
"formula",548,"reverse_equal","C",TRUE,TRUE,TRUE,TRUE
"formula",548,"reflexivity","C",TRUE,TRUE,TRUE,TRUE
"formula",548,"unequal_control","C",FALSE,FALSE,FALSE,FALSE
"formula",549,"forward_equal","C",TRUE,TRUE,TRUE,TRUE
"formula",549,"reverse_equal","C",TRUE,TRUE,TRUE,TRUE
"formula",549,"reflexivity","C",TRUE,TRUE,TRUE,TRUE
"formula",549,"unequal_control","C",FALSE,FALSE,FALSE,FALSE
"formula",550,"forward_equal","C",TRUE,TRUE,TRUE,TRUE
"formula",550,"reverse_equal","C",TRUE,TRUE,TRUE,TRUE
"formula",550,"reflexivity","C",TRUE,TRUE,TRUE,TRUE
"formula",550,"unequal_control","C",FALSE,FALSE,FALSE,FALSE
"formula",551,"forward_equal","C",TRUE,TRUE,TRUE,TRUE
"formula",551,"reverse_equal","C",TRUE,TRUE,TRUE,TRUE
"formula",551,"reflexivity","C",TRUE,TRUE,TRUE,TRUE
"formula",551,"unequal_control","C",FALSE,FALSE,FALSE,FALSE
"formula",552,"forward_equal","C",TRUE,TRUE,TRUE,TRUE
"formula",552,"reverse_equal","C",TRUE,TRUE,TRUE,TRUE
"formula",552,"reflexivity","C",TRUE,TRUE,TRUE,TRUE
"formula",552,"unequal_control","C",FALSE,FALSE,FALSE,FALSE
"formula",553,"forward_equal","C",TRUE,TRUE,TRUE,TRUE
"formula",553,"reverse_equal","C",TRUE,TRUE,TRUE,TRUE
"formula",553,"reflexivity","C",TRUE,TRUE,TRUE,TRUE
"formula",553,"unequal_control","C",FALSE,FALSE,FALSE,FALSE
"formula",554,"forward_equal","C",TRUE,TRUE,TRUE,TRUE
"formula",554,"reverse_equal","C",TRUE,TRUE,TRUE,TRUE
"formula",554,"reflexivity","C",TRUE,TRUE,TRUE,TRUE
"formula",554,"unequal_control","C",FALSE,FALSE,FALSE,FALSE
"formula",555,"forward_equal","C",TRUE,TRUE,TRUE,TRUE
"formula",555,"reverse_equal","C",TRUE,TRUE,TRUE,TRUE
"formula",555,"reflexivity","C",TRUE,TRUE,TRUE,TRUE
"formula",555,"unequal_control","C",FALSE,FALSE,FALSE,FALSE
"formula",556,"forward_equal","C",TRUE,TRUE,TRUE,TRUE
"formula",556,"reverse_equal","C",TRUE,TRUE,TRUE,TRUE
"formula",556,"reflexivity","C",TRUE,TRUE,TRUE,TRUE
"formula",556,"unequal_control","C",FALSE,FALSE,FALSE,FALSE
"formula",557,"forward_equal","C",TRUE,TRUE,TRUE,TRUE
"formula",557,"reverse_equal","C",TRUE,TRUE,TRUE,TRUE
"formula",557,"reflexivity","C",TRUE,TRUE,TRUE,TRUE
"formula",557,"unequal_control","C",FALSE,FALSE,FALSE,FALSE
"formula",558,"forward_equal","C",TRUE,TRUE,TRUE,TRUE
"formula",558,"reverse_equal","C",TRUE,TRUE,TRUE,TRUE
"formula",558,"reflexivity","C",TRUE,TRUE,TRUE,TRUE
"formula",558,"unequal_control","C",FALSE,FALSE,FALSE,FALSE
"formula",559,"forward_equal","C",TRUE,TRUE,TRUE,TRUE
"formula",559,"reverse_equal","C",TRUE,TRUE,TRUE,TRUE
"formula",559,"reflexivity","C",TRUE,TRUE,TRUE,TRUE
"formula",559,"unequal_control","C",FALSE,FALSE,FALSE,FALSE
"formula",560,"forward_equal","C",TRUE,TRUE,TRUE,TRUE
"formula",560,"reverse_equal","C",TRUE,TRUE,TRUE,TRUE
"formula",560,"reflexivity","C",TRUE,TRUE,TRUE,TRUE
"formula",560,"unequal_control","C",FALSE,FALSE,FALSE,FALSE
"formula",561,"forward_equal","C",TRUE,TRUE,TRUE,TRUE
"formula",561,"reverse_equal","C",TRUE,TRUE,TRUE,TRUE
"formula",561,"reflexivity","C",TRUE,TRUE,TRUE,TRUE
"formula",561,"unequal_control","C",FALSE,FALSE,FALSE,FALSE
"formula",562,"forward_equal","C",TRUE,TRUE,TRUE,TRUE
"formula",562,"reverse_equal","C",TRUE,TRUE,TRUE,TRUE
"formula",562,"reflexivity","C",TRUE,TRUE,TRUE,TRUE
"formula",562,"unequal_control","C",FALSE,FALSE,FALSE,FALSE
"formula",563,"forward_equal","C",TRUE,TRUE,TRUE,TRUE
"formula",563,"reverse_equal","C",TRUE,TRUE,TRUE,TRUE
"formula",563,"reflexivity","C",TRUE,TRUE,TRUE,TRUE
"formula",563,"unequal_control","C",FALSE,FALSE,FALSE,FALSE
"formula",564,"forward_equal","C",TRUE,TRUE,TRUE,TRUE
"formula",564,"reverse_equal","C",TRUE,TRUE,TRUE,TRUE
"formula",564,"reflexivity","C",TRUE,TRUE,TRUE,TRUE
"formula",564,"unequal_control","C",FALSE,FALSE,FALSE,FALSE
"formula",565,"forward_equal","C",TRUE,TRUE,TRUE,TRUE
"formula",565,"reverse_equal","C",TRUE,TRUE,TRUE,TRUE
"formula",565,"reflexivity","C",TRUE,TRUE,TRUE,TRUE
"formula",565,"unequal_control","C",FALSE,FALSE,FALSE,FALSE
"formula",566,"forward_equal","C",TRUE,TRUE,TRUE,TRUE
"formula",566,"reverse_equal","C",TRUE,TRUE,TRUE,TRUE
"formula",566,"reflexivity","C",TRUE,TRUE,TRUE,TRUE
"formula",566,"unequal_control","C",FALSE,FALSE,FALSE,FALSE
"formula",567,"forward_equal","C",TRUE,TRUE,TRUE,TRUE
"formula",567,"reverse_equal","C",TRUE,TRUE,TRUE,TRUE
"formula",567,"reflexivity","C",TRUE,TRUE,TRUE,TRUE
"formula",567,"unequal_control","C",FALSE,FALSE,FALSE,FALSE
"formula",568,"forward_equal","C",TRUE,TRUE,TRUE,TRUE
"formula",568,"reverse_equal","C",TRUE,TRUE,TRUE,TRUE
"formula",568,"reflexivity","C",TRUE,TRUE,TRUE,TRUE
"formula",568,"unequal_control","C",FALSE,FALSE,FALSE,FALSE
"formula",569,"forward_equal","C",TRUE,TRUE,TRUE,TRUE
"formula",569,"reverse_equal","C",TRUE,TRUE,TRUE,TRUE
"formula",569,"reflexivity","C",TRUE,TRUE,TRUE,TRUE
"formula",569,"unequal_control","C",FALSE,FALSE,FALSE,FALSE
"formula",570,"forward_equal","C",TRUE,TRUE,TRUE,TRUE
"formula",570,"reverse_equal","C",TRUE,TRUE,TRUE,TRUE
"formula",570,"reflexivity","C",TRUE,TRUE,TRUE,TRUE
"formula",570,"unequal_control","C",FALSE,FALSE,FALSE,FALSE
"formula",571,"forward_equal","C",TRUE,TRUE,TRUE,TRUE
"formula",571,"reverse_equal","C",TRUE,TRUE,TRUE,TRUE
"formula",571,"reflexivity","C",TRUE,TRUE,TRUE,TRUE
"formula",571,"unequal_control","C",FALSE,FALSE,FALSE,FALSE
"formula",572,"forward_equal","C",TRUE,TRUE,TRUE,TRUE
"formula",572,"reverse_equal","C",TRUE,TRUE,TRUE,TRUE
"formula",572,"reflexivity","C",TRUE,TRUE,TRUE,TRUE
"formula",572,"unequal_control","C",FALSE,FALSE,FALSE,FALSE
"formula",573,"forward_equal","C",TRUE,TRUE,TRUE,TRUE
"formula",573,"reverse_equal","C",TRUE,TRUE,TRUE,TRUE
"formula",573,"reflexivity","C",TRUE,TRUE,TRUE,TRUE
"formula",573,"unequal_control","C",FALSE,FALSE,FALSE,FALSE
"formula",574,"forward_equal","C",TRUE,TRUE,TRUE,TRUE
"formula",574,"reverse_equal","C",TRUE,TRUE,TRUE,TRUE
"formula",574,"reflexivity","C",TRUE,TRUE,TRUE,TRUE
"formula",574,"unequal_control","C",FALSE,FALSE,FALSE,FALSE
"formula",575,"forward_equal","C",TRUE,TRUE,TRUE,TRUE
"formula",575,"reverse_equal","C",TRUE,TRUE,TRUE,TRUE
"formula",575,"reflexivity","C",TRUE,TRUE,TRUE,TRUE
"formula",575,"unequal_control","C",FALSE,FALSE,FALSE,FALSE
"formula",576,"forward_equal","C",TRUE,TRUE,TRUE,TRUE
"formula",576,"reverse_equal","C",TRUE,TRUE,TRUE,TRUE
"formula",576,"reflexivity","C",TRUE,TRUE,TRUE,TRUE
"formula",576,"unequal_control","C",FALSE,FALSE,FALSE,FALSE
"formula",577,"forward_equal","C",TRUE,FALSE,TRUE,TRUE
"formula",577,"reverse_equal","C",TRUE,FALSE,TRUE,TRUE
"formula",577,"reflexivity","C",TRUE,TRUE,TRUE,TRUE
"formula",577,"unequal_control","C",FALSE,FALSE,FALSE,FALSE
"formula",578,"forward_equal","C",TRUE,FALSE,TRUE,TRUE
"formula",578,"reverse_equal","C",TRUE,FALSE,TRUE,TRUE
"formula",578,"reflexivity","C",TRUE,TRUE,TRUE,TRUE
"formula",578,"unequal_control","C",FALSE,FALSE,FALSE,FALSE
"formula",579,"forward_equal","C",TRUE,FALSE,TRUE,TRUE
"formula",579,"reverse_equal","C",TRUE,FALSE,TRUE,TRUE
"formula",579,"reflexivity","C",TRUE,TRUE,TRUE,TRUE
"formula",579,"unequal_control","C",FALSE,FALSE,FALSE,FALSE
"formula",580,"forward_equal","C",TRUE,FALSE,TRUE,TRUE
"formula",580,"reverse_equal","C",TRUE,FALSE,TRUE,TRUE
"formula",580,"reflexivity","C",TRUE,TRUE,TRUE,TRUE
"formula",580,"unequal_control","C",FALSE,FALSE,FALSE,FALSE
"formula",581,"forward_equal","C",TRUE,FALSE,TRUE,TRUE
"formula",581,"reverse_equal","C",TRUE,FALSE,TRUE,TRUE
"formula",581,"reflexivity","C",TRUE,TRUE,TRUE,TRUE
"formula",581,"unequal_control","C",FALSE,FALSE,FALSE,FALSE
"formula",582,"forward_equal","C",TRUE,FALSE,TRUE,TRUE
"formula",582,"reverse_equal","C",TRUE,FALSE,TRUE,TRUE
"formula",582,"reflexivity","C",TRUE,TRUE,TRUE,TRUE
"formula",582,"unequal_control","C",FALSE,FALSE,FALSE,FALSE
"formula",583,"forward_equal","C",TRUE,FALSE,TRUE,TRUE
"formula",583,"reverse_equal","C",TRUE,FALSE,TRUE,TRUE
"formula",583,"reflexivity","C",TRUE,TRUE,TRUE,TRUE
"formula",583,"unequal_control","C",FALSE,FALSE,FALSE,FALSE
"formula",584,"forward_equal","C",TRUE,FALSE,TRUE,TRUE
"formula",584,"reverse_equal","C",TRUE,FALSE,TRUE,TRUE
"formula",584,"reflexivity","C",TRUE,TRUE,TRUE,TRUE
"formula",584,"unequal_control","C",FALSE,FALSE,FALSE,FALSE
"formula",585,"forward_equal","C",TRUE,FALSE,TRUE,TRUE
"formula",585,"reverse_equal","C",TRUE,FALSE,TRUE,TRUE
"formula",585,"reflexivity","C",TRUE,TRUE,TRUE,TRUE
"formula",585,"unequal_control","C",FALSE,FALSE,FALSE,FALSE
"formula",586,"forward_equal","C",TRUE,FALSE,TRUE,TRUE
"formula",586,"reverse_equal","C",TRUE,FALSE,TRUE,TRUE
"formula",586,"reflexivity","C",TRUE,TRUE,TRUE,TRUE
"formula",586,"unequal_control","C",FALSE,FALSE,FALSE,FALSE
"formula",587,"forward_equal","C",TRUE,FALSE,TRUE,TRUE
"formula",587,"reverse_equal","C",TRUE,FALSE,TRUE,TRUE
"formula",587,"reflexivity","C",TRUE,TRUE,TRUE,TRUE
"formula",587,"unequal_control","C",FALSE,FALSE,FALSE,FALSE
"formula",588,"forward_equal","C",TRUE,FALSE,TRUE,TRUE
"formula",588,"reverse_equal","C",TRUE,FALSE,TRUE,TRUE
"formula",588,"reflexivity","C",TRUE,TRUE,TRUE,TRUE
"formula",588,"unequal_control","C",FALSE,FALSE,FALSE,FALSE
"formula",589,"forward_equal","C",TRUE,FALSE,TRUE,TRUE
"formula",589,"reverse_equal","C",TRUE,FALSE,TRUE,TRUE
"formula",589,"reflexivity","C",TRUE,TRUE,TRUE,TRUE
"formula",589,"unequal_control","C",FALSE,FALSE,FALSE,FALSE
"formula",590,"forward_equal","C",TRUE,FALSE,TRUE,TRUE
"formula",590,"reverse_equal","C",TRUE,FALSE,TRUE,TRUE
"formula",590,"reflexivity","C",TRUE,TRUE,TRUE,TRUE
"formula",590,"unequal_control","C",FALSE,FALSE,FALSE,FALSE
"formula",591,"forward_equal","C",TRUE,FALSE,TRUE,TRUE
"formula",591,"reverse_equal","C",TRUE,FALSE,TRUE,TRUE
"formula",591,"reflexivity","C",TRUE,TRUE,TRUE,TRUE
"formula",591,"unequal_control","C",FALSE,FALSE,FALSE,FALSE
"formula",592,"forward_equal","C",TRUE,FALSE,TRUE,TRUE
"formula",592,"reverse_equal","C",TRUE,FALSE,TRUE,TRUE
"formula",592,"reflexivity","C",TRUE,TRUE,TRUE,TRUE
"formula",592,"unequal_control","C",FALSE,FALSE,FALSE,FALSE
"formula",593,"forward_equal","C",TRUE,FALSE,TRUE,TRUE
"formula",593,"reverse_equal","C",TRUE,FALSE,TRUE,TRUE
"formula",593,"reflexivity","C",TRUE,TRUE,TRUE,TRUE
"formula",593,"unequal_control","C",FALSE,FALSE,FALSE,FALSE
"formula",594,"forward_equal","C",TRUE,FALSE,TRUE,TRUE
"formula",594,"reverse_equal","C",TRUE,FALSE,TRUE,TRUE
"formula",594,"reflexivity","C",TRUE,TRUE,TRUE,TRUE
"formula",594,"unequal_control","C",FALSE,FALSE,FALSE,FALSE
"formula",595,"forward_equal","C",TRUE,FALSE,TRUE,TRUE
"formula",595,"reverse_equal","C",TRUE,FALSE,TRUE,TRUE
"formula",595,"reflexivity","C",TRUE,TRUE,TRUE,TRUE
"formula",595,"unequal_control","C",FALSE,FALSE,FALSE,FALSE
"formula",596,"forward_equal","C",TRUE,FALSE,TRUE,TRUE
"formula",596,"reverse_equal","C",TRUE,FALSE,TRUE,TRUE
"formula",596,"reflexivity","C",TRUE,TRUE,TRUE,TRUE
"formula",596,"unequal_control","C",FALSE,FALSE,FALSE,FALSE
"formula",597,"forward_equal","C",TRUE,FALSE,TRUE,TRUE
"formula",597,"reverse_equal","C",TRUE,FALSE,TRUE,TRUE
"formula",597,"reflexivity","C",TRUE,TRUE,TRUE,TRUE
"formula",597,"unequal_control","C",FALSE,FALSE,FALSE,FALSE
"formula",598,"forward_equal","C",TRUE,FALSE,TRUE,TRUE
"formula",598,"reverse_equal","C",TRUE,FALSE,TRUE,TRUE
"formula",598,"reflexivity","C",TRUE,TRUE,TRUE,TRUE
"formula",598,"unequal_control","C",FALSE,FALSE,FALSE,FALSE
"formula",599,"forward_equal","C",TRUE,FALSE,TRUE,TRUE
"formula",599,"reverse_equal","C",TRUE,FALSE,TRUE,TRUE
"formula",599,"reflexivity","C",TRUE,TRUE,TRUE,TRUE
"formula",599,"unequal_control","C",FALSE,FALSE,FALSE,FALSE
"formula",600,"forward_equal","C",TRUE,FALSE,TRUE,TRUE
"formula",600,"reverse_equal","C",TRUE,FALSE,TRUE,TRUE
"formula",600,"reflexivity","C",TRUE,TRUE,TRUE,TRUE
"formula",600,"unequal_control","C",FALSE,FALSE,FALSE,FALSE
"formula",601,"forward_equal","C",TRUE,FALSE,TRUE,TRUE
"formula",601,"reverse_equal","C",TRUE,FALSE,TRUE,TRUE
"formula",601,"reflexivity","C",TRUE,TRUE,TRUE,TRUE
"formula",601,"unequal_control","C",FALSE,FALSE,FALSE,FALSE
"formula",602,"forward_equal","C",TRUE,FALSE,TRUE,TRUE
"formula",602,"reverse_equal","C",TRUE,FALSE,TRUE,TRUE
"formula",602,"reflexivity","C",TRUE,TRUE,TRUE,TRUE
"formula",602,"unequal_control","C",FALSE,FALSE,FALSE,FALSE
"formula",603,"forward_equal","C",TRUE,FALSE,TRUE,TRUE
"formula",603,"reverse_equal","C",TRUE,FALSE,TRUE,TRUE
"formula",603,"reflexivity","C",TRUE,TRUE,TRUE,TRUE
"formula",603,"unequal_control","C",FALSE,FALSE,FALSE,FALSE
"formula",604,"forward_equal","C",TRUE,FALSE,TRUE,TRUE
"formula",604,"reverse_equal","C",TRUE,FALSE,TRUE,TRUE
"formula",604,"reflexivity","C",TRUE,TRUE,TRUE,TRUE
"formula",604,"unequal_control","C",FALSE,FALSE,FALSE,FALSE
"formula",605,"forward_equal","C",TRUE,FALSE,TRUE,TRUE
"formula",605,"reverse_equal","C",TRUE,FALSE,TRUE,TRUE
"formula",605,"reflexivity","C",TRUE,TRUE,TRUE,TRUE
"formula",605,"unequal_control","C",FALSE,FALSE,FALSE,FALSE
"formula",606,"forward_equal","C",TRUE,FALSE,TRUE,TRUE
"formula",606,"reverse_equal","C",TRUE,FALSE,TRUE,TRUE
"formula",606,"reflexivity","C",TRUE,TRUE,TRUE,TRUE
"formula",606,"unequal_control","C",FALSE,FALSE,FALSE,FALSE
"formula",607,"forward_equal","C",TRUE,FALSE,TRUE,TRUE
"formula",607,"reverse_equal","C",TRUE,FALSE,TRUE,TRUE
"formula",607,"reflexivity","C",TRUE,TRUE,TRUE,TRUE
"formula",607,"unequal_control","C",FALSE,FALSE,FALSE,FALSE
"formula",608,"forward_equal","C",TRUE,FALSE,TRUE,TRUE
"formula",608,"reverse_equal","C",TRUE,FALSE,TRUE,TRUE
"formula",608,"reflexivity","C",TRUE,TRUE,TRUE,TRUE
"formula",608,"unequal_control","C",FALSE,FALSE,FALSE,FALSE
"formula",609,"forward_equal","C",TRUE,FALSE,TRUE,TRUE
"formula",609,"reverse_equal","C",TRUE,FALSE,TRUE,TRUE
"formula",609,"reflexivity","C",TRUE,TRUE,TRUE,TRUE
"formula",609,"unequal_control","C",FALSE,FALSE,FALSE,FALSE
"formula",610,"forward_equal","C",TRUE,FALSE,TRUE,TRUE
"formula",610,"reverse_equal","C",TRUE,FALSE,TRUE,TRUE
"formula",610,"reflexivity","C",TRUE,TRUE,TRUE,TRUE
"formula",610,"unequal_control","C",FALSE,FALSE,FALSE,FALSE
"formula",611,"forward_equal","C",TRUE,FALSE,TRUE,TRUE
"formula",611,"reverse_equal","C",TRUE,FALSE,TRUE,TRUE
"formula",611,"reflexivity","C",TRUE,TRUE,TRUE,TRUE
"formula",611,"unequal_control","C",FALSE,FALSE,FALSE,FALSE
"formula",612,"forward_equal","C",TRUE,FALSE,TRUE,TRUE
"formula",612,"reverse_equal","C",TRUE,FALSE,TRUE,TRUE
"formula",612,"reflexivity","C",TRUE,TRUE,TRUE,TRUE
"formula",612,"unequal_control","C",FALSE,FALSE,FALSE,FALSE
"formula",613,"forward_equal","C",TRUE,FALSE,TRUE,TRUE
"formula",613,"reverse_equal","C",TRUE,FALSE,TRUE,TRUE
"formula",613,"reflexivity","C",TRUE,TRUE,TRUE,TRUE
"formula",613,"unequal_control","C",FALSE,FALSE,FALSE,FALSE
"formula",614,"forward_equal","C",TRUE,FALSE,TRUE,TRUE
"formula",614,"reverse_equal","C",TRUE,FALSE,TRUE,TRUE
"formula",614,"reflexivity","C",TRUE,TRUE,TRUE,TRUE
"formula",614,"unequal_control","C",FALSE,FALSE,FALSE,FALSE
"formula",615,"forward_equal","C",TRUE,FALSE,TRUE,TRUE
"formula",615,"reverse_equal","C",TRUE,FALSE,TRUE,TRUE
"formula",615,"reflexivity","C",TRUE,TRUE,TRUE,TRUE
"formula",615,"unequal_control","C",FALSE,FALSE,FALSE,FALSE
"formula",616,"forward_equal","C",TRUE,FALSE,TRUE,TRUE
"formula",616,"reverse_equal","C",TRUE,FALSE,TRUE,TRUE
"formula",616,"reflexivity","C",TRUE,TRUE,TRUE,TRUE
"formula",616,"unequal_control","C",FALSE,FALSE,FALSE,FALSE
"formula",617,"forward_equal","C",TRUE,FALSE,TRUE,TRUE
"formula",617,"reverse_equal","C",TRUE,FALSE,TRUE,TRUE
"formula",617,"reflexivity","C",TRUE,TRUE,TRUE,TRUE
"formula",617,"unequal_control","C",FALSE,FALSE,FALSE,FALSE
"formula",618,"forward_equal","C",TRUE,FALSE,TRUE,TRUE
"formula",618,"reverse_equal","C",TRUE,FALSE,TRUE,TRUE
"formula",618,"reflexivity","C",TRUE,TRUE,TRUE,TRUE
"formula",618,"unequal_control","C",FALSE,FALSE,FALSE,FALSE
"formula",619,"forward_equal","C",TRUE,FALSE,TRUE,TRUE
"formula",619,"reverse_equal","C",TRUE,FALSE,TRUE,TRUE
"formula",619,"reflexivity","C",TRUE,TRUE,TRUE,TRUE
"formula",619,"unequal_control","C",FALSE,FALSE,FALSE,FALSE
"formula",620,"forward_equal","C",TRUE,FALSE,TRUE,TRUE
"formula",620,"reverse_equal","C",TRUE,FALSE,TRUE,TRUE
"formula",620,"reflexivity","C",TRUE,TRUE,TRUE,TRUE
"formula",620,"unequal_control","C",FALSE,FALSE,FALSE,FALSE
"formula",621,"forward_equal","C",TRUE,FALSE,TRUE,TRUE
"formula",621,"reverse_equal","C",TRUE,FALSE,TRUE,TRUE
"formula",621,"reflexivity","C",TRUE,TRUE,TRUE,TRUE
"formula",621,"unequal_control","C",FALSE,FALSE,FALSE,FALSE
"formula",622,"forward_equal","C",TRUE,FALSE,TRUE,TRUE
"formula",622,"reverse_equal","C",TRUE,FALSE,TRUE,TRUE
"formula",622,"reflexivity","C",TRUE,TRUE,TRUE,TRUE
"formula",622,"unequal_control","C",FALSE,FALSE,FALSE,FALSE
"formula",623,"forward_equal","C",TRUE,FALSE,TRUE,TRUE
"formula",623,"reverse_equal","C",TRUE,FALSE,TRUE,TRUE
"formula",623,"reflexivity","C",TRUE,TRUE,TRUE,TRUE
"formula",623,"unequal_control","C",FALSE,FALSE,FALSE,FALSE
"formula",624,"forward_equal","C",TRUE,FALSE,TRUE,TRUE
"formula",624,"reverse_equal","C",TRUE,FALSE,TRUE,TRUE
"formula",624,"reflexivity","C",TRUE,TRUE,TRUE,TRUE
"formula",624,"unequal_control","C",FALSE,FALSE,FALSE,FALSE
"formula",625,"forward_equal","C",TRUE,FALSE,TRUE,TRUE
"formula",625,"reverse_equal","C",TRUE,FALSE,TRUE,TRUE
"formula",625,"reflexivity","C",TRUE,TRUE,TRUE,TRUE
"formula",625,"unequal_control","C",FALSE,FALSE,FALSE,FALSE
"formula",626,"forward_equal","C",TRUE,FALSE,TRUE,TRUE
"formula",626,"reverse_equal","C",TRUE,FALSE,TRUE,TRUE
"formula",626,"reflexivity","C",TRUE,TRUE,TRUE,TRUE
"formula",626,"unequal_control","C",FALSE,FALSE,FALSE,FALSE
"formula",627,"forward_equal","C",TRUE,FALSE,TRUE,TRUE
"formula",627,"reverse_equal","C",TRUE,FALSE,TRUE,TRUE
"formula",627,"reflexivity","C",TRUE,TRUE,TRUE,TRUE
"formula",627,"unequal_control","C",FALSE,FALSE,FALSE,FALSE
"formula",628,"forward_equal","C",TRUE,FALSE,TRUE,TRUE
"formula",628,"reverse_equal","C",TRUE,FALSE,TRUE,TRUE
"formula",628,"reflexivity","C",TRUE,TRUE,TRUE,TRUE
"formula",628,"unequal_control","C",FALSE,FALSE,FALSE,FALSE
"formula",629,"forward_equal","C",TRUE,FALSE,TRUE,TRUE
"formula",629,"reverse_equal","C",TRUE,FALSE,TRUE,TRUE
"formula",629,"reflexivity","C",TRUE,TRUE,TRUE,TRUE
"formula",629,"unequal_control","C",FALSE,FALSE,FALSE,FALSE
"formula",630,"forward_equal","C",TRUE,FALSE,TRUE,TRUE
"formula",630,"reverse_equal","C",TRUE,FALSE,TRUE,TRUE
"formula",630,"reflexivity","C",TRUE,TRUE,TRUE,TRUE
"formula",630,"unequal_control","C",FALSE,FALSE,FALSE,FALSE
"formula",631,"forward_equal","C",TRUE,FALSE,TRUE,TRUE
"formula",631,"reverse_equal","C",TRUE,FALSE,TRUE,TRUE
"formula",631,"reflexivity","C",TRUE,TRUE,TRUE,TRUE
"formula",631,"unequal_control","C",FALSE,FALSE,FALSE,FALSE
"formula",632,"forward_equal","C",TRUE,FALSE,TRUE,TRUE
"formula",632,"reverse_equal","C",TRUE,FALSE,TRUE,TRUE
"formula",632,"reflexivity","C",TRUE,TRUE,TRUE,TRUE
"formula",632,"unequal_control","C",FALSE,FALSE,FALSE,FALSE
"formula",633,"forward_equal","C",TRUE,FALSE,TRUE,TRUE
"formula",633,"reverse_equal","C",TRUE,FALSE,TRUE,TRUE
"formula",633,"reflexivity","C",TRUE,TRUE,TRUE,TRUE
"formula",633,"unequal_control","C",FALSE,FALSE,FALSE,FALSE
"formula",634,"forward_equal","C",TRUE,FALSE,TRUE,TRUE
"formula",634,"reverse_equal","C",TRUE,FALSE,TRUE,TRUE
"formula",634,"reflexivity","C",TRUE,TRUE,TRUE,TRUE
"formula",634,"unequal_control","C",FALSE,FALSE,FALSE,FALSE
"formula",635,"forward_equal","C",TRUE,FALSE,TRUE,TRUE
"formula",635,"reverse_equal","C",TRUE,FALSE,TRUE,TRUE
"formula",635,"reflexivity","C",TRUE,TRUE,TRUE,TRUE
"formula",635,"unequal_control","C",FALSE,FALSE,FALSE,FALSE
"formula",636,"forward_equal","C",TRUE,FALSE,TRUE,TRUE
"formula",636,"reverse_equal","C",TRUE,FALSE,TRUE,TRUE
"formula",636,"reflexivity","C",TRUE,TRUE,TRUE,TRUE
"formula",636,"unequal_control","C",FALSE,FALSE,FALSE,FALSE
"formula",637,"forward_equal","C",TRUE,FALSE,TRUE,TRUE
"formula",637,"reverse_equal","C",TRUE,FALSE,TRUE,TRUE
"formula",637,"reflexivity","C",TRUE,TRUE,TRUE,TRUE
"formula",637,"unequal_control","C",FALSE,FALSE,FALSE,FALSE
"formula",638,"forward_equal","C",TRUE,FALSE,TRUE,TRUE
"formula",638,"reverse_equal","C",TRUE,FALSE,TRUE,TRUE
"formula",638,"reflexivity","C",TRUE,TRUE,TRUE,TRUE
"formula",638,"unequal_control","C",FALSE,FALSE,FALSE,FALSE
"formula",639,"forward_equal","C",TRUE,FALSE,TRUE,TRUE
"formula",639,"reverse_equal","C",TRUE,FALSE,TRUE,TRUE
"formula",639,"reflexivity","C",TRUE,TRUE,TRUE,TRUE
"formula",639,"unequal_control","C",FALSE,FALSE,FALSE,FALSE
"formula",640,"forward_equal","C",TRUE,FALSE,TRUE,TRUE
"formula",640,"reverse_equal","C",TRUE,FALSE,TRUE,TRUE
"formula",640,"reflexivity","C",TRUE,TRUE,TRUE,TRUE
"formula",640,"unequal_control","C",FALSE,FALSE,FALSE,FALSE
"formula",641,"forward_equal","C",TRUE,FALSE,TRUE,TRUE
"formula",641,"reverse_equal","C",TRUE,FALSE,TRUE,TRUE
"formula",641,"reflexivity","C",TRUE,TRUE,TRUE,TRUE
"formula",641,"unequal_control","C",FALSE,FALSE,FALSE,FALSE
"formula",642,"forward_equal","C",TRUE,FALSE,TRUE,TRUE
"formula",642,"reverse_equal","C",TRUE,FALSE,TRUE,TRUE
"formula",642,"reflexivity","C",TRUE,TRUE,TRUE,TRUE
"formula",642,"unequal_control","C",FALSE,FALSE,FALSE,FALSE
"formula",643,"forward_equal","C",TRUE,FALSE,TRUE,TRUE
"formula",643,"reverse_equal","C",TRUE,FALSE,TRUE,TRUE
"formula",643,"reflexivity","C",TRUE,TRUE,TRUE,TRUE
"formula",643,"unequal_control","C",FALSE,FALSE,FALSE,FALSE
"formula",644,"forward_equal","C",TRUE,FALSE,TRUE,TRUE
"formula",644,"reverse_equal","C",TRUE,FALSE,TRUE,TRUE
"formula",644,"reflexivity","C",TRUE,TRUE,TRUE,TRUE
"formula",644,"unequal_control","C",FALSE,FALSE,FALSE,FALSE
"formula",645,"forward_equal","C",TRUE,FALSE,TRUE,TRUE
"formula",645,"reverse_equal","C",TRUE,FALSE,TRUE,TRUE
"formula",645,"reflexivity","C",TRUE,TRUE,TRUE,TRUE
"formula",645,"unequal_control","C",FALSE,FALSE,FALSE,FALSE
"formula",646,"forward_equal","C",TRUE,FALSE,TRUE,TRUE
"formula",646,"reverse_equal","C",TRUE,FALSE,TRUE,TRUE
"formula",646,"reflexivity","C",TRUE,TRUE,TRUE,TRUE
"formula",646,"unequal_control","C",FALSE,FALSE,FALSE,FALSE
"formula",647,"forward_equal","C",TRUE,FALSE,TRUE,TRUE
"formula",647,"reverse_equal","C",TRUE,FALSE,TRUE,TRUE
"formula",647,"reflexivity","C",TRUE,TRUE,TRUE,TRUE
"formula",647,"unequal_control","C",FALSE,FALSE,FALSE,FALSE
"formula",648,"forward_equal","C",TRUE,FALSE,TRUE,TRUE
"formula",648,"reverse_equal","C",TRUE,FALSE,TRUE,TRUE
"formula",648,"reflexivity","C",TRUE,TRUE,TRUE,TRUE
"formula",648,"unequal_control","C",FALSE,FALSE,FALSE,FALSE
"atom",1,"forward_equal","C.UTF-8",TRUE,TRUE,TRUE,TRUE
"atom",1,"reverse_equal","C.UTF-8",TRUE,TRUE,TRUE,TRUE
"atom",1,"reflexivity","C.UTF-8",TRUE,TRUE,TRUE,TRUE
"atom",1,"unequal_control","C.UTF-8",FALSE,FALSE,FALSE,FALSE
"atom",2,"forward_equal","C.UTF-8",TRUE,TRUE,TRUE,TRUE
"atom",2,"reverse_equal","C.UTF-8",TRUE,TRUE,TRUE,TRUE
"atom",2,"reflexivity","C.UTF-8",TRUE,TRUE,TRUE,TRUE
"atom",2,"unequal_control","C.UTF-8",FALSE,FALSE,FALSE,FALSE
"atom",3,"forward_equal","C.UTF-8",TRUE,TRUE,TRUE,TRUE
"atom",3,"reverse_equal","C.UTF-8",TRUE,TRUE,TRUE,TRUE
"atom",3,"reflexivity","C.UTF-8",TRUE,TRUE,TRUE,TRUE
"atom",3,"unequal_control","C.UTF-8",FALSE,FALSE,FALSE,FALSE
"atom",4,"forward_equal","C.UTF-8",TRUE,TRUE,TRUE,TRUE
"atom",4,"reverse_equal","C.UTF-8",TRUE,TRUE,TRUE,TRUE
"atom",4,"reflexivity","C.UTF-8",TRUE,TRUE,TRUE,TRUE
"atom",4,"unequal_control","C.UTF-8",FALSE,FALSE,FALSE,FALSE
"atom",5,"forward_equal","C.UTF-8",TRUE,TRUE,TRUE,TRUE
"atom",5,"reverse_equal","C.UTF-8",TRUE,TRUE,TRUE,TRUE
"atom",5,"reflexivity","C.UTF-8",TRUE,TRUE,TRUE,TRUE
"atom",5,"unequal_control","C.UTF-8",FALSE,FALSE,FALSE,FALSE
"atom",6,"forward_equal","C.UTF-8",TRUE,TRUE,TRUE,TRUE
"atom",6,"reverse_equal","C.UTF-8",TRUE,TRUE,TRUE,TRUE
"atom",6,"reflexivity","C.UTF-8",TRUE,TRUE,TRUE,TRUE
"atom",6,"unequal_control","C.UTF-8",FALSE,FALSE,FALSE,FALSE
"atom",7,"forward_equal","C.UTF-8",TRUE,FALSE,TRUE,TRUE
"atom",7,"reverse_equal","C.UTF-8",TRUE,FALSE,TRUE,TRUE
"atom",7,"reflexivity","C.UTF-8",TRUE,TRUE,TRUE,TRUE
"atom",7,"unequal_control","C.UTF-8",FALSE,FALSE,FALSE,FALSE
"atom",8,"forward_equal","C.UTF-8",TRUE,FALSE,TRUE,TRUE
"atom",8,"reverse_equal","C.UTF-8",TRUE,FALSE,TRUE,TRUE
"atom",8,"reflexivity","C.UTF-8",TRUE,TRUE,TRUE,TRUE
"atom",8,"unequal_control","C.UTF-8",FALSE,FALSE,FALSE,FALSE
"atom",9,"forward_equal","C.UTF-8",TRUE,FALSE,TRUE,TRUE
"atom",9,"reverse_equal","C.UTF-8",TRUE,FALSE,TRUE,TRUE
"atom",9,"reflexivity","C.UTF-8",TRUE,TRUE,TRUE,TRUE
"atom",9,"unequal_control","C.UTF-8",FALSE,FALSE,FALSE,FALSE
"atom",10,"forward_equal","C.UTF-8",TRUE,FALSE,TRUE,TRUE
"atom",10,"reverse_equal","C.UTF-8",TRUE,FALSE,TRUE,TRUE
"atom",10,"reflexivity","C.UTF-8",TRUE,TRUE,TRUE,TRUE
"atom",10,"unequal_control","C.UTF-8",FALSE,FALSE,FALSE,FALSE
"atom",11,"forward_equal","C.UTF-8",TRUE,FALSE,TRUE,TRUE
"atom",11,"reverse_equal","C.UTF-8",TRUE,FALSE,TRUE,TRUE
"atom",11,"reflexivity","C.UTF-8",TRUE,TRUE,TRUE,TRUE
"atom",11,"unequal_control","C.UTF-8",FALSE,FALSE,FALSE,FALSE
"atom",12,"forward_equal","C.UTF-8",TRUE,FALSE,TRUE,TRUE
"atom",12,"reverse_equal","C.UTF-8",TRUE,FALSE,TRUE,TRUE
"atom",12,"reflexivity","C.UTF-8",TRUE,TRUE,TRUE,TRUE
"atom",12,"unequal_control","C.UTF-8",FALSE,FALSE,FALSE,FALSE
"atom",13,"forward_equal","C.UTF-8",TRUE,TRUE,TRUE,TRUE
"atom",13,"reverse_equal","C.UTF-8",TRUE,TRUE,TRUE,TRUE
"atom",13,"reflexivity","C.UTF-8",TRUE,TRUE,TRUE,TRUE
"atom",13,"unequal_control","C.UTF-8",FALSE,FALSE,FALSE,FALSE
"atom",14,"forward_equal","C.UTF-8",TRUE,TRUE,TRUE,TRUE
"atom",14,"reverse_equal","C.UTF-8",TRUE,TRUE,TRUE,TRUE
"atom",14,"reflexivity","C.UTF-8",TRUE,TRUE,TRUE,TRUE
"atom",14,"unequal_control","C.UTF-8",FALSE,FALSE,FALSE,FALSE
"atom",15,"forward_equal","C.UTF-8",TRUE,FALSE,TRUE,TRUE
"atom",15,"reverse_equal","C.UTF-8",TRUE,FALSE,TRUE,TRUE
"atom",15,"reflexivity","C.UTF-8",TRUE,TRUE,TRUE,TRUE
"atom",15,"unequal_control","C.UTF-8",FALSE,FALSE,FALSE,FALSE
"atom",16,"forward_equal","C.UTF-8",TRUE,FALSE,TRUE,TRUE
"atom",16,"reverse_equal","C.UTF-8",TRUE,FALSE,TRUE,TRUE
"atom",16,"reflexivity","C.UTF-8",TRUE,TRUE,TRUE,TRUE
"atom",16,"unequal_control","C.UTF-8",FALSE,FALSE,FALSE,FALSE
"atom",17,"forward_equal","C.UTF-8",TRUE,TRUE,TRUE,TRUE
"atom",17,"reverse_equal","C.UTF-8",TRUE,TRUE,TRUE,TRUE
"atom",17,"reflexivity","C.UTF-8",TRUE,TRUE,TRUE,TRUE
"atom",17,"unequal_control","C.UTF-8",FALSE,FALSE,FALSE,FALSE
"atom",18,"forward_equal","C.UTF-8",TRUE,FALSE,TRUE,TRUE
"atom",18,"reverse_equal","C.UTF-8",TRUE,FALSE,TRUE,TRUE
"atom",18,"reflexivity","C.UTF-8",TRUE,TRUE,TRUE,TRUE
"atom",18,"unequal_control","C.UTF-8",FALSE,FALSE,FALSE,FALSE
"atom",19,"forward_equal","C.UTF-8",TRUE,TRUE,TRUE,TRUE
"atom",19,"reverse_equal","C.UTF-8",TRUE,TRUE,TRUE,TRUE
"atom",19,"reflexivity","C.UTF-8",TRUE,TRUE,TRUE,TRUE
"atom",19,"unequal_control","C.UTF-8",FALSE,FALSE,FALSE,FALSE
"atom",20,"forward_equal","C.UTF-8",TRUE,TRUE,TRUE,TRUE
"atom",20,"reverse_equal","C.UTF-8",TRUE,TRUE,TRUE,TRUE
"atom",20,"reflexivity","C.UTF-8",TRUE,TRUE,TRUE,TRUE
"atom",20,"unequal_control","C.UTF-8",FALSE,FALSE,FALSE,FALSE
"atom",21,"forward_equal","C.UTF-8",TRUE,FALSE,TRUE,TRUE
"atom",21,"reverse_equal","C.UTF-8",TRUE,FALSE,TRUE,TRUE
"atom",21,"reflexivity","C.UTF-8",TRUE,TRUE,TRUE,TRUE
"atom",21,"unequal_control","C.UTF-8",FALSE,FALSE,FALSE,FALSE
"atom",22,"forward_equal","C.UTF-8",TRUE,FALSE,TRUE,TRUE
"atom",22,"reverse_equal","C.UTF-8",TRUE,FALSE,TRUE,TRUE
"atom",22,"reflexivity","C.UTF-8",TRUE,TRUE,TRUE,TRUE
"atom",22,"unequal_control","C.UTF-8",FALSE,FALSE,FALSE,FALSE
"atom",23,"forward_equal","C.UTF-8",TRUE,TRUE,TRUE,TRUE
"atom",23,"reverse_equal","C.UTF-8",TRUE,TRUE,TRUE,TRUE
"atom",23,"reflexivity","C.UTF-8",TRUE,TRUE,TRUE,TRUE
"atom",23,"unequal_control","C.UTF-8",FALSE,FALSE,FALSE,FALSE
"atom",24,"forward_equal","C.UTF-8",TRUE,FALSE,TRUE,TRUE
"atom",24,"reverse_equal","C.UTF-8",TRUE,FALSE,TRUE,TRUE
"atom",24,"reflexivity","C.UTF-8",TRUE,TRUE,TRUE,TRUE
"atom",24,"unequal_control","C.UTF-8",FALSE,FALSE,FALSE,FALSE
"atom",25,"forward_equal","C.UTF-8",TRUE,TRUE,TRUE,TRUE
"atom",25,"reverse_equal","C.UTF-8",TRUE,TRUE,TRUE,TRUE
"atom",25,"reflexivity","C.UTF-8",TRUE,TRUE,TRUE,TRUE
"atom",25,"unequal_control","C.UTF-8",FALSE,FALSE,FALSE,FALSE
"atom",26,"forward_equal","C.UTF-8",TRUE,TRUE,TRUE,TRUE
"atom",26,"reverse_equal","C.UTF-8",TRUE,TRUE,TRUE,TRUE
"atom",26,"reflexivity","C.UTF-8",TRUE,TRUE,TRUE,TRUE
"atom",26,"unequal_control","C.UTF-8",FALSE,FALSE,FALSE,FALSE
"atom",27,"forward_equal","C.UTF-8",TRUE,TRUE,TRUE,TRUE
"atom",27,"reverse_equal","C.UTF-8",TRUE,TRUE,TRUE,TRUE
"atom",27,"reflexivity","C.UTF-8",TRUE,TRUE,TRUE,TRUE
"atom",27,"unequal_control","C.UTF-8",FALSE,FALSE,FALSE,FALSE
"atom",28,"forward_equal","C.UTF-8",TRUE,TRUE,TRUE,TRUE
"atom",28,"reverse_equal","C.UTF-8",TRUE,TRUE,TRUE,TRUE
"atom",28,"reflexivity","C.UTF-8",TRUE,TRUE,TRUE,TRUE
"atom",28,"unequal_control","C.UTF-8",FALSE,FALSE,FALSE,FALSE
"atom",29,"forward_equal","C.UTF-8",TRUE,TRUE,TRUE,TRUE
"atom",29,"reverse_equal","C.UTF-8",TRUE,TRUE,TRUE,TRUE
"atom",29,"reflexivity","C.UTF-8",TRUE,TRUE,TRUE,TRUE
"atom",29,"unequal_control","C.UTF-8",FALSE,FALSE,FALSE,FALSE
"atom",30,"forward_equal","C.UTF-8",TRUE,TRUE,TRUE,TRUE
"atom",30,"reverse_equal","C.UTF-8",TRUE,TRUE,TRUE,TRUE
"atom",30,"reflexivity","C.UTF-8",TRUE,TRUE,TRUE,TRUE
"atom",30,"unequal_control","C.UTF-8",FALSE,FALSE,FALSE,FALSE
"atom",31,"forward_equal","C.UTF-8",TRUE,FALSE,TRUE,TRUE
"atom",31,"reverse_equal","C.UTF-8",TRUE,FALSE,TRUE,TRUE
"atom",31,"reflexivity","C.UTF-8",TRUE,TRUE,TRUE,TRUE
"atom",31,"unequal_control","C.UTF-8",FALSE,FALSE,FALSE,FALSE
"atom",32,"forward_equal","C.UTF-8",TRUE,FALSE,TRUE,TRUE
"atom",32,"reverse_equal","C.UTF-8",TRUE,FALSE,TRUE,TRUE
"atom",32,"reflexivity","C.UTF-8",TRUE,TRUE,TRUE,TRUE
"atom",32,"unequal_control","C.UTF-8",FALSE,FALSE,FALSE,FALSE
"atom",33,"forward_equal","C.UTF-8",TRUE,FALSE,TRUE,TRUE
"atom",33,"reverse_equal","C.UTF-8",TRUE,FALSE,TRUE,TRUE
"atom",33,"reflexivity","C.UTF-8",TRUE,TRUE,TRUE,TRUE
"atom",33,"unequal_control","C.UTF-8",FALSE,FALSE,FALSE,FALSE
"atom",34,"forward_equal","C.UTF-8",TRUE,FALSE,TRUE,TRUE
"atom",34,"reverse_equal","C.UTF-8",TRUE,FALSE,TRUE,TRUE
"atom",34,"reflexivity","C.UTF-8",TRUE,TRUE,TRUE,TRUE
"atom",34,"unequal_control","C.UTF-8",FALSE,FALSE,FALSE,FALSE
"atom",35,"forward_equal","C.UTF-8",TRUE,FALSE,TRUE,TRUE
"atom",35,"reverse_equal","C.UTF-8",TRUE,FALSE,TRUE,TRUE
"atom",35,"reflexivity","C.UTF-8",TRUE,TRUE,TRUE,TRUE
"atom",35,"unequal_control","C.UTF-8",FALSE,FALSE,FALSE,FALSE
"atom",36,"forward_equal","C.UTF-8",TRUE,FALSE,TRUE,TRUE
"atom",36,"reverse_equal","C.UTF-8",TRUE,FALSE,TRUE,TRUE
"atom",36,"reflexivity","C.UTF-8",TRUE,TRUE,TRUE,TRUE
"atom",36,"unequal_control","C.UTF-8",FALSE,FALSE,FALSE,FALSE
"atom",37,"forward_equal","C.UTF-8",TRUE,TRUE,TRUE,TRUE
"atom",37,"reverse_equal","C.UTF-8",TRUE,TRUE,TRUE,TRUE
"atom",37,"reflexivity","C.UTF-8",TRUE,TRUE,TRUE,TRUE
"atom",37,"unequal_control","C.UTF-8",FALSE,FALSE,FALSE,FALSE
"atom",38,"forward_equal","C.UTF-8",TRUE,TRUE,TRUE,TRUE
"atom",38,"reverse_equal","C.UTF-8",TRUE,TRUE,TRUE,TRUE
"atom",38,"reflexivity","C.UTF-8",TRUE,TRUE,TRUE,TRUE
"atom",38,"unequal_control","C.UTF-8",FALSE,FALSE,FALSE,FALSE
"atom",39,"forward_equal","C.UTF-8",TRUE,FALSE,TRUE,TRUE
"atom",39,"reverse_equal","C.UTF-8",TRUE,FALSE,TRUE,TRUE
"atom",39,"reflexivity","C.UTF-8",TRUE,TRUE,TRUE,TRUE
"atom",39,"unequal_control","C.UTF-8",FALSE,FALSE,FALSE,FALSE
"atom",40,"forward_equal","C.UTF-8",TRUE,FALSE,TRUE,TRUE
"atom",40,"reverse_equal","C.UTF-8",TRUE,FALSE,TRUE,TRUE
"atom",40,"reflexivity","C.UTF-8",TRUE,TRUE,TRUE,TRUE
"atom",40,"unequal_control","C.UTF-8",FALSE,FALSE,FALSE,FALSE
"atom",41,"forward_equal","C.UTF-8",TRUE,TRUE,TRUE,TRUE
"atom",41,"reverse_equal","C.UTF-8",TRUE,TRUE,TRUE,TRUE
"atom",41,"reflexivity","C.UTF-8",TRUE,TRUE,TRUE,TRUE
"atom",41,"unequal_control","C.UTF-8",FALSE,FALSE,FALSE,FALSE
"atom",42,"forward_equal","C.UTF-8",TRUE,FALSE,TRUE,TRUE
"atom",42,"reverse_equal","C.UTF-8",TRUE,FALSE,TRUE,TRUE
"atom",42,"reflexivity","C.UTF-8",TRUE,TRUE,TRUE,TRUE
"atom",42,"unequal_control","C.UTF-8",FALSE,FALSE,FALSE,FALSE
"atom",43,"forward_equal","C.UTF-8",TRUE,TRUE,TRUE,TRUE
"atom",43,"reverse_equal","C.UTF-8",TRUE,TRUE,TRUE,TRUE
"atom",43,"reflexivity","C.UTF-8",TRUE,TRUE,TRUE,TRUE
"atom",43,"unequal_control","C.UTF-8",FALSE,FALSE,FALSE,FALSE
"atom",44,"forward_equal","C.UTF-8",TRUE,TRUE,TRUE,TRUE
"atom",44,"reverse_equal","C.UTF-8",TRUE,TRUE,TRUE,TRUE
"atom",44,"reflexivity","C.UTF-8",TRUE,TRUE,TRUE,TRUE
"atom",44,"unequal_control","C.UTF-8",FALSE,FALSE,FALSE,FALSE
"atom",45,"forward_equal","C.UTF-8",TRUE,FALSE,TRUE,TRUE
"atom",45,"reverse_equal","C.UTF-8",TRUE,FALSE,TRUE,TRUE
"atom",45,"reflexivity","C.UTF-8",TRUE,TRUE,TRUE,TRUE
"atom",45,"unequal_control","C.UTF-8",FALSE,FALSE,FALSE,FALSE
"atom",46,"forward_equal","C.UTF-8",TRUE,FALSE,TRUE,TRUE
"atom",46,"reverse_equal","C.UTF-8",TRUE,FALSE,TRUE,TRUE
"atom",46,"reflexivity","C.UTF-8",TRUE,TRUE,TRUE,TRUE
"atom",46,"unequal_control","C.UTF-8",FALSE,FALSE,FALSE,FALSE
"atom",47,"forward_equal","C.UTF-8",TRUE,TRUE,TRUE,TRUE
"atom",47,"reverse_equal","C.UTF-8",TRUE,TRUE,TRUE,TRUE
"atom",47,"reflexivity","C.UTF-8",TRUE,TRUE,TRUE,TRUE
"atom",47,"unequal_control","C.UTF-8",FALSE,FALSE,FALSE,FALSE
"atom",48,"forward_equal","C.UTF-8",TRUE,FALSE,TRUE,TRUE
"atom",48,"reverse_equal","C.UTF-8",TRUE,FALSE,TRUE,TRUE
"atom",48,"reflexivity","C.UTF-8",TRUE,TRUE,TRUE,TRUE
"atom",48,"unequal_control","C.UTF-8",FALSE,FALSE,FALSE,FALSE
"atom",49,"forward_equal","C.UTF-8",TRUE,TRUE,TRUE,TRUE
"atom",49,"reverse_equal","C.UTF-8",TRUE,TRUE,TRUE,TRUE
"atom",49,"reflexivity","C.UTF-8",TRUE,TRUE,TRUE,TRUE
"atom",49,"unequal_control","C.UTF-8",FALSE,FALSE,FALSE,FALSE
"atom",50,"forward_equal","C.UTF-8",TRUE,TRUE,TRUE,TRUE
"atom",50,"reverse_equal","C.UTF-8",TRUE,TRUE,TRUE,TRUE
"atom",50,"reflexivity","C.UTF-8",TRUE,TRUE,TRUE,TRUE
"atom",50,"unequal_control","C.UTF-8",FALSE,FALSE,FALSE,FALSE
"atom",51,"forward_equal","C.UTF-8",TRUE,TRUE,TRUE,TRUE
"atom",51,"reverse_equal","C.UTF-8",TRUE,TRUE,TRUE,TRUE
"atom",51,"reflexivity","C.UTF-8",TRUE,TRUE,TRUE,TRUE
"atom",51,"unequal_control","C.UTF-8",FALSE,FALSE,FALSE,FALSE
"atom",52,"forward_equal","C.UTF-8",TRUE,TRUE,TRUE,TRUE
"atom",52,"reverse_equal","C.UTF-8",TRUE,TRUE,TRUE,TRUE
"atom",52,"reflexivity","C.UTF-8",TRUE,TRUE,TRUE,TRUE
"atom",52,"unequal_control","C.UTF-8",FALSE,FALSE,FALSE,FALSE
"atom",53,"forward_equal","C.UTF-8",TRUE,TRUE,TRUE,TRUE
"atom",53,"reverse_equal","C.UTF-8",TRUE,TRUE,TRUE,TRUE
"atom",53,"reflexivity","C.UTF-8",TRUE,TRUE,TRUE,TRUE
"atom",53,"unequal_control","C.UTF-8",FALSE,FALSE,FALSE,FALSE
"atom",54,"forward_equal","C.UTF-8",TRUE,TRUE,TRUE,TRUE
"atom",54,"reverse_equal","C.UTF-8",TRUE,TRUE,TRUE,TRUE
"atom",54,"reflexivity","C.UTF-8",TRUE,TRUE,TRUE,TRUE
"atom",54,"unequal_control","C.UTF-8",FALSE,FALSE,FALSE,FALSE
"atom",55,"forward_equal","C.UTF-8",TRUE,FALSE,TRUE,TRUE
"atom",55,"reverse_equal","C.UTF-8",TRUE,FALSE,TRUE,TRUE
"atom",55,"reflexivity","C.UTF-8",TRUE,TRUE,TRUE,TRUE
"atom",55,"unequal_control","C.UTF-8",FALSE,FALSE,FALSE,FALSE
"atom",56,"forward_equal","C.UTF-8",TRUE,FALSE,TRUE,TRUE
"atom",56,"reverse_equal","C.UTF-8",TRUE,FALSE,TRUE,TRUE
"atom",56,"reflexivity","C.UTF-8",TRUE,TRUE,TRUE,TRUE
"atom",56,"unequal_control","C.UTF-8",FALSE,FALSE,FALSE,FALSE
"atom",57,"forward_equal","C.UTF-8",TRUE,FALSE,TRUE,TRUE
"atom",57,"reverse_equal","C.UTF-8",TRUE,FALSE,TRUE,TRUE
"atom",57,"reflexivity","C.UTF-8",TRUE,TRUE,TRUE,TRUE
"atom",57,"unequal_control","C.UTF-8",FALSE,FALSE,FALSE,FALSE
"atom",58,"forward_equal","C.UTF-8",TRUE,FALSE,TRUE,TRUE
"atom",58,"reverse_equal","C.UTF-8",TRUE,FALSE,TRUE,TRUE
"atom",58,"reflexivity","C.UTF-8",TRUE,TRUE,TRUE,TRUE
"atom",58,"unequal_control","C.UTF-8",FALSE,FALSE,FALSE,FALSE
"atom",59,"forward_equal","C.UTF-8",TRUE,FALSE,TRUE,TRUE
"atom",59,"reverse_equal","C.UTF-8",TRUE,FALSE,TRUE,TRUE
"atom",59,"reflexivity","C.UTF-8",TRUE,TRUE,TRUE,TRUE
"atom",59,"unequal_control","C.UTF-8",FALSE,FALSE,FALSE,FALSE
"atom",60,"forward_equal","C.UTF-8",TRUE,FALSE,TRUE,TRUE
"atom",60,"reverse_equal","C.UTF-8",TRUE,FALSE,TRUE,TRUE
"atom",60,"reflexivity","C.UTF-8",TRUE,TRUE,TRUE,TRUE
"atom",60,"unequal_control","C.UTF-8",FALSE,FALSE,FALSE,FALSE
"atom",61,"forward_equal","C.UTF-8",TRUE,TRUE,TRUE,TRUE
"atom",61,"reverse_equal","C.UTF-8",TRUE,TRUE,TRUE,TRUE
"atom",61,"reflexivity","C.UTF-8",TRUE,TRUE,TRUE,TRUE
"atom",61,"unequal_control","C.UTF-8",FALSE,FALSE,FALSE,FALSE
"atom",62,"forward_equal","C.UTF-8",TRUE,TRUE,TRUE,TRUE
"atom",62,"reverse_equal","C.UTF-8",TRUE,TRUE,TRUE,TRUE
"atom",62,"reflexivity","C.UTF-8",TRUE,TRUE,TRUE,TRUE
"atom",62,"unequal_control","C.UTF-8",FALSE,FALSE,FALSE,FALSE
"atom",63,"forward_equal","C.UTF-8",TRUE,FALSE,TRUE,TRUE
"atom",63,"reverse_equal","C.UTF-8",TRUE,FALSE,TRUE,TRUE
"atom",63,"reflexivity","C.UTF-8",TRUE,TRUE,TRUE,TRUE
"atom",63,"unequal_control","C.UTF-8",FALSE,FALSE,FALSE,FALSE
"atom",64,"forward_equal","C.UTF-8",TRUE,FALSE,TRUE,TRUE
"atom",64,"reverse_equal","C.UTF-8",TRUE,FALSE,TRUE,TRUE
"atom",64,"reflexivity","C.UTF-8",TRUE,TRUE,TRUE,TRUE
"atom",64,"unequal_control","C.UTF-8",FALSE,FALSE,FALSE,FALSE
"atom",65,"forward_equal","C.UTF-8",TRUE,TRUE,TRUE,TRUE
"atom",65,"reverse_equal","C.UTF-8",TRUE,TRUE,TRUE,TRUE
"atom",65,"reflexivity","C.UTF-8",TRUE,TRUE,TRUE,TRUE
"atom",65,"unequal_control","C.UTF-8",FALSE,FALSE,FALSE,FALSE
"atom",66,"forward_equal","C.UTF-8",TRUE,FALSE,TRUE,TRUE
"atom",66,"reverse_equal","C.UTF-8",TRUE,FALSE,TRUE,TRUE
"atom",66,"reflexivity","C.UTF-8",TRUE,TRUE,TRUE,TRUE
"atom",66,"unequal_control","C.UTF-8",FALSE,FALSE,FALSE,FALSE
"atom",67,"forward_equal","C.UTF-8",TRUE,TRUE,TRUE,TRUE
"atom",67,"reverse_equal","C.UTF-8",TRUE,TRUE,TRUE,TRUE
"atom",67,"reflexivity","C.UTF-8",TRUE,TRUE,TRUE,TRUE
"atom",67,"unequal_control","C.UTF-8",FALSE,FALSE,FALSE,FALSE
"atom",68,"forward_equal","C.UTF-8",TRUE,TRUE,TRUE,TRUE
"atom",68,"reverse_equal","C.UTF-8",TRUE,TRUE,TRUE,TRUE
"atom",68,"reflexivity","C.UTF-8",TRUE,TRUE,TRUE,TRUE
"atom",68,"unequal_control","C.UTF-8",FALSE,FALSE,FALSE,FALSE
"atom",69,"forward_equal","C.UTF-8",TRUE,FALSE,TRUE,TRUE
"atom",69,"reverse_equal","C.UTF-8",TRUE,FALSE,TRUE,TRUE
"atom",69,"reflexivity","C.UTF-8",TRUE,TRUE,TRUE,TRUE
"atom",69,"unequal_control","C.UTF-8",FALSE,FALSE,FALSE,FALSE
"atom",70,"forward_equal","C.UTF-8",TRUE,FALSE,TRUE,TRUE
"atom",70,"reverse_equal","C.UTF-8",TRUE,FALSE,TRUE,TRUE
"atom",70,"reflexivity","C.UTF-8",TRUE,TRUE,TRUE,TRUE
"atom",70,"unequal_control","C.UTF-8",FALSE,FALSE,FALSE,FALSE
"atom",71,"forward_equal","C.UTF-8",TRUE,TRUE,TRUE,TRUE
"atom",71,"reverse_equal","C.UTF-8",TRUE,TRUE,TRUE,TRUE
"atom",71,"reflexivity","C.UTF-8",TRUE,TRUE,TRUE,TRUE
"atom",71,"unequal_control","C.UTF-8",FALSE,FALSE,FALSE,FALSE
"atom",72,"forward_equal","C.UTF-8",TRUE,FALSE,TRUE,TRUE
"atom",72,"reverse_equal","C.UTF-8",TRUE,FALSE,TRUE,TRUE
"atom",72,"reflexivity","C.UTF-8",TRUE,TRUE,TRUE,TRUE
"atom",72,"unequal_control","C.UTF-8",FALSE,FALSE,FALSE,FALSE
"atom",73,"forward_equal","C.UTF-8",TRUE,TRUE,TRUE,TRUE
"atom",73,"reverse_equal","C.UTF-8",TRUE,TRUE,TRUE,TRUE
"atom",73,"reflexivity","C.UTF-8",TRUE,TRUE,TRUE,TRUE
"atom",73,"unequal_control","C.UTF-8",FALSE,FALSE,FALSE,FALSE
"atom",74,"forward_equal","C.UTF-8",TRUE,TRUE,TRUE,TRUE
"atom",74,"reverse_equal","C.UTF-8",TRUE,TRUE,TRUE,TRUE
"atom",74,"reflexivity","C.UTF-8",TRUE,TRUE,TRUE,TRUE
"atom",74,"unequal_control","C.UTF-8",FALSE,FALSE,FALSE,FALSE
"atom",75,"forward_equal","C.UTF-8",TRUE,TRUE,TRUE,TRUE
"atom",75,"reverse_equal","C.UTF-8",TRUE,TRUE,TRUE,TRUE
"atom",75,"reflexivity","C.UTF-8",TRUE,TRUE,TRUE,TRUE
"atom",75,"unequal_control","C.UTF-8",FALSE,FALSE,FALSE,FALSE
"atom",76,"forward_equal","C.UTF-8",TRUE,TRUE,TRUE,TRUE
"atom",76,"reverse_equal","C.UTF-8",TRUE,TRUE,TRUE,TRUE
"atom",76,"reflexivity","C.UTF-8",TRUE,TRUE,TRUE,TRUE
"atom",76,"unequal_control","C.UTF-8",FALSE,FALSE,FALSE,FALSE
"atom",77,"forward_equal","C.UTF-8",TRUE,TRUE,TRUE,TRUE
"atom",77,"reverse_equal","C.UTF-8",TRUE,TRUE,TRUE,TRUE
"atom",77,"reflexivity","C.UTF-8",TRUE,TRUE,TRUE,TRUE
"atom",77,"unequal_control","C.UTF-8",FALSE,FALSE,FALSE,FALSE
"atom",78,"forward_equal","C.UTF-8",TRUE,TRUE,TRUE,TRUE
"atom",78,"reverse_equal","C.UTF-8",TRUE,TRUE,TRUE,TRUE
"atom",78,"reflexivity","C.UTF-8",TRUE,TRUE,TRUE,TRUE
"atom",78,"unequal_control","C.UTF-8",FALSE,FALSE,FALSE,FALSE
"atom",79,"forward_equal","C.UTF-8",TRUE,FALSE,TRUE,TRUE
"atom",79,"reverse_equal","C.UTF-8",TRUE,FALSE,TRUE,TRUE
"atom",79,"reflexivity","C.UTF-8",TRUE,TRUE,TRUE,TRUE
"atom",79,"unequal_control","C.UTF-8",FALSE,FALSE,FALSE,FALSE
"atom",80,"forward_equal","C.UTF-8",TRUE,FALSE,TRUE,TRUE
"atom",80,"reverse_equal","C.UTF-8",TRUE,FALSE,TRUE,TRUE
"atom",80,"reflexivity","C.UTF-8",TRUE,TRUE,TRUE,TRUE
"atom",80,"unequal_control","C.UTF-8",FALSE,FALSE,FALSE,FALSE
"atom",81,"forward_equal","C.UTF-8",TRUE,FALSE,TRUE,TRUE
"atom",81,"reverse_equal","C.UTF-8",TRUE,FALSE,TRUE,TRUE
"atom",81,"reflexivity","C.UTF-8",TRUE,TRUE,TRUE,TRUE
"atom",81,"unequal_control","C.UTF-8",FALSE,FALSE,FALSE,FALSE
"atom",82,"forward_equal","C.UTF-8",TRUE,FALSE,TRUE,TRUE
"atom",82,"reverse_equal","C.UTF-8",TRUE,FALSE,TRUE,TRUE
"atom",82,"reflexivity","C.UTF-8",TRUE,TRUE,TRUE,TRUE
"atom",82,"unequal_control","C.UTF-8",FALSE,FALSE,FALSE,FALSE
"atom",83,"forward_equal","C.UTF-8",TRUE,FALSE,TRUE,TRUE
"atom",83,"reverse_equal","C.UTF-8",TRUE,FALSE,TRUE,TRUE
"atom",83,"reflexivity","C.UTF-8",TRUE,TRUE,TRUE,TRUE
"atom",83,"unequal_control","C.UTF-8",FALSE,FALSE,FALSE,FALSE
"atom",84,"forward_equal","C.UTF-8",TRUE,FALSE,TRUE,TRUE
"atom",84,"reverse_equal","C.UTF-8",TRUE,FALSE,TRUE,TRUE
"atom",84,"reflexivity","C.UTF-8",TRUE,TRUE,TRUE,TRUE
"atom",84,"unequal_control","C.UTF-8",FALSE,FALSE,FALSE,FALSE
"atom",85,"forward_equal","C.UTF-8",TRUE,TRUE,TRUE,TRUE
"atom",85,"reverse_equal","C.UTF-8",TRUE,TRUE,TRUE,TRUE
"atom",85,"reflexivity","C.UTF-8",TRUE,TRUE,TRUE,TRUE
"atom",85,"unequal_control","C.UTF-8",FALSE,FALSE,FALSE,FALSE
"atom",86,"forward_equal","C.UTF-8",TRUE,TRUE,TRUE,TRUE
"atom",86,"reverse_equal","C.UTF-8",TRUE,TRUE,TRUE,TRUE
"atom",86,"reflexivity","C.UTF-8",TRUE,TRUE,TRUE,TRUE
"atom",86,"unequal_control","C.UTF-8",FALSE,FALSE,FALSE,FALSE
"atom",87,"forward_equal","C.UTF-8",TRUE,FALSE,TRUE,TRUE
"atom",87,"reverse_equal","C.UTF-8",TRUE,FALSE,TRUE,TRUE
"atom",87,"reflexivity","C.UTF-8",TRUE,TRUE,TRUE,TRUE
"atom",87,"unequal_control","C.UTF-8",FALSE,FALSE,FALSE,FALSE
"atom",88,"forward_equal","C.UTF-8",TRUE,FALSE,TRUE,TRUE
"atom",88,"reverse_equal","C.UTF-8",TRUE,FALSE,TRUE,TRUE
"atom",88,"reflexivity","C.UTF-8",TRUE,TRUE,TRUE,TRUE
"atom",88,"unequal_control","C.UTF-8",FALSE,FALSE,FALSE,FALSE
"atom",89,"forward_equal","C.UTF-8",TRUE,TRUE,TRUE,TRUE
"atom",89,"reverse_equal","C.UTF-8",TRUE,TRUE,TRUE,TRUE
"atom",89,"reflexivity","C.UTF-8",TRUE,TRUE,TRUE,TRUE
"atom",89,"unequal_control","C.UTF-8",FALSE,FALSE,FALSE,FALSE
"atom",90,"forward_equal","C.UTF-8",TRUE,FALSE,TRUE,TRUE
"atom",90,"reverse_equal","C.UTF-8",TRUE,FALSE,TRUE,TRUE
"atom",90,"reflexivity","C.UTF-8",TRUE,TRUE,TRUE,TRUE
"atom",90,"unequal_control","C.UTF-8",FALSE,FALSE,FALSE,FALSE
"atom",91,"forward_equal","C.UTF-8",TRUE,TRUE,TRUE,TRUE
"atom",91,"reverse_equal","C.UTF-8",TRUE,TRUE,TRUE,TRUE
"atom",91,"reflexivity","C.UTF-8",TRUE,TRUE,TRUE,TRUE
"atom",91,"unequal_control","C.UTF-8",FALSE,FALSE,FALSE,FALSE
"atom",92,"forward_equal","C.UTF-8",TRUE,TRUE,TRUE,TRUE
"atom",92,"reverse_equal","C.UTF-8",TRUE,TRUE,TRUE,TRUE
"atom",92,"reflexivity","C.UTF-8",TRUE,TRUE,TRUE,TRUE
"atom",92,"unequal_control","C.UTF-8",FALSE,FALSE,FALSE,FALSE
"atom",93,"forward_equal","C.UTF-8",TRUE,FALSE,TRUE,TRUE
"atom",93,"reverse_equal","C.UTF-8",TRUE,FALSE,TRUE,TRUE
"atom",93,"reflexivity","C.UTF-8",TRUE,TRUE,TRUE,TRUE
"atom",93,"unequal_control","C.UTF-8",FALSE,FALSE,FALSE,FALSE
"atom",94,"forward_equal","C.UTF-8",TRUE,FALSE,TRUE,TRUE
"atom",94,"reverse_equal","C.UTF-8",TRUE,FALSE,TRUE,TRUE
"atom",94,"reflexivity","C.UTF-8",TRUE,TRUE,TRUE,TRUE
"atom",94,"unequal_control","C.UTF-8",FALSE,FALSE,FALSE,FALSE
"atom",95,"forward_equal","C.UTF-8",TRUE,TRUE,TRUE,TRUE
"atom",95,"reverse_equal","C.UTF-8",TRUE,TRUE,TRUE,TRUE
"atom",95,"reflexivity","C.UTF-8",TRUE,TRUE,TRUE,TRUE
"atom",95,"unequal_control","C.UTF-8",FALSE,FALSE,FALSE,FALSE
"atom",96,"forward_equal","C.UTF-8",TRUE,FALSE,TRUE,TRUE
"atom",96,"reverse_equal","C.UTF-8",TRUE,FALSE,TRUE,TRUE
"atom",96,"reflexivity","C.UTF-8",TRUE,TRUE,TRUE,TRUE
"atom",96,"unequal_control","C.UTF-8",FALSE,FALSE,FALSE,FALSE
"atom",97,"forward_equal","C.UTF-8",TRUE,TRUE,TRUE,TRUE
"atom",97,"reverse_equal","C.UTF-8",TRUE,TRUE,TRUE,TRUE
"atom",97,"reflexivity","C.UTF-8",TRUE,TRUE,TRUE,TRUE
"atom",97,"unequal_control","C.UTF-8",FALSE,FALSE,FALSE,FALSE
"atom",98,"forward_equal","C.UTF-8",TRUE,TRUE,TRUE,TRUE
"atom",98,"reverse_equal","C.UTF-8",TRUE,TRUE,TRUE,TRUE
"atom",98,"reflexivity","C.UTF-8",TRUE,TRUE,TRUE,TRUE
"atom",98,"unequal_control","C.UTF-8",FALSE,FALSE,FALSE,FALSE
"atom",99,"forward_equal","C.UTF-8",TRUE,TRUE,TRUE,TRUE
"atom",99,"reverse_equal","C.UTF-8",TRUE,TRUE,TRUE,TRUE
"atom",99,"reflexivity","C.UTF-8",TRUE,TRUE,TRUE,TRUE
"atom",99,"unequal_control","C.UTF-8",FALSE,FALSE,FALSE,FALSE
"atom",100,"forward_equal","C.UTF-8",TRUE,TRUE,TRUE,TRUE
"atom",100,"reverse_equal","C.UTF-8",TRUE,TRUE,TRUE,TRUE
"atom",100,"reflexivity","C.UTF-8",TRUE,TRUE,TRUE,TRUE
"atom",100,"unequal_control","C.UTF-8",FALSE,FALSE,FALSE,FALSE
"atom",101,"forward_equal","C.UTF-8",TRUE,TRUE,TRUE,TRUE
"atom",101,"reverse_equal","C.UTF-8",TRUE,TRUE,TRUE,TRUE
"atom",101,"reflexivity","C.UTF-8",TRUE,TRUE,TRUE,TRUE
"atom",101,"unequal_control","C.UTF-8",FALSE,FALSE,FALSE,FALSE
"atom",102,"forward_equal","C.UTF-8",TRUE,TRUE,TRUE,TRUE
"atom",102,"reverse_equal","C.UTF-8",TRUE,TRUE,TRUE,TRUE
"atom",102,"reflexivity","C.UTF-8",TRUE,TRUE,TRUE,TRUE
"atom",102,"unequal_control","C.UTF-8",FALSE,FALSE,FALSE,FALSE
"atom",103,"forward_equal","C.UTF-8",TRUE,FALSE,TRUE,TRUE
"atom",103,"reverse_equal","C.UTF-8",TRUE,FALSE,TRUE,TRUE
"atom",103,"reflexivity","C.UTF-8",TRUE,TRUE,TRUE,TRUE
"atom",103,"unequal_control","C.UTF-8",FALSE,FALSE,FALSE,FALSE
"atom",104,"forward_equal","C.UTF-8",TRUE,FALSE,TRUE,TRUE
"atom",104,"reverse_equal","C.UTF-8",TRUE,FALSE,TRUE,TRUE
"atom",104,"reflexivity","C.UTF-8",TRUE,TRUE,TRUE,TRUE
"atom",104,"unequal_control","C.UTF-8",FALSE,FALSE,FALSE,FALSE
"atom",105,"forward_equal","C.UTF-8",TRUE,FALSE,TRUE,TRUE
"atom",105,"reverse_equal","C.UTF-8",TRUE,FALSE,TRUE,TRUE
"atom",105,"reflexivity","C.UTF-8",TRUE,TRUE,TRUE,TRUE
"atom",105,"unequal_control","C.UTF-8",FALSE,FALSE,FALSE,FALSE
"atom",106,"forward_equal","C.UTF-8",TRUE,FALSE,TRUE,TRUE
"atom",106,"reverse_equal","C.UTF-8",TRUE,FALSE,TRUE,TRUE
"atom",106,"reflexivity","C.UTF-8",TRUE,TRUE,TRUE,TRUE
"atom",106,"unequal_control","C.UTF-8",FALSE,FALSE,FALSE,FALSE
"atom",107,"forward_equal","C.UTF-8",TRUE,FALSE,TRUE,TRUE
"atom",107,"reverse_equal","C.UTF-8",TRUE,FALSE,TRUE,TRUE
"atom",107,"reflexivity","C.UTF-8",TRUE,TRUE,TRUE,TRUE
"atom",107,"unequal_control","C.UTF-8",FALSE,FALSE,FALSE,FALSE
"atom",108,"forward_equal","C.UTF-8",TRUE,FALSE,TRUE,TRUE
"atom",108,"reverse_equal","C.UTF-8",TRUE,FALSE,TRUE,TRUE
"atom",108,"reflexivity","C.UTF-8",TRUE,TRUE,TRUE,TRUE
"atom",108,"unequal_control","C.UTF-8",FALSE,FALSE,FALSE,FALSE
"atom",109,"forward_equal","C.UTF-8",TRUE,TRUE,TRUE,TRUE
"atom",109,"reverse_equal","C.UTF-8",TRUE,TRUE,TRUE,TRUE
"atom",109,"reflexivity","C.UTF-8",TRUE,TRUE,TRUE,TRUE
"atom",109,"unequal_control","C.UTF-8",FALSE,FALSE,FALSE,FALSE
"atom",110,"forward_equal","C.UTF-8",TRUE,TRUE,TRUE,TRUE
"atom",110,"reverse_equal","C.UTF-8",TRUE,TRUE,TRUE,TRUE
"atom",110,"reflexivity","C.UTF-8",TRUE,TRUE,TRUE,TRUE
"atom",110,"unequal_control","C.UTF-8",FALSE,FALSE,FALSE,FALSE
"atom",111,"forward_equal","C.UTF-8",TRUE,FALSE,TRUE,TRUE
"atom",111,"reverse_equal","C.UTF-8",TRUE,FALSE,TRUE,TRUE
"atom",111,"reflexivity","C.UTF-8",TRUE,TRUE,TRUE,TRUE
"atom",111,"unequal_control","C.UTF-8",FALSE,FALSE,FALSE,FALSE
"atom",112,"forward_equal","C.UTF-8",TRUE,FALSE,TRUE,TRUE
"atom",112,"reverse_equal","C.UTF-8",TRUE,FALSE,TRUE,TRUE
"atom",112,"reflexivity","C.UTF-8",TRUE,TRUE,TRUE,TRUE
"atom",112,"unequal_control","C.UTF-8",FALSE,FALSE,FALSE,FALSE
"atom",113,"forward_equal","C.UTF-8",TRUE,TRUE,TRUE,TRUE
"atom",113,"reverse_equal","C.UTF-8",TRUE,TRUE,TRUE,TRUE
"atom",113,"reflexivity","C.UTF-8",TRUE,TRUE,TRUE,TRUE
"atom",113,"unequal_control","C.UTF-8",FALSE,FALSE,FALSE,FALSE
"atom",114,"forward_equal","C.UTF-8",TRUE,FALSE,TRUE,TRUE
"atom",114,"reverse_equal","C.UTF-8",TRUE,FALSE,TRUE,TRUE
"atom",114,"reflexivity","C.UTF-8",TRUE,TRUE,TRUE,TRUE
"atom",114,"unequal_control","C.UTF-8",FALSE,FALSE,FALSE,FALSE
"atom",115,"forward_equal","C.UTF-8",TRUE,TRUE,TRUE,TRUE
"atom",115,"reverse_equal","C.UTF-8",TRUE,TRUE,TRUE,TRUE
"atom",115,"reflexivity","C.UTF-8",TRUE,TRUE,TRUE,TRUE
"atom",115,"unequal_control","C.UTF-8",FALSE,FALSE,FALSE,FALSE
"atom",116,"forward_equal","C.UTF-8",TRUE,TRUE,TRUE,TRUE
"atom",116,"reverse_equal","C.UTF-8",TRUE,TRUE,TRUE,TRUE
"atom",116,"reflexivity","C.UTF-8",TRUE,TRUE,TRUE,TRUE
"atom",116,"unequal_control","C.UTF-8",FALSE,FALSE,FALSE,FALSE
"atom",117,"forward_equal","C.UTF-8",TRUE,FALSE,TRUE,TRUE
"atom",117,"reverse_equal","C.UTF-8",TRUE,FALSE,TRUE,TRUE
"atom",117,"reflexivity","C.UTF-8",TRUE,TRUE,TRUE,TRUE
"atom",117,"unequal_control","C.UTF-8",FALSE,FALSE,FALSE,FALSE
"atom",118,"forward_equal","C.UTF-8",TRUE,FALSE,TRUE,TRUE
"atom",118,"reverse_equal","C.UTF-8",TRUE,FALSE,TRUE,TRUE
"atom",118,"reflexivity","C.UTF-8",TRUE,TRUE,TRUE,TRUE
"atom",118,"unequal_control","C.UTF-8",FALSE,FALSE,FALSE,FALSE
"atom",119,"forward_equal","C.UTF-8",TRUE,TRUE,TRUE,TRUE
"atom",119,"reverse_equal","C.UTF-8",TRUE,TRUE,TRUE,TRUE
"atom",119,"reflexivity","C.UTF-8",TRUE,TRUE,TRUE,TRUE
"atom",119,"unequal_control","C.UTF-8",FALSE,FALSE,FALSE,FALSE
"atom",120,"forward_equal","C.UTF-8",TRUE,FALSE,TRUE,TRUE
"atom",120,"reverse_equal","C.UTF-8",TRUE,FALSE,TRUE,TRUE
"atom",120,"reflexivity","C.UTF-8",TRUE,TRUE,TRUE,TRUE
"atom",120,"unequal_control","C.UTF-8",FALSE,FALSE,FALSE,FALSE
"atom",121,"forward_equal","C.UTF-8",TRUE,TRUE,TRUE,TRUE
"atom",121,"reverse_equal","C.UTF-8",TRUE,TRUE,TRUE,TRUE
"atom",121,"reflexivity","C.UTF-8",TRUE,TRUE,TRUE,TRUE
"atom",121,"unequal_control","C.UTF-8",FALSE,FALSE,FALSE,FALSE
"atom",122,"forward_equal","C.UTF-8",TRUE,TRUE,TRUE,TRUE
"atom",122,"reverse_equal","C.UTF-8",TRUE,TRUE,TRUE,TRUE
"atom",122,"reflexivity","C.UTF-8",TRUE,TRUE,TRUE,TRUE
"atom",122,"unequal_control","C.UTF-8",FALSE,FALSE,FALSE,FALSE
"atom",123,"forward_equal","C.UTF-8",TRUE,TRUE,TRUE,TRUE
"atom",123,"reverse_equal","C.UTF-8",TRUE,TRUE,TRUE,TRUE
"atom",123,"reflexivity","C.UTF-8",TRUE,TRUE,TRUE,TRUE
"atom",123,"unequal_control","C.UTF-8",FALSE,FALSE,FALSE,FALSE
"atom",124,"forward_equal","C.UTF-8",TRUE,TRUE,TRUE,TRUE
"atom",124,"reverse_equal","C.UTF-8",TRUE,TRUE,TRUE,TRUE
"atom",124,"reflexivity","C.UTF-8",TRUE,TRUE,TRUE,TRUE
"atom",124,"unequal_control","C.UTF-8",FALSE,FALSE,FALSE,FALSE
"atom",125,"forward_equal","C.UTF-8",TRUE,TRUE,TRUE,TRUE
"atom",125,"reverse_equal","C.UTF-8",TRUE,TRUE,TRUE,TRUE
"atom",125,"reflexivity","C.UTF-8",TRUE,TRUE,TRUE,TRUE
"atom",125,"unequal_control","C.UTF-8",FALSE,FALSE,FALSE,FALSE
"atom",126,"forward_equal","C.UTF-8",TRUE,TRUE,TRUE,TRUE
"atom",126,"reverse_equal","C.UTF-8",TRUE,TRUE,TRUE,TRUE
"atom",126,"reflexivity","C.UTF-8",TRUE,TRUE,TRUE,TRUE
"atom",126,"unequal_control","C.UTF-8",FALSE,FALSE,FALSE,FALSE
"atom",127,"forward_equal","C.UTF-8",TRUE,FALSE,TRUE,TRUE
"atom",127,"reverse_equal","C.UTF-8",TRUE,FALSE,TRUE,TRUE
"atom",127,"reflexivity","C.UTF-8",TRUE,TRUE,TRUE,TRUE
"atom",127,"unequal_control","C.UTF-8",FALSE,FALSE,FALSE,FALSE
"atom",128,"forward_equal","C.UTF-8",TRUE,FALSE,TRUE,TRUE
"atom",128,"reverse_equal","C.UTF-8",TRUE,FALSE,TRUE,TRUE
"atom",128,"reflexivity","C.UTF-8",TRUE,TRUE,TRUE,TRUE
"atom",128,"unequal_control","C.UTF-8",FALSE,FALSE,FALSE,FALSE
"atom",129,"forward_equal","C.UTF-8",TRUE,FALSE,TRUE,TRUE
"atom",129,"reverse_equal","C.UTF-8",TRUE,FALSE,TRUE,TRUE
"atom",129,"reflexivity","C.UTF-8",TRUE,TRUE,TRUE,TRUE
"atom",129,"unequal_control","C.UTF-8",FALSE,FALSE,FALSE,FALSE
"atom",130,"forward_equal","C.UTF-8",TRUE,FALSE,TRUE,TRUE
"atom",130,"reverse_equal","C.UTF-8",TRUE,FALSE,TRUE,TRUE
"atom",130,"reflexivity","C.UTF-8",TRUE,TRUE,TRUE,TRUE
"atom",130,"unequal_control","C.UTF-8",FALSE,FALSE,FALSE,FALSE
"atom",131,"forward_equal","C.UTF-8",TRUE,FALSE,TRUE,TRUE
"atom",131,"reverse_equal","C.UTF-8",TRUE,FALSE,TRUE,TRUE
"atom",131,"reflexivity","C.UTF-8",TRUE,TRUE,TRUE,TRUE
"atom",131,"unequal_control","C.UTF-8",FALSE,FALSE,FALSE,FALSE
"atom",132,"forward_equal","C.UTF-8",TRUE,FALSE,TRUE,TRUE
"atom",132,"reverse_equal","C.UTF-8",TRUE,FALSE,TRUE,TRUE
"atom",132,"reflexivity","C.UTF-8",TRUE,TRUE,TRUE,TRUE
"atom",132,"unequal_control","C.UTF-8",FALSE,FALSE,FALSE,FALSE
"atom",133,"forward_equal","C.UTF-8",TRUE,TRUE,TRUE,TRUE
"atom",133,"reverse_equal","C.UTF-8",TRUE,TRUE,TRUE,TRUE
"atom",133,"reflexivity","C.UTF-8",TRUE,TRUE,TRUE,TRUE
"atom",133,"unequal_control","C.UTF-8",FALSE,FALSE,FALSE,FALSE
"atom",134,"forward_equal","C.UTF-8",TRUE,TRUE,TRUE,TRUE
"atom",134,"reverse_equal","C.UTF-8",TRUE,TRUE,TRUE,TRUE
"atom",134,"reflexivity","C.UTF-8",TRUE,TRUE,TRUE,TRUE
"atom",134,"unequal_control","C.UTF-8",FALSE,FALSE,FALSE,FALSE
"atom",135,"forward_equal","C.UTF-8",TRUE,FALSE,TRUE,TRUE
"atom",135,"reverse_equal","C.UTF-8",TRUE,FALSE,TRUE,TRUE
"atom",135,"reflexivity","C.UTF-8",TRUE,TRUE,TRUE,TRUE
"atom",135,"unequal_control","C.UTF-8",FALSE,FALSE,FALSE,FALSE
"atom",136,"forward_equal","C.UTF-8",TRUE,FALSE,TRUE,TRUE
"atom",136,"reverse_equal","C.UTF-8",TRUE,FALSE,TRUE,TRUE
"atom",136,"reflexivity","C.UTF-8",TRUE,TRUE,TRUE,TRUE
"atom",136,"unequal_control","C.UTF-8",FALSE,FALSE,FALSE,FALSE
"atom",137,"forward_equal","C.UTF-8",TRUE,TRUE,TRUE,TRUE
"atom",137,"reverse_equal","C.UTF-8",TRUE,TRUE,TRUE,TRUE
"atom",137,"reflexivity","C.UTF-8",TRUE,TRUE,TRUE,TRUE
"atom",137,"unequal_control","C.UTF-8",FALSE,FALSE,FALSE,FALSE
"atom",138,"forward_equal","C.UTF-8",TRUE,FALSE,TRUE,TRUE
"atom",138,"reverse_equal","C.UTF-8",TRUE,FALSE,TRUE,TRUE
"atom",138,"reflexivity","C.UTF-8",TRUE,TRUE,TRUE,TRUE
"atom",138,"unequal_control","C.UTF-8",FALSE,FALSE,FALSE,FALSE
"atom",139,"forward_equal","C.UTF-8",TRUE,TRUE,TRUE,TRUE
"atom",139,"reverse_equal","C.UTF-8",TRUE,TRUE,TRUE,TRUE
"atom",139,"reflexivity","C.UTF-8",TRUE,TRUE,TRUE,TRUE
"atom",139,"unequal_control","C.UTF-8",FALSE,FALSE,FALSE,FALSE
"atom",140,"forward_equal","C.UTF-8",TRUE,TRUE,TRUE,TRUE
"atom",140,"reverse_equal","C.UTF-8",TRUE,TRUE,TRUE,TRUE
"atom",140,"reflexivity","C.UTF-8",TRUE,TRUE,TRUE,TRUE
"atom",140,"unequal_control","C.UTF-8",FALSE,FALSE,FALSE,FALSE
"atom",141,"forward_equal","C.UTF-8",TRUE,FALSE,TRUE,TRUE
"atom",141,"reverse_equal","C.UTF-8",TRUE,FALSE,TRUE,TRUE
"atom",141,"reflexivity","C.UTF-8",TRUE,TRUE,TRUE,TRUE
"atom",141,"unequal_control","C.UTF-8",FALSE,FALSE,FALSE,FALSE
"atom",142,"forward_equal","C.UTF-8",TRUE,FALSE,TRUE,TRUE
"atom",142,"reverse_equal","C.UTF-8",TRUE,FALSE,TRUE,TRUE
"atom",142,"reflexivity","C.UTF-8",TRUE,TRUE,TRUE,TRUE
"atom",142,"unequal_control","C.UTF-8",FALSE,FALSE,FALSE,FALSE
"atom",143,"forward_equal","C.UTF-8",TRUE,TRUE,TRUE,TRUE
"atom",143,"reverse_equal","C.UTF-8",TRUE,TRUE,TRUE,TRUE
"atom",143,"reflexivity","C.UTF-8",TRUE,TRUE,TRUE,TRUE
"atom",143,"unequal_control","C.UTF-8",FALSE,FALSE,FALSE,FALSE
"atom",144,"forward_equal","C.UTF-8",TRUE,FALSE,TRUE,TRUE
"atom",144,"reverse_equal","C.UTF-8",TRUE,FALSE,TRUE,TRUE
"atom",144,"reflexivity","C.UTF-8",TRUE,TRUE,TRUE,TRUE
"atom",144,"unequal_control","C.UTF-8",FALSE,FALSE,FALSE,FALSE
"atom",145,"forward_equal","C.UTF-8",TRUE,TRUE,TRUE,TRUE
"atom",145,"reverse_equal","C.UTF-8",TRUE,TRUE,TRUE,TRUE
"atom",145,"reflexivity","C.UTF-8",TRUE,TRUE,TRUE,TRUE
"atom",145,"unequal_control","C.UTF-8",FALSE,FALSE,FALSE,FALSE
"atom",146,"forward_equal","C.UTF-8",TRUE,TRUE,TRUE,TRUE
"atom",146,"reverse_equal","C.UTF-8",TRUE,TRUE,TRUE,TRUE
"atom",146,"reflexivity","C.UTF-8",TRUE,TRUE,TRUE,TRUE
"atom",146,"unequal_control","C.UTF-8",FALSE,FALSE,FALSE,FALSE
"atom",147,"forward_equal","C.UTF-8",TRUE,TRUE,TRUE,TRUE
"atom",147,"reverse_equal","C.UTF-8",TRUE,TRUE,TRUE,TRUE
"atom",147,"reflexivity","C.UTF-8",TRUE,TRUE,TRUE,TRUE
"atom",147,"unequal_control","C.UTF-8",FALSE,FALSE,FALSE,FALSE
"atom",148,"forward_equal","C.UTF-8",TRUE,TRUE,TRUE,TRUE
"atom",148,"reverse_equal","C.UTF-8",TRUE,TRUE,TRUE,TRUE
"atom",148,"reflexivity","C.UTF-8",TRUE,TRUE,TRUE,TRUE
"atom",148,"unequal_control","C.UTF-8",FALSE,FALSE,FALSE,FALSE
"atom",149,"forward_equal","C.UTF-8",TRUE,TRUE,TRUE,TRUE
"atom",149,"reverse_equal","C.UTF-8",TRUE,TRUE,TRUE,TRUE
"atom",149,"reflexivity","C.UTF-8",TRUE,TRUE,TRUE,TRUE
"atom",149,"unequal_control","C.UTF-8",FALSE,FALSE,FALSE,FALSE
"atom",150,"forward_equal","C.UTF-8",TRUE,TRUE,TRUE,TRUE
"atom",150,"reverse_equal","C.UTF-8",TRUE,TRUE,TRUE,TRUE
"atom",150,"reflexivity","C.UTF-8",TRUE,TRUE,TRUE,TRUE
"atom",150,"unequal_control","C.UTF-8",FALSE,FALSE,FALSE,FALSE
"atom",151,"forward_equal","C.UTF-8",TRUE,FALSE,TRUE,TRUE
"atom",151,"reverse_equal","C.UTF-8",TRUE,FALSE,TRUE,TRUE
"atom",151,"reflexivity","C.UTF-8",TRUE,TRUE,TRUE,TRUE
"atom",151,"unequal_control","C.UTF-8",FALSE,FALSE,FALSE,FALSE
"atom",152,"forward_equal","C.UTF-8",TRUE,FALSE,TRUE,TRUE
"atom",152,"reverse_equal","C.UTF-8",TRUE,FALSE,TRUE,TRUE
"atom",152,"reflexivity","C.UTF-8",TRUE,TRUE,TRUE,TRUE
"atom",152,"unequal_control","C.UTF-8",FALSE,FALSE,FALSE,FALSE
"atom",153,"forward_equal","C.UTF-8",TRUE,FALSE,TRUE,TRUE
"atom",153,"reverse_equal","C.UTF-8",TRUE,FALSE,TRUE,TRUE
"atom",153,"reflexivity","C.UTF-8",TRUE,TRUE,TRUE,TRUE
"atom",153,"unequal_control","C.UTF-8",FALSE,FALSE,FALSE,FALSE
"atom",154,"forward_equal","C.UTF-8",TRUE,FALSE,TRUE,TRUE
"atom",154,"reverse_equal","C.UTF-8",TRUE,FALSE,TRUE,TRUE
"atom",154,"reflexivity","C.UTF-8",TRUE,TRUE,TRUE,TRUE
"atom",154,"unequal_control","C.UTF-8",FALSE,FALSE,FALSE,FALSE
"atom",155,"forward_equal","C.UTF-8",TRUE,FALSE,TRUE,TRUE
"atom",155,"reverse_equal","C.UTF-8",TRUE,FALSE,TRUE,TRUE
"atom",155,"reflexivity","C.UTF-8",TRUE,TRUE,TRUE,TRUE
"atom",155,"unequal_control","C.UTF-8",FALSE,FALSE,FALSE,FALSE
"atom",156,"forward_equal","C.UTF-8",TRUE,FALSE,TRUE,TRUE
"atom",156,"reverse_equal","C.UTF-8",TRUE,FALSE,TRUE,TRUE
"atom",156,"reflexivity","C.UTF-8",TRUE,TRUE,TRUE,TRUE
"atom",156,"unequal_control","C.UTF-8",FALSE,FALSE,FALSE,FALSE
"atom",157,"forward_equal","C.UTF-8",TRUE,TRUE,TRUE,TRUE
"atom",157,"reverse_equal","C.UTF-8",TRUE,TRUE,TRUE,TRUE
"atom",157,"reflexivity","C.UTF-8",TRUE,TRUE,TRUE,TRUE
"atom",157,"unequal_control","C.UTF-8",FALSE,FALSE,FALSE,FALSE
"atom",158,"forward_equal","C.UTF-8",TRUE,TRUE,TRUE,TRUE
"atom",158,"reverse_equal","C.UTF-8",TRUE,TRUE,TRUE,TRUE
"atom",158,"reflexivity","C.UTF-8",TRUE,TRUE,TRUE,TRUE
"atom",158,"unequal_control","C.UTF-8",FALSE,FALSE,FALSE,FALSE
"atom",159,"forward_equal","C.UTF-8",TRUE,FALSE,TRUE,TRUE
"atom",159,"reverse_equal","C.UTF-8",TRUE,FALSE,TRUE,TRUE
"atom",159,"reflexivity","C.UTF-8",TRUE,TRUE,TRUE,TRUE
"atom",159,"unequal_control","C.UTF-8",FALSE,FALSE,FALSE,FALSE
"atom",160,"forward_equal","C.UTF-8",TRUE,FALSE,TRUE,TRUE
"atom",160,"reverse_equal","C.UTF-8",TRUE,FALSE,TRUE,TRUE
"atom",160,"reflexivity","C.UTF-8",TRUE,TRUE,TRUE,TRUE
"atom",160,"unequal_control","C.UTF-8",FALSE,FALSE,FALSE,FALSE
"atom",161,"forward_equal","C.UTF-8",TRUE,TRUE,TRUE,TRUE
"atom",161,"reverse_equal","C.UTF-8",TRUE,TRUE,TRUE,TRUE
"atom",161,"reflexivity","C.UTF-8",TRUE,TRUE,TRUE,TRUE
"atom",161,"unequal_control","C.UTF-8",FALSE,FALSE,FALSE,FALSE
"atom",162,"forward_equal","C.UTF-8",TRUE,FALSE,TRUE,TRUE
"atom",162,"reverse_equal","C.UTF-8",TRUE,FALSE,TRUE,TRUE
"atom",162,"reflexivity","C.UTF-8",TRUE,TRUE,TRUE,TRUE
"atom",162,"unequal_control","C.UTF-8",FALSE,FALSE,FALSE,FALSE
"atom",163,"forward_equal","C.UTF-8",TRUE,TRUE,TRUE,TRUE
"atom",163,"reverse_equal","C.UTF-8",TRUE,TRUE,TRUE,TRUE
"atom",163,"reflexivity","C.UTF-8",TRUE,TRUE,TRUE,TRUE
"atom",163,"unequal_control","C.UTF-8",FALSE,FALSE,FALSE,FALSE
"atom",164,"forward_equal","C.UTF-8",TRUE,TRUE,TRUE,TRUE
"atom",164,"reverse_equal","C.UTF-8",TRUE,TRUE,TRUE,TRUE
"atom",164,"reflexivity","C.UTF-8",TRUE,TRUE,TRUE,TRUE
"atom",164,"unequal_control","C.UTF-8",FALSE,FALSE,FALSE,FALSE
"atom",165,"forward_equal","C.UTF-8",TRUE,FALSE,TRUE,TRUE
"atom",165,"reverse_equal","C.UTF-8",TRUE,FALSE,TRUE,TRUE
"atom",165,"reflexivity","C.UTF-8",TRUE,TRUE,TRUE,TRUE
"atom",165,"unequal_control","C.UTF-8",FALSE,FALSE,FALSE,FALSE
"atom",166,"forward_equal","C.UTF-8",TRUE,FALSE,TRUE,TRUE
"atom",166,"reverse_equal","C.UTF-8",TRUE,FALSE,TRUE,TRUE
"atom",166,"reflexivity","C.UTF-8",TRUE,TRUE,TRUE,TRUE
"atom",166,"unequal_control","C.UTF-8",FALSE,FALSE,FALSE,FALSE
"atom",167,"forward_equal","C.UTF-8",TRUE,TRUE,TRUE,TRUE
"atom",167,"reverse_equal","C.UTF-8",TRUE,TRUE,TRUE,TRUE
"atom",167,"reflexivity","C.UTF-8",TRUE,TRUE,TRUE,TRUE
"atom",167,"unequal_control","C.UTF-8",FALSE,FALSE,FALSE,FALSE
"atom",168,"forward_equal","C.UTF-8",TRUE,FALSE,TRUE,TRUE
"atom",168,"reverse_equal","C.UTF-8",TRUE,FALSE,TRUE,TRUE
"atom",168,"reflexivity","C.UTF-8",TRUE,TRUE,TRUE,TRUE
"atom",168,"unequal_control","C.UTF-8",FALSE,FALSE,FALSE,FALSE
"atom",169,"forward_equal","C.UTF-8",TRUE,TRUE,TRUE,TRUE
"atom",169,"reverse_equal","C.UTF-8",TRUE,TRUE,TRUE,TRUE
"atom",169,"reflexivity","C.UTF-8",TRUE,TRUE,TRUE,TRUE
"atom",169,"unequal_control","C.UTF-8",FALSE,FALSE,FALSE,FALSE
"atom",170,"forward_equal","C.UTF-8",TRUE,TRUE,TRUE,TRUE
"atom",170,"reverse_equal","C.UTF-8",TRUE,TRUE,TRUE,TRUE
"atom",170,"reflexivity","C.UTF-8",TRUE,TRUE,TRUE,TRUE
"atom",170,"unequal_control","C.UTF-8",FALSE,FALSE,FALSE,FALSE
"atom",171,"forward_equal","C.UTF-8",TRUE,TRUE,TRUE,TRUE
"atom",171,"reverse_equal","C.UTF-8",TRUE,TRUE,TRUE,TRUE
"atom",171,"reflexivity","C.UTF-8",TRUE,TRUE,TRUE,TRUE
"atom",171,"unequal_control","C.UTF-8",FALSE,FALSE,FALSE,FALSE
"atom",172,"forward_equal","C.UTF-8",TRUE,TRUE,TRUE,TRUE
"atom",172,"reverse_equal","C.UTF-8",TRUE,TRUE,TRUE,TRUE
"atom",172,"reflexivity","C.UTF-8",TRUE,TRUE,TRUE,TRUE
"atom",172,"unequal_control","C.UTF-8",FALSE,FALSE,FALSE,FALSE
"atom",173,"forward_equal","C.UTF-8",TRUE,TRUE,TRUE,TRUE
"atom",173,"reverse_equal","C.UTF-8",TRUE,TRUE,TRUE,TRUE
"atom",173,"reflexivity","C.UTF-8",TRUE,TRUE,TRUE,TRUE
"atom",173,"unequal_control","C.UTF-8",FALSE,FALSE,FALSE,FALSE
"atom",174,"forward_equal","C.UTF-8",TRUE,TRUE,TRUE,TRUE
"atom",174,"reverse_equal","C.UTF-8",TRUE,TRUE,TRUE,TRUE
"atom",174,"reflexivity","C.UTF-8",TRUE,TRUE,TRUE,TRUE
"atom",174,"unequal_control","C.UTF-8",FALSE,FALSE,FALSE,FALSE
"atom",175,"forward_equal","C.UTF-8",TRUE,FALSE,TRUE,TRUE
"atom",175,"reverse_equal","C.UTF-8",TRUE,FALSE,TRUE,TRUE
"atom",175,"reflexivity","C.UTF-8",TRUE,TRUE,TRUE,TRUE
"atom",175,"unequal_control","C.UTF-8",FALSE,FALSE,FALSE,FALSE
"atom",176,"forward_equal","C.UTF-8",TRUE,FALSE,TRUE,TRUE
"atom",176,"reverse_equal","C.UTF-8",TRUE,FALSE,TRUE,TRUE
"atom",176,"reflexivity","C.UTF-8",TRUE,TRUE,TRUE,TRUE
"atom",176,"unequal_control","C.UTF-8",FALSE,FALSE,FALSE,FALSE
"atom",177,"forward_equal","C.UTF-8",TRUE,FALSE,TRUE,TRUE
"atom",177,"reverse_equal","C.UTF-8",TRUE,FALSE,TRUE,TRUE
"atom",177,"reflexivity","C.UTF-8",TRUE,TRUE,TRUE,TRUE
"atom",177,"unequal_control","C.UTF-8",FALSE,FALSE,FALSE,FALSE
"atom",178,"forward_equal","C.UTF-8",TRUE,FALSE,TRUE,TRUE
"atom",178,"reverse_equal","C.UTF-8",TRUE,FALSE,TRUE,TRUE
"atom",178,"reflexivity","C.UTF-8",TRUE,TRUE,TRUE,TRUE
"atom",178,"unequal_control","C.UTF-8",FALSE,FALSE,FALSE,FALSE
"atom",179,"forward_equal","C.UTF-8",TRUE,FALSE,TRUE,TRUE
"atom",179,"reverse_equal","C.UTF-8",TRUE,FALSE,TRUE,TRUE
"atom",179,"reflexivity","C.UTF-8",TRUE,TRUE,TRUE,TRUE
"atom",179,"unequal_control","C.UTF-8",FALSE,FALSE,FALSE,FALSE
"atom",180,"forward_equal","C.UTF-8",TRUE,FALSE,TRUE,TRUE
"atom",180,"reverse_equal","C.UTF-8",TRUE,FALSE,TRUE,TRUE
"atom",180,"reflexivity","C.UTF-8",TRUE,TRUE,TRUE,TRUE
"atom",180,"unequal_control","C.UTF-8",FALSE,FALSE,FALSE,FALSE
"atom",181,"forward_equal","C.UTF-8",TRUE,TRUE,TRUE,TRUE
"atom",181,"reverse_equal","C.UTF-8",TRUE,TRUE,TRUE,TRUE
"atom",181,"reflexivity","C.UTF-8",TRUE,TRUE,TRUE,TRUE
"atom",181,"unequal_control","C.UTF-8",FALSE,FALSE,FALSE,FALSE
"atom",182,"forward_equal","C.UTF-8",TRUE,TRUE,TRUE,TRUE
"atom",182,"reverse_equal","C.UTF-8",TRUE,TRUE,TRUE,TRUE
"atom",182,"reflexivity","C.UTF-8",TRUE,TRUE,TRUE,TRUE
"atom",182,"unequal_control","C.UTF-8",FALSE,FALSE,FALSE,FALSE
"atom",183,"forward_equal","C.UTF-8",TRUE,FALSE,TRUE,TRUE
"atom",183,"reverse_equal","C.UTF-8",TRUE,FALSE,TRUE,TRUE
"atom",183,"reflexivity","C.UTF-8",TRUE,TRUE,TRUE,TRUE
"atom",183,"unequal_control","C.UTF-8",FALSE,FALSE,FALSE,FALSE
"atom",184,"forward_equal","C.UTF-8",TRUE,FALSE,TRUE,TRUE
"atom",184,"reverse_equal","C.UTF-8",TRUE,FALSE,TRUE,TRUE
"atom",184,"reflexivity","C.UTF-8",TRUE,TRUE,TRUE,TRUE
"atom",184,"unequal_control","C.UTF-8",FALSE,FALSE,FALSE,FALSE
"atom",185,"forward_equal","C.UTF-8",TRUE,TRUE,TRUE,TRUE
"atom",185,"reverse_equal","C.UTF-8",TRUE,TRUE,TRUE,TRUE
"atom",185,"reflexivity","C.UTF-8",TRUE,TRUE,TRUE,TRUE
"atom",185,"unequal_control","C.UTF-8",FALSE,FALSE,FALSE,FALSE
"atom",186,"forward_equal","C.UTF-8",TRUE,FALSE,TRUE,TRUE
"atom",186,"reverse_equal","C.UTF-8",TRUE,FALSE,TRUE,TRUE
"atom",186,"reflexivity","C.UTF-8",TRUE,TRUE,TRUE,TRUE
"atom",186,"unequal_control","C.UTF-8",FALSE,FALSE,FALSE,FALSE
"atom",187,"forward_equal","C.UTF-8",TRUE,TRUE,TRUE,TRUE
"atom",187,"reverse_equal","C.UTF-8",TRUE,TRUE,TRUE,TRUE
"atom",187,"reflexivity","C.UTF-8",TRUE,TRUE,TRUE,TRUE
"atom",187,"unequal_control","C.UTF-8",FALSE,FALSE,FALSE,FALSE
"atom",188,"forward_equal","C.UTF-8",TRUE,TRUE,TRUE,TRUE
"atom",188,"reverse_equal","C.UTF-8",TRUE,TRUE,TRUE,TRUE
"atom",188,"reflexivity","C.UTF-8",TRUE,TRUE,TRUE,TRUE
"atom",188,"unequal_control","C.UTF-8",FALSE,FALSE,FALSE,FALSE
"atom",189,"forward_equal","C.UTF-8",TRUE,FALSE,TRUE,TRUE
"atom",189,"reverse_equal","C.UTF-8",TRUE,FALSE,TRUE,TRUE
"atom",189,"reflexivity","C.UTF-8",TRUE,TRUE,TRUE,TRUE
"atom",189,"unequal_control","C.UTF-8",FALSE,FALSE,FALSE,FALSE
"atom",190,"forward_equal","C.UTF-8",TRUE,FALSE,TRUE,TRUE
"atom",190,"reverse_equal","C.UTF-8",TRUE,FALSE,TRUE,TRUE
"atom",190,"reflexivity","C.UTF-8",TRUE,TRUE,TRUE,TRUE
"atom",190,"unequal_control","C.UTF-8",FALSE,FALSE,FALSE,FALSE
"atom",191,"forward_equal","C.UTF-8",TRUE,TRUE,TRUE,TRUE
"atom",191,"reverse_equal","C.UTF-8",TRUE,TRUE,TRUE,TRUE
"atom",191,"reflexivity","C.UTF-8",TRUE,TRUE,TRUE,TRUE
"atom",191,"unequal_control","C.UTF-8",FALSE,FALSE,FALSE,FALSE
"atom",192,"forward_equal","C.UTF-8",TRUE,FALSE,TRUE,TRUE
"atom",192,"reverse_equal","C.UTF-8",TRUE,FALSE,TRUE,TRUE
"atom",192,"reflexivity","C.UTF-8",TRUE,TRUE,TRUE,TRUE
"atom",192,"unequal_control","C.UTF-8",FALSE,FALSE,FALSE,FALSE
"atom",193,"forward_equal","C.UTF-8",TRUE,TRUE,TRUE,TRUE
"atom",193,"reverse_equal","C.UTF-8",TRUE,TRUE,TRUE,TRUE
"atom",193,"reflexivity","C.UTF-8",TRUE,TRUE,TRUE,TRUE
"atom",193,"unequal_control","C.UTF-8",FALSE,FALSE,FALSE,FALSE
"atom",194,"forward_equal","C.UTF-8",TRUE,TRUE,TRUE,TRUE
"atom",194,"reverse_equal","C.UTF-8",TRUE,TRUE,TRUE,TRUE
"atom",194,"reflexivity","C.UTF-8",TRUE,TRUE,TRUE,TRUE
"atom",194,"unequal_control","C.UTF-8",FALSE,FALSE,FALSE,FALSE
"atom",195,"forward_equal","C.UTF-8",TRUE,TRUE,TRUE,TRUE
"atom",195,"reverse_equal","C.UTF-8",TRUE,TRUE,TRUE,TRUE
"atom",195,"reflexivity","C.UTF-8",TRUE,TRUE,TRUE,TRUE
"atom",195,"unequal_control","C.UTF-8",FALSE,FALSE,FALSE,FALSE
"atom",196,"forward_equal","C.UTF-8",TRUE,TRUE,TRUE,TRUE
"atom",196,"reverse_equal","C.UTF-8",TRUE,TRUE,TRUE,TRUE
"atom",196,"reflexivity","C.UTF-8",TRUE,TRUE,TRUE,TRUE
"atom",196,"unequal_control","C.UTF-8",FALSE,FALSE,FALSE,FALSE
"atom",197,"forward_equal","C.UTF-8",TRUE,TRUE,TRUE,TRUE
"atom",197,"reverse_equal","C.UTF-8",TRUE,TRUE,TRUE,TRUE
"atom",197,"reflexivity","C.UTF-8",TRUE,TRUE,TRUE,TRUE
"atom",197,"unequal_control","C.UTF-8",FALSE,FALSE,FALSE,FALSE
"atom",198,"forward_equal","C.UTF-8",TRUE,TRUE,TRUE,TRUE
"atom",198,"reverse_equal","C.UTF-8",TRUE,TRUE,TRUE,TRUE
"atom",198,"reflexivity","C.UTF-8",TRUE,TRUE,TRUE,TRUE
"atom",198,"unequal_control","C.UTF-8",FALSE,FALSE,FALSE,FALSE
"atom",199,"forward_equal","C.UTF-8",TRUE,FALSE,TRUE,TRUE
"atom",199,"reverse_equal","C.UTF-8",TRUE,FALSE,TRUE,TRUE
"atom",199,"reflexivity","C.UTF-8",TRUE,TRUE,TRUE,TRUE
"atom",199,"unequal_control","C.UTF-8",FALSE,FALSE,FALSE,FALSE
"atom",200,"forward_equal","C.UTF-8",TRUE,FALSE,TRUE,TRUE
"atom",200,"reverse_equal","C.UTF-8",TRUE,FALSE,TRUE,TRUE
"atom",200,"reflexivity","C.UTF-8",TRUE,TRUE,TRUE,TRUE
"atom",200,"unequal_control","C.UTF-8",FALSE,FALSE,FALSE,FALSE
"atom",201,"forward_equal","C.UTF-8",TRUE,FALSE,TRUE,TRUE
"atom",201,"reverse_equal","C.UTF-8",TRUE,FALSE,TRUE,TRUE
"atom",201,"reflexivity","C.UTF-8",TRUE,TRUE,TRUE,TRUE
"atom",201,"unequal_control","C.UTF-8",FALSE,FALSE,FALSE,FALSE
"atom",202,"forward_equal","C.UTF-8",TRUE,FALSE,TRUE,TRUE
"atom",202,"reverse_equal","C.UTF-8",TRUE,FALSE,TRUE,TRUE
"atom",202,"reflexivity","C.UTF-8",TRUE,TRUE,TRUE,TRUE
"atom",202,"unequal_control","C.UTF-8",FALSE,FALSE,FALSE,FALSE
"atom",203,"forward_equal","C.UTF-8",TRUE,FALSE,TRUE,TRUE
"atom",203,"reverse_equal","C.UTF-8",TRUE,FALSE,TRUE,TRUE
"atom",203,"reflexivity","C.UTF-8",TRUE,TRUE,TRUE,TRUE
"atom",203,"unequal_control","C.UTF-8",FALSE,FALSE,FALSE,FALSE
"atom",204,"forward_equal","C.UTF-8",TRUE,FALSE,TRUE,TRUE
"atom",204,"reverse_equal","C.UTF-8",TRUE,FALSE,TRUE,TRUE
"atom",204,"reflexivity","C.UTF-8",TRUE,TRUE,TRUE,TRUE
"atom",204,"unequal_control","C.UTF-8",FALSE,FALSE,FALSE,FALSE
"atom",205,"forward_equal","C.UTF-8",TRUE,TRUE,TRUE,TRUE
"atom",205,"reverse_equal","C.UTF-8",TRUE,TRUE,TRUE,TRUE
"atom",205,"reflexivity","C.UTF-8",TRUE,TRUE,TRUE,TRUE
"atom",205,"unequal_control","C.UTF-8",FALSE,FALSE,FALSE,FALSE
"atom",206,"forward_equal","C.UTF-8",TRUE,TRUE,TRUE,TRUE
"atom",206,"reverse_equal","C.UTF-8",TRUE,TRUE,TRUE,TRUE
"atom",206,"reflexivity","C.UTF-8",TRUE,TRUE,TRUE,TRUE
"atom",206,"unequal_control","C.UTF-8",FALSE,FALSE,FALSE,FALSE
"atom",207,"forward_equal","C.UTF-8",TRUE,FALSE,TRUE,TRUE
"atom",207,"reverse_equal","C.UTF-8",TRUE,FALSE,TRUE,TRUE
"atom",207,"reflexivity","C.UTF-8",TRUE,TRUE,TRUE,TRUE
"atom",207,"unequal_control","C.UTF-8",FALSE,FALSE,FALSE,FALSE
"atom",208,"forward_equal","C.UTF-8",TRUE,FALSE,TRUE,TRUE
"atom",208,"reverse_equal","C.UTF-8",TRUE,FALSE,TRUE,TRUE
"atom",208,"reflexivity","C.UTF-8",TRUE,TRUE,TRUE,TRUE
"atom",208,"unequal_control","C.UTF-8",FALSE,FALSE,FALSE,FALSE
"atom",209,"forward_equal","C.UTF-8",TRUE,TRUE,TRUE,TRUE
"atom",209,"reverse_equal","C.UTF-8",TRUE,TRUE,TRUE,TRUE
"atom",209,"reflexivity","C.UTF-8",TRUE,TRUE,TRUE,TRUE
"atom",209,"unequal_control","C.UTF-8",FALSE,FALSE,FALSE,FALSE
"atom",210,"forward_equal","C.UTF-8",TRUE,FALSE,TRUE,TRUE
"atom",210,"reverse_equal","C.UTF-8",TRUE,FALSE,TRUE,TRUE
"atom",210,"reflexivity","C.UTF-8",TRUE,TRUE,TRUE,TRUE
"atom",210,"unequal_control","C.UTF-8",FALSE,FALSE,FALSE,FALSE
"atom",211,"forward_equal","C.UTF-8",TRUE,TRUE,TRUE,TRUE
"atom",211,"reverse_equal","C.UTF-8",TRUE,TRUE,TRUE,TRUE
"atom",211,"reflexivity","C.UTF-8",TRUE,TRUE,TRUE,TRUE
"atom",211,"unequal_control","C.UTF-8",FALSE,FALSE,FALSE,FALSE
"atom",212,"forward_equal","C.UTF-8",TRUE,TRUE,TRUE,TRUE
"atom",212,"reverse_equal","C.UTF-8",TRUE,TRUE,TRUE,TRUE
"atom",212,"reflexivity","C.UTF-8",TRUE,TRUE,TRUE,TRUE
"atom",212,"unequal_control","C.UTF-8",FALSE,FALSE,FALSE,FALSE
"atom",213,"forward_equal","C.UTF-8",TRUE,FALSE,TRUE,TRUE
"atom",213,"reverse_equal","C.UTF-8",TRUE,FALSE,TRUE,TRUE
"atom",213,"reflexivity","C.UTF-8",TRUE,TRUE,TRUE,TRUE
"atom",213,"unequal_control","C.UTF-8",FALSE,FALSE,FALSE,FALSE
"atom",214,"forward_equal","C.UTF-8",TRUE,FALSE,TRUE,TRUE
"atom",214,"reverse_equal","C.UTF-8",TRUE,FALSE,TRUE,TRUE
"atom",214,"reflexivity","C.UTF-8",TRUE,TRUE,TRUE,TRUE
"atom",214,"unequal_control","C.UTF-8",FALSE,FALSE,FALSE,FALSE
"atom",215,"forward_equal","C.UTF-8",TRUE,TRUE,TRUE,TRUE
"atom",215,"reverse_equal","C.UTF-8",TRUE,TRUE,TRUE,TRUE
"atom",215,"reflexivity","C.UTF-8",TRUE,TRUE,TRUE,TRUE
"atom",215,"unequal_control","C.UTF-8",FALSE,FALSE,FALSE,FALSE
"atom",216,"forward_equal","C.UTF-8",TRUE,FALSE,TRUE,TRUE
"atom",216,"reverse_equal","C.UTF-8",TRUE,FALSE,TRUE,TRUE
"atom",216,"reflexivity","C.UTF-8",TRUE,TRUE,TRUE,TRUE
"atom",216,"unequal_control","C.UTF-8",FALSE,FALSE,FALSE,FALSE
"atom",217,"forward_equal","C.UTF-8",TRUE,TRUE,TRUE,TRUE
"atom",217,"reverse_equal","C.UTF-8",TRUE,TRUE,TRUE,TRUE
"atom",217,"reflexivity","C.UTF-8",TRUE,TRUE,TRUE,TRUE
"atom",217,"unequal_control","C.UTF-8",FALSE,FALSE,FALSE,FALSE
"atom",218,"forward_equal","C.UTF-8",TRUE,TRUE,TRUE,TRUE
"atom",218,"reverse_equal","C.UTF-8",TRUE,TRUE,TRUE,TRUE
"atom",218,"reflexivity","C.UTF-8",TRUE,TRUE,TRUE,TRUE
"atom",218,"unequal_control","C.UTF-8",FALSE,FALSE,FALSE,FALSE
"atom",219,"forward_equal","C.UTF-8",TRUE,TRUE,TRUE,TRUE
"atom",219,"reverse_equal","C.UTF-8",TRUE,TRUE,TRUE,TRUE
"atom",219,"reflexivity","C.UTF-8",TRUE,TRUE,TRUE,TRUE
"atom",219,"unequal_control","C.UTF-8",FALSE,FALSE,FALSE,FALSE
"atom",220,"forward_equal","C.UTF-8",TRUE,TRUE,TRUE,TRUE
"atom",220,"reverse_equal","C.UTF-8",TRUE,TRUE,TRUE,TRUE
"atom",220,"reflexivity","C.UTF-8",TRUE,TRUE,TRUE,TRUE
"atom",220,"unequal_control","C.UTF-8",FALSE,FALSE,FALSE,FALSE
"atom",221,"forward_equal","C.UTF-8",TRUE,TRUE,TRUE,TRUE
"atom",221,"reverse_equal","C.UTF-8",TRUE,TRUE,TRUE,TRUE
"atom",221,"reflexivity","C.UTF-8",TRUE,TRUE,TRUE,TRUE
"atom",221,"unequal_control","C.UTF-8",FALSE,FALSE,FALSE,FALSE
"atom",222,"forward_equal","C.UTF-8",TRUE,TRUE,TRUE,TRUE
"atom",222,"reverse_equal","C.UTF-8",TRUE,TRUE,TRUE,TRUE
"atom",222,"reflexivity","C.UTF-8",TRUE,TRUE,TRUE,TRUE
"atom",222,"unequal_control","C.UTF-8",FALSE,FALSE,FALSE,FALSE
"atom",223,"forward_equal","C.UTF-8",TRUE,FALSE,TRUE,TRUE
"atom",223,"reverse_equal","C.UTF-8",TRUE,FALSE,TRUE,TRUE
"atom",223,"reflexivity","C.UTF-8",TRUE,TRUE,TRUE,TRUE
"atom",223,"unequal_control","C.UTF-8",FALSE,FALSE,FALSE,FALSE
"atom",224,"forward_equal","C.UTF-8",TRUE,FALSE,TRUE,TRUE
"atom",224,"reverse_equal","C.UTF-8",TRUE,FALSE,TRUE,TRUE
"atom",224,"reflexivity","C.UTF-8",TRUE,TRUE,TRUE,TRUE
"atom",224,"unequal_control","C.UTF-8",FALSE,FALSE,FALSE,FALSE
"atom",225,"forward_equal","C.UTF-8",TRUE,FALSE,TRUE,TRUE
"atom",225,"reverse_equal","C.UTF-8",TRUE,FALSE,TRUE,TRUE
"atom",225,"reflexivity","C.UTF-8",TRUE,TRUE,TRUE,TRUE
"atom",225,"unequal_control","C.UTF-8",FALSE,FALSE,FALSE,FALSE
"atom",226,"forward_equal","C.UTF-8",TRUE,FALSE,TRUE,TRUE
"atom",226,"reverse_equal","C.UTF-8",TRUE,FALSE,TRUE,TRUE
"atom",226,"reflexivity","C.UTF-8",TRUE,TRUE,TRUE,TRUE
"atom",226,"unequal_control","C.UTF-8",FALSE,FALSE,FALSE,FALSE
"atom",227,"forward_equal","C.UTF-8",TRUE,FALSE,TRUE,TRUE
"atom",227,"reverse_equal","C.UTF-8",TRUE,FALSE,TRUE,TRUE
"atom",227,"reflexivity","C.UTF-8",TRUE,TRUE,TRUE,TRUE
"atom",227,"unequal_control","C.UTF-8",FALSE,FALSE,FALSE,FALSE
"atom",228,"forward_equal","C.UTF-8",TRUE,FALSE,TRUE,TRUE
"atom",228,"reverse_equal","C.UTF-8",TRUE,FALSE,TRUE,TRUE
"atom",228,"reflexivity","C.UTF-8",TRUE,TRUE,TRUE,TRUE
"atom",228,"unequal_control","C.UTF-8",FALSE,FALSE,FALSE,FALSE
"atom",229,"forward_equal","C.UTF-8",TRUE,TRUE,TRUE,TRUE
"atom",229,"reverse_equal","C.UTF-8",TRUE,TRUE,TRUE,TRUE
"atom",229,"reflexivity","C.UTF-8",TRUE,TRUE,TRUE,TRUE
"atom",229,"unequal_control","C.UTF-8",FALSE,FALSE,FALSE,FALSE
"atom",230,"forward_equal","C.UTF-8",TRUE,TRUE,TRUE,TRUE
"atom",230,"reverse_equal","C.UTF-8",TRUE,TRUE,TRUE,TRUE
"atom",230,"reflexivity","C.UTF-8",TRUE,TRUE,TRUE,TRUE
"atom",230,"unequal_control","C.UTF-8",FALSE,FALSE,FALSE,FALSE
"atom",231,"forward_equal","C.UTF-8",TRUE,FALSE,TRUE,TRUE
"atom",231,"reverse_equal","C.UTF-8",TRUE,FALSE,TRUE,TRUE
"atom",231,"reflexivity","C.UTF-8",TRUE,TRUE,TRUE,TRUE
"atom",231,"unequal_control","C.UTF-8",FALSE,FALSE,FALSE,FALSE
"atom",232,"forward_equal","C.UTF-8",TRUE,FALSE,TRUE,TRUE
"atom",232,"reverse_equal","C.UTF-8",TRUE,FALSE,TRUE,TRUE
"atom",232,"reflexivity","C.UTF-8",TRUE,TRUE,TRUE,TRUE
"atom",232,"unequal_control","C.UTF-8",FALSE,FALSE,FALSE,FALSE
"atom",233,"forward_equal","C.UTF-8",TRUE,TRUE,TRUE,TRUE
"atom",233,"reverse_equal","C.UTF-8",TRUE,TRUE,TRUE,TRUE
"atom",233,"reflexivity","C.UTF-8",TRUE,TRUE,TRUE,TRUE
"atom",233,"unequal_control","C.UTF-8",FALSE,FALSE,FALSE,FALSE
"atom",234,"forward_equal","C.UTF-8",TRUE,FALSE,TRUE,TRUE
"atom",234,"reverse_equal","C.UTF-8",TRUE,FALSE,TRUE,TRUE
"atom",234,"reflexivity","C.UTF-8",TRUE,TRUE,TRUE,TRUE
"atom",234,"unequal_control","C.UTF-8",FALSE,FALSE,FALSE,FALSE
"atom",235,"forward_equal","C.UTF-8",TRUE,TRUE,TRUE,TRUE
"atom",235,"reverse_equal","C.UTF-8",TRUE,TRUE,TRUE,TRUE
"atom",235,"reflexivity","C.UTF-8",TRUE,TRUE,TRUE,TRUE
"atom",235,"unequal_control","C.UTF-8",FALSE,FALSE,FALSE,FALSE
"atom",236,"forward_equal","C.UTF-8",TRUE,TRUE,TRUE,TRUE
"atom",236,"reverse_equal","C.UTF-8",TRUE,TRUE,TRUE,TRUE
"atom",236,"reflexivity","C.UTF-8",TRUE,TRUE,TRUE,TRUE
"atom",236,"unequal_control","C.UTF-8",FALSE,FALSE,FALSE,FALSE
"atom",237,"forward_equal","C.UTF-8",TRUE,FALSE,TRUE,TRUE
"atom",237,"reverse_equal","C.UTF-8",TRUE,FALSE,TRUE,TRUE
"atom",237,"reflexivity","C.UTF-8",TRUE,TRUE,TRUE,TRUE
"atom",237,"unequal_control","C.UTF-8",FALSE,FALSE,FALSE,FALSE
"atom",238,"forward_equal","C.UTF-8",TRUE,FALSE,TRUE,TRUE
"atom",238,"reverse_equal","C.UTF-8",TRUE,FALSE,TRUE,TRUE
"atom",238,"reflexivity","C.UTF-8",TRUE,TRUE,TRUE,TRUE
"atom",238,"unequal_control","C.UTF-8",FALSE,FALSE,FALSE,FALSE
"atom",239,"forward_equal","C.UTF-8",TRUE,TRUE,TRUE,TRUE
"atom",239,"reverse_equal","C.UTF-8",TRUE,TRUE,TRUE,TRUE
"atom",239,"reflexivity","C.UTF-8",TRUE,TRUE,TRUE,TRUE
"atom",239,"unequal_control","C.UTF-8",FALSE,FALSE,FALSE,FALSE
"atom",240,"forward_equal","C.UTF-8",TRUE,FALSE,TRUE,TRUE
"atom",240,"reverse_equal","C.UTF-8",TRUE,FALSE,TRUE,TRUE
"atom",240,"reflexivity","C.UTF-8",TRUE,TRUE,TRUE,TRUE
"atom",240,"unequal_control","C.UTF-8",FALSE,FALSE,FALSE,FALSE
"atom",241,"forward_equal","C.UTF-8",TRUE,TRUE,TRUE,TRUE
"atom",241,"reverse_equal","C.UTF-8",TRUE,TRUE,TRUE,TRUE
"atom",241,"reflexivity","C.UTF-8",TRUE,TRUE,TRUE,TRUE
"atom",241,"unequal_control","C.UTF-8",FALSE,FALSE,FALSE,FALSE
"atom",242,"forward_equal","C.UTF-8",TRUE,TRUE,TRUE,TRUE
"atom",242,"reverse_equal","C.UTF-8",TRUE,TRUE,TRUE,TRUE
"atom",242,"reflexivity","C.UTF-8",TRUE,TRUE,TRUE,TRUE
"atom",242,"unequal_control","C.UTF-8",FALSE,FALSE,FALSE,FALSE
"atom",243,"forward_equal","C.UTF-8",TRUE,TRUE,TRUE,TRUE
"atom",243,"reverse_equal","C.UTF-8",TRUE,TRUE,TRUE,TRUE
"atom",243,"reflexivity","C.UTF-8",TRUE,TRUE,TRUE,TRUE
"atom",243,"unequal_control","C.UTF-8",FALSE,FALSE,FALSE,FALSE
"atom",244,"forward_equal","C.UTF-8",TRUE,TRUE,TRUE,TRUE
"atom",244,"reverse_equal","C.UTF-8",TRUE,TRUE,TRUE,TRUE
"atom",244,"reflexivity","C.UTF-8",TRUE,TRUE,TRUE,TRUE
"atom",244,"unequal_control","C.UTF-8",FALSE,FALSE,FALSE,FALSE
"atom",245,"forward_equal","C.UTF-8",TRUE,TRUE,TRUE,TRUE
"atom",245,"reverse_equal","C.UTF-8",TRUE,TRUE,TRUE,TRUE
"atom",245,"reflexivity","C.UTF-8",TRUE,TRUE,TRUE,TRUE
"atom",245,"unequal_control","C.UTF-8",FALSE,FALSE,FALSE,FALSE
"atom",246,"forward_equal","C.UTF-8",TRUE,TRUE,TRUE,TRUE
"atom",246,"reverse_equal","C.UTF-8",TRUE,TRUE,TRUE,TRUE
"atom",246,"reflexivity","C.UTF-8",TRUE,TRUE,TRUE,TRUE
"atom",246,"unequal_control","C.UTF-8",FALSE,FALSE,FALSE,FALSE
"atom",247,"forward_equal","C.UTF-8",TRUE,FALSE,TRUE,TRUE
"atom",247,"reverse_equal","C.UTF-8",TRUE,FALSE,TRUE,TRUE
"atom",247,"reflexivity","C.UTF-8",TRUE,TRUE,TRUE,TRUE
"atom",247,"unequal_control","C.UTF-8",FALSE,FALSE,FALSE,FALSE
"atom",248,"forward_equal","C.UTF-8",TRUE,FALSE,TRUE,TRUE
"atom",248,"reverse_equal","C.UTF-8",TRUE,FALSE,TRUE,TRUE
"atom",248,"reflexivity","C.UTF-8",TRUE,TRUE,TRUE,TRUE
"atom",248,"unequal_control","C.UTF-8",FALSE,FALSE,FALSE,FALSE
"atom",249,"forward_equal","C.UTF-8",TRUE,FALSE,TRUE,TRUE
"atom",249,"reverse_equal","C.UTF-8",TRUE,FALSE,TRUE,TRUE
"atom",249,"reflexivity","C.UTF-8",TRUE,TRUE,TRUE,TRUE
"atom",249,"unequal_control","C.UTF-8",FALSE,FALSE,FALSE,FALSE
"atom",250,"forward_equal","C.UTF-8",TRUE,FALSE,TRUE,TRUE
"atom",250,"reverse_equal","C.UTF-8",TRUE,FALSE,TRUE,TRUE
"atom",250,"reflexivity","C.UTF-8",TRUE,TRUE,TRUE,TRUE
"atom",250,"unequal_control","C.UTF-8",FALSE,FALSE,FALSE,FALSE
"atom",251,"forward_equal","C.UTF-8",TRUE,FALSE,TRUE,TRUE
"atom",251,"reverse_equal","C.UTF-8",TRUE,FALSE,TRUE,TRUE
"atom",251,"reflexivity","C.UTF-8",TRUE,TRUE,TRUE,TRUE
"atom",251,"unequal_control","C.UTF-8",FALSE,FALSE,FALSE,FALSE
"atom",252,"forward_equal","C.UTF-8",TRUE,FALSE,TRUE,TRUE
"atom",252,"reverse_equal","C.UTF-8",TRUE,FALSE,TRUE,TRUE
"atom",252,"reflexivity","C.UTF-8",TRUE,TRUE,TRUE,TRUE
"atom",252,"unequal_control","C.UTF-8",FALSE,FALSE,FALSE,FALSE
"atom",253,"forward_equal","C.UTF-8",TRUE,TRUE,TRUE,TRUE
"atom",253,"reverse_equal","C.UTF-8",TRUE,TRUE,TRUE,TRUE
"atom",253,"reflexivity","C.UTF-8",TRUE,TRUE,TRUE,TRUE
"atom",253,"unequal_control","C.UTF-8",FALSE,FALSE,FALSE,FALSE
"atom",254,"forward_equal","C.UTF-8",TRUE,TRUE,TRUE,TRUE
"atom",254,"reverse_equal","C.UTF-8",TRUE,TRUE,TRUE,TRUE
"atom",254,"reflexivity","C.UTF-8",TRUE,TRUE,TRUE,TRUE
"atom",254,"unequal_control","C.UTF-8",FALSE,FALSE,FALSE,FALSE
"atom",255,"forward_equal","C.UTF-8",TRUE,FALSE,TRUE,TRUE
"atom",255,"reverse_equal","C.UTF-8",TRUE,FALSE,TRUE,TRUE
"atom",255,"reflexivity","C.UTF-8",TRUE,TRUE,TRUE,TRUE
"atom",255,"unequal_control","C.UTF-8",FALSE,FALSE,FALSE,FALSE
"atom",256,"forward_equal","C.UTF-8",TRUE,FALSE,TRUE,TRUE
"atom",256,"reverse_equal","C.UTF-8",TRUE,FALSE,TRUE,TRUE
"atom",256,"reflexivity","C.UTF-8",TRUE,TRUE,TRUE,TRUE
"atom",256,"unequal_control","C.UTF-8",FALSE,FALSE,FALSE,FALSE
"atom",257,"forward_equal","C.UTF-8",TRUE,TRUE,TRUE,TRUE
"atom",257,"reverse_equal","C.UTF-8",TRUE,TRUE,TRUE,TRUE
"atom",257,"reflexivity","C.UTF-8",TRUE,TRUE,TRUE,TRUE
"atom",257,"unequal_control","C.UTF-8",FALSE,FALSE,FALSE,FALSE
"atom",258,"forward_equal","C.UTF-8",TRUE,FALSE,TRUE,TRUE
"atom",258,"reverse_equal","C.UTF-8",TRUE,FALSE,TRUE,TRUE
"atom",258,"reflexivity","C.UTF-8",TRUE,TRUE,TRUE,TRUE
"atom",258,"unequal_control","C.UTF-8",FALSE,FALSE,FALSE,FALSE
"atom",259,"forward_equal","C.UTF-8",TRUE,TRUE,TRUE,TRUE
"atom",259,"reverse_equal","C.UTF-8",TRUE,TRUE,TRUE,TRUE
"atom",259,"reflexivity","C.UTF-8",TRUE,TRUE,TRUE,TRUE
"atom",259,"unequal_control","C.UTF-8",FALSE,FALSE,FALSE,FALSE
"atom",260,"forward_equal","C.UTF-8",TRUE,TRUE,TRUE,TRUE
"atom",260,"reverse_equal","C.UTF-8",TRUE,TRUE,TRUE,TRUE
"atom",260,"reflexivity","C.UTF-8",TRUE,TRUE,TRUE,TRUE
"atom",260,"unequal_control","C.UTF-8",FALSE,FALSE,FALSE,FALSE
"atom",261,"forward_equal","C.UTF-8",TRUE,FALSE,TRUE,TRUE
"atom",261,"reverse_equal","C.UTF-8",TRUE,FALSE,TRUE,TRUE
"atom",261,"reflexivity","C.UTF-8",TRUE,TRUE,TRUE,TRUE
"atom",261,"unequal_control","C.UTF-8",FALSE,FALSE,FALSE,FALSE
"atom",262,"forward_equal","C.UTF-8",TRUE,FALSE,TRUE,TRUE
"atom",262,"reverse_equal","C.UTF-8",TRUE,FALSE,TRUE,TRUE
"atom",262,"reflexivity","C.UTF-8",TRUE,TRUE,TRUE,TRUE
"atom",262,"unequal_control","C.UTF-8",FALSE,FALSE,FALSE,FALSE
"atom",263,"forward_equal","C.UTF-8",TRUE,TRUE,TRUE,TRUE
"atom",263,"reverse_equal","C.UTF-8",TRUE,TRUE,TRUE,TRUE
"atom",263,"reflexivity","C.UTF-8",TRUE,TRUE,TRUE,TRUE
"atom",263,"unequal_control","C.UTF-8",FALSE,FALSE,FALSE,FALSE
"atom",264,"forward_equal","C.UTF-8",TRUE,FALSE,TRUE,TRUE
"atom",264,"reverse_equal","C.UTF-8",TRUE,FALSE,TRUE,TRUE
"atom",264,"reflexivity","C.UTF-8",TRUE,TRUE,TRUE,TRUE
"atom",264,"unequal_control","C.UTF-8",FALSE,FALSE,FALSE,FALSE
"atom",265,"forward_equal","C.UTF-8",TRUE,TRUE,TRUE,TRUE
"atom",265,"reverse_equal","C.UTF-8",TRUE,TRUE,TRUE,TRUE
"atom",265,"reflexivity","C.UTF-8",TRUE,TRUE,TRUE,TRUE
"atom",265,"unequal_control","C.UTF-8",FALSE,FALSE,FALSE,FALSE
"atom",266,"forward_equal","C.UTF-8",TRUE,TRUE,TRUE,TRUE
"atom",266,"reverse_equal","C.UTF-8",TRUE,TRUE,TRUE,TRUE
"atom",266,"reflexivity","C.UTF-8",TRUE,TRUE,TRUE,TRUE
"atom",266,"unequal_control","C.UTF-8",FALSE,FALSE,FALSE,FALSE
"atom",267,"forward_equal","C.UTF-8",TRUE,TRUE,TRUE,TRUE
"atom",267,"reverse_equal","C.UTF-8",TRUE,TRUE,TRUE,TRUE
"atom",267,"reflexivity","C.UTF-8",TRUE,TRUE,TRUE,TRUE
"atom",267,"unequal_control","C.UTF-8",FALSE,FALSE,FALSE,FALSE
"atom",268,"forward_equal","C.UTF-8",TRUE,TRUE,TRUE,TRUE
"atom",268,"reverse_equal","C.UTF-8",TRUE,TRUE,TRUE,TRUE
"atom",268,"reflexivity","C.UTF-8",TRUE,TRUE,TRUE,TRUE
"atom",268,"unequal_control","C.UTF-8",FALSE,FALSE,FALSE,FALSE
"atom",269,"forward_equal","C.UTF-8",TRUE,TRUE,TRUE,TRUE
"atom",269,"reverse_equal","C.UTF-8",TRUE,TRUE,TRUE,TRUE
"atom",269,"reflexivity","C.UTF-8",TRUE,TRUE,TRUE,TRUE
"atom",269,"unequal_control","C.UTF-8",FALSE,FALSE,FALSE,FALSE
"atom",270,"forward_equal","C.UTF-8",TRUE,TRUE,TRUE,TRUE
"atom",270,"reverse_equal","C.UTF-8",TRUE,TRUE,TRUE,TRUE
"atom",270,"reflexivity","C.UTF-8",TRUE,TRUE,TRUE,TRUE
"atom",270,"unequal_control","C.UTF-8",FALSE,FALSE,FALSE,FALSE
"atom",271,"forward_equal","C.UTF-8",TRUE,FALSE,TRUE,TRUE
"atom",271,"reverse_equal","C.UTF-8",TRUE,FALSE,TRUE,TRUE
"atom",271,"reflexivity","C.UTF-8",TRUE,TRUE,TRUE,TRUE
"atom",271,"unequal_control","C.UTF-8",FALSE,FALSE,FALSE,FALSE
"atom",272,"forward_equal","C.UTF-8",TRUE,FALSE,TRUE,TRUE
"atom",272,"reverse_equal","C.UTF-8",TRUE,FALSE,TRUE,TRUE
"atom",272,"reflexivity","C.UTF-8",TRUE,TRUE,TRUE,TRUE
"atom",272,"unequal_control","C.UTF-8",FALSE,FALSE,FALSE,FALSE
"atom",273,"forward_equal","C.UTF-8",TRUE,FALSE,TRUE,TRUE
"atom",273,"reverse_equal","C.UTF-8",TRUE,FALSE,TRUE,TRUE
"atom",273,"reflexivity","C.UTF-8",TRUE,TRUE,TRUE,TRUE
"atom",273,"unequal_control","C.UTF-8",FALSE,FALSE,FALSE,FALSE
"atom",274,"forward_equal","C.UTF-8",TRUE,FALSE,TRUE,TRUE
"atom",274,"reverse_equal","C.UTF-8",TRUE,FALSE,TRUE,TRUE
"atom",274,"reflexivity","C.UTF-8",TRUE,TRUE,TRUE,TRUE
"atom",274,"unequal_control","C.UTF-8",FALSE,FALSE,FALSE,FALSE
"atom",275,"forward_equal","C.UTF-8",TRUE,FALSE,TRUE,TRUE
"atom",275,"reverse_equal","C.UTF-8",TRUE,FALSE,TRUE,TRUE
"atom",275,"reflexivity","C.UTF-8",TRUE,TRUE,TRUE,TRUE
"atom",275,"unequal_control","C.UTF-8",FALSE,FALSE,FALSE,FALSE
"atom",276,"forward_equal","C.UTF-8",TRUE,FALSE,TRUE,TRUE
"atom",276,"reverse_equal","C.UTF-8",TRUE,FALSE,TRUE,TRUE
"atom",276,"reflexivity","C.UTF-8",TRUE,TRUE,TRUE,TRUE
"atom",276,"unequal_control","C.UTF-8",FALSE,FALSE,FALSE,FALSE
"atom",277,"forward_equal","C.UTF-8",TRUE,TRUE,TRUE,TRUE
"atom",277,"reverse_equal","C.UTF-8",TRUE,TRUE,TRUE,TRUE
"atom",277,"reflexivity","C.UTF-8",TRUE,TRUE,TRUE,TRUE
"atom",277,"unequal_control","C.UTF-8",FALSE,FALSE,FALSE,FALSE
"atom",278,"forward_equal","C.UTF-8",TRUE,TRUE,TRUE,TRUE
"atom",278,"reverse_equal","C.UTF-8",TRUE,TRUE,TRUE,TRUE
"atom",278,"reflexivity","C.UTF-8",TRUE,TRUE,TRUE,TRUE
"atom",278,"unequal_control","C.UTF-8",FALSE,FALSE,FALSE,FALSE
"atom",279,"forward_equal","C.UTF-8",TRUE,FALSE,TRUE,TRUE
"atom",279,"reverse_equal","C.UTF-8",TRUE,FALSE,TRUE,TRUE
"atom",279,"reflexivity","C.UTF-8",TRUE,TRUE,TRUE,TRUE
"atom",279,"unequal_control","C.UTF-8",FALSE,FALSE,FALSE,FALSE
"atom",280,"forward_equal","C.UTF-8",TRUE,FALSE,TRUE,TRUE
"atom",280,"reverse_equal","C.UTF-8",TRUE,FALSE,TRUE,TRUE
"atom",280,"reflexivity","C.UTF-8",TRUE,TRUE,TRUE,TRUE
"atom",280,"unequal_control","C.UTF-8",FALSE,FALSE,FALSE,FALSE
"atom",281,"forward_equal","C.UTF-8",TRUE,TRUE,TRUE,TRUE
"atom",281,"reverse_equal","C.UTF-8",TRUE,TRUE,TRUE,TRUE
"atom",281,"reflexivity","C.UTF-8",TRUE,TRUE,TRUE,TRUE
"atom",281,"unequal_control","C.UTF-8",FALSE,FALSE,FALSE,FALSE
"atom",282,"forward_equal","C.UTF-8",TRUE,FALSE,TRUE,TRUE
"atom",282,"reverse_equal","C.UTF-8",TRUE,FALSE,TRUE,TRUE
"atom",282,"reflexivity","C.UTF-8",TRUE,TRUE,TRUE,TRUE
"atom",282,"unequal_control","C.UTF-8",FALSE,FALSE,FALSE,FALSE
"atom",283,"forward_equal","C.UTF-8",TRUE,TRUE,TRUE,TRUE
"atom",283,"reverse_equal","C.UTF-8",TRUE,TRUE,TRUE,TRUE
"atom",283,"reflexivity","C.UTF-8",TRUE,TRUE,TRUE,TRUE
"atom",283,"unequal_control","C.UTF-8",FALSE,FALSE,FALSE,FALSE
"atom",284,"forward_equal","C.UTF-8",TRUE,TRUE,TRUE,TRUE
"atom",284,"reverse_equal","C.UTF-8",TRUE,TRUE,TRUE,TRUE
"atom",284,"reflexivity","C.UTF-8",TRUE,TRUE,TRUE,TRUE
"atom",284,"unequal_control","C.UTF-8",FALSE,FALSE,FALSE,FALSE
"atom",285,"forward_equal","C.UTF-8",TRUE,FALSE,TRUE,TRUE
"atom",285,"reverse_equal","C.UTF-8",TRUE,FALSE,TRUE,TRUE
"atom",285,"reflexivity","C.UTF-8",TRUE,TRUE,TRUE,TRUE
"atom",285,"unequal_control","C.UTF-8",FALSE,FALSE,FALSE,FALSE
"atom",286,"forward_equal","C.UTF-8",TRUE,FALSE,TRUE,TRUE
"atom",286,"reverse_equal","C.UTF-8",TRUE,FALSE,TRUE,TRUE
"atom",286,"reflexivity","C.UTF-8",TRUE,TRUE,TRUE,TRUE
"atom",286,"unequal_control","C.UTF-8",FALSE,FALSE,FALSE,FALSE
"atom",287,"forward_equal","C.UTF-8",TRUE,TRUE,TRUE,TRUE
"atom",287,"reverse_equal","C.UTF-8",TRUE,TRUE,TRUE,TRUE
"atom",287,"reflexivity","C.UTF-8",TRUE,TRUE,TRUE,TRUE
"atom",287,"unequal_control","C.UTF-8",FALSE,FALSE,FALSE,FALSE
"atom",288,"forward_equal","C.UTF-8",TRUE,FALSE,TRUE,TRUE
"atom",288,"reverse_equal","C.UTF-8",TRUE,FALSE,TRUE,TRUE
"atom",288,"reflexivity","C.UTF-8",TRUE,TRUE,TRUE,TRUE
"atom",288,"unequal_control","C.UTF-8",FALSE,FALSE,FALSE,FALSE
"atom",289,"forward_equal","C.UTF-8",TRUE,TRUE,TRUE,TRUE
"atom",289,"reverse_equal","C.UTF-8",TRUE,TRUE,TRUE,TRUE
"atom",289,"reflexivity","C.UTF-8",TRUE,TRUE,TRUE,TRUE
"atom",289,"unequal_control","C.UTF-8",FALSE,FALSE,FALSE,FALSE
"atom",290,"forward_equal","C.UTF-8",TRUE,TRUE,TRUE,TRUE
"atom",290,"reverse_equal","C.UTF-8",TRUE,TRUE,TRUE,TRUE
"atom",290,"reflexivity","C.UTF-8",TRUE,TRUE,TRUE,TRUE
"atom",290,"unequal_control","C.UTF-8",FALSE,FALSE,FALSE,FALSE
"atom",291,"forward_equal","C.UTF-8",TRUE,TRUE,TRUE,TRUE
"atom",291,"reverse_equal","C.UTF-8",TRUE,TRUE,TRUE,TRUE
"atom",291,"reflexivity","C.UTF-8",TRUE,TRUE,TRUE,TRUE
"atom",291,"unequal_control","C.UTF-8",FALSE,FALSE,FALSE,FALSE
"atom",292,"forward_equal","C.UTF-8",TRUE,TRUE,TRUE,TRUE
"atom",292,"reverse_equal","C.UTF-8",TRUE,TRUE,TRUE,TRUE
"atom",292,"reflexivity","C.UTF-8",TRUE,TRUE,TRUE,TRUE
"atom",292,"unequal_control","C.UTF-8",FALSE,FALSE,FALSE,FALSE
"atom",293,"forward_equal","C.UTF-8",TRUE,TRUE,TRUE,TRUE
"atom",293,"reverse_equal","C.UTF-8",TRUE,TRUE,TRUE,TRUE
"atom",293,"reflexivity","C.UTF-8",TRUE,TRUE,TRUE,TRUE
"atom",293,"unequal_control","C.UTF-8",FALSE,FALSE,FALSE,FALSE
"atom",294,"forward_equal","C.UTF-8",TRUE,TRUE,TRUE,TRUE
"atom",294,"reverse_equal","C.UTF-8",TRUE,TRUE,TRUE,TRUE
"atom",294,"reflexivity","C.UTF-8",TRUE,TRUE,TRUE,TRUE
"atom",294,"unequal_control","C.UTF-8",FALSE,FALSE,FALSE,FALSE
"atom",295,"forward_equal","C.UTF-8",TRUE,FALSE,TRUE,TRUE
"atom",295,"reverse_equal","C.UTF-8",TRUE,FALSE,TRUE,TRUE
"atom",295,"reflexivity","C.UTF-8",TRUE,TRUE,TRUE,TRUE
"atom",295,"unequal_control","C.UTF-8",FALSE,FALSE,FALSE,FALSE
"atom",296,"forward_equal","C.UTF-8",TRUE,FALSE,TRUE,TRUE
"atom",296,"reverse_equal","C.UTF-8",TRUE,FALSE,TRUE,TRUE
"atom",296,"reflexivity","C.UTF-8",TRUE,TRUE,TRUE,TRUE
"atom",296,"unequal_control","C.UTF-8",FALSE,FALSE,FALSE,FALSE
"atom",297,"forward_equal","C.UTF-8",TRUE,FALSE,TRUE,TRUE
"atom",297,"reverse_equal","C.UTF-8",TRUE,FALSE,TRUE,TRUE
"atom",297,"reflexivity","C.UTF-8",TRUE,TRUE,TRUE,TRUE
"atom",297,"unequal_control","C.UTF-8",FALSE,FALSE,FALSE,FALSE
"atom",298,"forward_equal","C.UTF-8",TRUE,FALSE,TRUE,TRUE
"atom",298,"reverse_equal","C.UTF-8",TRUE,FALSE,TRUE,TRUE
"atom",298,"reflexivity","C.UTF-8",TRUE,TRUE,TRUE,TRUE
"atom",298,"unequal_control","C.UTF-8",FALSE,FALSE,FALSE,FALSE
"atom",299,"forward_equal","C.UTF-8",TRUE,FALSE,TRUE,TRUE
"atom",299,"reverse_equal","C.UTF-8",TRUE,FALSE,TRUE,TRUE
"atom",299,"reflexivity","C.UTF-8",TRUE,TRUE,TRUE,TRUE
"atom",299,"unequal_control","C.UTF-8",FALSE,FALSE,FALSE,FALSE
"atom",300,"forward_equal","C.UTF-8",TRUE,FALSE,TRUE,TRUE
"atom",300,"reverse_equal","C.UTF-8",TRUE,FALSE,TRUE,TRUE
"atom",300,"reflexivity","C.UTF-8",TRUE,TRUE,TRUE,TRUE
"atom",300,"unequal_control","C.UTF-8",FALSE,FALSE,FALSE,FALSE
"atom",301,"forward_equal","C.UTF-8",TRUE,TRUE,TRUE,TRUE
"atom",301,"reverse_equal","C.UTF-8",TRUE,TRUE,TRUE,TRUE
"atom",301,"reflexivity","C.UTF-8",TRUE,TRUE,TRUE,TRUE
"atom",301,"unequal_control","C.UTF-8",FALSE,FALSE,FALSE,FALSE
"atom",302,"forward_equal","C.UTF-8",TRUE,TRUE,TRUE,TRUE
"atom",302,"reverse_equal","C.UTF-8",TRUE,TRUE,TRUE,TRUE
"atom",302,"reflexivity","C.UTF-8",TRUE,TRUE,TRUE,TRUE
"atom",302,"unequal_control","C.UTF-8",FALSE,FALSE,FALSE,FALSE
"atom",303,"forward_equal","C.UTF-8",TRUE,FALSE,TRUE,TRUE
"atom",303,"reverse_equal","C.UTF-8",TRUE,FALSE,TRUE,TRUE
"atom",303,"reflexivity","C.UTF-8",TRUE,TRUE,TRUE,TRUE
"atom",303,"unequal_control","C.UTF-8",FALSE,FALSE,FALSE,FALSE
"atom",304,"forward_equal","C.UTF-8",TRUE,FALSE,TRUE,TRUE
"atom",304,"reverse_equal","C.UTF-8",TRUE,FALSE,TRUE,TRUE
"atom",304,"reflexivity","C.UTF-8",TRUE,TRUE,TRUE,TRUE
"atom",304,"unequal_control","C.UTF-8",FALSE,FALSE,FALSE,FALSE
"atom",305,"forward_equal","C.UTF-8",TRUE,TRUE,TRUE,TRUE
"atom",305,"reverse_equal","C.UTF-8",TRUE,TRUE,TRUE,TRUE
"atom",305,"reflexivity","C.UTF-8",TRUE,TRUE,TRUE,TRUE
"atom",305,"unequal_control","C.UTF-8",FALSE,FALSE,FALSE,FALSE
"atom",306,"forward_equal","C.UTF-8",TRUE,FALSE,TRUE,TRUE
"atom",306,"reverse_equal","C.UTF-8",TRUE,FALSE,TRUE,TRUE
"atom",306,"reflexivity","C.UTF-8",TRUE,TRUE,TRUE,TRUE
"atom",306,"unequal_control","C.UTF-8",FALSE,FALSE,FALSE,FALSE
"atom",307,"forward_equal","C.UTF-8",TRUE,TRUE,TRUE,TRUE
"atom",307,"reverse_equal","C.UTF-8",TRUE,TRUE,TRUE,TRUE
"atom",307,"reflexivity","C.UTF-8",TRUE,TRUE,TRUE,TRUE
"atom",307,"unequal_control","C.UTF-8",FALSE,FALSE,FALSE,FALSE
"atom",308,"forward_equal","C.UTF-8",TRUE,TRUE,TRUE,TRUE
"atom",308,"reverse_equal","C.UTF-8",TRUE,TRUE,TRUE,TRUE
"atom",308,"reflexivity","C.UTF-8",TRUE,TRUE,TRUE,TRUE
"atom",308,"unequal_control","C.UTF-8",FALSE,FALSE,FALSE,FALSE
"atom",309,"forward_equal","C.UTF-8",TRUE,FALSE,TRUE,TRUE
"atom",309,"reverse_equal","C.UTF-8",TRUE,FALSE,TRUE,TRUE
"atom",309,"reflexivity","C.UTF-8",TRUE,TRUE,TRUE,TRUE
"atom",309,"unequal_control","C.UTF-8",FALSE,FALSE,FALSE,FALSE
"atom",310,"forward_equal","C.UTF-8",TRUE,FALSE,TRUE,TRUE
"atom",310,"reverse_equal","C.UTF-8",TRUE,FALSE,TRUE,TRUE
"atom",310,"reflexivity","C.UTF-8",TRUE,TRUE,TRUE,TRUE
"atom",310,"unequal_control","C.UTF-8",FALSE,FALSE,FALSE,FALSE
"atom",311,"forward_equal","C.UTF-8",TRUE,TRUE,TRUE,TRUE
"atom",311,"reverse_equal","C.UTF-8",TRUE,TRUE,TRUE,TRUE
"atom",311,"reflexivity","C.UTF-8",TRUE,TRUE,TRUE,TRUE
"atom",311,"unequal_control","C.UTF-8",FALSE,FALSE,FALSE,FALSE
"atom",312,"forward_equal","C.UTF-8",TRUE,FALSE,TRUE,TRUE
"atom",312,"reverse_equal","C.UTF-8",TRUE,FALSE,TRUE,TRUE
"atom",312,"reflexivity","C.UTF-8",TRUE,TRUE,TRUE,TRUE
"atom",312,"unequal_control","C.UTF-8",FALSE,FALSE,FALSE,FALSE
"atom",313,"forward_equal","C.UTF-8",TRUE,TRUE,TRUE,TRUE
"atom",313,"reverse_equal","C.UTF-8",TRUE,TRUE,TRUE,TRUE
"atom",313,"reflexivity","C.UTF-8",TRUE,TRUE,TRUE,TRUE
"atom",313,"unequal_control","C.UTF-8",FALSE,FALSE,FALSE,FALSE
"atom",314,"forward_equal","C.UTF-8",TRUE,TRUE,TRUE,TRUE
"atom",314,"reverse_equal","C.UTF-8",TRUE,TRUE,TRUE,TRUE
"atom",314,"reflexivity","C.UTF-8",TRUE,TRUE,TRUE,TRUE
"atom",314,"unequal_control","C.UTF-8",FALSE,FALSE,FALSE,FALSE
"atom",315,"forward_equal","C.UTF-8",TRUE,TRUE,TRUE,TRUE
"atom",315,"reverse_equal","C.UTF-8",TRUE,TRUE,TRUE,TRUE
"atom",315,"reflexivity","C.UTF-8",TRUE,TRUE,TRUE,TRUE
"atom",315,"unequal_control","C.UTF-8",FALSE,FALSE,FALSE,FALSE
"atom",316,"forward_equal","C.UTF-8",TRUE,TRUE,TRUE,TRUE
"atom",316,"reverse_equal","C.UTF-8",TRUE,TRUE,TRUE,TRUE
"atom",316,"reflexivity","C.UTF-8",TRUE,TRUE,TRUE,TRUE
"atom",316,"unequal_control","C.UTF-8",FALSE,FALSE,FALSE,FALSE
"atom",317,"forward_equal","C.UTF-8",TRUE,TRUE,TRUE,TRUE
"atom",317,"reverse_equal","C.UTF-8",TRUE,TRUE,TRUE,TRUE
"atom",317,"reflexivity","C.UTF-8",TRUE,TRUE,TRUE,TRUE
"atom",317,"unequal_control","C.UTF-8",FALSE,FALSE,FALSE,FALSE
"atom",318,"forward_equal","C.UTF-8",TRUE,TRUE,TRUE,TRUE
"atom",318,"reverse_equal","C.UTF-8",TRUE,TRUE,TRUE,TRUE
"atom",318,"reflexivity","C.UTF-8",TRUE,TRUE,TRUE,TRUE
"atom",318,"unequal_control","C.UTF-8",FALSE,FALSE,FALSE,FALSE
"atom",319,"forward_equal","C.UTF-8",TRUE,FALSE,TRUE,TRUE
"atom",319,"reverse_equal","C.UTF-8",TRUE,FALSE,TRUE,TRUE
"atom",319,"reflexivity","C.UTF-8",TRUE,TRUE,TRUE,TRUE
"atom",319,"unequal_control","C.UTF-8",FALSE,FALSE,FALSE,FALSE
"atom",320,"forward_equal","C.UTF-8",TRUE,FALSE,TRUE,TRUE
"atom",320,"reverse_equal","C.UTF-8",TRUE,FALSE,TRUE,TRUE
"atom",320,"reflexivity","C.UTF-8",TRUE,TRUE,TRUE,TRUE
"atom",320,"unequal_control","C.UTF-8",FALSE,FALSE,FALSE,FALSE
"atom",321,"forward_equal","C.UTF-8",TRUE,FALSE,TRUE,TRUE
"atom",321,"reverse_equal","C.UTF-8",TRUE,FALSE,TRUE,TRUE
"atom",321,"reflexivity","C.UTF-8",TRUE,TRUE,TRUE,TRUE
"atom",321,"unequal_control","C.UTF-8",FALSE,FALSE,FALSE,FALSE
"atom",322,"forward_equal","C.UTF-8",TRUE,FALSE,TRUE,TRUE
"atom",322,"reverse_equal","C.UTF-8",TRUE,FALSE,TRUE,TRUE
"atom",322,"reflexivity","C.UTF-8",TRUE,TRUE,TRUE,TRUE
"atom",322,"unequal_control","C.UTF-8",FALSE,FALSE,FALSE,FALSE
"atom",323,"forward_equal","C.UTF-8",TRUE,FALSE,TRUE,TRUE
"atom",323,"reverse_equal","C.UTF-8",TRUE,FALSE,TRUE,TRUE
"atom",323,"reflexivity","C.UTF-8",TRUE,TRUE,TRUE,TRUE
"atom",323,"unequal_control","C.UTF-8",FALSE,FALSE,FALSE,FALSE
"atom",324,"forward_equal","C.UTF-8",TRUE,FALSE,TRUE,TRUE
"atom",324,"reverse_equal","C.UTF-8",TRUE,FALSE,TRUE,TRUE
"atom",324,"reflexivity","C.UTF-8",TRUE,TRUE,TRUE,TRUE
"atom",324,"unequal_control","C.UTF-8",FALSE,FALSE,FALSE,FALSE
"atom",325,"forward_equal","C.UTF-8",TRUE,TRUE,TRUE,TRUE
"atom",325,"reverse_equal","C.UTF-8",TRUE,TRUE,TRUE,TRUE
"atom",325,"reflexivity","C.UTF-8",TRUE,TRUE,TRUE,TRUE
"atom",325,"unequal_control","C.UTF-8",FALSE,FALSE,FALSE,FALSE
"atom",326,"forward_equal","C.UTF-8",TRUE,TRUE,TRUE,TRUE
"atom",326,"reverse_equal","C.UTF-8",TRUE,TRUE,TRUE,TRUE
"atom",326,"reflexivity","C.UTF-8",TRUE,TRUE,TRUE,TRUE
"atom",326,"unequal_control","C.UTF-8",FALSE,FALSE,FALSE,FALSE
"atom",327,"forward_equal","C.UTF-8",TRUE,FALSE,TRUE,TRUE
"atom",327,"reverse_equal","C.UTF-8",TRUE,FALSE,TRUE,TRUE
"atom",327,"reflexivity","C.UTF-8",TRUE,TRUE,TRUE,TRUE
"atom",327,"unequal_control","C.UTF-8",FALSE,FALSE,FALSE,FALSE
"atom",328,"forward_equal","C.UTF-8",TRUE,FALSE,TRUE,TRUE
"atom",328,"reverse_equal","C.UTF-8",TRUE,FALSE,TRUE,TRUE
"atom",328,"reflexivity","C.UTF-8",TRUE,TRUE,TRUE,TRUE
"atom",328,"unequal_control","C.UTF-8",FALSE,FALSE,FALSE,FALSE
"atom",329,"forward_equal","C.UTF-8",TRUE,TRUE,TRUE,TRUE
"atom",329,"reverse_equal","C.UTF-8",TRUE,TRUE,TRUE,TRUE
"atom",329,"reflexivity","C.UTF-8",TRUE,TRUE,TRUE,TRUE
"atom",329,"unequal_control","C.UTF-8",FALSE,FALSE,FALSE,FALSE
"atom",330,"forward_equal","C.UTF-8",TRUE,FALSE,TRUE,TRUE
"atom",330,"reverse_equal","C.UTF-8",TRUE,FALSE,TRUE,TRUE
"atom",330,"reflexivity","C.UTF-8",TRUE,TRUE,TRUE,TRUE
"atom",330,"unequal_control","C.UTF-8",FALSE,FALSE,FALSE,FALSE
"atom",331,"forward_equal","C.UTF-8",TRUE,TRUE,TRUE,TRUE
"atom",331,"reverse_equal","C.UTF-8",TRUE,TRUE,TRUE,TRUE
"atom",331,"reflexivity","C.UTF-8",TRUE,TRUE,TRUE,TRUE
"atom",331,"unequal_control","C.UTF-8",FALSE,FALSE,FALSE,FALSE
"atom",332,"forward_equal","C.UTF-8",TRUE,TRUE,TRUE,TRUE
"atom",332,"reverse_equal","C.UTF-8",TRUE,TRUE,TRUE,TRUE
"atom",332,"reflexivity","C.UTF-8",TRUE,TRUE,TRUE,TRUE
"atom",332,"unequal_control","C.UTF-8",FALSE,FALSE,FALSE,FALSE
"atom",333,"forward_equal","C.UTF-8",TRUE,FALSE,TRUE,TRUE
"atom",333,"reverse_equal","C.UTF-8",TRUE,FALSE,TRUE,TRUE
"atom",333,"reflexivity","C.UTF-8",TRUE,TRUE,TRUE,TRUE
"atom",333,"unequal_control","C.UTF-8",FALSE,FALSE,FALSE,FALSE
"atom",334,"forward_equal","C.UTF-8",TRUE,FALSE,TRUE,TRUE
"atom",334,"reverse_equal","C.UTF-8",TRUE,FALSE,TRUE,TRUE
"atom",334,"reflexivity","C.UTF-8",TRUE,TRUE,TRUE,TRUE
"atom",334,"unequal_control","C.UTF-8",FALSE,FALSE,FALSE,FALSE
"atom",335,"forward_equal","C.UTF-8",TRUE,TRUE,TRUE,TRUE
"atom",335,"reverse_equal","C.UTF-8",TRUE,TRUE,TRUE,TRUE
"atom",335,"reflexivity","C.UTF-8",TRUE,TRUE,TRUE,TRUE
"atom",335,"unequal_control","C.UTF-8",FALSE,FALSE,FALSE,FALSE
"atom",336,"forward_equal","C.UTF-8",TRUE,FALSE,TRUE,TRUE
"atom",336,"reverse_equal","C.UTF-8",TRUE,FALSE,TRUE,TRUE
"atom",336,"reflexivity","C.UTF-8",TRUE,TRUE,TRUE,TRUE
"atom",336,"unequal_control","C.UTF-8",FALSE,FALSE,FALSE,FALSE
"atom",337,"forward_equal","C.UTF-8",TRUE,TRUE,TRUE,TRUE
"atom",337,"reverse_equal","C.UTF-8",TRUE,TRUE,TRUE,TRUE
"atom",337,"reflexivity","C.UTF-8",TRUE,TRUE,TRUE,TRUE
"atom",337,"unequal_control","C.UTF-8",FALSE,FALSE,FALSE,FALSE
"atom",338,"forward_equal","C.UTF-8",TRUE,TRUE,TRUE,TRUE
"atom",338,"reverse_equal","C.UTF-8",TRUE,TRUE,TRUE,TRUE
"atom",338,"reflexivity","C.UTF-8",TRUE,TRUE,TRUE,TRUE
"atom",338,"unequal_control","C.UTF-8",FALSE,FALSE,FALSE,FALSE
"atom",339,"forward_equal","C.UTF-8",TRUE,TRUE,TRUE,TRUE
"atom",339,"reverse_equal","C.UTF-8",TRUE,TRUE,TRUE,TRUE
"atom",339,"reflexivity","C.UTF-8",TRUE,TRUE,TRUE,TRUE
"atom",339,"unequal_control","C.UTF-8",FALSE,FALSE,FALSE,FALSE
"atom",340,"forward_equal","C.UTF-8",TRUE,TRUE,TRUE,TRUE
"atom",340,"reverse_equal","C.UTF-8",TRUE,TRUE,TRUE,TRUE
"atom",340,"reflexivity","C.UTF-8",TRUE,TRUE,TRUE,TRUE
"atom",340,"unequal_control","C.UTF-8",FALSE,FALSE,FALSE,FALSE
"atom",341,"forward_equal","C.UTF-8",TRUE,TRUE,TRUE,TRUE
"atom",341,"reverse_equal","C.UTF-8",TRUE,TRUE,TRUE,TRUE
"atom",341,"reflexivity","C.UTF-8",TRUE,TRUE,TRUE,TRUE
"atom",341,"unequal_control","C.UTF-8",FALSE,FALSE,FALSE,FALSE
"atom",342,"forward_equal","C.UTF-8",TRUE,TRUE,TRUE,TRUE
"atom",342,"reverse_equal","C.UTF-8",TRUE,TRUE,TRUE,TRUE
"atom",342,"reflexivity","C.UTF-8",TRUE,TRUE,TRUE,TRUE
"atom",342,"unequal_control","C.UTF-8",FALSE,FALSE,FALSE,FALSE
"atom",343,"forward_equal","C.UTF-8",TRUE,FALSE,TRUE,TRUE
"atom",343,"reverse_equal","C.UTF-8",TRUE,FALSE,TRUE,TRUE
"atom",343,"reflexivity","C.UTF-8",TRUE,TRUE,TRUE,TRUE
"atom",343,"unequal_control","C.UTF-8",FALSE,FALSE,FALSE,FALSE
"atom",344,"forward_equal","C.UTF-8",TRUE,FALSE,TRUE,TRUE
"atom",344,"reverse_equal","C.UTF-8",TRUE,FALSE,TRUE,TRUE
"atom",344,"reflexivity","C.UTF-8",TRUE,TRUE,TRUE,TRUE
"atom",344,"unequal_control","C.UTF-8",FALSE,FALSE,FALSE,FALSE
"atom",345,"forward_equal","C.UTF-8",TRUE,FALSE,TRUE,TRUE
"atom",345,"reverse_equal","C.UTF-8",TRUE,FALSE,TRUE,TRUE
"atom",345,"reflexivity","C.UTF-8",TRUE,TRUE,TRUE,TRUE
"atom",345,"unequal_control","C.UTF-8",FALSE,FALSE,FALSE,FALSE
"atom",346,"forward_equal","C.UTF-8",TRUE,FALSE,TRUE,TRUE
"atom",346,"reverse_equal","C.UTF-8",TRUE,FALSE,TRUE,TRUE
"atom",346,"reflexivity","C.UTF-8",TRUE,TRUE,TRUE,TRUE
"atom",346,"unequal_control","C.UTF-8",FALSE,FALSE,FALSE,FALSE
"atom",347,"forward_equal","C.UTF-8",TRUE,FALSE,TRUE,TRUE
"atom",347,"reverse_equal","C.UTF-8",TRUE,FALSE,TRUE,TRUE
"atom",347,"reflexivity","C.UTF-8",TRUE,TRUE,TRUE,TRUE
"atom",347,"unequal_control","C.UTF-8",FALSE,FALSE,FALSE,FALSE
"atom",348,"forward_equal","C.UTF-8",TRUE,FALSE,TRUE,TRUE
"atom",348,"reverse_equal","C.UTF-8",TRUE,FALSE,TRUE,TRUE
"atom",348,"reflexivity","C.UTF-8",TRUE,TRUE,TRUE,TRUE
"atom",348,"unequal_control","C.UTF-8",FALSE,FALSE,FALSE,FALSE
"atom",349,"forward_equal","C.UTF-8",TRUE,TRUE,TRUE,TRUE
"atom",349,"reverse_equal","C.UTF-8",TRUE,TRUE,TRUE,TRUE
"atom",349,"reflexivity","C.UTF-8",TRUE,TRUE,TRUE,TRUE
"atom",349,"unequal_control","C.UTF-8",FALSE,FALSE,FALSE,FALSE
"atom",350,"forward_equal","C.UTF-8",TRUE,TRUE,TRUE,TRUE
"atom",350,"reverse_equal","C.UTF-8",TRUE,TRUE,TRUE,TRUE
"atom",350,"reflexivity","C.UTF-8",TRUE,TRUE,TRUE,TRUE
"atom",350,"unequal_control","C.UTF-8",FALSE,FALSE,FALSE,FALSE
"atom",351,"forward_equal","C.UTF-8",TRUE,FALSE,TRUE,TRUE
"atom",351,"reverse_equal","C.UTF-8",TRUE,FALSE,TRUE,TRUE
"atom",351,"reflexivity","C.UTF-8",TRUE,TRUE,TRUE,TRUE
"atom",351,"unequal_control","C.UTF-8",FALSE,FALSE,FALSE,FALSE
"atom",352,"forward_equal","C.UTF-8",TRUE,FALSE,TRUE,TRUE
"atom",352,"reverse_equal","C.UTF-8",TRUE,FALSE,TRUE,TRUE
"atom",352,"reflexivity","C.UTF-8",TRUE,TRUE,TRUE,TRUE
"atom",352,"unequal_control","C.UTF-8",FALSE,FALSE,FALSE,FALSE
"atom",353,"forward_equal","C.UTF-8",TRUE,TRUE,TRUE,TRUE
"atom",353,"reverse_equal","C.UTF-8",TRUE,TRUE,TRUE,TRUE
"atom",353,"reflexivity","C.UTF-8",TRUE,TRUE,TRUE,TRUE
"atom",353,"unequal_control","C.UTF-8",FALSE,FALSE,FALSE,FALSE
"atom",354,"forward_equal","C.UTF-8",TRUE,FALSE,TRUE,TRUE
"atom",354,"reverse_equal","C.UTF-8",TRUE,FALSE,TRUE,TRUE
"atom",354,"reflexivity","C.UTF-8",TRUE,TRUE,TRUE,TRUE
"atom",354,"unequal_control","C.UTF-8",FALSE,FALSE,FALSE,FALSE
"atom",355,"forward_equal","C.UTF-8",TRUE,TRUE,TRUE,TRUE
"atom",355,"reverse_equal","C.UTF-8",TRUE,TRUE,TRUE,TRUE
"atom",355,"reflexivity","C.UTF-8",TRUE,TRUE,TRUE,TRUE
"atom",355,"unequal_control","C.UTF-8",FALSE,FALSE,FALSE,FALSE
"atom",356,"forward_equal","C.UTF-8",TRUE,TRUE,TRUE,TRUE
"atom",356,"reverse_equal","C.UTF-8",TRUE,TRUE,TRUE,TRUE
"atom",356,"reflexivity","C.UTF-8",TRUE,TRUE,TRUE,TRUE
"atom",356,"unequal_control","C.UTF-8",FALSE,FALSE,FALSE,FALSE
"atom",357,"forward_equal","C.UTF-8",TRUE,FALSE,TRUE,TRUE
"atom",357,"reverse_equal","C.UTF-8",TRUE,FALSE,TRUE,TRUE
"atom",357,"reflexivity","C.UTF-8",TRUE,TRUE,TRUE,TRUE
"atom",357,"unequal_control","C.UTF-8",FALSE,FALSE,FALSE,FALSE
"atom",358,"forward_equal","C.UTF-8",TRUE,FALSE,TRUE,TRUE
"atom",358,"reverse_equal","C.UTF-8",TRUE,FALSE,TRUE,TRUE
"atom",358,"reflexivity","C.UTF-8",TRUE,TRUE,TRUE,TRUE
"atom",358,"unequal_control","C.UTF-8",FALSE,FALSE,FALSE,FALSE
"atom",359,"forward_equal","C.UTF-8",TRUE,TRUE,TRUE,TRUE
"atom",359,"reverse_equal","C.UTF-8",TRUE,TRUE,TRUE,TRUE
"atom",359,"reflexivity","C.UTF-8",TRUE,TRUE,TRUE,TRUE
"atom",359,"unequal_control","C.UTF-8",FALSE,FALSE,FALSE,FALSE
"atom",360,"forward_equal","C.UTF-8",TRUE,FALSE,TRUE,TRUE
"atom",360,"reverse_equal","C.UTF-8",TRUE,FALSE,TRUE,TRUE
"atom",360,"reflexivity","C.UTF-8",TRUE,TRUE,TRUE,TRUE
"atom",360,"unequal_control","C.UTF-8",FALSE,FALSE,FALSE,FALSE
"atom",361,"forward_equal","C.UTF-8",TRUE,TRUE,TRUE,TRUE
"atom",361,"reverse_equal","C.UTF-8",TRUE,TRUE,TRUE,TRUE
"atom",361,"reflexivity","C.UTF-8",TRUE,TRUE,TRUE,TRUE
"atom",361,"unequal_control","C.UTF-8",FALSE,FALSE,FALSE,FALSE
"atom",362,"forward_equal","C.UTF-8",TRUE,TRUE,TRUE,TRUE
"atom",362,"reverse_equal","C.UTF-8",TRUE,TRUE,TRUE,TRUE
"atom",362,"reflexivity","C.UTF-8",TRUE,TRUE,TRUE,TRUE
"atom",362,"unequal_control","C.UTF-8",FALSE,FALSE,FALSE,FALSE
"atom",363,"forward_equal","C.UTF-8",TRUE,TRUE,TRUE,TRUE
"atom",363,"reverse_equal","C.UTF-8",TRUE,TRUE,TRUE,TRUE
"atom",363,"reflexivity","C.UTF-8",TRUE,TRUE,TRUE,TRUE
"atom",363,"unequal_control","C.UTF-8",FALSE,FALSE,FALSE,FALSE
"atom",364,"forward_equal","C.UTF-8",TRUE,TRUE,TRUE,TRUE
"atom",364,"reverse_equal","C.UTF-8",TRUE,TRUE,TRUE,TRUE
"atom",364,"reflexivity","C.UTF-8",TRUE,TRUE,TRUE,TRUE
"atom",364,"unequal_control","C.UTF-8",FALSE,FALSE,FALSE,FALSE
"atom",365,"forward_equal","C.UTF-8",TRUE,TRUE,TRUE,TRUE
"atom",365,"reverse_equal","C.UTF-8",TRUE,TRUE,TRUE,TRUE
"atom",365,"reflexivity","C.UTF-8",TRUE,TRUE,TRUE,TRUE
"atom",365,"unequal_control","C.UTF-8",FALSE,FALSE,FALSE,FALSE
"atom",366,"forward_equal","C.UTF-8",TRUE,TRUE,TRUE,TRUE
"atom",366,"reverse_equal","C.UTF-8",TRUE,TRUE,TRUE,TRUE
"atom",366,"reflexivity","C.UTF-8",TRUE,TRUE,TRUE,TRUE
"atom",366,"unequal_control","C.UTF-8",FALSE,FALSE,FALSE,FALSE
"atom",367,"forward_equal","C.UTF-8",TRUE,FALSE,TRUE,TRUE
"atom",367,"reverse_equal","C.UTF-8",TRUE,FALSE,TRUE,TRUE
"atom",367,"reflexivity","C.UTF-8",TRUE,TRUE,TRUE,TRUE
"atom",367,"unequal_control","C.UTF-8",FALSE,FALSE,FALSE,FALSE
"atom",368,"forward_equal","C.UTF-8",TRUE,FALSE,TRUE,TRUE
"atom",368,"reverse_equal","C.UTF-8",TRUE,FALSE,TRUE,TRUE
"atom",368,"reflexivity","C.UTF-8",TRUE,TRUE,TRUE,TRUE
"atom",368,"unequal_control","C.UTF-8",FALSE,FALSE,FALSE,FALSE
"atom",369,"forward_equal","C.UTF-8",TRUE,FALSE,TRUE,TRUE
"atom",369,"reverse_equal","C.UTF-8",TRUE,FALSE,TRUE,TRUE
"atom",369,"reflexivity","C.UTF-8",TRUE,TRUE,TRUE,TRUE
"atom",369,"unequal_control","C.UTF-8",FALSE,FALSE,FALSE,FALSE
"atom",370,"forward_equal","C.UTF-8",TRUE,FALSE,TRUE,TRUE
"atom",370,"reverse_equal","C.UTF-8",TRUE,FALSE,TRUE,TRUE
"atom",370,"reflexivity","C.UTF-8",TRUE,TRUE,TRUE,TRUE
"atom",370,"unequal_control","C.UTF-8",FALSE,FALSE,FALSE,FALSE
"atom",371,"forward_equal","C.UTF-8",TRUE,FALSE,TRUE,TRUE
"atom",371,"reverse_equal","C.UTF-8",TRUE,FALSE,TRUE,TRUE
"atom",371,"reflexivity","C.UTF-8",TRUE,TRUE,TRUE,TRUE
"atom",371,"unequal_control","C.UTF-8",FALSE,FALSE,FALSE,FALSE
"atom",372,"forward_equal","C.UTF-8",TRUE,FALSE,TRUE,TRUE
"atom",372,"reverse_equal","C.UTF-8",TRUE,FALSE,TRUE,TRUE
"atom",372,"reflexivity","C.UTF-8",TRUE,TRUE,TRUE,TRUE
"atom",372,"unequal_control","C.UTF-8",FALSE,FALSE,FALSE,FALSE
"atom",373,"forward_equal","C.UTF-8",TRUE,TRUE,TRUE,TRUE
"atom",373,"reverse_equal","C.UTF-8",TRUE,TRUE,TRUE,TRUE
"atom",373,"reflexivity","C.UTF-8",TRUE,TRUE,TRUE,TRUE
"atom",373,"unequal_control","C.UTF-8",FALSE,FALSE,FALSE,FALSE
"atom",374,"forward_equal","C.UTF-8",TRUE,TRUE,TRUE,TRUE
"atom",374,"reverse_equal","C.UTF-8",TRUE,TRUE,TRUE,TRUE
"atom",374,"reflexivity","C.UTF-8",TRUE,TRUE,TRUE,TRUE
"atom",374,"unequal_control","C.UTF-8",FALSE,FALSE,FALSE,FALSE
"atom",375,"forward_equal","C.UTF-8",TRUE,FALSE,TRUE,TRUE
"atom",375,"reverse_equal","C.UTF-8",TRUE,FALSE,TRUE,TRUE
"atom",375,"reflexivity","C.UTF-8",TRUE,TRUE,TRUE,TRUE
"atom",375,"unequal_control","C.UTF-8",FALSE,FALSE,FALSE,FALSE
"atom",376,"forward_equal","C.UTF-8",TRUE,FALSE,TRUE,TRUE
"atom",376,"reverse_equal","C.UTF-8",TRUE,FALSE,TRUE,TRUE
"atom",376,"reflexivity","C.UTF-8",TRUE,TRUE,TRUE,TRUE
"atom",376,"unequal_control","C.UTF-8",FALSE,FALSE,FALSE,FALSE
"atom",377,"forward_equal","C.UTF-8",TRUE,TRUE,TRUE,TRUE
"atom",377,"reverse_equal","C.UTF-8",TRUE,TRUE,TRUE,TRUE
"atom",377,"reflexivity","C.UTF-8",TRUE,TRUE,TRUE,TRUE
"atom",377,"unequal_control","C.UTF-8",FALSE,FALSE,FALSE,FALSE
"atom",378,"forward_equal","C.UTF-8",TRUE,FALSE,TRUE,TRUE
"atom",378,"reverse_equal","C.UTF-8",TRUE,FALSE,TRUE,TRUE
"atom",378,"reflexivity","C.UTF-8",TRUE,TRUE,TRUE,TRUE
"atom",378,"unequal_control","C.UTF-8",FALSE,FALSE,FALSE,FALSE
"atom",379,"forward_equal","C.UTF-8",TRUE,TRUE,TRUE,TRUE
"atom",379,"reverse_equal","C.UTF-8",TRUE,TRUE,TRUE,TRUE
"atom",379,"reflexivity","C.UTF-8",TRUE,TRUE,TRUE,TRUE
"atom",379,"unequal_control","C.UTF-8",FALSE,FALSE,FALSE,FALSE
"atom",380,"forward_equal","C.UTF-8",TRUE,TRUE,TRUE,TRUE
"atom",380,"reverse_equal","C.UTF-8",TRUE,TRUE,TRUE,TRUE
"atom",380,"reflexivity","C.UTF-8",TRUE,TRUE,TRUE,TRUE
"atom",380,"unequal_control","C.UTF-8",FALSE,FALSE,FALSE,FALSE
"atom",381,"forward_equal","C.UTF-8",TRUE,FALSE,TRUE,TRUE
"atom",381,"reverse_equal","C.UTF-8",TRUE,FALSE,TRUE,TRUE
"atom",381,"reflexivity","C.UTF-8",TRUE,TRUE,TRUE,TRUE
"atom",381,"unequal_control","C.UTF-8",FALSE,FALSE,FALSE,FALSE
"atom",382,"forward_equal","C.UTF-8",TRUE,FALSE,TRUE,TRUE
"atom",382,"reverse_equal","C.UTF-8",TRUE,FALSE,TRUE,TRUE
"atom",382,"reflexivity","C.UTF-8",TRUE,TRUE,TRUE,TRUE
"atom",382,"unequal_control","C.UTF-8",FALSE,FALSE,FALSE,FALSE
"atom",383,"forward_equal","C.UTF-8",TRUE,TRUE,TRUE,TRUE
"atom",383,"reverse_equal","C.UTF-8",TRUE,TRUE,TRUE,TRUE
"atom",383,"reflexivity","C.UTF-8",TRUE,TRUE,TRUE,TRUE
"atom",383,"unequal_control","C.UTF-8",FALSE,FALSE,FALSE,FALSE
"atom",384,"forward_equal","C.UTF-8",TRUE,FALSE,TRUE,TRUE
"atom",384,"reverse_equal","C.UTF-8",TRUE,FALSE,TRUE,TRUE
"atom",384,"reflexivity","C.UTF-8",TRUE,TRUE,TRUE,TRUE
"atom",384,"unequal_control","C.UTF-8",FALSE,FALSE,FALSE,FALSE
"atom",385,"forward_equal","C.UTF-8",TRUE,TRUE,TRUE,TRUE
"atom",385,"reverse_equal","C.UTF-8",TRUE,TRUE,TRUE,TRUE
"atom",385,"reflexivity","C.UTF-8",TRUE,TRUE,TRUE,TRUE
"atom",385,"unequal_control","C.UTF-8",FALSE,FALSE,FALSE,FALSE
"atom",386,"forward_equal","C.UTF-8",TRUE,TRUE,TRUE,TRUE
"atom",386,"reverse_equal","C.UTF-8",TRUE,TRUE,TRUE,TRUE
"atom",386,"reflexivity","C.UTF-8",TRUE,TRUE,TRUE,TRUE
"atom",386,"unequal_control","C.UTF-8",FALSE,FALSE,FALSE,FALSE
"atom",387,"forward_equal","C.UTF-8",TRUE,TRUE,TRUE,TRUE
"atom",387,"reverse_equal","C.UTF-8",TRUE,TRUE,TRUE,TRUE
"atom",387,"reflexivity","C.UTF-8",TRUE,TRUE,TRUE,TRUE
"atom",387,"unequal_control","C.UTF-8",FALSE,FALSE,FALSE,FALSE
"atom",388,"forward_equal","C.UTF-8",TRUE,TRUE,TRUE,TRUE
"atom",388,"reverse_equal","C.UTF-8",TRUE,TRUE,TRUE,TRUE
"atom",388,"reflexivity","C.UTF-8",TRUE,TRUE,TRUE,TRUE
"atom",388,"unequal_control","C.UTF-8",FALSE,FALSE,FALSE,FALSE
"atom",389,"forward_equal","C.UTF-8",TRUE,TRUE,TRUE,TRUE
"atom",389,"reverse_equal","C.UTF-8",TRUE,TRUE,TRUE,TRUE
"atom",389,"reflexivity","C.UTF-8",TRUE,TRUE,TRUE,TRUE
"atom",389,"unequal_control","C.UTF-8",FALSE,FALSE,FALSE,FALSE
"atom",390,"forward_equal","C.UTF-8",TRUE,TRUE,TRUE,TRUE
"atom",390,"reverse_equal","C.UTF-8",TRUE,TRUE,TRUE,TRUE
"atom",390,"reflexivity","C.UTF-8",TRUE,TRUE,TRUE,TRUE
"atom",390,"unequal_control","C.UTF-8",FALSE,FALSE,FALSE,FALSE
"atom",391,"forward_equal","C.UTF-8",TRUE,FALSE,TRUE,TRUE
"atom",391,"reverse_equal","C.UTF-8",TRUE,FALSE,TRUE,TRUE
"atom",391,"reflexivity","C.UTF-8",TRUE,TRUE,TRUE,TRUE
"atom",391,"unequal_control","C.UTF-8",FALSE,FALSE,FALSE,FALSE
"atom",392,"forward_equal","C.UTF-8",TRUE,FALSE,TRUE,TRUE
"atom",392,"reverse_equal","C.UTF-8",TRUE,FALSE,TRUE,TRUE
"atom",392,"reflexivity","C.UTF-8",TRUE,TRUE,TRUE,TRUE
"atom",392,"unequal_control","C.UTF-8",FALSE,FALSE,FALSE,FALSE
"atom",393,"forward_equal","C.UTF-8",TRUE,FALSE,TRUE,TRUE
"atom",393,"reverse_equal","C.UTF-8",TRUE,FALSE,TRUE,TRUE
"atom",393,"reflexivity","C.UTF-8",TRUE,TRUE,TRUE,TRUE
"atom",393,"unequal_control","C.UTF-8",FALSE,FALSE,FALSE,FALSE
"atom",394,"forward_equal","C.UTF-8",TRUE,FALSE,TRUE,TRUE
"atom",394,"reverse_equal","C.UTF-8",TRUE,FALSE,TRUE,TRUE
"atom",394,"reflexivity","C.UTF-8",TRUE,TRUE,TRUE,TRUE
"atom",394,"unequal_control","C.UTF-8",FALSE,FALSE,FALSE,FALSE
"atom",395,"forward_equal","C.UTF-8",TRUE,FALSE,TRUE,TRUE
"atom",395,"reverse_equal","C.UTF-8",TRUE,FALSE,TRUE,TRUE
"atom",395,"reflexivity","C.UTF-8",TRUE,TRUE,TRUE,TRUE
"atom",395,"unequal_control","C.UTF-8",FALSE,FALSE,FALSE,FALSE
"atom",396,"forward_equal","C.UTF-8",TRUE,FALSE,TRUE,TRUE
"atom",396,"reverse_equal","C.UTF-8",TRUE,FALSE,TRUE,TRUE
"atom",396,"reflexivity","C.UTF-8",TRUE,TRUE,TRUE,TRUE
"atom",396,"unequal_control","C.UTF-8",FALSE,FALSE,FALSE,FALSE
"atom",397,"forward_equal","C.UTF-8",TRUE,TRUE,TRUE,TRUE
"atom",397,"reverse_equal","C.UTF-8",TRUE,TRUE,TRUE,TRUE
"atom",397,"reflexivity","C.UTF-8",TRUE,TRUE,TRUE,TRUE
"atom",397,"unequal_control","C.UTF-8",FALSE,FALSE,FALSE,FALSE
"atom",398,"forward_equal","C.UTF-8",TRUE,TRUE,TRUE,TRUE
"atom",398,"reverse_equal","C.UTF-8",TRUE,TRUE,TRUE,TRUE
"atom",398,"reflexivity","C.UTF-8",TRUE,TRUE,TRUE,TRUE
"atom",398,"unequal_control","C.UTF-8",FALSE,FALSE,FALSE,FALSE
"atom",399,"forward_equal","C.UTF-8",TRUE,FALSE,TRUE,TRUE
"atom",399,"reverse_equal","C.UTF-8",TRUE,FALSE,TRUE,TRUE
"atom",399,"reflexivity","C.UTF-8",TRUE,TRUE,TRUE,TRUE
"atom",399,"unequal_control","C.UTF-8",FALSE,FALSE,FALSE,FALSE
"atom",400,"forward_equal","C.UTF-8",TRUE,FALSE,TRUE,TRUE
"atom",400,"reverse_equal","C.UTF-8",TRUE,FALSE,TRUE,TRUE
"atom",400,"reflexivity","C.UTF-8",TRUE,TRUE,TRUE,TRUE
"atom",400,"unequal_control","C.UTF-8",FALSE,FALSE,FALSE,FALSE
"atom",401,"forward_equal","C.UTF-8",TRUE,TRUE,TRUE,TRUE
"atom",401,"reverse_equal","C.UTF-8",TRUE,TRUE,TRUE,TRUE
"atom",401,"reflexivity","C.UTF-8",TRUE,TRUE,TRUE,TRUE
"atom",401,"unequal_control","C.UTF-8",FALSE,FALSE,FALSE,FALSE
"atom",402,"forward_equal","C.UTF-8",TRUE,FALSE,TRUE,TRUE
"atom",402,"reverse_equal","C.UTF-8",TRUE,FALSE,TRUE,TRUE
"atom",402,"reflexivity","C.UTF-8",TRUE,TRUE,TRUE,TRUE
"atom",402,"unequal_control","C.UTF-8",FALSE,FALSE,FALSE,FALSE
"atom",403,"forward_equal","C.UTF-8",TRUE,TRUE,TRUE,TRUE
"atom",403,"reverse_equal","C.UTF-8",TRUE,TRUE,TRUE,TRUE
"atom",403,"reflexivity","C.UTF-8",TRUE,TRUE,TRUE,TRUE
"atom",403,"unequal_control","C.UTF-8",FALSE,FALSE,FALSE,FALSE
"atom",404,"forward_equal","C.UTF-8",TRUE,TRUE,TRUE,TRUE
"atom",404,"reverse_equal","C.UTF-8",TRUE,TRUE,TRUE,TRUE
"atom",404,"reflexivity","C.UTF-8",TRUE,TRUE,TRUE,TRUE
"atom",404,"unequal_control","C.UTF-8",FALSE,FALSE,FALSE,FALSE
"atom",405,"forward_equal","C.UTF-8",TRUE,FALSE,TRUE,TRUE
"atom",405,"reverse_equal","C.UTF-8",TRUE,FALSE,TRUE,TRUE
"atom",405,"reflexivity","C.UTF-8",TRUE,TRUE,TRUE,TRUE
"atom",405,"unequal_control","C.UTF-8",FALSE,FALSE,FALSE,FALSE
"atom",406,"forward_equal","C.UTF-8",TRUE,FALSE,TRUE,TRUE
"atom",406,"reverse_equal","C.UTF-8",TRUE,FALSE,TRUE,TRUE
"atom",406,"reflexivity","C.UTF-8",TRUE,TRUE,TRUE,TRUE
"atom",406,"unequal_control","C.UTF-8",FALSE,FALSE,FALSE,FALSE
"atom",407,"forward_equal","C.UTF-8",TRUE,TRUE,TRUE,TRUE
"atom",407,"reverse_equal","C.UTF-8",TRUE,TRUE,TRUE,TRUE
"atom",407,"reflexivity","C.UTF-8",TRUE,TRUE,TRUE,TRUE
"atom",407,"unequal_control","C.UTF-8",FALSE,FALSE,FALSE,FALSE
"atom",408,"forward_equal","C.UTF-8",TRUE,FALSE,TRUE,TRUE
"atom",408,"reverse_equal","C.UTF-8",TRUE,FALSE,TRUE,TRUE
"atom",408,"reflexivity","C.UTF-8",TRUE,TRUE,TRUE,TRUE
"atom",408,"unequal_control","C.UTF-8",FALSE,FALSE,FALSE,FALSE
"atom",409,"forward_equal","C.UTF-8",TRUE,TRUE,TRUE,TRUE
"atom",409,"reverse_equal","C.UTF-8",TRUE,TRUE,TRUE,TRUE
"atom",409,"reflexivity","C.UTF-8",TRUE,TRUE,TRUE,TRUE
"atom",409,"unequal_control","C.UTF-8",FALSE,FALSE,FALSE,FALSE
"atom",410,"forward_equal","C.UTF-8",TRUE,TRUE,TRUE,TRUE
"atom",410,"reverse_equal","C.UTF-8",TRUE,TRUE,TRUE,TRUE
"atom",410,"reflexivity","C.UTF-8",TRUE,TRUE,TRUE,TRUE
"atom",410,"unequal_control","C.UTF-8",FALSE,FALSE,FALSE,FALSE
"atom",411,"forward_equal","C.UTF-8",TRUE,TRUE,TRUE,TRUE
"atom",411,"reverse_equal","C.UTF-8",TRUE,TRUE,TRUE,TRUE
"atom",411,"reflexivity","C.UTF-8",TRUE,TRUE,TRUE,TRUE
"atom",411,"unequal_control","C.UTF-8",FALSE,FALSE,FALSE,FALSE
"atom",412,"forward_equal","C.UTF-8",TRUE,TRUE,TRUE,TRUE
"atom",412,"reverse_equal","C.UTF-8",TRUE,TRUE,TRUE,TRUE
"atom",412,"reflexivity","C.UTF-8",TRUE,TRUE,TRUE,TRUE
"atom",412,"unequal_control","C.UTF-8",FALSE,FALSE,FALSE,FALSE
"atom",413,"forward_equal","C.UTF-8",TRUE,TRUE,TRUE,TRUE
"atom",413,"reverse_equal","C.UTF-8",TRUE,TRUE,TRUE,TRUE
"atom",413,"reflexivity","C.UTF-8",TRUE,TRUE,TRUE,TRUE
"atom",413,"unequal_control","C.UTF-8",FALSE,FALSE,FALSE,FALSE
"atom",414,"forward_equal","C.UTF-8",TRUE,TRUE,TRUE,TRUE
"atom",414,"reverse_equal","C.UTF-8",TRUE,TRUE,TRUE,TRUE
"atom",414,"reflexivity","C.UTF-8",TRUE,TRUE,TRUE,TRUE
"atom",414,"unequal_control","C.UTF-8",FALSE,FALSE,FALSE,FALSE
"atom",415,"forward_equal","C.UTF-8",TRUE,FALSE,TRUE,TRUE
"atom",415,"reverse_equal","C.UTF-8",TRUE,FALSE,TRUE,TRUE
"atom",415,"reflexivity","C.UTF-8",TRUE,TRUE,TRUE,TRUE
"atom",415,"unequal_control","C.UTF-8",FALSE,FALSE,FALSE,FALSE
"atom",416,"forward_equal","C.UTF-8",TRUE,FALSE,TRUE,TRUE
"atom",416,"reverse_equal","C.UTF-8",TRUE,FALSE,TRUE,TRUE
"atom",416,"reflexivity","C.UTF-8",TRUE,TRUE,TRUE,TRUE
"atom",416,"unequal_control","C.UTF-8",FALSE,FALSE,FALSE,FALSE
"atom",417,"forward_equal","C.UTF-8",TRUE,FALSE,TRUE,TRUE
"atom",417,"reverse_equal","C.UTF-8",TRUE,FALSE,TRUE,TRUE
"atom",417,"reflexivity","C.UTF-8",TRUE,TRUE,TRUE,TRUE
"atom",417,"unequal_control","C.UTF-8",FALSE,FALSE,FALSE,FALSE
"atom",418,"forward_equal","C.UTF-8",TRUE,FALSE,TRUE,TRUE
"atom",418,"reverse_equal","C.UTF-8",TRUE,FALSE,TRUE,TRUE
"atom",418,"reflexivity","C.UTF-8",TRUE,TRUE,TRUE,TRUE
"atom",418,"unequal_control","C.UTF-8",FALSE,FALSE,FALSE,FALSE
"atom",419,"forward_equal","C.UTF-8",TRUE,FALSE,TRUE,TRUE
"atom",419,"reverse_equal","C.UTF-8",TRUE,FALSE,TRUE,TRUE
"atom",419,"reflexivity","C.UTF-8",TRUE,TRUE,TRUE,TRUE
"atom",419,"unequal_control","C.UTF-8",FALSE,FALSE,FALSE,FALSE
"atom",420,"forward_equal","C.UTF-8",TRUE,FALSE,TRUE,TRUE
"atom",420,"reverse_equal","C.UTF-8",TRUE,FALSE,TRUE,TRUE
"atom",420,"reflexivity","C.UTF-8",TRUE,TRUE,TRUE,TRUE
"atom",420,"unequal_control","C.UTF-8",FALSE,FALSE,FALSE,FALSE
"atom",421,"forward_equal","C.UTF-8",TRUE,TRUE,TRUE,TRUE
"atom",421,"reverse_equal","C.UTF-8",TRUE,TRUE,TRUE,TRUE
"atom",421,"reflexivity","C.UTF-8",TRUE,TRUE,TRUE,TRUE
"atom",421,"unequal_control","C.UTF-8",FALSE,FALSE,FALSE,FALSE
"atom",422,"forward_equal","C.UTF-8",TRUE,TRUE,TRUE,TRUE
"atom",422,"reverse_equal","C.UTF-8",TRUE,TRUE,TRUE,TRUE
"atom",422,"reflexivity","C.UTF-8",TRUE,TRUE,TRUE,TRUE
"atom",422,"unequal_control","C.UTF-8",FALSE,FALSE,FALSE,FALSE
"atom",423,"forward_equal","C.UTF-8",TRUE,FALSE,TRUE,TRUE
"atom",423,"reverse_equal","C.UTF-8",TRUE,FALSE,TRUE,TRUE
"atom",423,"reflexivity","C.UTF-8",TRUE,TRUE,TRUE,TRUE
"atom",423,"unequal_control","C.UTF-8",FALSE,FALSE,FALSE,FALSE
"atom",424,"forward_equal","C.UTF-8",TRUE,FALSE,TRUE,TRUE
"atom",424,"reverse_equal","C.UTF-8",TRUE,FALSE,TRUE,TRUE
"atom",424,"reflexivity","C.UTF-8",TRUE,TRUE,TRUE,TRUE
"atom",424,"unequal_control","C.UTF-8",FALSE,FALSE,FALSE,FALSE
"atom",425,"forward_equal","C.UTF-8",TRUE,TRUE,TRUE,TRUE
"atom",425,"reverse_equal","C.UTF-8",TRUE,TRUE,TRUE,TRUE
"atom",425,"reflexivity","C.UTF-8",TRUE,TRUE,TRUE,TRUE
"atom",425,"unequal_control","C.UTF-8",FALSE,FALSE,FALSE,FALSE
"atom",426,"forward_equal","C.UTF-8",TRUE,FALSE,TRUE,TRUE
"atom",426,"reverse_equal","C.UTF-8",TRUE,FALSE,TRUE,TRUE
"atom",426,"reflexivity","C.UTF-8",TRUE,TRUE,TRUE,TRUE
"atom",426,"unequal_control","C.UTF-8",FALSE,FALSE,FALSE,FALSE
"atom",427,"forward_equal","C.UTF-8",TRUE,TRUE,TRUE,TRUE
"atom",427,"reverse_equal","C.UTF-8",TRUE,TRUE,TRUE,TRUE
"atom",427,"reflexivity","C.UTF-8",TRUE,TRUE,TRUE,TRUE
"atom",427,"unequal_control","C.UTF-8",FALSE,FALSE,FALSE,FALSE
"atom",428,"forward_equal","C.UTF-8",TRUE,TRUE,TRUE,TRUE
"atom",428,"reverse_equal","C.UTF-8",TRUE,TRUE,TRUE,TRUE
"atom",428,"reflexivity","C.UTF-8",TRUE,TRUE,TRUE,TRUE
"atom",428,"unequal_control","C.UTF-8",FALSE,FALSE,FALSE,FALSE
"atom",429,"forward_equal","C.UTF-8",TRUE,FALSE,TRUE,TRUE
"atom",429,"reverse_equal","C.UTF-8",TRUE,FALSE,TRUE,TRUE
"atom",429,"reflexivity","C.UTF-8",TRUE,TRUE,TRUE,TRUE
"atom",429,"unequal_control","C.UTF-8",FALSE,FALSE,FALSE,FALSE
"atom",430,"forward_equal","C.UTF-8",TRUE,FALSE,TRUE,TRUE
"atom",430,"reverse_equal","C.UTF-8",TRUE,FALSE,TRUE,TRUE
"atom",430,"reflexivity","C.UTF-8",TRUE,TRUE,TRUE,TRUE
"atom",430,"unequal_control","C.UTF-8",FALSE,FALSE,FALSE,FALSE
"atom",431,"forward_equal","C.UTF-8",TRUE,TRUE,TRUE,TRUE
"atom",431,"reverse_equal","C.UTF-8",TRUE,TRUE,TRUE,TRUE
"atom",431,"reflexivity","C.UTF-8",TRUE,TRUE,TRUE,TRUE
"atom",431,"unequal_control","C.UTF-8",FALSE,FALSE,FALSE,FALSE
"atom",432,"forward_equal","C.UTF-8",TRUE,FALSE,TRUE,TRUE
"atom",432,"reverse_equal","C.UTF-8",TRUE,FALSE,TRUE,TRUE
"atom",432,"reflexivity","C.UTF-8",TRUE,TRUE,TRUE,TRUE
"atom",432,"unequal_control","C.UTF-8",FALSE,FALSE,FALSE,FALSE
"clause",1,"forward_equal","C.UTF-8",TRUE,TRUE,TRUE,TRUE
"clause",1,"reverse_equal","C.UTF-8",TRUE,TRUE,TRUE,TRUE
"clause",1,"reflexivity","C.UTF-8",TRUE,TRUE,TRUE,TRUE
"clause",1,"unequal_control","C.UTF-8",FALSE,FALSE,FALSE,FALSE
"clause",2,"forward_equal","C.UTF-8",TRUE,FALSE,TRUE,TRUE
"clause",2,"reverse_equal","C.UTF-8",TRUE,FALSE,TRUE,TRUE
"clause",2,"reflexivity","C.UTF-8",TRUE,TRUE,TRUE,TRUE
"clause",2,"unequal_control","C.UTF-8",FALSE,FALSE,FALSE,FALSE
"clause",3,"forward_equal","C.UTF-8",TRUE,TRUE,TRUE,TRUE
"clause",3,"reverse_equal","C.UTF-8",TRUE,TRUE,TRUE,TRUE
"clause",3,"reflexivity","C.UTF-8",TRUE,TRUE,TRUE,TRUE
"clause",3,"unequal_control","C.UTF-8",FALSE,FALSE,FALSE,FALSE
"clause",4,"forward_equal","C.UTF-8",TRUE,FALSE,TRUE,TRUE
"clause",4,"reverse_equal","C.UTF-8",TRUE,FALSE,TRUE,TRUE
"clause",4,"reflexivity","C.UTF-8",TRUE,TRUE,TRUE,TRUE
"clause",4,"unequal_control","C.UTF-8",FALSE,FALSE,FALSE,FALSE
"clause",5,"forward_equal","C.UTF-8",TRUE,FALSE,TRUE,TRUE
"clause",5,"reverse_equal","C.UTF-8",TRUE,FALSE,TRUE,TRUE
"clause",5,"reflexivity","C.UTF-8",TRUE,TRUE,TRUE,TRUE
"clause",5,"unequal_control","C.UTF-8",FALSE,FALSE,FALSE,FALSE
"clause",6,"forward_equal","C.UTF-8",TRUE,FALSE,TRUE,TRUE
"clause",6,"reverse_equal","C.UTF-8",TRUE,FALSE,TRUE,TRUE
"clause",6,"reflexivity","C.UTF-8",TRUE,TRUE,TRUE,TRUE
"clause",6,"unequal_control","C.UTF-8",FALSE,FALSE,FALSE,FALSE
"clause",7,"forward_equal","C.UTF-8",TRUE,FALSE,TRUE,TRUE
"clause",7,"reverse_equal","C.UTF-8",TRUE,FALSE,TRUE,TRUE
"clause",7,"reflexivity","C.UTF-8",TRUE,TRUE,TRUE,TRUE
"clause",7,"unequal_control","C.UTF-8",FALSE,FALSE,FALSE,FALSE
"clause",8,"forward_equal","C.UTF-8",TRUE,FALSE,TRUE,TRUE
"clause",8,"reverse_equal","C.UTF-8",TRUE,FALSE,TRUE,TRUE
"clause",8,"reflexivity","C.UTF-8",TRUE,TRUE,TRUE,TRUE
"clause",8,"unequal_control","C.UTF-8",FALSE,FALSE,FALSE,FALSE
"clause",9,"forward_equal","C.UTF-8",TRUE,TRUE,TRUE,TRUE
"clause",9,"reverse_equal","C.UTF-8",TRUE,TRUE,TRUE,TRUE
"clause",9,"reflexivity","C.UTF-8",TRUE,TRUE,TRUE,TRUE
"clause",9,"unequal_control","C.UTF-8",FALSE,FALSE,FALSE,FALSE
"clause",10,"forward_equal","C.UTF-8",TRUE,FALSE,TRUE,TRUE
"clause",10,"reverse_equal","C.UTF-8",TRUE,FALSE,TRUE,TRUE
"clause",10,"reflexivity","C.UTF-8",TRUE,TRUE,TRUE,TRUE
"clause",10,"unequal_control","C.UTF-8",FALSE,FALSE,FALSE,FALSE
"clause",11,"forward_equal","C.UTF-8",TRUE,FALSE,TRUE,TRUE
"clause",11,"reverse_equal","C.UTF-8",TRUE,FALSE,TRUE,TRUE
"clause",11,"reflexivity","C.UTF-8",TRUE,TRUE,TRUE,TRUE
"clause",11,"unequal_control","C.UTF-8",FALSE,FALSE,FALSE,FALSE
"clause",12,"forward_equal","C.UTF-8",TRUE,FALSE,TRUE,TRUE
"clause",12,"reverse_equal","C.UTF-8",TRUE,FALSE,TRUE,TRUE
"clause",12,"reflexivity","C.UTF-8",TRUE,TRUE,TRUE,TRUE
"clause",12,"unequal_control","C.UTF-8",FALSE,FALSE,FALSE,FALSE
"clause",13,"forward_equal","C.UTF-8",TRUE,TRUE,TRUE,TRUE
"clause",13,"reverse_equal","C.UTF-8",TRUE,TRUE,TRUE,TRUE
"clause",13,"reflexivity","C.UTF-8",TRUE,TRUE,TRUE,TRUE
"clause",13,"unequal_control","C.UTF-8",FALSE,FALSE,FALSE,FALSE
"clause",14,"forward_equal","C.UTF-8",TRUE,FALSE,TRUE,TRUE
"clause",14,"reverse_equal","C.UTF-8",TRUE,FALSE,TRUE,TRUE
"clause",14,"reflexivity","C.UTF-8",TRUE,TRUE,TRUE,TRUE
"clause",14,"unequal_control","C.UTF-8",FALSE,FALSE,FALSE,FALSE
"clause",15,"forward_equal","C.UTF-8",TRUE,TRUE,TRUE,TRUE
"clause",15,"reverse_equal","C.UTF-8",TRUE,TRUE,TRUE,TRUE
"clause",15,"reflexivity","C.UTF-8",TRUE,TRUE,TRUE,TRUE
"clause",15,"unequal_control","C.UTF-8",FALSE,FALSE,FALSE,FALSE
"clause",16,"forward_equal","C.UTF-8",TRUE,FALSE,TRUE,TRUE
"clause",16,"reverse_equal","C.UTF-8",TRUE,FALSE,TRUE,TRUE
"clause",16,"reflexivity","C.UTF-8",TRUE,TRUE,TRUE,TRUE
"clause",16,"unequal_control","C.UTF-8",FALSE,FALSE,FALSE,FALSE
"clause",17,"forward_equal","C.UTF-8",TRUE,FALSE,TRUE,TRUE
"clause",17,"reverse_equal","C.UTF-8",TRUE,FALSE,TRUE,TRUE
"clause",17,"reflexivity","C.UTF-8",TRUE,TRUE,TRUE,TRUE
"clause",17,"unequal_control","C.UTF-8",FALSE,FALSE,FALSE,FALSE
"clause",18,"forward_equal","C.UTF-8",TRUE,FALSE,TRUE,TRUE
"clause",18,"reverse_equal","C.UTF-8",TRUE,FALSE,TRUE,TRUE
"clause",18,"reflexivity","C.UTF-8",TRUE,TRUE,TRUE,TRUE
"clause",18,"unequal_control","C.UTF-8",FALSE,FALSE,FALSE,FALSE
"clause",19,"forward_equal","C.UTF-8",TRUE,FALSE,TRUE,TRUE
"clause",19,"reverse_equal","C.UTF-8",TRUE,FALSE,TRUE,TRUE
"clause",19,"reflexivity","C.UTF-8",TRUE,TRUE,TRUE,TRUE
"clause",19,"unequal_control","C.UTF-8",FALSE,FALSE,FALSE,FALSE
"clause",20,"forward_equal","C.UTF-8",TRUE,FALSE,TRUE,TRUE
"clause",20,"reverse_equal","C.UTF-8",TRUE,FALSE,TRUE,TRUE
"clause",20,"reflexivity","C.UTF-8",TRUE,TRUE,TRUE,TRUE
"clause",20,"unequal_control","C.UTF-8",FALSE,FALSE,FALSE,FALSE
"clause",21,"forward_equal","C.UTF-8",TRUE,TRUE,TRUE,TRUE
"clause",21,"reverse_equal","C.UTF-8",TRUE,TRUE,TRUE,TRUE
"clause",21,"reflexivity","C.UTF-8",TRUE,TRUE,TRUE,TRUE
"clause",21,"unequal_control","C.UTF-8",FALSE,FALSE,FALSE,FALSE
"clause",22,"forward_equal","C.UTF-8",TRUE,FALSE,TRUE,TRUE
"clause",22,"reverse_equal","C.UTF-8",TRUE,FALSE,TRUE,TRUE
"clause",22,"reflexivity","C.UTF-8",TRUE,TRUE,TRUE,TRUE
"clause",22,"unequal_control","C.UTF-8",FALSE,FALSE,FALSE,FALSE
"clause",23,"forward_equal","C.UTF-8",TRUE,FALSE,TRUE,TRUE
"clause",23,"reverse_equal","C.UTF-8",TRUE,FALSE,TRUE,TRUE
"clause",23,"reflexivity","C.UTF-8",TRUE,TRUE,TRUE,TRUE
"clause",23,"unequal_control","C.UTF-8",FALSE,FALSE,FALSE,FALSE
"clause",24,"forward_equal","C.UTF-8",TRUE,FALSE,TRUE,TRUE
"clause",24,"reverse_equal","C.UTF-8",TRUE,FALSE,TRUE,TRUE
"clause",24,"reflexivity","C.UTF-8",TRUE,TRUE,TRUE,TRUE
"clause",24,"unequal_control","C.UTF-8",FALSE,FALSE,FALSE,FALSE
"clause",25,"forward_equal","C.UTF-8",TRUE,TRUE,TRUE,TRUE
"clause",25,"reverse_equal","C.UTF-8",TRUE,TRUE,TRUE,TRUE
"clause",25,"reflexivity","C.UTF-8",TRUE,TRUE,TRUE,TRUE
"clause",25,"unequal_control","C.UTF-8",FALSE,FALSE,FALSE,FALSE
"clause",26,"forward_equal","C.UTF-8",TRUE,FALSE,TRUE,TRUE
"clause",26,"reverse_equal","C.UTF-8",TRUE,FALSE,TRUE,TRUE
"clause",26,"reflexivity","C.UTF-8",TRUE,TRUE,TRUE,TRUE
"clause",26,"unequal_control","C.UTF-8",FALSE,FALSE,FALSE,FALSE
"clause",27,"forward_equal","C.UTF-8",TRUE,TRUE,TRUE,TRUE
"clause",27,"reverse_equal","C.UTF-8",TRUE,TRUE,TRUE,TRUE
"clause",27,"reflexivity","C.UTF-8",TRUE,TRUE,TRUE,TRUE
"clause",27,"unequal_control","C.UTF-8",FALSE,FALSE,FALSE,FALSE
"clause",28,"forward_equal","C.UTF-8",TRUE,FALSE,TRUE,TRUE
"clause",28,"reverse_equal","C.UTF-8",TRUE,FALSE,TRUE,TRUE
"clause",28,"reflexivity","C.UTF-8",TRUE,TRUE,TRUE,TRUE
"clause",28,"unequal_control","C.UTF-8",FALSE,FALSE,FALSE,FALSE
"clause",29,"forward_equal","C.UTF-8",TRUE,FALSE,TRUE,TRUE
"clause",29,"reverse_equal","C.UTF-8",TRUE,FALSE,TRUE,TRUE
"clause",29,"reflexivity","C.UTF-8",TRUE,TRUE,TRUE,TRUE
"clause",29,"unequal_control","C.UTF-8",FALSE,FALSE,FALSE,FALSE
"clause",30,"forward_equal","C.UTF-8",TRUE,FALSE,TRUE,TRUE
"clause",30,"reverse_equal","C.UTF-8",TRUE,FALSE,TRUE,TRUE
"clause",30,"reflexivity","C.UTF-8",TRUE,TRUE,TRUE,TRUE
"clause",30,"unequal_control","C.UTF-8",FALSE,FALSE,FALSE,FALSE
"clause",31,"forward_equal","C.UTF-8",TRUE,FALSE,TRUE,TRUE
"clause",31,"reverse_equal","C.UTF-8",TRUE,FALSE,TRUE,TRUE
"clause",31,"reflexivity","C.UTF-8",TRUE,TRUE,TRUE,TRUE
"clause",31,"unequal_control","C.UTF-8",FALSE,FALSE,FALSE,FALSE
"clause",32,"forward_equal","C.UTF-8",TRUE,FALSE,TRUE,TRUE
"clause",32,"reverse_equal","C.UTF-8",TRUE,FALSE,TRUE,TRUE
"clause",32,"reflexivity","C.UTF-8",TRUE,TRUE,TRUE,TRUE
"clause",32,"unequal_control","C.UTF-8",FALSE,FALSE,FALSE,FALSE
"clause",33,"forward_equal","C.UTF-8",TRUE,TRUE,TRUE,TRUE
"clause",33,"reverse_equal","C.UTF-8",TRUE,TRUE,TRUE,TRUE
"clause",33,"reflexivity","C.UTF-8",TRUE,TRUE,TRUE,TRUE
"clause",33,"unequal_control","C.UTF-8",FALSE,FALSE,FALSE,FALSE
"clause",34,"forward_equal","C.UTF-8",TRUE,FALSE,TRUE,TRUE
"clause",34,"reverse_equal","C.UTF-8",TRUE,FALSE,TRUE,TRUE
"clause",34,"reflexivity","C.UTF-8",TRUE,TRUE,TRUE,TRUE
"clause",34,"unequal_control","C.UTF-8",FALSE,FALSE,FALSE,FALSE
"clause",35,"forward_equal","C.UTF-8",TRUE,FALSE,TRUE,TRUE
"clause",35,"reverse_equal","C.UTF-8",TRUE,FALSE,TRUE,TRUE
"clause",35,"reflexivity","C.UTF-8",TRUE,TRUE,TRUE,TRUE
"clause",35,"unequal_control","C.UTF-8",FALSE,FALSE,FALSE,FALSE
"clause",36,"forward_equal","C.UTF-8",TRUE,FALSE,TRUE,TRUE
"clause",36,"reverse_equal","C.UTF-8",TRUE,FALSE,TRUE,TRUE
"clause",36,"reflexivity","C.UTF-8",TRUE,TRUE,TRUE,TRUE
"clause",36,"unequal_control","C.UTF-8",FALSE,FALSE,FALSE,FALSE
"clause",37,"forward_equal","C.UTF-8",TRUE,TRUE,TRUE,TRUE
"clause",37,"reverse_equal","C.UTF-8",TRUE,TRUE,TRUE,TRUE
"clause",37,"reflexivity","C.UTF-8",TRUE,TRUE,TRUE,TRUE
"clause",37,"unequal_control","C.UTF-8",FALSE,FALSE,FALSE,FALSE
"clause",38,"forward_equal","C.UTF-8",TRUE,FALSE,TRUE,TRUE
"clause",38,"reverse_equal","C.UTF-8",TRUE,FALSE,TRUE,TRUE
"clause",38,"reflexivity","C.UTF-8",TRUE,TRUE,TRUE,TRUE
"clause",38,"unequal_control","C.UTF-8",FALSE,FALSE,FALSE,FALSE
"clause",39,"forward_equal","C.UTF-8",TRUE,TRUE,TRUE,TRUE
"clause",39,"reverse_equal","C.UTF-8",TRUE,TRUE,TRUE,TRUE
"clause",39,"reflexivity","C.UTF-8",TRUE,TRUE,TRUE,TRUE
"clause",39,"unequal_control","C.UTF-8",FALSE,FALSE,FALSE,FALSE
"clause",40,"forward_equal","C.UTF-8",TRUE,FALSE,TRUE,TRUE
"clause",40,"reverse_equal","C.UTF-8",TRUE,FALSE,TRUE,TRUE
"clause",40,"reflexivity","C.UTF-8",TRUE,TRUE,TRUE,TRUE
"clause",40,"unequal_control","C.UTF-8",FALSE,FALSE,FALSE,FALSE
"clause",41,"forward_equal","C.UTF-8",TRUE,FALSE,TRUE,TRUE
"clause",41,"reverse_equal","C.UTF-8",TRUE,FALSE,TRUE,TRUE
"clause",41,"reflexivity","C.UTF-8",TRUE,TRUE,TRUE,TRUE
"clause",41,"unequal_control","C.UTF-8",FALSE,FALSE,FALSE,FALSE
"clause",42,"forward_equal","C.UTF-8",TRUE,FALSE,TRUE,TRUE
"clause",42,"reverse_equal","C.UTF-8",TRUE,FALSE,TRUE,TRUE
"clause",42,"reflexivity","C.UTF-8",TRUE,TRUE,TRUE,TRUE
"clause",42,"unequal_control","C.UTF-8",FALSE,FALSE,FALSE,FALSE
"clause",43,"forward_equal","C.UTF-8",TRUE,FALSE,TRUE,TRUE
"clause",43,"reverse_equal","C.UTF-8",TRUE,FALSE,TRUE,TRUE
"clause",43,"reflexivity","C.UTF-8",TRUE,TRUE,TRUE,TRUE
"clause",43,"unequal_control","C.UTF-8",FALSE,FALSE,FALSE,FALSE
"clause",44,"forward_equal","C.UTF-8",TRUE,FALSE,TRUE,TRUE
"clause",44,"reverse_equal","C.UTF-8",TRUE,FALSE,TRUE,TRUE
"clause",44,"reflexivity","C.UTF-8",TRUE,TRUE,TRUE,TRUE
"clause",44,"unequal_control","C.UTF-8",FALSE,FALSE,FALSE,FALSE
"clause",45,"forward_equal","C.UTF-8",TRUE,TRUE,TRUE,TRUE
"clause",45,"reverse_equal","C.UTF-8",TRUE,TRUE,TRUE,TRUE
"clause",45,"reflexivity","C.UTF-8",TRUE,TRUE,TRUE,TRUE
"clause",45,"unequal_control","C.UTF-8",FALSE,FALSE,FALSE,FALSE
"clause",46,"forward_equal","C.UTF-8",TRUE,FALSE,TRUE,TRUE
"clause",46,"reverse_equal","C.UTF-8",TRUE,FALSE,TRUE,TRUE
"clause",46,"reflexivity","C.UTF-8",TRUE,TRUE,TRUE,TRUE
"clause",46,"unequal_control","C.UTF-8",FALSE,FALSE,FALSE,FALSE
"clause",47,"forward_equal","C.UTF-8",TRUE,FALSE,TRUE,TRUE
"clause",47,"reverse_equal","C.UTF-8",TRUE,FALSE,TRUE,TRUE
"clause",47,"reflexivity","C.UTF-8",TRUE,TRUE,TRUE,TRUE
"clause",47,"unequal_control","C.UTF-8",FALSE,FALSE,FALSE,FALSE
"clause",48,"forward_equal","C.UTF-8",TRUE,FALSE,TRUE,TRUE
"clause",48,"reverse_equal","C.UTF-8",TRUE,FALSE,TRUE,TRUE
"clause",48,"reflexivity","C.UTF-8",TRUE,TRUE,TRUE,TRUE
"clause",48,"unequal_control","C.UTF-8",FALSE,FALSE,FALSE,FALSE
"clause",49,"forward_equal","C.UTF-8",TRUE,TRUE,TRUE,TRUE
"clause",49,"reverse_equal","C.UTF-8",TRUE,TRUE,TRUE,TRUE
"clause",49,"reflexivity","C.UTF-8",TRUE,TRUE,TRUE,TRUE
"clause",49,"unequal_control","C.UTF-8",FALSE,FALSE,FALSE,FALSE
"clause",50,"forward_equal","C.UTF-8",TRUE,FALSE,TRUE,TRUE
"clause",50,"reverse_equal","C.UTF-8",TRUE,FALSE,TRUE,TRUE
"clause",50,"reflexivity","C.UTF-8",TRUE,TRUE,TRUE,TRUE
"clause",50,"unequal_control","C.UTF-8",FALSE,FALSE,FALSE,FALSE
"clause",51,"forward_equal","C.UTF-8",TRUE,TRUE,TRUE,TRUE
"clause",51,"reverse_equal","C.UTF-8",TRUE,TRUE,TRUE,TRUE
"clause",51,"reflexivity","C.UTF-8",TRUE,TRUE,TRUE,TRUE
"clause",51,"unequal_control","C.UTF-8",FALSE,FALSE,FALSE,FALSE
"clause",52,"forward_equal","C.UTF-8",TRUE,FALSE,TRUE,TRUE
"clause",52,"reverse_equal","C.UTF-8",TRUE,FALSE,TRUE,TRUE
"clause",52,"reflexivity","C.UTF-8",TRUE,TRUE,TRUE,TRUE
"clause",52,"unequal_control","C.UTF-8",FALSE,FALSE,FALSE,FALSE
"clause",53,"forward_equal","C.UTF-8",TRUE,FALSE,TRUE,TRUE
"clause",53,"reverse_equal","C.UTF-8",TRUE,FALSE,TRUE,TRUE
"clause",53,"reflexivity","C.UTF-8",TRUE,TRUE,TRUE,TRUE
"clause",53,"unequal_control","C.UTF-8",FALSE,FALSE,FALSE,FALSE
"clause",54,"forward_equal","C.UTF-8",TRUE,FALSE,TRUE,TRUE
"clause",54,"reverse_equal","C.UTF-8",TRUE,FALSE,TRUE,TRUE
"clause",54,"reflexivity","C.UTF-8",TRUE,TRUE,TRUE,TRUE
"clause",54,"unequal_control","C.UTF-8",FALSE,FALSE,FALSE,FALSE
"clause",55,"forward_equal","C.UTF-8",TRUE,FALSE,TRUE,TRUE
"clause",55,"reverse_equal","C.UTF-8",TRUE,FALSE,TRUE,TRUE
"clause",55,"reflexivity","C.UTF-8",TRUE,TRUE,TRUE,TRUE
"clause",55,"unequal_control","C.UTF-8",FALSE,FALSE,FALSE,FALSE
"clause",56,"forward_equal","C.UTF-8",TRUE,FALSE,TRUE,TRUE
"clause",56,"reverse_equal","C.UTF-8",TRUE,FALSE,TRUE,TRUE
"clause",56,"reflexivity","C.UTF-8",TRUE,TRUE,TRUE,TRUE
"clause",56,"unequal_control","C.UTF-8",FALSE,FALSE,FALSE,FALSE
"clause",57,"forward_equal","C.UTF-8",TRUE,TRUE,TRUE,TRUE
"clause",57,"reverse_equal","C.UTF-8",TRUE,TRUE,TRUE,TRUE
"clause",57,"reflexivity","C.UTF-8",TRUE,TRUE,TRUE,TRUE
"clause",57,"unequal_control","C.UTF-8",FALSE,FALSE,FALSE,FALSE
"clause",58,"forward_equal","C.UTF-8",TRUE,FALSE,TRUE,TRUE
"clause",58,"reverse_equal","C.UTF-8",TRUE,FALSE,TRUE,TRUE
"clause",58,"reflexivity","C.UTF-8",TRUE,TRUE,TRUE,TRUE
"clause",58,"unequal_control","C.UTF-8",FALSE,FALSE,FALSE,FALSE
"clause",59,"forward_equal","C.UTF-8",TRUE,FALSE,TRUE,TRUE
"clause",59,"reverse_equal","C.UTF-8",TRUE,FALSE,TRUE,TRUE
"clause",59,"reflexivity","C.UTF-8",TRUE,TRUE,TRUE,TRUE
"clause",59,"unequal_control","C.UTF-8",FALSE,FALSE,FALSE,FALSE
"clause",60,"forward_equal","C.UTF-8",TRUE,FALSE,TRUE,TRUE
"clause",60,"reverse_equal","C.UTF-8",TRUE,FALSE,TRUE,TRUE
"clause",60,"reflexivity","C.UTF-8",TRUE,TRUE,TRUE,TRUE
"clause",60,"unequal_control","C.UTF-8",FALSE,FALSE,FALSE,FALSE
"clause",61,"forward_equal","C.UTF-8",TRUE,TRUE,TRUE,TRUE
"clause",61,"reverse_equal","C.UTF-8",TRUE,TRUE,TRUE,TRUE
"clause",61,"reflexivity","C.UTF-8",TRUE,TRUE,TRUE,TRUE
"clause",61,"unequal_control","C.UTF-8",FALSE,FALSE,FALSE,FALSE
"clause",62,"forward_equal","C.UTF-8",TRUE,FALSE,TRUE,TRUE
"clause",62,"reverse_equal","C.UTF-8",TRUE,FALSE,TRUE,TRUE
"clause",62,"reflexivity","C.UTF-8",TRUE,TRUE,TRUE,TRUE
"clause",62,"unequal_control","C.UTF-8",FALSE,FALSE,FALSE,FALSE
"clause",63,"forward_equal","C.UTF-8",TRUE,TRUE,TRUE,TRUE
"clause",63,"reverse_equal","C.UTF-8",TRUE,TRUE,TRUE,TRUE
"clause",63,"reflexivity","C.UTF-8",TRUE,TRUE,TRUE,TRUE
"clause",63,"unequal_control","C.UTF-8",FALSE,FALSE,FALSE,FALSE
"clause",64,"forward_equal","C.UTF-8",TRUE,FALSE,TRUE,TRUE
"clause",64,"reverse_equal","C.UTF-8",TRUE,FALSE,TRUE,TRUE
"clause",64,"reflexivity","C.UTF-8",TRUE,TRUE,TRUE,TRUE
"clause",64,"unequal_control","C.UTF-8",FALSE,FALSE,FALSE,FALSE
"clause",65,"forward_equal","C.UTF-8",TRUE,FALSE,TRUE,TRUE
"clause",65,"reverse_equal","C.UTF-8",TRUE,FALSE,TRUE,TRUE
"clause",65,"reflexivity","C.UTF-8",TRUE,TRUE,TRUE,TRUE
"clause",65,"unequal_control","C.UTF-8",FALSE,FALSE,FALSE,FALSE
"clause",66,"forward_equal","C.UTF-8",TRUE,FALSE,TRUE,TRUE
"clause",66,"reverse_equal","C.UTF-8",TRUE,FALSE,TRUE,TRUE
"clause",66,"reflexivity","C.UTF-8",TRUE,TRUE,TRUE,TRUE
"clause",66,"unequal_control","C.UTF-8",FALSE,FALSE,FALSE,FALSE
"clause",67,"forward_equal","C.UTF-8",TRUE,FALSE,TRUE,TRUE
"clause",67,"reverse_equal","C.UTF-8",TRUE,FALSE,TRUE,TRUE
"clause",67,"reflexivity","C.UTF-8",TRUE,TRUE,TRUE,TRUE
"clause",67,"unequal_control","C.UTF-8",FALSE,FALSE,FALSE,FALSE
"clause",68,"forward_equal","C.UTF-8",TRUE,FALSE,TRUE,TRUE
"clause",68,"reverse_equal","C.UTF-8",TRUE,FALSE,TRUE,TRUE
"clause",68,"reflexivity","C.UTF-8",TRUE,TRUE,TRUE,TRUE
"clause",68,"unequal_control","C.UTF-8",FALSE,FALSE,FALSE,FALSE
"clause",69,"forward_equal","C.UTF-8",TRUE,TRUE,TRUE,TRUE
"clause",69,"reverse_equal","C.UTF-8",TRUE,TRUE,TRUE,TRUE
"clause",69,"reflexivity","C.UTF-8",TRUE,TRUE,TRUE,TRUE
"clause",69,"unequal_control","C.UTF-8",FALSE,FALSE,FALSE,FALSE
"clause",70,"forward_equal","C.UTF-8",TRUE,FALSE,TRUE,TRUE
"clause",70,"reverse_equal","C.UTF-8",TRUE,FALSE,TRUE,TRUE
"clause",70,"reflexivity","C.UTF-8",TRUE,TRUE,TRUE,TRUE
"clause",70,"unequal_control","C.UTF-8",FALSE,FALSE,FALSE,FALSE
"clause",71,"forward_equal","C.UTF-8",TRUE,FALSE,TRUE,TRUE
"clause",71,"reverse_equal","C.UTF-8",TRUE,FALSE,TRUE,TRUE
"clause",71,"reflexivity","C.UTF-8",TRUE,TRUE,TRUE,TRUE
"clause",71,"unequal_control","C.UTF-8",FALSE,FALSE,FALSE,FALSE
"clause",72,"forward_equal","C.UTF-8",TRUE,FALSE,TRUE,TRUE
"clause",72,"reverse_equal","C.UTF-8",TRUE,FALSE,TRUE,TRUE
"clause",72,"reflexivity","C.UTF-8",TRUE,TRUE,TRUE,TRUE
"clause",72,"unequal_control","C.UTF-8",FALSE,FALSE,FALSE,FALSE
"clause",73,"forward_equal","C.UTF-8",TRUE,TRUE,TRUE,TRUE
"clause",73,"reverse_equal","C.UTF-8",TRUE,TRUE,TRUE,TRUE
"clause",73,"reflexivity","C.UTF-8",TRUE,TRUE,TRUE,TRUE
"clause",73,"unequal_control","C.UTF-8",FALSE,FALSE,FALSE,FALSE
"clause",74,"forward_equal","C.UTF-8",TRUE,FALSE,TRUE,TRUE
"clause",74,"reverse_equal","C.UTF-8",TRUE,FALSE,TRUE,TRUE
"clause",74,"reflexivity","C.UTF-8",TRUE,TRUE,TRUE,TRUE
"clause",74,"unequal_control","C.UTF-8",FALSE,FALSE,FALSE,FALSE
"clause",75,"forward_equal","C.UTF-8",TRUE,TRUE,TRUE,TRUE
"clause",75,"reverse_equal","C.UTF-8",TRUE,TRUE,TRUE,TRUE
"clause",75,"reflexivity","C.UTF-8",TRUE,TRUE,TRUE,TRUE
"clause",75,"unequal_control","C.UTF-8",FALSE,FALSE,FALSE,FALSE
"clause",76,"forward_equal","C.UTF-8",TRUE,FALSE,TRUE,TRUE
"clause",76,"reverse_equal","C.UTF-8",TRUE,FALSE,TRUE,TRUE
"clause",76,"reflexivity","C.UTF-8",TRUE,TRUE,TRUE,TRUE
"clause",76,"unequal_control","C.UTF-8",FALSE,FALSE,FALSE,FALSE
"clause",77,"forward_equal","C.UTF-8",TRUE,FALSE,TRUE,TRUE
"clause",77,"reverse_equal","C.UTF-8",TRUE,FALSE,TRUE,TRUE
"clause",77,"reflexivity","C.UTF-8",TRUE,TRUE,TRUE,TRUE
"clause",77,"unequal_control","C.UTF-8",FALSE,FALSE,FALSE,FALSE
"clause",78,"forward_equal","C.UTF-8",TRUE,FALSE,TRUE,TRUE
"clause",78,"reverse_equal","C.UTF-8",TRUE,FALSE,TRUE,TRUE
"clause",78,"reflexivity","C.UTF-8",TRUE,TRUE,TRUE,TRUE
"clause",78,"unequal_control","C.UTF-8",FALSE,FALSE,FALSE,FALSE
"clause",79,"forward_equal","C.UTF-8",TRUE,FALSE,TRUE,TRUE
"clause",79,"reverse_equal","C.UTF-8",TRUE,FALSE,TRUE,TRUE
"clause",79,"reflexivity","C.UTF-8",TRUE,TRUE,TRUE,TRUE
"clause",79,"unequal_control","C.UTF-8",FALSE,FALSE,FALSE,FALSE
"clause",80,"forward_equal","C.UTF-8",TRUE,FALSE,TRUE,TRUE
"clause",80,"reverse_equal","C.UTF-8",TRUE,FALSE,TRUE,TRUE
"clause",80,"reflexivity","C.UTF-8",TRUE,TRUE,TRUE,TRUE
"clause",80,"unequal_control","C.UTF-8",FALSE,FALSE,FALSE,FALSE
"clause",81,"forward_equal","C.UTF-8",TRUE,TRUE,TRUE,TRUE
"clause",81,"reverse_equal","C.UTF-8",TRUE,TRUE,TRUE,TRUE
"clause",81,"reflexivity","C.UTF-8",TRUE,TRUE,TRUE,TRUE
"clause",81,"unequal_control","C.UTF-8",FALSE,FALSE,FALSE,FALSE
"clause",82,"forward_equal","C.UTF-8",TRUE,FALSE,TRUE,TRUE
"clause",82,"reverse_equal","C.UTF-8",TRUE,FALSE,TRUE,TRUE
"clause",82,"reflexivity","C.UTF-8",TRUE,TRUE,TRUE,TRUE
"clause",82,"unequal_control","C.UTF-8",FALSE,FALSE,FALSE,FALSE
"clause",83,"forward_equal","C.UTF-8",TRUE,FALSE,TRUE,TRUE
"clause",83,"reverse_equal","C.UTF-8",TRUE,FALSE,TRUE,TRUE
"clause",83,"reflexivity","C.UTF-8",TRUE,TRUE,TRUE,TRUE
"clause",83,"unequal_control","C.UTF-8",FALSE,FALSE,FALSE,FALSE
"clause",84,"forward_equal","C.UTF-8",TRUE,FALSE,TRUE,TRUE
"clause",84,"reverse_equal","C.UTF-8",TRUE,FALSE,TRUE,TRUE
"clause",84,"reflexivity","C.UTF-8",TRUE,TRUE,TRUE,TRUE
"clause",84,"unequal_control","C.UTF-8",FALSE,FALSE,FALSE,FALSE
"clause",85,"forward_equal","C.UTF-8",TRUE,TRUE,TRUE,TRUE
"clause",85,"reverse_equal","C.UTF-8",TRUE,TRUE,TRUE,TRUE
"clause",85,"reflexivity","C.UTF-8",TRUE,TRUE,TRUE,TRUE
"clause",85,"unequal_control","C.UTF-8",FALSE,FALSE,FALSE,FALSE
"clause",86,"forward_equal","C.UTF-8",TRUE,FALSE,TRUE,TRUE
"clause",86,"reverse_equal","C.UTF-8",TRUE,FALSE,TRUE,TRUE
"clause",86,"reflexivity","C.UTF-8",TRUE,TRUE,TRUE,TRUE
"clause",86,"unequal_control","C.UTF-8",FALSE,FALSE,FALSE,FALSE
"clause",87,"forward_equal","C.UTF-8",TRUE,TRUE,TRUE,TRUE
"clause",87,"reverse_equal","C.UTF-8",TRUE,TRUE,TRUE,TRUE
"clause",87,"reflexivity","C.UTF-8",TRUE,TRUE,TRUE,TRUE
"clause",87,"unequal_control","C.UTF-8",FALSE,FALSE,FALSE,FALSE
"clause",88,"forward_equal","C.UTF-8",TRUE,FALSE,TRUE,TRUE
"clause",88,"reverse_equal","C.UTF-8",TRUE,FALSE,TRUE,TRUE
"clause",88,"reflexivity","C.UTF-8",TRUE,TRUE,TRUE,TRUE
"clause",88,"unequal_control","C.UTF-8",FALSE,FALSE,FALSE,FALSE
"clause",89,"forward_equal","C.UTF-8",TRUE,FALSE,TRUE,TRUE
"clause",89,"reverse_equal","C.UTF-8",TRUE,FALSE,TRUE,TRUE
"clause",89,"reflexivity","C.UTF-8",TRUE,TRUE,TRUE,TRUE
"clause",89,"unequal_control","C.UTF-8",FALSE,FALSE,FALSE,FALSE
"clause",90,"forward_equal","C.UTF-8",TRUE,FALSE,TRUE,TRUE
"clause",90,"reverse_equal","C.UTF-8",TRUE,FALSE,TRUE,TRUE
"clause",90,"reflexivity","C.UTF-8",TRUE,TRUE,TRUE,TRUE
"clause",90,"unequal_control","C.UTF-8",FALSE,FALSE,FALSE,FALSE
"clause",91,"forward_equal","C.UTF-8",TRUE,FALSE,TRUE,TRUE
"clause",91,"reverse_equal","C.UTF-8",TRUE,FALSE,TRUE,TRUE
"clause",91,"reflexivity","C.UTF-8",TRUE,TRUE,TRUE,TRUE
"clause",91,"unequal_control","C.UTF-8",FALSE,FALSE,FALSE,FALSE
"clause",92,"forward_equal","C.UTF-8",TRUE,FALSE,TRUE,TRUE
"clause",92,"reverse_equal","C.UTF-8",TRUE,FALSE,TRUE,TRUE
"clause",92,"reflexivity","C.UTF-8",TRUE,TRUE,TRUE,TRUE
"clause",92,"unequal_control","C.UTF-8",FALSE,FALSE,FALSE,FALSE
"clause",93,"forward_equal","C.UTF-8",TRUE,TRUE,TRUE,TRUE
"clause",93,"reverse_equal","C.UTF-8",TRUE,TRUE,TRUE,TRUE
"clause",93,"reflexivity","C.UTF-8",TRUE,TRUE,TRUE,TRUE
"clause",93,"unequal_control","C.UTF-8",FALSE,FALSE,FALSE,FALSE
"clause",94,"forward_equal","C.UTF-8",TRUE,FALSE,TRUE,TRUE
"clause",94,"reverse_equal","C.UTF-8",TRUE,FALSE,TRUE,TRUE
"clause",94,"reflexivity","C.UTF-8",TRUE,TRUE,TRUE,TRUE
"clause",94,"unequal_control","C.UTF-8",FALSE,FALSE,FALSE,FALSE
"clause",95,"forward_equal","C.UTF-8",TRUE,FALSE,TRUE,TRUE
"clause",95,"reverse_equal","C.UTF-8",TRUE,FALSE,TRUE,TRUE
"clause",95,"reflexivity","C.UTF-8",TRUE,TRUE,TRUE,TRUE
"clause",95,"unequal_control","C.UTF-8",FALSE,FALSE,FALSE,FALSE
"clause",96,"forward_equal","C.UTF-8",TRUE,FALSE,TRUE,TRUE
"clause",96,"reverse_equal","C.UTF-8",TRUE,FALSE,TRUE,TRUE
"clause",96,"reflexivity","C.UTF-8",TRUE,TRUE,TRUE,TRUE
"clause",96,"unequal_control","C.UTF-8",FALSE,FALSE,FALSE,FALSE
"clause",97,"forward_equal","C.UTF-8",TRUE,TRUE,TRUE,TRUE
"clause",97,"reverse_equal","C.UTF-8",TRUE,TRUE,TRUE,TRUE
"clause",97,"reflexivity","C.UTF-8",TRUE,TRUE,TRUE,TRUE
"clause",97,"unequal_control","C.UTF-8",FALSE,FALSE,FALSE,FALSE
"clause",98,"forward_equal","C.UTF-8",TRUE,FALSE,TRUE,TRUE
"clause",98,"reverse_equal","C.UTF-8",TRUE,FALSE,TRUE,TRUE
"clause",98,"reflexivity","C.UTF-8",TRUE,TRUE,TRUE,TRUE
"clause",98,"unequal_control","C.UTF-8",FALSE,FALSE,FALSE,FALSE
"clause",99,"forward_equal","C.UTF-8",TRUE,TRUE,TRUE,TRUE
"clause",99,"reverse_equal","C.UTF-8",TRUE,TRUE,TRUE,TRUE
"clause",99,"reflexivity","C.UTF-8",TRUE,TRUE,TRUE,TRUE
"clause",99,"unequal_control","C.UTF-8",FALSE,FALSE,FALSE,FALSE
"clause",100,"forward_equal","C.UTF-8",TRUE,FALSE,TRUE,TRUE
"clause",100,"reverse_equal","C.UTF-8",TRUE,FALSE,TRUE,TRUE
"clause",100,"reflexivity","C.UTF-8",TRUE,TRUE,TRUE,TRUE
"clause",100,"unequal_control","C.UTF-8",FALSE,FALSE,FALSE,FALSE
"clause",101,"forward_equal","C.UTF-8",TRUE,FALSE,TRUE,TRUE
"clause",101,"reverse_equal","C.UTF-8",TRUE,FALSE,TRUE,TRUE
"clause",101,"reflexivity","C.UTF-8",TRUE,TRUE,TRUE,TRUE
"clause",101,"unequal_control","C.UTF-8",FALSE,FALSE,FALSE,FALSE
"clause",102,"forward_equal","C.UTF-8",TRUE,FALSE,TRUE,TRUE
"clause",102,"reverse_equal","C.UTF-8",TRUE,FALSE,TRUE,TRUE
"clause",102,"reflexivity","C.UTF-8",TRUE,TRUE,TRUE,TRUE
"clause",102,"unequal_control","C.UTF-8",FALSE,FALSE,FALSE,FALSE
"clause",103,"forward_equal","C.UTF-8",TRUE,FALSE,TRUE,TRUE
"clause",103,"reverse_equal","C.UTF-8",TRUE,FALSE,TRUE,TRUE
"clause",103,"reflexivity","C.UTF-8",TRUE,TRUE,TRUE,TRUE
"clause",103,"unequal_control","C.UTF-8",FALSE,FALSE,FALSE,FALSE
"clause",104,"forward_equal","C.UTF-8",TRUE,FALSE,TRUE,TRUE
"clause",104,"reverse_equal","C.UTF-8",TRUE,FALSE,TRUE,TRUE
"clause",104,"reflexivity","C.UTF-8",TRUE,TRUE,TRUE,TRUE
"clause",104,"unequal_control","C.UTF-8",FALSE,FALSE,FALSE,FALSE
"clause",105,"forward_equal","C.UTF-8",TRUE,TRUE,TRUE,TRUE
"clause",105,"reverse_equal","C.UTF-8",TRUE,TRUE,TRUE,TRUE
"clause",105,"reflexivity","C.UTF-8",TRUE,TRUE,TRUE,TRUE
"clause",105,"unequal_control","C.UTF-8",FALSE,FALSE,FALSE,FALSE
"clause",106,"forward_equal","C.UTF-8",TRUE,FALSE,TRUE,TRUE
"clause",106,"reverse_equal","C.UTF-8",TRUE,FALSE,TRUE,TRUE
"clause",106,"reflexivity","C.UTF-8",TRUE,TRUE,TRUE,TRUE
"clause",106,"unequal_control","C.UTF-8",FALSE,FALSE,FALSE,FALSE
"clause",107,"forward_equal","C.UTF-8",TRUE,FALSE,TRUE,TRUE
"clause",107,"reverse_equal","C.UTF-8",TRUE,FALSE,TRUE,TRUE
"clause",107,"reflexivity","C.UTF-8",TRUE,TRUE,TRUE,TRUE
"clause",107,"unequal_control","C.UTF-8",FALSE,FALSE,FALSE,FALSE
"clause",108,"forward_equal","C.UTF-8",TRUE,FALSE,TRUE,TRUE
"clause",108,"reverse_equal","C.UTF-8",TRUE,FALSE,TRUE,TRUE
"clause",108,"reflexivity","C.UTF-8",TRUE,TRUE,TRUE,TRUE
"clause",108,"unequal_control","C.UTF-8",FALSE,FALSE,FALSE,FALSE
"clause",109,"forward_equal","C.UTF-8",TRUE,TRUE,TRUE,TRUE
"clause",109,"reverse_equal","C.UTF-8",TRUE,TRUE,TRUE,TRUE
"clause",109,"reflexivity","C.UTF-8",TRUE,TRUE,TRUE,TRUE
"clause",109,"unequal_control","C.UTF-8",FALSE,FALSE,FALSE,FALSE
"clause",110,"forward_equal","C.UTF-8",TRUE,FALSE,TRUE,TRUE
"clause",110,"reverse_equal","C.UTF-8",TRUE,FALSE,TRUE,TRUE
"clause",110,"reflexivity","C.UTF-8",TRUE,TRUE,TRUE,TRUE
"clause",110,"unequal_control","C.UTF-8",FALSE,FALSE,FALSE,FALSE
"clause",111,"forward_equal","C.UTF-8",TRUE,TRUE,TRUE,TRUE
"clause",111,"reverse_equal","C.UTF-8",TRUE,TRUE,TRUE,TRUE
"clause",111,"reflexivity","C.UTF-8",TRUE,TRUE,TRUE,TRUE
"clause",111,"unequal_control","C.UTF-8",FALSE,FALSE,FALSE,FALSE
"clause",112,"forward_equal","C.UTF-8",TRUE,FALSE,TRUE,TRUE
"clause",112,"reverse_equal","C.UTF-8",TRUE,FALSE,TRUE,TRUE
"clause",112,"reflexivity","C.UTF-8",TRUE,TRUE,TRUE,TRUE
"clause",112,"unequal_control","C.UTF-8",FALSE,FALSE,FALSE,FALSE
"clause",113,"forward_equal","C.UTF-8",TRUE,FALSE,TRUE,TRUE
"clause",113,"reverse_equal","C.UTF-8",TRUE,FALSE,TRUE,TRUE
"clause",113,"reflexivity","C.UTF-8",TRUE,TRUE,TRUE,TRUE
"clause",113,"unequal_control","C.UTF-8",FALSE,FALSE,FALSE,FALSE
"clause",114,"forward_equal","C.UTF-8",TRUE,FALSE,TRUE,TRUE
"clause",114,"reverse_equal","C.UTF-8",TRUE,FALSE,TRUE,TRUE
"clause",114,"reflexivity","C.UTF-8",TRUE,TRUE,TRUE,TRUE
"clause",114,"unequal_control","C.UTF-8",FALSE,FALSE,FALSE,FALSE
"clause",115,"forward_equal","C.UTF-8",TRUE,FALSE,TRUE,TRUE
"clause",115,"reverse_equal","C.UTF-8",TRUE,FALSE,TRUE,TRUE
"clause",115,"reflexivity","C.UTF-8",TRUE,TRUE,TRUE,TRUE
"clause",115,"unequal_control","C.UTF-8",FALSE,FALSE,FALSE,FALSE
"clause",116,"forward_equal","C.UTF-8",TRUE,FALSE,TRUE,TRUE
"clause",116,"reverse_equal","C.UTF-8",TRUE,FALSE,TRUE,TRUE
"clause",116,"reflexivity","C.UTF-8",TRUE,TRUE,TRUE,TRUE
"clause",116,"unequal_control","C.UTF-8",FALSE,FALSE,FALSE,FALSE
"clause",117,"forward_equal","C.UTF-8",TRUE,TRUE,TRUE,TRUE
"clause",117,"reverse_equal","C.UTF-8",TRUE,TRUE,TRUE,TRUE
"clause",117,"reflexivity","C.UTF-8",TRUE,TRUE,TRUE,TRUE
"clause",117,"unequal_control","C.UTF-8",FALSE,FALSE,FALSE,FALSE
"clause",118,"forward_equal","C.UTF-8",TRUE,FALSE,TRUE,TRUE
"clause",118,"reverse_equal","C.UTF-8",TRUE,FALSE,TRUE,TRUE
"clause",118,"reflexivity","C.UTF-8",TRUE,TRUE,TRUE,TRUE
"clause",118,"unequal_control","C.UTF-8",FALSE,FALSE,FALSE,FALSE
"clause",119,"forward_equal","C.UTF-8",TRUE,FALSE,TRUE,TRUE
"clause",119,"reverse_equal","C.UTF-8",TRUE,FALSE,TRUE,TRUE
"clause",119,"reflexivity","C.UTF-8",TRUE,TRUE,TRUE,TRUE
"clause",119,"unequal_control","C.UTF-8",FALSE,FALSE,FALSE,FALSE
"clause",120,"forward_equal","C.UTF-8",TRUE,FALSE,TRUE,TRUE
"clause",120,"reverse_equal","C.UTF-8",TRUE,FALSE,TRUE,TRUE
"clause",120,"reflexivity","C.UTF-8",TRUE,TRUE,TRUE,TRUE
"clause",120,"unequal_control","C.UTF-8",FALSE,FALSE,FALSE,FALSE
"clause",121,"forward_equal","C.UTF-8",TRUE,TRUE,TRUE,TRUE
"clause",121,"reverse_equal","C.UTF-8",TRUE,TRUE,TRUE,TRUE
"clause",121,"reflexivity","C.UTF-8",TRUE,TRUE,TRUE,TRUE
"clause",121,"unequal_control","C.UTF-8",FALSE,FALSE,FALSE,FALSE
"clause",122,"forward_equal","C.UTF-8",TRUE,FALSE,TRUE,TRUE
"clause",122,"reverse_equal","C.UTF-8",TRUE,FALSE,TRUE,TRUE
"clause",122,"reflexivity","C.UTF-8",TRUE,TRUE,TRUE,TRUE
"clause",122,"unequal_control","C.UTF-8",FALSE,FALSE,FALSE,FALSE
"clause",123,"forward_equal","C.UTF-8",TRUE,TRUE,TRUE,TRUE
"clause",123,"reverse_equal","C.UTF-8",TRUE,TRUE,TRUE,TRUE
"clause",123,"reflexivity","C.UTF-8",TRUE,TRUE,TRUE,TRUE
"clause",123,"unequal_control","C.UTF-8",FALSE,FALSE,FALSE,FALSE
"clause",124,"forward_equal","C.UTF-8",TRUE,FALSE,TRUE,TRUE
"clause",124,"reverse_equal","C.UTF-8",TRUE,FALSE,TRUE,TRUE
"clause",124,"reflexivity","C.UTF-8",TRUE,TRUE,TRUE,TRUE
"clause",124,"unequal_control","C.UTF-8",FALSE,FALSE,FALSE,FALSE
"clause",125,"forward_equal","C.UTF-8",TRUE,FALSE,TRUE,TRUE
"clause",125,"reverse_equal","C.UTF-8",TRUE,FALSE,TRUE,TRUE
"clause",125,"reflexivity","C.UTF-8",TRUE,TRUE,TRUE,TRUE
"clause",125,"unequal_control","C.UTF-8",FALSE,FALSE,FALSE,FALSE
"clause",126,"forward_equal","C.UTF-8",TRUE,FALSE,TRUE,TRUE
"clause",126,"reverse_equal","C.UTF-8",TRUE,FALSE,TRUE,TRUE
"clause",126,"reflexivity","C.UTF-8",TRUE,TRUE,TRUE,TRUE
"clause",126,"unequal_control","C.UTF-8",FALSE,FALSE,FALSE,FALSE
"clause",127,"forward_equal","C.UTF-8",TRUE,FALSE,TRUE,TRUE
"clause",127,"reverse_equal","C.UTF-8",TRUE,FALSE,TRUE,TRUE
"clause",127,"reflexivity","C.UTF-8",TRUE,TRUE,TRUE,TRUE
"clause",127,"unequal_control","C.UTF-8",FALSE,FALSE,FALSE,FALSE
"clause",128,"forward_equal","C.UTF-8",TRUE,FALSE,TRUE,TRUE
"clause",128,"reverse_equal","C.UTF-8",TRUE,FALSE,TRUE,TRUE
"clause",128,"reflexivity","C.UTF-8",TRUE,TRUE,TRUE,TRUE
"clause",128,"unequal_control","C.UTF-8",FALSE,FALSE,FALSE,FALSE
"clause",129,"forward_equal","C.UTF-8",TRUE,TRUE,TRUE,TRUE
"clause",129,"reverse_equal","C.UTF-8",TRUE,TRUE,TRUE,TRUE
"clause",129,"reflexivity","C.UTF-8",TRUE,TRUE,TRUE,TRUE
"clause",129,"unequal_control","C.UTF-8",FALSE,FALSE,FALSE,FALSE
"clause",130,"forward_equal","C.UTF-8",TRUE,FALSE,TRUE,TRUE
"clause",130,"reverse_equal","C.UTF-8",TRUE,FALSE,TRUE,TRUE
"clause",130,"reflexivity","C.UTF-8",TRUE,TRUE,TRUE,TRUE
"clause",130,"unequal_control","C.UTF-8",FALSE,FALSE,FALSE,FALSE
"clause",131,"forward_equal","C.UTF-8",TRUE,FALSE,TRUE,TRUE
"clause",131,"reverse_equal","C.UTF-8",TRUE,FALSE,TRUE,TRUE
"clause",131,"reflexivity","C.UTF-8",TRUE,TRUE,TRUE,TRUE
"clause",131,"unequal_control","C.UTF-8",FALSE,FALSE,FALSE,FALSE
"clause",132,"forward_equal","C.UTF-8",TRUE,FALSE,TRUE,TRUE
"clause",132,"reverse_equal","C.UTF-8",TRUE,FALSE,TRUE,TRUE
"clause",132,"reflexivity","C.UTF-8",TRUE,TRUE,TRUE,TRUE
"clause",132,"unequal_control","C.UTF-8",FALSE,FALSE,FALSE,FALSE
"clause",133,"forward_equal","C.UTF-8",TRUE,TRUE,TRUE,TRUE
"clause",133,"reverse_equal","C.UTF-8",TRUE,TRUE,TRUE,TRUE
"clause",133,"reflexivity","C.UTF-8",TRUE,TRUE,TRUE,TRUE
"clause",133,"unequal_control","C.UTF-8",FALSE,FALSE,FALSE,FALSE
"clause",134,"forward_equal","C.UTF-8",TRUE,FALSE,TRUE,TRUE
"clause",134,"reverse_equal","C.UTF-8",TRUE,FALSE,TRUE,TRUE
"clause",134,"reflexivity","C.UTF-8",TRUE,TRUE,TRUE,TRUE
"clause",134,"unequal_control","C.UTF-8",FALSE,FALSE,FALSE,FALSE
"clause",135,"forward_equal","C.UTF-8",TRUE,TRUE,TRUE,TRUE
"clause",135,"reverse_equal","C.UTF-8",TRUE,TRUE,TRUE,TRUE
"clause",135,"reflexivity","C.UTF-8",TRUE,TRUE,TRUE,TRUE
"clause",135,"unequal_control","C.UTF-8",FALSE,FALSE,FALSE,FALSE
"clause",136,"forward_equal","C.UTF-8",TRUE,FALSE,TRUE,TRUE
"clause",136,"reverse_equal","C.UTF-8",TRUE,FALSE,TRUE,TRUE
"clause",136,"reflexivity","C.UTF-8",TRUE,TRUE,TRUE,TRUE
"clause",136,"unequal_control","C.UTF-8",FALSE,FALSE,FALSE,FALSE
"clause",137,"forward_equal","C.UTF-8",TRUE,FALSE,TRUE,TRUE
"clause",137,"reverse_equal","C.UTF-8",TRUE,FALSE,TRUE,TRUE
"clause",137,"reflexivity","C.UTF-8",TRUE,TRUE,TRUE,TRUE
"clause",137,"unequal_control","C.UTF-8",FALSE,FALSE,FALSE,FALSE
"clause",138,"forward_equal","C.UTF-8",TRUE,FALSE,TRUE,TRUE
"clause",138,"reverse_equal","C.UTF-8",TRUE,FALSE,TRUE,TRUE
"clause",138,"reflexivity","C.UTF-8",TRUE,TRUE,TRUE,TRUE
"clause",138,"unequal_control","C.UTF-8",FALSE,FALSE,FALSE,FALSE
"clause",139,"forward_equal","C.UTF-8",TRUE,FALSE,TRUE,TRUE
"clause",139,"reverse_equal","C.UTF-8",TRUE,FALSE,TRUE,TRUE
"clause",139,"reflexivity","C.UTF-8",TRUE,TRUE,TRUE,TRUE
"clause",139,"unequal_control","C.UTF-8",FALSE,FALSE,FALSE,FALSE
"clause",140,"forward_equal","C.UTF-8",TRUE,FALSE,TRUE,TRUE
"clause",140,"reverse_equal","C.UTF-8",TRUE,FALSE,TRUE,TRUE
"clause",140,"reflexivity","C.UTF-8",TRUE,TRUE,TRUE,TRUE
"clause",140,"unequal_control","C.UTF-8",FALSE,FALSE,FALSE,FALSE
"clause",141,"forward_equal","C.UTF-8",TRUE,TRUE,TRUE,TRUE
"clause",141,"reverse_equal","C.UTF-8",TRUE,TRUE,TRUE,TRUE
"clause",141,"reflexivity","C.UTF-8",TRUE,TRUE,TRUE,TRUE
"clause",141,"unequal_control","C.UTF-8",FALSE,FALSE,FALSE,FALSE
"clause",142,"forward_equal","C.UTF-8",TRUE,FALSE,TRUE,TRUE
"clause",142,"reverse_equal","C.UTF-8",TRUE,FALSE,TRUE,TRUE
"clause",142,"reflexivity","C.UTF-8",TRUE,TRUE,TRUE,TRUE
"clause",142,"unequal_control","C.UTF-8",FALSE,FALSE,FALSE,FALSE
"clause",143,"forward_equal","C.UTF-8",TRUE,FALSE,TRUE,TRUE
"clause",143,"reverse_equal","C.UTF-8",TRUE,FALSE,TRUE,TRUE
"clause",143,"reflexivity","C.UTF-8",TRUE,TRUE,TRUE,TRUE
"clause",143,"unequal_control","C.UTF-8",FALSE,FALSE,FALSE,FALSE
"clause",144,"forward_equal","C.UTF-8",TRUE,FALSE,TRUE,TRUE
"clause",144,"reverse_equal","C.UTF-8",TRUE,FALSE,TRUE,TRUE
"clause",144,"reflexivity","C.UTF-8",TRUE,TRUE,TRUE,TRUE
"clause",144,"unequal_control","C.UTF-8",FALSE,FALSE,FALSE,FALSE
"clause",145,"forward_equal","C.UTF-8",TRUE,TRUE,TRUE,TRUE
"clause",145,"reverse_equal","C.UTF-8",TRUE,TRUE,TRUE,TRUE
"clause",145,"reflexivity","C.UTF-8",TRUE,TRUE,TRUE,TRUE
"clause",145,"unequal_control","C.UTF-8",FALSE,FALSE,FALSE,FALSE
"clause",146,"forward_equal","C.UTF-8",TRUE,FALSE,TRUE,TRUE
"clause",146,"reverse_equal","C.UTF-8",TRUE,FALSE,TRUE,TRUE
"clause",146,"reflexivity","C.UTF-8",TRUE,TRUE,TRUE,TRUE
"clause",146,"unequal_control","C.UTF-8",FALSE,FALSE,FALSE,FALSE
"clause",147,"forward_equal","C.UTF-8",TRUE,TRUE,TRUE,TRUE
"clause",147,"reverse_equal","C.UTF-8",TRUE,TRUE,TRUE,TRUE
"clause",147,"reflexivity","C.UTF-8",TRUE,TRUE,TRUE,TRUE
"clause",147,"unequal_control","C.UTF-8",FALSE,FALSE,FALSE,FALSE
"clause",148,"forward_equal","C.UTF-8",TRUE,FALSE,TRUE,TRUE
"clause",148,"reverse_equal","C.UTF-8",TRUE,FALSE,TRUE,TRUE
"clause",148,"reflexivity","C.UTF-8",TRUE,TRUE,TRUE,TRUE
"clause",148,"unequal_control","C.UTF-8",FALSE,FALSE,FALSE,FALSE
"clause",149,"forward_equal","C.UTF-8",TRUE,FALSE,TRUE,TRUE
"clause",149,"reverse_equal","C.UTF-8",TRUE,FALSE,TRUE,TRUE
"clause",149,"reflexivity","C.UTF-8",TRUE,TRUE,TRUE,TRUE
"clause",149,"unequal_control","C.UTF-8",FALSE,FALSE,FALSE,FALSE
"clause",150,"forward_equal","C.UTF-8",TRUE,FALSE,TRUE,TRUE
"clause",150,"reverse_equal","C.UTF-8",TRUE,FALSE,TRUE,TRUE
"clause",150,"reflexivity","C.UTF-8",TRUE,TRUE,TRUE,TRUE
"clause",150,"unequal_control","C.UTF-8",FALSE,FALSE,FALSE,FALSE
"clause",151,"forward_equal","C.UTF-8",TRUE,FALSE,TRUE,TRUE
"clause",151,"reverse_equal","C.UTF-8",TRUE,FALSE,TRUE,TRUE
"clause",151,"reflexivity","C.UTF-8",TRUE,TRUE,TRUE,TRUE
"clause",151,"unequal_control","C.UTF-8",FALSE,FALSE,FALSE,FALSE
"clause",152,"forward_equal","C.UTF-8",TRUE,FALSE,TRUE,TRUE
"clause",152,"reverse_equal","C.UTF-8",TRUE,FALSE,TRUE,TRUE
"clause",152,"reflexivity","C.UTF-8",TRUE,TRUE,TRUE,TRUE
"clause",152,"unequal_control","C.UTF-8",FALSE,FALSE,FALSE,FALSE
"clause",153,"forward_equal","C.UTF-8",TRUE,TRUE,TRUE,TRUE
"clause",153,"reverse_equal","C.UTF-8",TRUE,TRUE,TRUE,TRUE
"clause",153,"reflexivity","C.UTF-8",TRUE,TRUE,TRUE,TRUE
"clause",153,"unequal_control","C.UTF-8",FALSE,FALSE,FALSE,FALSE
"clause",154,"forward_equal","C.UTF-8",TRUE,FALSE,TRUE,TRUE
"clause",154,"reverse_equal","C.UTF-8",TRUE,FALSE,TRUE,TRUE
"clause",154,"reflexivity","C.UTF-8",TRUE,TRUE,TRUE,TRUE
"clause",154,"unequal_control","C.UTF-8",FALSE,FALSE,FALSE,FALSE
"clause",155,"forward_equal","C.UTF-8",TRUE,FALSE,TRUE,TRUE
"clause",155,"reverse_equal","C.UTF-8",TRUE,FALSE,TRUE,TRUE
"clause",155,"reflexivity","C.UTF-8",TRUE,TRUE,TRUE,TRUE
"clause",155,"unequal_control","C.UTF-8",FALSE,FALSE,FALSE,FALSE
"clause",156,"forward_equal","C.UTF-8",TRUE,FALSE,TRUE,TRUE
"clause",156,"reverse_equal","C.UTF-8",TRUE,FALSE,TRUE,TRUE
"clause",156,"reflexivity","C.UTF-8",TRUE,TRUE,TRUE,TRUE
"clause",156,"unequal_control","C.UTF-8",FALSE,FALSE,FALSE,FALSE
"clause",157,"forward_equal","C.UTF-8",TRUE,TRUE,TRUE,TRUE
"clause",157,"reverse_equal","C.UTF-8",TRUE,TRUE,TRUE,TRUE
"clause",157,"reflexivity","C.UTF-8",TRUE,TRUE,TRUE,TRUE
"clause",157,"unequal_control","C.UTF-8",FALSE,FALSE,FALSE,FALSE
"clause",158,"forward_equal","C.UTF-8",TRUE,FALSE,TRUE,TRUE
"clause",158,"reverse_equal","C.UTF-8",TRUE,FALSE,TRUE,TRUE
"clause",158,"reflexivity","C.UTF-8",TRUE,TRUE,TRUE,TRUE
"clause",158,"unequal_control","C.UTF-8",FALSE,FALSE,FALSE,FALSE
"clause",159,"forward_equal","C.UTF-8",TRUE,TRUE,TRUE,TRUE
"clause",159,"reverse_equal","C.UTF-8",TRUE,TRUE,TRUE,TRUE
"clause",159,"reflexivity","C.UTF-8",TRUE,TRUE,TRUE,TRUE
"clause",159,"unequal_control","C.UTF-8",FALSE,FALSE,FALSE,FALSE
"clause",160,"forward_equal","C.UTF-8",TRUE,FALSE,TRUE,TRUE
"clause",160,"reverse_equal","C.UTF-8",TRUE,FALSE,TRUE,TRUE
"clause",160,"reflexivity","C.UTF-8",TRUE,TRUE,TRUE,TRUE
"clause",160,"unequal_control","C.UTF-8",FALSE,FALSE,FALSE,FALSE
"clause",161,"forward_equal","C.UTF-8",TRUE,FALSE,TRUE,TRUE
"clause",161,"reverse_equal","C.UTF-8",TRUE,FALSE,TRUE,TRUE
"clause",161,"reflexivity","C.UTF-8",TRUE,TRUE,TRUE,TRUE
"clause",161,"unequal_control","C.UTF-8",FALSE,FALSE,FALSE,FALSE
"clause",162,"forward_equal","C.UTF-8",TRUE,FALSE,TRUE,TRUE
"clause",162,"reverse_equal","C.UTF-8",TRUE,FALSE,TRUE,TRUE
"clause",162,"reflexivity","C.UTF-8",TRUE,TRUE,TRUE,TRUE
"clause",162,"unequal_control","C.UTF-8",FALSE,FALSE,FALSE,FALSE
"clause",163,"forward_equal","C.UTF-8",TRUE,FALSE,TRUE,TRUE
"clause",163,"reverse_equal","C.UTF-8",TRUE,FALSE,TRUE,TRUE
"clause",163,"reflexivity","C.UTF-8",TRUE,TRUE,TRUE,TRUE
"clause",163,"unequal_control","C.UTF-8",FALSE,FALSE,FALSE,FALSE
"clause",164,"forward_equal","C.UTF-8",TRUE,FALSE,TRUE,TRUE
"clause",164,"reverse_equal","C.UTF-8",TRUE,FALSE,TRUE,TRUE
"clause",164,"reflexivity","C.UTF-8",TRUE,TRUE,TRUE,TRUE
"clause",164,"unequal_control","C.UTF-8",FALSE,FALSE,FALSE,FALSE
"clause",165,"forward_equal","C.UTF-8",TRUE,TRUE,TRUE,TRUE
"clause",165,"reverse_equal","C.UTF-8",TRUE,TRUE,TRUE,TRUE
"clause",165,"reflexivity","C.UTF-8",TRUE,TRUE,TRUE,TRUE
"clause",165,"unequal_control","C.UTF-8",FALSE,FALSE,FALSE,FALSE
"clause",166,"forward_equal","C.UTF-8",TRUE,FALSE,TRUE,TRUE
"clause",166,"reverse_equal","C.UTF-8",TRUE,FALSE,TRUE,TRUE
"clause",166,"reflexivity","C.UTF-8",TRUE,TRUE,TRUE,TRUE
"clause",166,"unequal_control","C.UTF-8",FALSE,FALSE,FALSE,FALSE
"clause",167,"forward_equal","C.UTF-8",TRUE,FALSE,TRUE,TRUE
"clause",167,"reverse_equal","C.UTF-8",TRUE,FALSE,TRUE,TRUE
"clause",167,"reflexivity","C.UTF-8",TRUE,TRUE,TRUE,TRUE
"clause",167,"unequal_control","C.UTF-8",FALSE,FALSE,FALSE,FALSE
"clause",168,"forward_equal","C.UTF-8",TRUE,FALSE,TRUE,TRUE
"clause",168,"reverse_equal","C.UTF-8",TRUE,FALSE,TRUE,TRUE
"clause",168,"reflexivity","C.UTF-8",TRUE,TRUE,TRUE,TRUE
"clause",168,"unequal_control","C.UTF-8",FALSE,FALSE,FALSE,FALSE
"clause",169,"forward_equal","C.UTF-8",TRUE,TRUE,TRUE,TRUE
"clause",169,"reverse_equal","C.UTF-8",TRUE,TRUE,TRUE,TRUE
"clause",169,"reflexivity","C.UTF-8",TRUE,TRUE,TRUE,TRUE
"clause",169,"unequal_control","C.UTF-8",FALSE,FALSE,FALSE,FALSE
"clause",170,"forward_equal","C.UTF-8",TRUE,FALSE,TRUE,TRUE
"clause",170,"reverse_equal","C.UTF-8",TRUE,FALSE,TRUE,TRUE
"clause",170,"reflexivity","C.UTF-8",TRUE,TRUE,TRUE,TRUE
"clause",170,"unequal_control","C.UTF-8",FALSE,FALSE,FALSE,FALSE
"clause",171,"forward_equal","C.UTF-8",TRUE,TRUE,TRUE,TRUE
"clause",171,"reverse_equal","C.UTF-8",TRUE,TRUE,TRUE,TRUE
"clause",171,"reflexivity","C.UTF-8",TRUE,TRUE,TRUE,TRUE
"clause",171,"unequal_control","C.UTF-8",FALSE,FALSE,FALSE,FALSE
"clause",172,"forward_equal","C.UTF-8",TRUE,FALSE,TRUE,TRUE
"clause",172,"reverse_equal","C.UTF-8",TRUE,FALSE,TRUE,TRUE
"clause",172,"reflexivity","C.UTF-8",TRUE,TRUE,TRUE,TRUE
"clause",172,"unequal_control","C.UTF-8",FALSE,FALSE,FALSE,FALSE
"clause",173,"forward_equal","C.UTF-8",TRUE,FALSE,TRUE,TRUE
"clause",173,"reverse_equal","C.UTF-8",TRUE,FALSE,TRUE,TRUE
"clause",173,"reflexivity","C.UTF-8",TRUE,TRUE,TRUE,TRUE
"clause",173,"unequal_control","C.UTF-8",FALSE,FALSE,FALSE,FALSE
"clause",174,"forward_equal","C.UTF-8",TRUE,FALSE,TRUE,TRUE
"clause",174,"reverse_equal","C.UTF-8",TRUE,FALSE,TRUE,TRUE
"clause",174,"reflexivity","C.UTF-8",TRUE,TRUE,TRUE,TRUE
"clause",174,"unequal_control","C.UTF-8",FALSE,FALSE,FALSE,FALSE
"clause",175,"forward_equal","C.UTF-8",TRUE,FALSE,TRUE,TRUE
"clause",175,"reverse_equal","C.UTF-8",TRUE,FALSE,TRUE,TRUE
"clause",175,"reflexivity","C.UTF-8",TRUE,TRUE,TRUE,TRUE
"clause",175,"unequal_control","C.UTF-8",FALSE,FALSE,FALSE,FALSE
"clause",176,"forward_equal","C.UTF-8",TRUE,FALSE,TRUE,TRUE
"clause",176,"reverse_equal","C.UTF-8",TRUE,FALSE,TRUE,TRUE
"clause",176,"reflexivity","C.UTF-8",TRUE,TRUE,TRUE,TRUE
"clause",176,"unequal_control","C.UTF-8",FALSE,FALSE,FALSE,FALSE
"clause",177,"forward_equal","C.UTF-8",TRUE,TRUE,TRUE,TRUE
"clause",177,"reverse_equal","C.UTF-8",TRUE,TRUE,TRUE,TRUE
"clause",177,"reflexivity","C.UTF-8",TRUE,TRUE,TRUE,TRUE
"clause",177,"unequal_control","C.UTF-8",FALSE,FALSE,FALSE,FALSE
"clause",178,"forward_equal","C.UTF-8",TRUE,FALSE,TRUE,TRUE
"clause",178,"reverse_equal","C.UTF-8",TRUE,FALSE,TRUE,TRUE
"clause",178,"reflexivity","C.UTF-8",TRUE,TRUE,TRUE,TRUE
"clause",178,"unequal_control","C.UTF-8",FALSE,FALSE,FALSE,FALSE
"clause",179,"forward_equal","C.UTF-8",TRUE,FALSE,TRUE,TRUE
"clause",179,"reverse_equal","C.UTF-8",TRUE,FALSE,TRUE,TRUE
"clause",179,"reflexivity","C.UTF-8",TRUE,TRUE,TRUE,TRUE
"clause",179,"unequal_control","C.UTF-8",FALSE,FALSE,FALSE,FALSE
"clause",180,"forward_equal","C.UTF-8",TRUE,FALSE,TRUE,TRUE
"clause",180,"reverse_equal","C.UTF-8",TRUE,FALSE,TRUE,TRUE
"clause",180,"reflexivity","C.UTF-8",TRUE,TRUE,TRUE,TRUE
"clause",180,"unequal_control","C.UTF-8",FALSE,FALSE,FALSE,FALSE
"clause",181,"forward_equal","C.UTF-8",TRUE,TRUE,TRUE,TRUE
"clause",181,"reverse_equal","C.UTF-8",TRUE,TRUE,TRUE,TRUE
"clause",181,"reflexivity","C.UTF-8",TRUE,TRUE,TRUE,TRUE
"clause",181,"unequal_control","C.UTF-8",FALSE,FALSE,FALSE,FALSE
"clause",182,"forward_equal","C.UTF-8",TRUE,FALSE,TRUE,TRUE
"clause",182,"reverse_equal","C.UTF-8",TRUE,FALSE,TRUE,TRUE
"clause",182,"reflexivity","C.UTF-8",TRUE,TRUE,TRUE,TRUE
"clause",182,"unequal_control","C.UTF-8",FALSE,FALSE,FALSE,FALSE
"clause",183,"forward_equal","C.UTF-8",TRUE,TRUE,TRUE,TRUE
"clause",183,"reverse_equal","C.UTF-8",TRUE,TRUE,TRUE,TRUE
"clause",183,"reflexivity","C.UTF-8",TRUE,TRUE,TRUE,TRUE
"clause",183,"unequal_control","C.UTF-8",FALSE,FALSE,FALSE,FALSE
"clause",184,"forward_equal","C.UTF-8",TRUE,FALSE,TRUE,TRUE
"clause",184,"reverse_equal","C.UTF-8",TRUE,FALSE,TRUE,TRUE
"clause",184,"reflexivity","C.UTF-8",TRUE,TRUE,TRUE,TRUE
"clause",184,"unequal_control","C.UTF-8",FALSE,FALSE,FALSE,FALSE
"clause",185,"forward_equal","C.UTF-8",TRUE,FALSE,TRUE,TRUE
"clause",185,"reverse_equal","C.UTF-8",TRUE,FALSE,TRUE,TRUE
"clause",185,"reflexivity","C.UTF-8",TRUE,TRUE,TRUE,TRUE
"clause",185,"unequal_control","C.UTF-8",FALSE,FALSE,FALSE,FALSE
"clause",186,"forward_equal","C.UTF-8",TRUE,FALSE,TRUE,TRUE
"clause",186,"reverse_equal","C.UTF-8",TRUE,FALSE,TRUE,TRUE
"clause",186,"reflexivity","C.UTF-8",TRUE,TRUE,TRUE,TRUE
"clause",186,"unequal_control","C.UTF-8",FALSE,FALSE,FALSE,FALSE
"clause",187,"forward_equal","C.UTF-8",TRUE,FALSE,TRUE,TRUE
"clause",187,"reverse_equal","C.UTF-8",TRUE,FALSE,TRUE,TRUE
"clause",187,"reflexivity","C.UTF-8",TRUE,TRUE,TRUE,TRUE
"clause",187,"unequal_control","C.UTF-8",FALSE,FALSE,FALSE,FALSE
"clause",188,"forward_equal","C.UTF-8",TRUE,FALSE,TRUE,TRUE
"clause",188,"reverse_equal","C.UTF-8",TRUE,FALSE,TRUE,TRUE
"clause",188,"reflexivity","C.UTF-8",TRUE,TRUE,TRUE,TRUE
"clause",188,"unequal_control","C.UTF-8",FALSE,FALSE,FALSE,FALSE
"clause",189,"forward_equal","C.UTF-8",TRUE,TRUE,TRUE,TRUE
"clause",189,"reverse_equal","C.UTF-8",TRUE,TRUE,TRUE,TRUE
"clause",189,"reflexivity","C.UTF-8",TRUE,TRUE,TRUE,TRUE
"clause",189,"unequal_control","C.UTF-8",FALSE,FALSE,FALSE,FALSE
"clause",190,"forward_equal","C.UTF-8",TRUE,FALSE,TRUE,TRUE
"clause",190,"reverse_equal","C.UTF-8",TRUE,FALSE,TRUE,TRUE
"clause",190,"reflexivity","C.UTF-8",TRUE,TRUE,TRUE,TRUE
"clause",190,"unequal_control","C.UTF-8",FALSE,FALSE,FALSE,FALSE
"clause",191,"forward_equal","C.UTF-8",TRUE,FALSE,TRUE,TRUE
"clause",191,"reverse_equal","C.UTF-8",TRUE,FALSE,TRUE,TRUE
"clause",191,"reflexivity","C.UTF-8",TRUE,TRUE,TRUE,TRUE
"clause",191,"unequal_control","C.UTF-8",FALSE,FALSE,FALSE,FALSE
"clause",192,"forward_equal","C.UTF-8",TRUE,FALSE,TRUE,TRUE
"clause",192,"reverse_equal","C.UTF-8",TRUE,FALSE,TRUE,TRUE
"clause",192,"reflexivity","C.UTF-8",TRUE,TRUE,TRUE,TRUE
"clause",192,"unequal_control","C.UTF-8",FALSE,FALSE,FALSE,FALSE
"clause",193,"forward_equal","C.UTF-8",TRUE,TRUE,TRUE,TRUE
"clause",193,"reverse_equal","C.UTF-8",TRUE,TRUE,TRUE,TRUE
"clause",193,"reflexivity","C.UTF-8",TRUE,TRUE,TRUE,TRUE
"clause",193,"unequal_control","C.UTF-8",FALSE,FALSE,FALSE,FALSE
"clause",194,"forward_equal","C.UTF-8",TRUE,FALSE,TRUE,TRUE
"clause",194,"reverse_equal","C.UTF-8",TRUE,FALSE,TRUE,TRUE
"clause",194,"reflexivity","C.UTF-8",TRUE,TRUE,TRUE,TRUE
"clause",194,"unequal_control","C.UTF-8",FALSE,FALSE,FALSE,FALSE
"clause",195,"forward_equal","C.UTF-8",TRUE,TRUE,TRUE,TRUE
"clause",195,"reverse_equal","C.UTF-8",TRUE,TRUE,TRUE,TRUE
"clause",195,"reflexivity","C.UTF-8",TRUE,TRUE,TRUE,TRUE
"clause",195,"unequal_control","C.UTF-8",FALSE,FALSE,FALSE,FALSE
"clause",196,"forward_equal","C.UTF-8",TRUE,FALSE,TRUE,TRUE
"clause",196,"reverse_equal","C.UTF-8",TRUE,FALSE,TRUE,TRUE
"clause",196,"reflexivity","C.UTF-8",TRUE,TRUE,TRUE,TRUE
"clause",196,"unequal_control","C.UTF-8",FALSE,FALSE,FALSE,FALSE
"clause",197,"forward_equal","C.UTF-8",TRUE,FALSE,TRUE,TRUE
"clause",197,"reverse_equal","C.UTF-8",TRUE,FALSE,TRUE,TRUE
"clause",197,"reflexivity","C.UTF-8",TRUE,TRUE,TRUE,TRUE
"clause",197,"unequal_control","C.UTF-8",FALSE,FALSE,FALSE,FALSE
"clause",198,"forward_equal","C.UTF-8",TRUE,FALSE,TRUE,TRUE
"clause",198,"reverse_equal","C.UTF-8",TRUE,FALSE,TRUE,TRUE
"clause",198,"reflexivity","C.UTF-8",TRUE,TRUE,TRUE,TRUE
"clause",198,"unequal_control","C.UTF-8",FALSE,FALSE,FALSE,FALSE
"clause",199,"forward_equal","C.UTF-8",TRUE,FALSE,TRUE,TRUE
"clause",199,"reverse_equal","C.UTF-8",TRUE,FALSE,TRUE,TRUE
"clause",199,"reflexivity","C.UTF-8",TRUE,TRUE,TRUE,TRUE
"clause",199,"unequal_control","C.UTF-8",FALSE,FALSE,FALSE,FALSE
"clause",200,"forward_equal","C.UTF-8",TRUE,FALSE,TRUE,TRUE
"clause",200,"reverse_equal","C.UTF-8",TRUE,FALSE,TRUE,TRUE
"clause",200,"reflexivity","C.UTF-8",TRUE,TRUE,TRUE,TRUE
"clause",200,"unequal_control","C.UTF-8",FALSE,FALSE,FALSE,FALSE
"clause",201,"forward_equal","C.UTF-8",TRUE,TRUE,TRUE,TRUE
"clause",201,"reverse_equal","C.UTF-8",TRUE,TRUE,TRUE,TRUE
"clause",201,"reflexivity","C.UTF-8",TRUE,TRUE,TRUE,TRUE
"clause",201,"unequal_control","C.UTF-8",FALSE,FALSE,FALSE,FALSE
"clause",202,"forward_equal","C.UTF-8",TRUE,FALSE,TRUE,TRUE
"clause",202,"reverse_equal","C.UTF-8",TRUE,FALSE,TRUE,TRUE
"clause",202,"reflexivity","C.UTF-8",TRUE,TRUE,TRUE,TRUE
"clause",202,"unequal_control","C.UTF-8",FALSE,FALSE,FALSE,FALSE
"clause",203,"forward_equal","C.UTF-8",TRUE,FALSE,TRUE,TRUE
"clause",203,"reverse_equal","C.UTF-8",TRUE,FALSE,TRUE,TRUE
"clause",203,"reflexivity","C.UTF-8",TRUE,TRUE,TRUE,TRUE
"clause",203,"unequal_control","C.UTF-8",FALSE,FALSE,FALSE,FALSE
"clause",204,"forward_equal","C.UTF-8",TRUE,FALSE,TRUE,TRUE
"clause",204,"reverse_equal","C.UTF-8",TRUE,FALSE,TRUE,TRUE
"clause",204,"reflexivity","C.UTF-8",TRUE,TRUE,TRUE,TRUE
"clause",204,"unequal_control","C.UTF-8",FALSE,FALSE,FALSE,FALSE
"clause",205,"forward_equal","C.UTF-8",TRUE,TRUE,TRUE,TRUE
"clause",205,"reverse_equal","C.UTF-8",TRUE,TRUE,TRUE,TRUE
"clause",205,"reflexivity","C.UTF-8",TRUE,TRUE,TRUE,TRUE
"clause",205,"unequal_control","C.UTF-8",FALSE,FALSE,FALSE,FALSE
"clause",206,"forward_equal","C.UTF-8",TRUE,FALSE,TRUE,TRUE
"clause",206,"reverse_equal","C.UTF-8",TRUE,FALSE,TRUE,TRUE
"clause",206,"reflexivity","C.UTF-8",TRUE,TRUE,TRUE,TRUE
"clause",206,"unequal_control","C.UTF-8",FALSE,FALSE,FALSE,FALSE
"clause",207,"forward_equal","C.UTF-8",TRUE,TRUE,TRUE,TRUE
"clause",207,"reverse_equal","C.UTF-8",TRUE,TRUE,TRUE,TRUE
"clause",207,"reflexivity","C.UTF-8",TRUE,TRUE,TRUE,TRUE
"clause",207,"unequal_control","C.UTF-8",FALSE,FALSE,FALSE,FALSE
"clause",208,"forward_equal","C.UTF-8",TRUE,FALSE,TRUE,TRUE
"clause",208,"reverse_equal","C.UTF-8",TRUE,FALSE,TRUE,TRUE
"clause",208,"reflexivity","C.UTF-8",TRUE,TRUE,TRUE,TRUE
"clause",208,"unequal_control","C.UTF-8",FALSE,FALSE,FALSE,FALSE
"clause",209,"forward_equal","C.UTF-8",TRUE,FALSE,TRUE,TRUE
"clause",209,"reverse_equal","C.UTF-8",TRUE,FALSE,TRUE,TRUE
"clause",209,"reflexivity","C.UTF-8",TRUE,TRUE,TRUE,TRUE
"clause",209,"unequal_control","C.UTF-8",FALSE,FALSE,FALSE,FALSE
"clause",210,"forward_equal","C.UTF-8",TRUE,FALSE,TRUE,TRUE
"clause",210,"reverse_equal","C.UTF-8",TRUE,FALSE,TRUE,TRUE
"clause",210,"reflexivity","C.UTF-8",TRUE,TRUE,TRUE,TRUE
"clause",210,"unequal_control","C.UTF-8",FALSE,FALSE,FALSE,FALSE
"clause",211,"forward_equal","C.UTF-8",TRUE,FALSE,TRUE,TRUE
"clause",211,"reverse_equal","C.UTF-8",TRUE,FALSE,TRUE,TRUE
"clause",211,"reflexivity","C.UTF-8",TRUE,TRUE,TRUE,TRUE
"clause",211,"unequal_control","C.UTF-8",FALSE,FALSE,FALSE,FALSE
"clause",212,"forward_equal","C.UTF-8",TRUE,FALSE,TRUE,TRUE
"clause",212,"reverse_equal","C.UTF-8",TRUE,FALSE,TRUE,TRUE
"clause",212,"reflexivity","C.UTF-8",TRUE,TRUE,TRUE,TRUE
"clause",212,"unequal_control","C.UTF-8",FALSE,FALSE,FALSE,FALSE
"clause",213,"forward_equal","C.UTF-8",TRUE,TRUE,TRUE,TRUE
"clause",213,"reverse_equal","C.UTF-8",TRUE,TRUE,TRUE,TRUE
"clause",213,"reflexivity","C.UTF-8",TRUE,TRUE,TRUE,TRUE
"clause",213,"unequal_control","C.UTF-8",FALSE,FALSE,FALSE,FALSE
"clause",214,"forward_equal","C.UTF-8",TRUE,FALSE,TRUE,TRUE
"clause",214,"reverse_equal","C.UTF-8",TRUE,FALSE,TRUE,TRUE
"clause",214,"reflexivity","C.UTF-8",TRUE,TRUE,TRUE,TRUE
"clause",214,"unequal_control","C.UTF-8",FALSE,FALSE,FALSE,FALSE
"clause",215,"forward_equal","C.UTF-8",TRUE,FALSE,TRUE,TRUE
"clause",215,"reverse_equal","C.UTF-8",TRUE,FALSE,TRUE,TRUE
"clause",215,"reflexivity","C.UTF-8",TRUE,TRUE,TRUE,TRUE
"clause",215,"unequal_control","C.UTF-8",FALSE,FALSE,FALSE,FALSE
"clause",216,"forward_equal","C.UTF-8",TRUE,FALSE,TRUE,TRUE
"clause",216,"reverse_equal","C.UTF-8",TRUE,FALSE,TRUE,TRUE
"clause",216,"reflexivity","C.UTF-8",TRUE,TRUE,TRUE,TRUE
"clause",216,"unequal_control","C.UTF-8",FALSE,FALSE,FALSE,FALSE
"formula",1,"forward_equal","C.UTF-8",TRUE,FALSE,TRUE,TRUE
"formula",1,"reverse_equal","C.UTF-8",TRUE,FALSE,TRUE,TRUE
"formula",1,"reflexivity","C.UTF-8",TRUE,TRUE,TRUE,TRUE
"formula",1,"unequal_control","C.UTF-8",FALSE,FALSE,FALSE,FALSE
"formula",2,"forward_equal","C.UTF-8",TRUE,FALSE,TRUE,TRUE
"formula",2,"reverse_equal","C.UTF-8",TRUE,FALSE,TRUE,TRUE
"formula",2,"reflexivity","C.UTF-8",TRUE,TRUE,TRUE,TRUE
"formula",2,"unequal_control","C.UTF-8",FALSE,FALSE,FALSE,FALSE
"formula",3,"forward_equal","C.UTF-8",TRUE,FALSE,TRUE,TRUE
"formula",3,"reverse_equal","C.UTF-8",TRUE,FALSE,TRUE,TRUE
"formula",3,"reflexivity","C.UTF-8",TRUE,TRUE,TRUE,TRUE
"formula",3,"unequal_control","C.UTF-8",FALSE,FALSE,FALSE,FALSE
"formula",4,"forward_equal","C.UTF-8",TRUE,FALSE,TRUE,TRUE
"formula",4,"reverse_equal","C.UTF-8",TRUE,FALSE,TRUE,TRUE
"formula",4,"reflexivity","C.UTF-8",TRUE,TRUE,TRUE,TRUE
"formula",4,"unequal_control","C.UTF-8",FALSE,FALSE,FALSE,FALSE
"formula",5,"forward_equal","C.UTF-8",TRUE,FALSE,TRUE,TRUE
"formula",5,"reverse_equal","C.UTF-8",TRUE,FALSE,TRUE,TRUE
"formula",5,"reflexivity","C.UTF-8",TRUE,TRUE,TRUE,TRUE
"formula",5,"unequal_control","C.UTF-8",FALSE,FALSE,FALSE,FALSE
"formula",6,"forward_equal","C.UTF-8",TRUE,FALSE,TRUE,TRUE
"formula",6,"reverse_equal","C.UTF-8",TRUE,FALSE,TRUE,TRUE
"formula",6,"reflexivity","C.UTF-8",TRUE,TRUE,TRUE,TRUE
"formula",6,"unequal_control","C.UTF-8",FALSE,FALSE,FALSE,FALSE
"formula",7,"forward_equal","C.UTF-8",TRUE,FALSE,TRUE,TRUE
"formula",7,"reverse_equal","C.UTF-8",TRUE,FALSE,TRUE,TRUE
"formula",7,"reflexivity","C.UTF-8",TRUE,TRUE,TRUE,TRUE
"formula",7,"unequal_control","C.UTF-8",FALSE,FALSE,FALSE,FALSE
"formula",8,"forward_equal","C.UTF-8",TRUE,FALSE,TRUE,TRUE
"formula",8,"reverse_equal","C.UTF-8",TRUE,FALSE,TRUE,TRUE
"formula",8,"reflexivity","C.UTF-8",TRUE,TRUE,TRUE,TRUE
"formula",8,"unequal_control","C.UTF-8",FALSE,FALSE,FALSE,FALSE
"formula",9,"forward_equal","C.UTF-8",TRUE,FALSE,TRUE,TRUE
"formula",9,"reverse_equal","C.UTF-8",TRUE,FALSE,TRUE,TRUE
"formula",9,"reflexivity","C.UTF-8",TRUE,TRUE,TRUE,TRUE
"formula",9,"unequal_control","C.UTF-8",FALSE,FALSE,FALSE,FALSE
"formula",10,"forward_equal","C.UTF-8",TRUE,FALSE,TRUE,TRUE
"formula",10,"reverse_equal","C.UTF-8",TRUE,FALSE,TRUE,TRUE
"formula",10,"reflexivity","C.UTF-8",TRUE,TRUE,TRUE,TRUE
"formula",10,"unequal_control","C.UTF-8",FALSE,FALSE,FALSE,FALSE
"formula",11,"forward_equal","C.UTF-8",TRUE,FALSE,TRUE,TRUE
"formula",11,"reverse_equal","C.UTF-8",TRUE,FALSE,TRUE,TRUE
"formula",11,"reflexivity","C.UTF-8",TRUE,TRUE,TRUE,TRUE
"formula",11,"unequal_control","C.UTF-8",FALSE,FALSE,FALSE,FALSE
"formula",12,"forward_equal","C.UTF-8",TRUE,FALSE,TRUE,TRUE
"formula",12,"reverse_equal","C.UTF-8",TRUE,FALSE,TRUE,TRUE
"formula",12,"reflexivity","C.UTF-8",TRUE,TRUE,TRUE,TRUE
"formula",12,"unequal_control","C.UTF-8",FALSE,FALSE,FALSE,FALSE
"formula",13,"forward_equal","C.UTF-8",TRUE,FALSE,TRUE,TRUE
"formula",13,"reverse_equal","C.UTF-8",TRUE,FALSE,TRUE,TRUE
"formula",13,"reflexivity","C.UTF-8",TRUE,TRUE,TRUE,TRUE
"formula",13,"unequal_control","C.UTF-8",FALSE,FALSE,FALSE,FALSE
"formula",14,"forward_equal","C.UTF-8",TRUE,FALSE,TRUE,TRUE
"formula",14,"reverse_equal","C.UTF-8",TRUE,FALSE,TRUE,TRUE
"formula",14,"reflexivity","C.UTF-8",TRUE,TRUE,TRUE,TRUE
"formula",14,"unequal_control","C.UTF-8",FALSE,FALSE,FALSE,FALSE
"formula",15,"forward_equal","C.UTF-8",TRUE,FALSE,TRUE,TRUE
"formula",15,"reverse_equal","C.UTF-8",TRUE,FALSE,TRUE,TRUE
"formula",15,"reflexivity","C.UTF-8",TRUE,TRUE,TRUE,TRUE
"formula",15,"unequal_control","C.UTF-8",FALSE,FALSE,FALSE,FALSE
"formula",16,"forward_equal","C.UTF-8",TRUE,FALSE,TRUE,TRUE
"formula",16,"reverse_equal","C.UTF-8",TRUE,FALSE,TRUE,TRUE
"formula",16,"reflexivity","C.UTF-8",TRUE,TRUE,TRUE,TRUE
"formula",16,"unequal_control","C.UTF-8",FALSE,FALSE,FALSE,FALSE
"formula",17,"forward_equal","C.UTF-8",TRUE,FALSE,TRUE,TRUE
"formula",17,"reverse_equal","C.UTF-8",TRUE,FALSE,TRUE,TRUE
"formula",17,"reflexivity","C.UTF-8",TRUE,TRUE,TRUE,TRUE
"formula",17,"unequal_control","C.UTF-8",FALSE,FALSE,FALSE,FALSE
"formula",18,"forward_equal","C.UTF-8",TRUE,FALSE,TRUE,TRUE
"formula",18,"reverse_equal","C.UTF-8",TRUE,FALSE,TRUE,TRUE
"formula",18,"reflexivity","C.UTF-8",TRUE,TRUE,TRUE,TRUE
"formula",18,"unequal_control","C.UTF-8",FALSE,FALSE,FALSE,FALSE
"formula",19,"forward_equal","C.UTF-8",TRUE,FALSE,TRUE,TRUE
"formula",19,"reverse_equal","C.UTF-8",TRUE,FALSE,TRUE,TRUE
"formula",19,"reflexivity","C.UTF-8",TRUE,TRUE,TRUE,TRUE
"formula",19,"unequal_control","C.UTF-8",FALSE,FALSE,FALSE,FALSE
"formula",20,"forward_equal","C.UTF-8",TRUE,FALSE,TRUE,TRUE
"formula",20,"reverse_equal","C.UTF-8",TRUE,FALSE,TRUE,TRUE
"formula",20,"reflexivity","C.UTF-8",TRUE,TRUE,TRUE,TRUE
"formula",20,"unequal_control","C.UTF-8",FALSE,FALSE,FALSE,FALSE
"formula",21,"forward_equal","C.UTF-8",TRUE,FALSE,TRUE,TRUE
"formula",21,"reverse_equal","C.UTF-8",TRUE,FALSE,TRUE,TRUE
"formula",21,"reflexivity","C.UTF-8",TRUE,TRUE,TRUE,TRUE
"formula",21,"unequal_control","C.UTF-8",FALSE,FALSE,FALSE,FALSE
"formula",22,"forward_equal","C.UTF-8",TRUE,FALSE,TRUE,TRUE
"formula",22,"reverse_equal","C.UTF-8",TRUE,FALSE,TRUE,TRUE
"formula",22,"reflexivity","C.UTF-8",TRUE,TRUE,TRUE,TRUE
"formula",22,"unequal_control","C.UTF-8",FALSE,FALSE,FALSE,FALSE
"formula",23,"forward_equal","C.UTF-8",TRUE,FALSE,TRUE,TRUE
"formula",23,"reverse_equal","C.UTF-8",TRUE,FALSE,TRUE,TRUE
"formula",23,"reflexivity","C.UTF-8",TRUE,TRUE,TRUE,TRUE
"formula",23,"unequal_control","C.UTF-8",FALSE,FALSE,FALSE,FALSE
"formula",24,"forward_equal","C.UTF-8",TRUE,FALSE,TRUE,TRUE
"formula",24,"reverse_equal","C.UTF-8",TRUE,FALSE,TRUE,TRUE
"formula",24,"reflexivity","C.UTF-8",TRUE,TRUE,TRUE,TRUE
"formula",24,"unequal_control","C.UTF-8",FALSE,FALSE,FALSE,FALSE
"formula",25,"forward_equal","C.UTF-8",TRUE,FALSE,TRUE,TRUE
"formula",25,"reverse_equal","C.UTF-8",TRUE,FALSE,TRUE,TRUE
"formula",25,"reflexivity","C.UTF-8",TRUE,TRUE,TRUE,TRUE
"formula",25,"unequal_control","C.UTF-8",FALSE,FALSE,FALSE,FALSE
"formula",26,"forward_equal","C.UTF-8",TRUE,FALSE,TRUE,TRUE
"formula",26,"reverse_equal","C.UTF-8",TRUE,FALSE,TRUE,TRUE
"formula",26,"reflexivity","C.UTF-8",TRUE,TRUE,TRUE,TRUE
"formula",26,"unequal_control","C.UTF-8",FALSE,FALSE,FALSE,FALSE
"formula",27,"forward_equal","C.UTF-8",TRUE,FALSE,TRUE,TRUE
"formula",27,"reverse_equal","C.UTF-8",TRUE,FALSE,TRUE,TRUE
"formula",27,"reflexivity","C.UTF-8",TRUE,TRUE,TRUE,TRUE
"formula",27,"unequal_control","C.UTF-8",FALSE,FALSE,FALSE,FALSE
"formula",28,"forward_equal","C.UTF-8",TRUE,FALSE,TRUE,TRUE
"formula",28,"reverse_equal","C.UTF-8",TRUE,FALSE,TRUE,TRUE
"formula",28,"reflexivity","C.UTF-8",TRUE,TRUE,TRUE,TRUE
"formula",28,"unequal_control","C.UTF-8",FALSE,FALSE,FALSE,FALSE
"formula",29,"forward_equal","C.UTF-8",TRUE,FALSE,TRUE,TRUE
"formula",29,"reverse_equal","C.UTF-8",TRUE,FALSE,TRUE,TRUE
"formula",29,"reflexivity","C.UTF-8",TRUE,TRUE,TRUE,TRUE
"formula",29,"unequal_control","C.UTF-8",FALSE,FALSE,FALSE,FALSE
"formula",30,"forward_equal","C.UTF-8",TRUE,FALSE,TRUE,TRUE
"formula",30,"reverse_equal","C.UTF-8",TRUE,FALSE,TRUE,TRUE
"formula",30,"reflexivity","C.UTF-8",TRUE,TRUE,TRUE,TRUE
"formula",30,"unequal_control","C.UTF-8",FALSE,FALSE,FALSE,FALSE
"formula",31,"forward_equal","C.UTF-8",TRUE,FALSE,TRUE,TRUE
"formula",31,"reverse_equal","C.UTF-8",TRUE,FALSE,TRUE,TRUE
"formula",31,"reflexivity","C.UTF-8",TRUE,TRUE,TRUE,TRUE
"formula",31,"unequal_control","C.UTF-8",FALSE,FALSE,FALSE,FALSE
"formula",32,"forward_equal","C.UTF-8",TRUE,FALSE,TRUE,TRUE
"formula",32,"reverse_equal","C.UTF-8",TRUE,FALSE,TRUE,TRUE
"formula",32,"reflexivity","C.UTF-8",TRUE,TRUE,TRUE,TRUE
"formula",32,"unequal_control","C.UTF-8",FALSE,FALSE,FALSE,FALSE
"formula",33,"forward_equal","C.UTF-8",TRUE,FALSE,TRUE,TRUE
"formula",33,"reverse_equal","C.UTF-8",TRUE,FALSE,TRUE,TRUE
"formula",33,"reflexivity","C.UTF-8",TRUE,TRUE,TRUE,TRUE
"formula",33,"unequal_control","C.UTF-8",FALSE,FALSE,FALSE,FALSE
"formula",34,"forward_equal","C.UTF-8",TRUE,FALSE,TRUE,TRUE
"formula",34,"reverse_equal","C.UTF-8",TRUE,FALSE,TRUE,TRUE
"formula",34,"reflexivity","C.UTF-8",TRUE,TRUE,TRUE,TRUE
"formula",34,"unequal_control","C.UTF-8",FALSE,FALSE,FALSE,FALSE
"formula",35,"forward_equal","C.UTF-8",TRUE,FALSE,TRUE,TRUE
"formula",35,"reverse_equal","C.UTF-8",TRUE,FALSE,TRUE,TRUE
"formula",35,"reflexivity","C.UTF-8",TRUE,TRUE,TRUE,TRUE
"formula",35,"unequal_control","C.UTF-8",FALSE,FALSE,FALSE,FALSE
"formula",36,"forward_equal","C.UTF-8",TRUE,FALSE,TRUE,TRUE
"formula",36,"reverse_equal","C.UTF-8",TRUE,FALSE,TRUE,TRUE
"formula",36,"reflexivity","C.UTF-8",TRUE,TRUE,TRUE,TRUE
"formula",36,"unequal_control","C.UTF-8",FALSE,FALSE,FALSE,FALSE
"formula",37,"forward_equal","C.UTF-8",TRUE,FALSE,TRUE,TRUE
"formula",37,"reverse_equal","C.UTF-8",TRUE,FALSE,TRUE,TRUE
"formula",37,"reflexivity","C.UTF-8",TRUE,TRUE,TRUE,TRUE
"formula",37,"unequal_control","C.UTF-8",FALSE,FALSE,FALSE,FALSE
"formula",38,"forward_equal","C.UTF-8",TRUE,FALSE,TRUE,TRUE
"formula",38,"reverse_equal","C.UTF-8",TRUE,FALSE,TRUE,TRUE
"formula",38,"reflexivity","C.UTF-8",TRUE,TRUE,TRUE,TRUE
"formula",38,"unequal_control","C.UTF-8",FALSE,FALSE,FALSE,FALSE
"formula",39,"forward_equal","C.UTF-8",TRUE,FALSE,TRUE,TRUE
"formula",39,"reverse_equal","C.UTF-8",TRUE,FALSE,TRUE,TRUE
"formula",39,"reflexivity","C.UTF-8",TRUE,TRUE,TRUE,TRUE
"formula",39,"unequal_control","C.UTF-8",FALSE,FALSE,FALSE,FALSE
"formula",40,"forward_equal","C.UTF-8",TRUE,FALSE,TRUE,TRUE
"formula",40,"reverse_equal","C.UTF-8",TRUE,FALSE,TRUE,TRUE
"formula",40,"reflexivity","C.UTF-8",TRUE,TRUE,TRUE,TRUE
"formula",40,"unequal_control","C.UTF-8",FALSE,FALSE,FALSE,FALSE
"formula",41,"forward_equal","C.UTF-8",TRUE,FALSE,TRUE,TRUE
"formula",41,"reverse_equal","C.UTF-8",TRUE,FALSE,TRUE,TRUE
"formula",41,"reflexivity","C.UTF-8",TRUE,TRUE,TRUE,TRUE
"formula",41,"unequal_control","C.UTF-8",FALSE,FALSE,FALSE,FALSE
"formula",42,"forward_equal","C.UTF-8",TRUE,FALSE,TRUE,TRUE
"formula",42,"reverse_equal","C.UTF-8",TRUE,FALSE,TRUE,TRUE
"formula",42,"reflexivity","C.UTF-8",TRUE,TRUE,TRUE,TRUE
"formula",42,"unequal_control","C.UTF-8",FALSE,FALSE,FALSE,FALSE
"formula",43,"forward_equal","C.UTF-8",TRUE,FALSE,TRUE,TRUE
"formula",43,"reverse_equal","C.UTF-8",TRUE,FALSE,TRUE,TRUE
"formula",43,"reflexivity","C.UTF-8",TRUE,TRUE,TRUE,TRUE
"formula",43,"unequal_control","C.UTF-8",FALSE,FALSE,FALSE,FALSE
"formula",44,"forward_equal","C.UTF-8",TRUE,FALSE,TRUE,TRUE
"formula",44,"reverse_equal","C.UTF-8",TRUE,FALSE,TRUE,TRUE
"formula",44,"reflexivity","C.UTF-8",TRUE,TRUE,TRUE,TRUE
"formula",44,"unequal_control","C.UTF-8",FALSE,FALSE,FALSE,FALSE
"formula",45,"forward_equal","C.UTF-8",TRUE,FALSE,TRUE,TRUE
"formula",45,"reverse_equal","C.UTF-8",TRUE,FALSE,TRUE,TRUE
"formula",45,"reflexivity","C.UTF-8",TRUE,TRUE,TRUE,TRUE
"formula",45,"unequal_control","C.UTF-8",FALSE,FALSE,FALSE,FALSE
"formula",46,"forward_equal","C.UTF-8",TRUE,FALSE,TRUE,TRUE
"formula",46,"reverse_equal","C.UTF-8",TRUE,FALSE,TRUE,TRUE
"formula",46,"reflexivity","C.UTF-8",TRUE,TRUE,TRUE,TRUE
"formula",46,"unequal_control","C.UTF-8",FALSE,FALSE,FALSE,FALSE
"formula",47,"forward_equal","C.UTF-8",TRUE,FALSE,TRUE,TRUE
"formula",47,"reverse_equal","C.UTF-8",TRUE,FALSE,TRUE,TRUE
"formula",47,"reflexivity","C.UTF-8",TRUE,TRUE,TRUE,TRUE
"formula",47,"unequal_control","C.UTF-8",FALSE,FALSE,FALSE,FALSE
"formula",48,"forward_equal","C.UTF-8",TRUE,FALSE,TRUE,TRUE
"formula",48,"reverse_equal","C.UTF-8",TRUE,FALSE,TRUE,TRUE
"formula",48,"reflexivity","C.UTF-8",TRUE,TRUE,TRUE,TRUE
"formula",48,"unequal_control","C.UTF-8",FALSE,FALSE,FALSE,FALSE
"formula",49,"forward_equal","C.UTF-8",TRUE,FALSE,TRUE,TRUE
"formula",49,"reverse_equal","C.UTF-8",TRUE,FALSE,TRUE,TRUE
"formula",49,"reflexivity","C.UTF-8",TRUE,TRUE,TRUE,TRUE
"formula",49,"unequal_control","C.UTF-8",FALSE,FALSE,FALSE,FALSE
"formula",50,"forward_equal","C.UTF-8",TRUE,FALSE,TRUE,TRUE
"formula",50,"reverse_equal","C.UTF-8",TRUE,FALSE,TRUE,TRUE
"formula",50,"reflexivity","C.UTF-8",TRUE,TRUE,TRUE,TRUE
"formula",50,"unequal_control","C.UTF-8",FALSE,FALSE,FALSE,FALSE
"formula",51,"forward_equal","C.UTF-8",TRUE,FALSE,TRUE,TRUE
"formula",51,"reverse_equal","C.UTF-8",TRUE,FALSE,TRUE,TRUE
"formula",51,"reflexivity","C.UTF-8",TRUE,TRUE,TRUE,TRUE
"formula",51,"unequal_control","C.UTF-8",FALSE,FALSE,FALSE,FALSE
"formula",52,"forward_equal","C.UTF-8",TRUE,FALSE,TRUE,TRUE
"formula",52,"reverse_equal","C.UTF-8",TRUE,FALSE,TRUE,TRUE
"formula",52,"reflexivity","C.UTF-8",TRUE,TRUE,TRUE,TRUE
"formula",52,"unequal_control","C.UTF-8",FALSE,FALSE,FALSE,FALSE
"formula",53,"forward_equal","C.UTF-8",TRUE,FALSE,TRUE,TRUE
"formula",53,"reverse_equal","C.UTF-8",TRUE,FALSE,TRUE,TRUE
"formula",53,"reflexivity","C.UTF-8",TRUE,TRUE,TRUE,TRUE
"formula",53,"unequal_control","C.UTF-8",FALSE,FALSE,FALSE,FALSE
"formula",54,"forward_equal","C.UTF-8",TRUE,FALSE,TRUE,TRUE
"formula",54,"reverse_equal","C.UTF-8",TRUE,FALSE,TRUE,TRUE
"formula",54,"reflexivity","C.UTF-8",TRUE,TRUE,TRUE,TRUE
"formula",54,"unequal_control","C.UTF-8",FALSE,FALSE,FALSE,FALSE
"formula",55,"forward_equal","C.UTF-8",TRUE,FALSE,TRUE,TRUE
"formula",55,"reverse_equal","C.UTF-8",TRUE,FALSE,TRUE,TRUE
"formula",55,"reflexivity","C.UTF-8",TRUE,TRUE,TRUE,TRUE
"formula",55,"unequal_control","C.UTF-8",FALSE,FALSE,FALSE,FALSE
"formula",56,"forward_equal","C.UTF-8",TRUE,FALSE,TRUE,TRUE
"formula",56,"reverse_equal","C.UTF-8",TRUE,FALSE,TRUE,TRUE
"formula",56,"reflexivity","C.UTF-8",TRUE,TRUE,TRUE,TRUE
"formula",56,"unequal_control","C.UTF-8",FALSE,FALSE,FALSE,FALSE
"formula",57,"forward_equal","C.UTF-8",TRUE,FALSE,TRUE,TRUE
"formula",57,"reverse_equal","C.UTF-8",TRUE,FALSE,TRUE,TRUE
"formula",57,"reflexivity","C.UTF-8",TRUE,TRUE,TRUE,TRUE
"formula",57,"unequal_control","C.UTF-8",FALSE,FALSE,FALSE,FALSE
"formula",58,"forward_equal","C.UTF-8",TRUE,FALSE,TRUE,TRUE
"formula",58,"reverse_equal","C.UTF-8",TRUE,FALSE,TRUE,TRUE
"formula",58,"reflexivity","C.UTF-8",TRUE,TRUE,TRUE,TRUE
"formula",58,"unequal_control","C.UTF-8",FALSE,FALSE,FALSE,FALSE
"formula",59,"forward_equal","C.UTF-8",TRUE,FALSE,TRUE,TRUE
"formula",59,"reverse_equal","C.UTF-8",TRUE,FALSE,TRUE,TRUE
"formula",59,"reflexivity","C.UTF-8",TRUE,TRUE,TRUE,TRUE
"formula",59,"unequal_control","C.UTF-8",FALSE,FALSE,FALSE,FALSE
"formula",60,"forward_equal","C.UTF-8",TRUE,FALSE,TRUE,TRUE
"formula",60,"reverse_equal","C.UTF-8",TRUE,FALSE,TRUE,TRUE
"formula",60,"reflexivity","C.UTF-8",TRUE,TRUE,TRUE,TRUE
"formula",60,"unequal_control","C.UTF-8",FALSE,FALSE,FALSE,FALSE
"formula",61,"forward_equal","C.UTF-8",TRUE,FALSE,TRUE,TRUE
"formula",61,"reverse_equal","C.UTF-8",TRUE,FALSE,TRUE,TRUE
"formula",61,"reflexivity","C.UTF-8",TRUE,TRUE,TRUE,TRUE
"formula",61,"unequal_control","C.UTF-8",FALSE,FALSE,FALSE,FALSE
"formula",62,"forward_equal","C.UTF-8",TRUE,FALSE,TRUE,TRUE
"formula",62,"reverse_equal","C.UTF-8",TRUE,FALSE,TRUE,TRUE
"formula",62,"reflexivity","C.UTF-8",TRUE,TRUE,TRUE,TRUE
"formula",62,"unequal_control","C.UTF-8",FALSE,FALSE,FALSE,FALSE
"formula",63,"forward_equal","C.UTF-8",TRUE,FALSE,TRUE,TRUE
"formula",63,"reverse_equal","C.UTF-8",TRUE,FALSE,TRUE,TRUE
"formula",63,"reflexivity","C.UTF-8",TRUE,TRUE,TRUE,TRUE
"formula",63,"unequal_control","C.UTF-8",FALSE,FALSE,FALSE,FALSE
"formula",64,"forward_equal","C.UTF-8",TRUE,FALSE,TRUE,TRUE
"formula",64,"reverse_equal","C.UTF-8",TRUE,FALSE,TRUE,TRUE
"formula",64,"reflexivity","C.UTF-8",TRUE,TRUE,TRUE,TRUE
"formula",64,"unequal_control","C.UTF-8",FALSE,FALSE,FALSE,FALSE
"formula",65,"forward_equal","C.UTF-8",TRUE,FALSE,TRUE,TRUE
"formula",65,"reverse_equal","C.UTF-8",TRUE,FALSE,TRUE,TRUE
"formula",65,"reflexivity","C.UTF-8",TRUE,TRUE,TRUE,TRUE
"formula",65,"unequal_control","C.UTF-8",FALSE,FALSE,FALSE,FALSE
"formula",66,"forward_equal","C.UTF-8",TRUE,FALSE,TRUE,TRUE
"formula",66,"reverse_equal","C.UTF-8",TRUE,FALSE,TRUE,TRUE
"formula",66,"reflexivity","C.UTF-8",TRUE,TRUE,TRUE,TRUE
"formula",66,"unequal_control","C.UTF-8",FALSE,FALSE,FALSE,FALSE
"formula",67,"forward_equal","C.UTF-8",TRUE,FALSE,TRUE,TRUE
"formula",67,"reverse_equal","C.UTF-8",TRUE,FALSE,TRUE,TRUE
"formula",67,"reflexivity","C.UTF-8",TRUE,TRUE,TRUE,TRUE
"formula",67,"unequal_control","C.UTF-8",FALSE,FALSE,FALSE,FALSE
"formula",68,"forward_equal","C.UTF-8",TRUE,FALSE,TRUE,TRUE
"formula",68,"reverse_equal","C.UTF-8",TRUE,FALSE,TRUE,TRUE
"formula",68,"reflexivity","C.UTF-8",TRUE,TRUE,TRUE,TRUE
"formula",68,"unequal_control","C.UTF-8",FALSE,FALSE,FALSE,FALSE
"formula",69,"forward_equal","C.UTF-8",TRUE,FALSE,TRUE,TRUE
"formula",69,"reverse_equal","C.UTF-8",TRUE,FALSE,TRUE,TRUE
"formula",69,"reflexivity","C.UTF-8",TRUE,TRUE,TRUE,TRUE
"formula",69,"unequal_control","C.UTF-8",FALSE,FALSE,FALSE,FALSE
"formula",70,"forward_equal","C.UTF-8",TRUE,FALSE,TRUE,TRUE
"formula",70,"reverse_equal","C.UTF-8",TRUE,FALSE,TRUE,TRUE
"formula",70,"reflexivity","C.UTF-8",TRUE,TRUE,TRUE,TRUE
"formula",70,"unequal_control","C.UTF-8",FALSE,FALSE,FALSE,FALSE
"formula",71,"forward_equal","C.UTF-8",TRUE,FALSE,TRUE,TRUE
"formula",71,"reverse_equal","C.UTF-8",TRUE,FALSE,TRUE,TRUE
"formula",71,"reflexivity","C.UTF-8",TRUE,TRUE,TRUE,TRUE
"formula",71,"unequal_control","C.UTF-8",FALSE,FALSE,FALSE,FALSE
"formula",72,"forward_equal","C.UTF-8",TRUE,FALSE,TRUE,TRUE
"formula",72,"reverse_equal","C.UTF-8",TRUE,FALSE,TRUE,TRUE
"formula",72,"reflexivity","C.UTF-8",TRUE,TRUE,TRUE,TRUE
"formula",72,"unequal_control","C.UTF-8",FALSE,FALSE,FALSE,FALSE
"formula",73,"forward_equal","C.UTF-8",TRUE,FALSE,TRUE,TRUE
"formula",73,"reverse_equal","C.UTF-8",TRUE,FALSE,TRUE,TRUE
"formula",73,"reflexivity","C.UTF-8",TRUE,TRUE,TRUE,TRUE
"formula",73,"unequal_control","C.UTF-8",FALSE,FALSE,FALSE,FALSE
"formula",74,"forward_equal","C.UTF-8",TRUE,FALSE,TRUE,TRUE
"formula",74,"reverse_equal","C.UTF-8",TRUE,FALSE,TRUE,TRUE
"formula",74,"reflexivity","C.UTF-8",TRUE,TRUE,TRUE,TRUE
"formula",74,"unequal_control","C.UTF-8",FALSE,FALSE,FALSE,FALSE
"formula",75,"forward_equal","C.UTF-8",TRUE,FALSE,TRUE,TRUE
"formula",75,"reverse_equal","C.UTF-8",TRUE,FALSE,TRUE,TRUE
"formula",75,"reflexivity","C.UTF-8",TRUE,TRUE,TRUE,TRUE
"formula",75,"unequal_control","C.UTF-8",FALSE,FALSE,FALSE,FALSE
"formula",76,"forward_equal","C.UTF-8",TRUE,FALSE,TRUE,TRUE
"formula",76,"reverse_equal","C.UTF-8",TRUE,FALSE,TRUE,TRUE
"formula",76,"reflexivity","C.UTF-8",TRUE,TRUE,TRUE,TRUE
"formula",76,"unequal_control","C.UTF-8",FALSE,FALSE,FALSE,FALSE
"formula",77,"forward_equal","C.UTF-8",TRUE,FALSE,TRUE,TRUE
"formula",77,"reverse_equal","C.UTF-8",TRUE,FALSE,TRUE,TRUE
"formula",77,"reflexivity","C.UTF-8",TRUE,TRUE,TRUE,TRUE
"formula",77,"unequal_control","C.UTF-8",FALSE,FALSE,FALSE,FALSE
"formula",78,"forward_equal","C.UTF-8",TRUE,FALSE,TRUE,TRUE
"formula",78,"reverse_equal","C.UTF-8",TRUE,FALSE,TRUE,TRUE
"formula",78,"reflexivity","C.UTF-8",TRUE,TRUE,TRUE,TRUE
"formula",78,"unequal_control","C.UTF-8",FALSE,FALSE,FALSE,FALSE
"formula",79,"forward_equal","C.UTF-8",TRUE,FALSE,TRUE,TRUE
"formula",79,"reverse_equal","C.UTF-8",TRUE,FALSE,TRUE,TRUE
"formula",79,"reflexivity","C.UTF-8",TRUE,TRUE,TRUE,TRUE
"formula",79,"unequal_control","C.UTF-8",FALSE,FALSE,FALSE,FALSE
"formula",80,"forward_equal","C.UTF-8",TRUE,FALSE,TRUE,TRUE
"formula",80,"reverse_equal","C.UTF-8",TRUE,FALSE,TRUE,TRUE
"formula",80,"reflexivity","C.UTF-8",TRUE,TRUE,TRUE,TRUE
"formula",80,"unequal_control","C.UTF-8",FALSE,FALSE,FALSE,FALSE
"formula",81,"forward_equal","C.UTF-8",TRUE,FALSE,TRUE,TRUE
"formula",81,"reverse_equal","C.UTF-8",TRUE,FALSE,TRUE,TRUE
"formula",81,"reflexivity","C.UTF-8",TRUE,TRUE,TRUE,TRUE
"formula",81,"unequal_control","C.UTF-8",FALSE,FALSE,FALSE,FALSE
"formula",82,"forward_equal","C.UTF-8",TRUE,FALSE,TRUE,TRUE
"formula",82,"reverse_equal","C.UTF-8",TRUE,FALSE,TRUE,TRUE
"formula",82,"reflexivity","C.UTF-8",TRUE,TRUE,TRUE,TRUE
"formula",82,"unequal_control","C.UTF-8",FALSE,FALSE,FALSE,FALSE
"formula",83,"forward_equal","C.UTF-8",TRUE,FALSE,TRUE,TRUE
"formula",83,"reverse_equal","C.UTF-8",TRUE,FALSE,TRUE,TRUE
"formula",83,"reflexivity","C.UTF-8",TRUE,TRUE,TRUE,TRUE
"formula",83,"unequal_control","C.UTF-8",FALSE,FALSE,FALSE,FALSE
"formula",84,"forward_equal","C.UTF-8",TRUE,FALSE,TRUE,TRUE
"formula",84,"reverse_equal","C.UTF-8",TRUE,FALSE,TRUE,TRUE
"formula",84,"reflexivity","C.UTF-8",TRUE,TRUE,TRUE,TRUE
"formula",84,"unequal_control","C.UTF-8",FALSE,FALSE,FALSE,FALSE
"formula",85,"forward_equal","C.UTF-8",TRUE,FALSE,TRUE,TRUE
"formula",85,"reverse_equal","C.UTF-8",TRUE,FALSE,TRUE,TRUE
"formula",85,"reflexivity","C.UTF-8",TRUE,TRUE,TRUE,TRUE
"formula",85,"unequal_control","C.UTF-8",FALSE,FALSE,FALSE,FALSE
"formula",86,"forward_equal","C.UTF-8",TRUE,FALSE,TRUE,TRUE
"formula",86,"reverse_equal","C.UTF-8",TRUE,FALSE,TRUE,TRUE
"formula",86,"reflexivity","C.UTF-8",TRUE,TRUE,TRUE,TRUE
"formula",86,"unequal_control","C.UTF-8",FALSE,FALSE,FALSE,FALSE
"formula",87,"forward_equal","C.UTF-8",TRUE,FALSE,TRUE,TRUE
"formula",87,"reverse_equal","C.UTF-8",TRUE,FALSE,TRUE,TRUE
"formula",87,"reflexivity","C.UTF-8",TRUE,TRUE,TRUE,TRUE
"formula",87,"unequal_control","C.UTF-8",FALSE,FALSE,FALSE,FALSE
"formula",88,"forward_equal","C.UTF-8",TRUE,FALSE,TRUE,TRUE
"formula",88,"reverse_equal","C.UTF-8",TRUE,FALSE,TRUE,TRUE
"formula",88,"reflexivity","C.UTF-8",TRUE,TRUE,TRUE,TRUE
"formula",88,"unequal_control","C.UTF-8",FALSE,FALSE,FALSE,FALSE
"formula",89,"forward_equal","C.UTF-8",TRUE,FALSE,TRUE,TRUE
"formula",89,"reverse_equal","C.UTF-8",TRUE,FALSE,TRUE,TRUE
"formula",89,"reflexivity","C.UTF-8",TRUE,TRUE,TRUE,TRUE
"formula",89,"unequal_control","C.UTF-8",FALSE,FALSE,FALSE,FALSE
"formula",90,"forward_equal","C.UTF-8",TRUE,FALSE,TRUE,TRUE
"formula",90,"reverse_equal","C.UTF-8",TRUE,FALSE,TRUE,TRUE
"formula",90,"reflexivity","C.UTF-8",TRUE,TRUE,TRUE,TRUE
"formula",90,"unequal_control","C.UTF-8",FALSE,FALSE,FALSE,FALSE
"formula",91,"forward_equal","C.UTF-8",TRUE,FALSE,TRUE,TRUE
"formula",91,"reverse_equal","C.UTF-8",TRUE,FALSE,TRUE,TRUE
"formula",91,"reflexivity","C.UTF-8",TRUE,TRUE,TRUE,TRUE
"formula",91,"unequal_control","C.UTF-8",FALSE,FALSE,FALSE,FALSE
"formula",92,"forward_equal","C.UTF-8",TRUE,FALSE,TRUE,TRUE
"formula",92,"reverse_equal","C.UTF-8",TRUE,FALSE,TRUE,TRUE
"formula",92,"reflexivity","C.UTF-8",TRUE,TRUE,TRUE,TRUE
"formula",92,"unequal_control","C.UTF-8",FALSE,FALSE,FALSE,FALSE
"formula",93,"forward_equal","C.UTF-8",TRUE,FALSE,TRUE,TRUE
"formula",93,"reverse_equal","C.UTF-8",TRUE,FALSE,TRUE,TRUE
"formula",93,"reflexivity","C.UTF-8",TRUE,TRUE,TRUE,TRUE
"formula",93,"unequal_control","C.UTF-8",FALSE,FALSE,FALSE,FALSE
"formula",94,"forward_equal","C.UTF-8",TRUE,FALSE,TRUE,TRUE
"formula",94,"reverse_equal","C.UTF-8",TRUE,FALSE,TRUE,TRUE
"formula",94,"reflexivity","C.UTF-8",TRUE,TRUE,TRUE,TRUE
"formula",94,"unequal_control","C.UTF-8",FALSE,FALSE,FALSE,FALSE
"formula",95,"forward_equal","C.UTF-8",TRUE,FALSE,TRUE,TRUE
"formula",95,"reverse_equal","C.UTF-8",TRUE,FALSE,TRUE,TRUE
"formula",95,"reflexivity","C.UTF-8",TRUE,TRUE,TRUE,TRUE
"formula",95,"unequal_control","C.UTF-8",FALSE,FALSE,FALSE,FALSE
"formula",96,"forward_equal","C.UTF-8",TRUE,FALSE,TRUE,TRUE
"formula",96,"reverse_equal","C.UTF-8",TRUE,FALSE,TRUE,TRUE
"formula",96,"reflexivity","C.UTF-8",TRUE,TRUE,TRUE,TRUE
"formula",96,"unequal_control","C.UTF-8",FALSE,FALSE,FALSE,FALSE
"formula",97,"forward_equal","C.UTF-8",TRUE,FALSE,TRUE,TRUE
"formula",97,"reverse_equal","C.UTF-8",TRUE,FALSE,TRUE,TRUE
"formula",97,"reflexivity","C.UTF-8",TRUE,TRUE,TRUE,TRUE
"formula",97,"unequal_control","C.UTF-8",FALSE,FALSE,FALSE,FALSE
"formula",98,"forward_equal","C.UTF-8",TRUE,FALSE,TRUE,TRUE
"formula",98,"reverse_equal","C.UTF-8",TRUE,FALSE,TRUE,TRUE
"formula",98,"reflexivity","C.UTF-8",TRUE,TRUE,TRUE,TRUE
"formula",98,"unequal_control","C.UTF-8",FALSE,FALSE,FALSE,FALSE
"formula",99,"forward_equal","C.UTF-8",TRUE,FALSE,TRUE,TRUE
"formula",99,"reverse_equal","C.UTF-8",TRUE,FALSE,TRUE,TRUE
"formula",99,"reflexivity","C.UTF-8",TRUE,TRUE,TRUE,TRUE
"formula",99,"unequal_control","C.UTF-8",FALSE,FALSE,FALSE,FALSE
"formula",100,"forward_equal","C.UTF-8",TRUE,FALSE,TRUE,TRUE
"formula",100,"reverse_equal","C.UTF-8",TRUE,FALSE,TRUE,TRUE
"formula",100,"reflexivity","C.UTF-8",TRUE,TRUE,TRUE,TRUE
"formula",100,"unequal_control","C.UTF-8",FALSE,FALSE,FALSE,FALSE
"formula",101,"forward_equal","C.UTF-8",TRUE,FALSE,TRUE,TRUE
"formula",101,"reverse_equal","C.UTF-8",TRUE,FALSE,TRUE,TRUE
"formula",101,"reflexivity","C.UTF-8",TRUE,TRUE,TRUE,TRUE
"formula",101,"unequal_control","C.UTF-8",FALSE,FALSE,FALSE,FALSE
"formula",102,"forward_equal","C.UTF-8",TRUE,FALSE,TRUE,TRUE
"formula",102,"reverse_equal","C.UTF-8",TRUE,FALSE,TRUE,TRUE
"formula",102,"reflexivity","C.UTF-8",TRUE,TRUE,TRUE,TRUE
"formula",102,"unequal_control","C.UTF-8",FALSE,FALSE,FALSE,FALSE
"formula",103,"forward_equal","C.UTF-8",TRUE,FALSE,TRUE,TRUE
"formula",103,"reverse_equal","C.UTF-8",TRUE,FALSE,TRUE,TRUE
"formula",103,"reflexivity","C.UTF-8",TRUE,TRUE,TRUE,TRUE
"formula",103,"unequal_control","C.UTF-8",FALSE,FALSE,FALSE,FALSE
"formula",104,"forward_equal","C.UTF-8",TRUE,FALSE,TRUE,TRUE
"formula",104,"reverse_equal","C.UTF-8",TRUE,FALSE,TRUE,TRUE
"formula",104,"reflexivity","C.UTF-8",TRUE,TRUE,TRUE,TRUE
"formula",104,"unequal_control","C.UTF-8",FALSE,FALSE,FALSE,FALSE
"formula",105,"forward_equal","C.UTF-8",TRUE,FALSE,TRUE,TRUE
"formula",105,"reverse_equal","C.UTF-8",TRUE,FALSE,TRUE,TRUE
"formula",105,"reflexivity","C.UTF-8",TRUE,TRUE,TRUE,TRUE
"formula",105,"unequal_control","C.UTF-8",FALSE,FALSE,FALSE,FALSE
"formula",106,"forward_equal","C.UTF-8",TRUE,FALSE,TRUE,TRUE
"formula",106,"reverse_equal","C.UTF-8",TRUE,FALSE,TRUE,TRUE
"formula",106,"reflexivity","C.UTF-8",TRUE,TRUE,TRUE,TRUE
"formula",106,"unequal_control","C.UTF-8",FALSE,FALSE,FALSE,FALSE
"formula",107,"forward_equal","C.UTF-8",TRUE,FALSE,TRUE,TRUE
"formula",107,"reverse_equal","C.UTF-8",TRUE,FALSE,TRUE,TRUE
"formula",107,"reflexivity","C.UTF-8",TRUE,TRUE,TRUE,TRUE
"formula",107,"unequal_control","C.UTF-8",FALSE,FALSE,FALSE,FALSE
"formula",108,"forward_equal","C.UTF-8",TRUE,FALSE,TRUE,TRUE
"formula",108,"reverse_equal","C.UTF-8",TRUE,FALSE,TRUE,TRUE
"formula",108,"reflexivity","C.UTF-8",TRUE,TRUE,TRUE,TRUE
"formula",108,"unequal_control","C.UTF-8",FALSE,FALSE,FALSE,FALSE
"formula",109,"forward_equal","C.UTF-8",TRUE,FALSE,TRUE,TRUE
"formula",109,"reverse_equal","C.UTF-8",TRUE,FALSE,TRUE,TRUE
"formula",109,"reflexivity","C.UTF-8",TRUE,TRUE,TRUE,TRUE
"formula",109,"unequal_control","C.UTF-8",FALSE,FALSE,FALSE,FALSE
"formula",110,"forward_equal","C.UTF-8",TRUE,FALSE,TRUE,TRUE
"formula",110,"reverse_equal","C.UTF-8",TRUE,FALSE,TRUE,TRUE
"formula",110,"reflexivity","C.UTF-8",TRUE,TRUE,TRUE,TRUE
"formula",110,"unequal_control","C.UTF-8",FALSE,FALSE,FALSE,FALSE
"formula",111,"forward_equal","C.UTF-8",TRUE,FALSE,TRUE,TRUE
"formula",111,"reverse_equal","C.UTF-8",TRUE,FALSE,TRUE,TRUE
"formula",111,"reflexivity","C.UTF-8",TRUE,TRUE,TRUE,TRUE
"formula",111,"unequal_control","C.UTF-8",FALSE,FALSE,FALSE,FALSE
"formula",112,"forward_equal","C.UTF-8",TRUE,FALSE,TRUE,TRUE
"formula",112,"reverse_equal","C.UTF-8",TRUE,FALSE,TRUE,TRUE
"formula",112,"reflexivity","C.UTF-8",TRUE,TRUE,TRUE,TRUE
"formula",112,"unequal_control","C.UTF-8",FALSE,FALSE,FALSE,FALSE
"formula",113,"forward_equal","C.UTF-8",TRUE,FALSE,TRUE,TRUE
"formula",113,"reverse_equal","C.UTF-8",TRUE,FALSE,TRUE,TRUE
"formula",113,"reflexivity","C.UTF-8",TRUE,TRUE,TRUE,TRUE
"formula",113,"unequal_control","C.UTF-8",FALSE,FALSE,FALSE,FALSE
"formula",114,"forward_equal","C.UTF-8",TRUE,FALSE,TRUE,TRUE
"formula",114,"reverse_equal","C.UTF-8",TRUE,FALSE,TRUE,TRUE
"formula",114,"reflexivity","C.UTF-8",TRUE,TRUE,TRUE,TRUE
"formula",114,"unequal_control","C.UTF-8",FALSE,FALSE,FALSE,FALSE
"formula",115,"forward_equal","C.UTF-8",TRUE,FALSE,TRUE,TRUE
"formula",115,"reverse_equal","C.UTF-8",TRUE,FALSE,TRUE,TRUE
"formula",115,"reflexivity","C.UTF-8",TRUE,TRUE,TRUE,TRUE
"formula",115,"unequal_control","C.UTF-8",FALSE,FALSE,FALSE,FALSE
"formula",116,"forward_equal","C.UTF-8",TRUE,FALSE,TRUE,TRUE
"formula",116,"reverse_equal","C.UTF-8",TRUE,FALSE,TRUE,TRUE
"formula",116,"reflexivity","C.UTF-8",TRUE,TRUE,TRUE,TRUE
"formula",116,"unequal_control","C.UTF-8",FALSE,FALSE,FALSE,FALSE
"formula",117,"forward_equal","C.UTF-8",TRUE,FALSE,TRUE,TRUE
"formula",117,"reverse_equal","C.UTF-8",TRUE,FALSE,TRUE,TRUE
"formula",117,"reflexivity","C.UTF-8",TRUE,TRUE,TRUE,TRUE
"formula",117,"unequal_control","C.UTF-8",FALSE,FALSE,FALSE,FALSE
"formula",118,"forward_equal","C.UTF-8",TRUE,FALSE,TRUE,TRUE
"formula",118,"reverse_equal","C.UTF-8",TRUE,FALSE,TRUE,TRUE
"formula",118,"reflexivity","C.UTF-8",TRUE,TRUE,TRUE,TRUE
"formula",118,"unequal_control","C.UTF-8",FALSE,FALSE,FALSE,FALSE
"formula",119,"forward_equal","C.UTF-8",TRUE,FALSE,TRUE,TRUE
"formula",119,"reverse_equal","C.UTF-8",TRUE,FALSE,TRUE,TRUE
"formula",119,"reflexivity","C.UTF-8",TRUE,TRUE,TRUE,TRUE
"formula",119,"unequal_control","C.UTF-8",FALSE,FALSE,FALSE,FALSE
"formula",120,"forward_equal","C.UTF-8",TRUE,FALSE,TRUE,TRUE
"formula",120,"reverse_equal","C.UTF-8",TRUE,FALSE,TRUE,TRUE
"formula",120,"reflexivity","C.UTF-8",TRUE,TRUE,TRUE,TRUE
"formula",120,"unequal_control","C.UTF-8",FALSE,FALSE,FALSE,FALSE
"formula",121,"forward_equal","C.UTF-8",TRUE,FALSE,TRUE,TRUE
"formula",121,"reverse_equal","C.UTF-8",TRUE,FALSE,TRUE,TRUE
"formula",121,"reflexivity","C.UTF-8",TRUE,TRUE,TRUE,TRUE
"formula",121,"unequal_control","C.UTF-8",FALSE,FALSE,FALSE,FALSE
"formula",122,"forward_equal","C.UTF-8",TRUE,FALSE,TRUE,TRUE
"formula",122,"reverse_equal","C.UTF-8",TRUE,FALSE,TRUE,TRUE
"formula",122,"reflexivity","C.UTF-8",TRUE,TRUE,TRUE,TRUE
"formula",122,"unequal_control","C.UTF-8",FALSE,FALSE,FALSE,FALSE
"formula",123,"forward_equal","C.UTF-8",TRUE,FALSE,TRUE,TRUE
"formula",123,"reverse_equal","C.UTF-8",TRUE,FALSE,TRUE,TRUE
"formula",123,"reflexivity","C.UTF-8",TRUE,TRUE,TRUE,TRUE
"formula",123,"unequal_control","C.UTF-8",FALSE,FALSE,FALSE,FALSE
"formula",124,"forward_equal","C.UTF-8",TRUE,FALSE,TRUE,TRUE
"formula",124,"reverse_equal","C.UTF-8",TRUE,FALSE,TRUE,TRUE
"formula",124,"reflexivity","C.UTF-8",TRUE,TRUE,TRUE,TRUE
"formula",124,"unequal_control","C.UTF-8",FALSE,FALSE,FALSE,FALSE
"formula",125,"forward_equal","C.UTF-8",TRUE,FALSE,TRUE,TRUE
"formula",125,"reverse_equal","C.UTF-8",TRUE,FALSE,TRUE,TRUE
"formula",125,"reflexivity","C.UTF-8",TRUE,TRUE,TRUE,TRUE
"formula",125,"unequal_control","C.UTF-8",FALSE,FALSE,FALSE,FALSE
"formula",126,"forward_equal","C.UTF-8",TRUE,FALSE,TRUE,TRUE
"formula",126,"reverse_equal","C.UTF-8",TRUE,FALSE,TRUE,TRUE
"formula",126,"reflexivity","C.UTF-8",TRUE,TRUE,TRUE,TRUE
"formula",126,"unequal_control","C.UTF-8",FALSE,FALSE,FALSE,FALSE
"formula",127,"forward_equal","C.UTF-8",TRUE,FALSE,TRUE,TRUE
"formula",127,"reverse_equal","C.UTF-8",TRUE,FALSE,TRUE,TRUE
"formula",127,"reflexivity","C.UTF-8",TRUE,TRUE,TRUE,TRUE
"formula",127,"unequal_control","C.UTF-8",FALSE,FALSE,FALSE,FALSE
"formula",128,"forward_equal","C.UTF-8",TRUE,FALSE,TRUE,TRUE
"formula",128,"reverse_equal","C.UTF-8",TRUE,FALSE,TRUE,TRUE
"formula",128,"reflexivity","C.UTF-8",TRUE,TRUE,TRUE,TRUE
"formula",128,"unequal_control","C.UTF-8",FALSE,FALSE,FALSE,FALSE
"formula",129,"forward_equal","C.UTF-8",TRUE,FALSE,TRUE,TRUE
"formula",129,"reverse_equal","C.UTF-8",TRUE,FALSE,TRUE,TRUE
"formula",129,"reflexivity","C.UTF-8",TRUE,TRUE,TRUE,TRUE
"formula",129,"unequal_control","C.UTF-8",FALSE,FALSE,FALSE,FALSE
"formula",130,"forward_equal","C.UTF-8",TRUE,FALSE,TRUE,TRUE
"formula",130,"reverse_equal","C.UTF-8",TRUE,FALSE,TRUE,TRUE
"formula",130,"reflexivity","C.UTF-8",TRUE,TRUE,TRUE,TRUE
"formula",130,"unequal_control","C.UTF-8",FALSE,FALSE,FALSE,FALSE
"formula",131,"forward_equal","C.UTF-8",TRUE,FALSE,TRUE,TRUE
"formula",131,"reverse_equal","C.UTF-8",TRUE,FALSE,TRUE,TRUE
"formula",131,"reflexivity","C.UTF-8",TRUE,TRUE,TRUE,TRUE
"formula",131,"unequal_control","C.UTF-8",FALSE,FALSE,FALSE,FALSE
"formula",132,"forward_equal","C.UTF-8",TRUE,FALSE,TRUE,TRUE
"formula",132,"reverse_equal","C.UTF-8",TRUE,FALSE,TRUE,TRUE
"formula",132,"reflexivity","C.UTF-8",TRUE,TRUE,TRUE,TRUE
"formula",132,"unequal_control","C.UTF-8",FALSE,FALSE,FALSE,FALSE
"formula",133,"forward_equal","C.UTF-8",TRUE,FALSE,TRUE,TRUE
"formula",133,"reverse_equal","C.UTF-8",TRUE,FALSE,TRUE,TRUE
"formula",133,"reflexivity","C.UTF-8",TRUE,TRUE,TRUE,TRUE
"formula",133,"unequal_control","C.UTF-8",FALSE,FALSE,FALSE,FALSE
"formula",134,"forward_equal","C.UTF-8",TRUE,FALSE,TRUE,TRUE
"formula",134,"reverse_equal","C.UTF-8",TRUE,FALSE,TRUE,TRUE
"formula",134,"reflexivity","C.UTF-8",TRUE,TRUE,TRUE,TRUE
"formula",134,"unequal_control","C.UTF-8",FALSE,FALSE,FALSE,FALSE
"formula",135,"forward_equal","C.UTF-8",TRUE,FALSE,TRUE,TRUE
"formula",135,"reverse_equal","C.UTF-8",TRUE,FALSE,TRUE,TRUE
"formula",135,"reflexivity","C.UTF-8",TRUE,TRUE,TRUE,TRUE
"formula",135,"unequal_control","C.UTF-8",FALSE,FALSE,FALSE,FALSE
"formula",136,"forward_equal","C.UTF-8",TRUE,FALSE,TRUE,TRUE
"formula",136,"reverse_equal","C.UTF-8",TRUE,FALSE,TRUE,TRUE
"formula",136,"reflexivity","C.UTF-8",TRUE,TRUE,TRUE,TRUE
"formula",136,"unequal_control","C.UTF-8",FALSE,FALSE,FALSE,FALSE
"formula",137,"forward_equal","C.UTF-8",TRUE,FALSE,TRUE,TRUE
"formula",137,"reverse_equal","C.UTF-8",TRUE,FALSE,TRUE,TRUE
"formula",137,"reflexivity","C.UTF-8",TRUE,TRUE,TRUE,TRUE
"formula",137,"unequal_control","C.UTF-8",FALSE,FALSE,FALSE,FALSE
"formula",138,"forward_equal","C.UTF-8",TRUE,FALSE,TRUE,TRUE
"formula",138,"reverse_equal","C.UTF-8",TRUE,FALSE,TRUE,TRUE
"formula",138,"reflexivity","C.UTF-8",TRUE,TRUE,TRUE,TRUE
"formula",138,"unequal_control","C.UTF-8",FALSE,FALSE,FALSE,FALSE
"formula",139,"forward_equal","C.UTF-8",TRUE,FALSE,TRUE,TRUE
"formula",139,"reverse_equal","C.UTF-8",TRUE,FALSE,TRUE,TRUE
"formula",139,"reflexivity","C.UTF-8",TRUE,TRUE,TRUE,TRUE
"formula",139,"unequal_control","C.UTF-8",FALSE,FALSE,FALSE,FALSE
"formula",140,"forward_equal","C.UTF-8",TRUE,FALSE,TRUE,TRUE
"formula",140,"reverse_equal","C.UTF-8",TRUE,FALSE,TRUE,TRUE
"formula",140,"reflexivity","C.UTF-8",TRUE,TRUE,TRUE,TRUE
"formula",140,"unequal_control","C.UTF-8",FALSE,FALSE,FALSE,FALSE
"formula",141,"forward_equal","C.UTF-8",TRUE,FALSE,TRUE,TRUE
"formula",141,"reverse_equal","C.UTF-8",TRUE,FALSE,TRUE,TRUE
"formula",141,"reflexivity","C.UTF-8",TRUE,TRUE,TRUE,TRUE
"formula",141,"unequal_control","C.UTF-8",FALSE,FALSE,FALSE,FALSE
"formula",142,"forward_equal","C.UTF-8",TRUE,FALSE,TRUE,TRUE
"formula",142,"reverse_equal","C.UTF-8",TRUE,FALSE,TRUE,TRUE
"formula",142,"reflexivity","C.UTF-8",TRUE,TRUE,TRUE,TRUE
"formula",142,"unequal_control","C.UTF-8",FALSE,FALSE,FALSE,FALSE
"formula",143,"forward_equal","C.UTF-8",TRUE,FALSE,TRUE,TRUE
"formula",143,"reverse_equal","C.UTF-8",TRUE,FALSE,TRUE,TRUE
"formula",143,"reflexivity","C.UTF-8",TRUE,TRUE,TRUE,TRUE
"formula",143,"unequal_control","C.UTF-8",FALSE,FALSE,FALSE,FALSE
"formula",144,"forward_equal","C.UTF-8",TRUE,FALSE,TRUE,TRUE
"formula",144,"reverse_equal","C.UTF-8",TRUE,FALSE,TRUE,TRUE
"formula",144,"reflexivity","C.UTF-8",TRUE,TRUE,TRUE,TRUE
"formula",144,"unequal_control","C.UTF-8",FALSE,FALSE,FALSE,FALSE
"formula",145,"forward_equal","C.UTF-8",TRUE,FALSE,TRUE,TRUE
"formula",145,"reverse_equal","C.UTF-8",TRUE,FALSE,TRUE,TRUE
"formula",145,"reflexivity","C.UTF-8",TRUE,TRUE,TRUE,TRUE
"formula",145,"unequal_control","C.UTF-8",FALSE,FALSE,FALSE,FALSE
"formula",146,"forward_equal","C.UTF-8",TRUE,FALSE,TRUE,TRUE
"formula",146,"reverse_equal","C.UTF-8",TRUE,FALSE,TRUE,TRUE
"formula",146,"reflexivity","C.UTF-8",TRUE,TRUE,TRUE,TRUE
"formula",146,"unequal_control","C.UTF-8",FALSE,FALSE,FALSE,FALSE
"formula",147,"forward_equal","C.UTF-8",TRUE,FALSE,TRUE,TRUE
"formula",147,"reverse_equal","C.UTF-8",TRUE,FALSE,TRUE,TRUE
"formula",147,"reflexivity","C.UTF-8",TRUE,TRUE,TRUE,TRUE
"formula",147,"unequal_control","C.UTF-8",FALSE,FALSE,FALSE,FALSE
"formula",148,"forward_equal","C.UTF-8",TRUE,FALSE,TRUE,TRUE
"formula",148,"reverse_equal","C.UTF-8",TRUE,FALSE,TRUE,TRUE
"formula",148,"reflexivity","C.UTF-8",TRUE,TRUE,TRUE,TRUE
"formula",148,"unequal_control","C.UTF-8",FALSE,FALSE,FALSE,FALSE
"formula",149,"forward_equal","C.UTF-8",TRUE,FALSE,TRUE,TRUE
"formula",149,"reverse_equal","C.UTF-8",TRUE,FALSE,TRUE,TRUE
"formula",149,"reflexivity","C.UTF-8",TRUE,TRUE,TRUE,TRUE
"formula",149,"unequal_control","C.UTF-8",FALSE,FALSE,FALSE,FALSE
"formula",150,"forward_equal","C.UTF-8",TRUE,FALSE,TRUE,TRUE
"formula",150,"reverse_equal","C.UTF-8",TRUE,FALSE,TRUE,TRUE
"formula",150,"reflexivity","C.UTF-8",TRUE,TRUE,TRUE,TRUE
"formula",150,"unequal_control","C.UTF-8",FALSE,FALSE,FALSE,FALSE
"formula",151,"forward_equal","C.UTF-8",TRUE,FALSE,TRUE,TRUE
"formula",151,"reverse_equal","C.UTF-8",TRUE,FALSE,TRUE,TRUE
"formula",151,"reflexivity","C.UTF-8",TRUE,TRUE,TRUE,TRUE
"formula",151,"unequal_control","C.UTF-8",FALSE,FALSE,FALSE,FALSE
"formula",152,"forward_equal","C.UTF-8",TRUE,FALSE,TRUE,TRUE
"formula",152,"reverse_equal","C.UTF-8",TRUE,FALSE,TRUE,TRUE
"formula",152,"reflexivity","C.UTF-8",TRUE,TRUE,TRUE,TRUE
"formula",152,"unequal_control","C.UTF-8",FALSE,FALSE,FALSE,FALSE
"formula",153,"forward_equal","C.UTF-8",TRUE,FALSE,TRUE,TRUE
"formula",153,"reverse_equal","C.UTF-8",TRUE,FALSE,TRUE,TRUE
"formula",153,"reflexivity","C.UTF-8",TRUE,TRUE,TRUE,TRUE
"formula",153,"unequal_control","C.UTF-8",FALSE,FALSE,FALSE,FALSE
"formula",154,"forward_equal","C.UTF-8",TRUE,FALSE,TRUE,TRUE
"formula",154,"reverse_equal","C.UTF-8",TRUE,FALSE,TRUE,TRUE
"formula",154,"reflexivity","C.UTF-8",TRUE,TRUE,TRUE,TRUE
"formula",154,"unequal_control","C.UTF-8",FALSE,FALSE,FALSE,FALSE
"formula",155,"forward_equal","C.UTF-8",TRUE,FALSE,TRUE,TRUE
"formula",155,"reverse_equal","C.UTF-8",TRUE,FALSE,TRUE,TRUE
"formula",155,"reflexivity","C.UTF-8",TRUE,TRUE,TRUE,TRUE
"formula",155,"unequal_control","C.UTF-8",FALSE,FALSE,FALSE,FALSE
"formula",156,"forward_equal","C.UTF-8",TRUE,FALSE,TRUE,TRUE
"formula",156,"reverse_equal","C.UTF-8",TRUE,FALSE,TRUE,TRUE
"formula",156,"reflexivity","C.UTF-8",TRUE,TRUE,TRUE,TRUE
"formula",156,"unequal_control","C.UTF-8",FALSE,FALSE,FALSE,FALSE
"formula",157,"forward_equal","C.UTF-8",TRUE,FALSE,TRUE,TRUE
"formula",157,"reverse_equal","C.UTF-8",TRUE,FALSE,TRUE,TRUE
"formula",157,"reflexivity","C.UTF-8",TRUE,TRUE,TRUE,TRUE
"formula",157,"unequal_control","C.UTF-8",FALSE,FALSE,FALSE,FALSE
"formula",158,"forward_equal","C.UTF-8",TRUE,FALSE,TRUE,TRUE
"formula",158,"reverse_equal","C.UTF-8",TRUE,FALSE,TRUE,TRUE
"formula",158,"reflexivity","C.UTF-8",TRUE,TRUE,TRUE,TRUE
"formula",158,"unequal_control","C.UTF-8",FALSE,FALSE,FALSE,FALSE
"formula",159,"forward_equal","C.UTF-8",TRUE,FALSE,TRUE,TRUE
"formula",159,"reverse_equal","C.UTF-8",TRUE,FALSE,TRUE,TRUE
"formula",159,"reflexivity","C.UTF-8",TRUE,TRUE,TRUE,TRUE
"formula",159,"unequal_control","C.UTF-8",FALSE,FALSE,FALSE,FALSE
"formula",160,"forward_equal","C.UTF-8",TRUE,FALSE,TRUE,TRUE
"formula",160,"reverse_equal","C.UTF-8",TRUE,FALSE,TRUE,TRUE
"formula",160,"reflexivity","C.UTF-8",TRUE,TRUE,TRUE,TRUE
"formula",160,"unequal_control","C.UTF-8",FALSE,FALSE,FALSE,FALSE
"formula",161,"forward_equal","C.UTF-8",TRUE,FALSE,TRUE,TRUE
"formula",161,"reverse_equal","C.UTF-8",TRUE,FALSE,TRUE,TRUE
"formula",161,"reflexivity","C.UTF-8",TRUE,TRUE,TRUE,TRUE
"formula",161,"unequal_control","C.UTF-8",FALSE,FALSE,FALSE,FALSE
"formula",162,"forward_equal","C.UTF-8",TRUE,FALSE,TRUE,TRUE
"formula",162,"reverse_equal","C.UTF-8",TRUE,FALSE,TRUE,TRUE
"formula",162,"reflexivity","C.UTF-8",TRUE,TRUE,TRUE,TRUE
"formula",162,"unequal_control","C.UTF-8",FALSE,FALSE,FALSE,FALSE
"formula",163,"forward_equal","C.UTF-8",TRUE,FALSE,TRUE,TRUE
"formula",163,"reverse_equal","C.UTF-8",TRUE,FALSE,TRUE,TRUE
"formula",163,"reflexivity","C.UTF-8",TRUE,TRUE,TRUE,TRUE
"formula",163,"unequal_control","C.UTF-8",FALSE,FALSE,FALSE,FALSE
"formula",164,"forward_equal","C.UTF-8",TRUE,FALSE,TRUE,TRUE
"formula",164,"reverse_equal","C.UTF-8",TRUE,FALSE,TRUE,TRUE
"formula",164,"reflexivity","C.UTF-8",TRUE,TRUE,TRUE,TRUE
"formula",164,"unequal_control","C.UTF-8",FALSE,FALSE,FALSE,FALSE
"formula",165,"forward_equal","C.UTF-8",TRUE,FALSE,TRUE,TRUE
"formula",165,"reverse_equal","C.UTF-8",TRUE,FALSE,TRUE,TRUE
"formula",165,"reflexivity","C.UTF-8",TRUE,TRUE,TRUE,TRUE
"formula",165,"unequal_control","C.UTF-8",FALSE,FALSE,FALSE,FALSE
"formula",166,"forward_equal","C.UTF-8",TRUE,FALSE,TRUE,TRUE
"formula",166,"reverse_equal","C.UTF-8",TRUE,FALSE,TRUE,TRUE
"formula",166,"reflexivity","C.UTF-8",TRUE,TRUE,TRUE,TRUE
"formula",166,"unequal_control","C.UTF-8",FALSE,FALSE,FALSE,FALSE
"formula",167,"forward_equal","C.UTF-8",TRUE,FALSE,TRUE,TRUE
"formula",167,"reverse_equal","C.UTF-8",TRUE,FALSE,TRUE,TRUE
"formula",167,"reflexivity","C.UTF-8",TRUE,TRUE,TRUE,TRUE
"formula",167,"unequal_control","C.UTF-8",FALSE,FALSE,FALSE,FALSE
"formula",168,"forward_equal","C.UTF-8",TRUE,FALSE,TRUE,TRUE
"formula",168,"reverse_equal","C.UTF-8",TRUE,FALSE,TRUE,TRUE
"formula",168,"reflexivity","C.UTF-8",TRUE,TRUE,TRUE,TRUE
"formula",168,"unequal_control","C.UTF-8",FALSE,FALSE,FALSE,FALSE
"formula",169,"forward_equal","C.UTF-8",TRUE,FALSE,TRUE,TRUE
"formula",169,"reverse_equal","C.UTF-8",TRUE,FALSE,TRUE,TRUE
"formula",169,"reflexivity","C.UTF-8",TRUE,TRUE,TRUE,TRUE
"formula",169,"unequal_control","C.UTF-8",FALSE,FALSE,FALSE,FALSE
"formula",170,"forward_equal","C.UTF-8",TRUE,FALSE,TRUE,TRUE
"formula",170,"reverse_equal","C.UTF-8",TRUE,FALSE,TRUE,TRUE
"formula",170,"reflexivity","C.UTF-8",TRUE,TRUE,TRUE,TRUE
"formula",170,"unequal_control","C.UTF-8",FALSE,FALSE,FALSE,FALSE
"formula",171,"forward_equal","C.UTF-8",TRUE,FALSE,TRUE,TRUE
"formula",171,"reverse_equal","C.UTF-8",TRUE,FALSE,TRUE,TRUE
"formula",171,"reflexivity","C.UTF-8",TRUE,TRUE,TRUE,TRUE
"formula",171,"unequal_control","C.UTF-8",FALSE,FALSE,FALSE,FALSE
"formula",172,"forward_equal","C.UTF-8",TRUE,FALSE,TRUE,TRUE
"formula",172,"reverse_equal","C.UTF-8",TRUE,FALSE,TRUE,TRUE
"formula",172,"reflexivity","C.UTF-8",TRUE,TRUE,TRUE,TRUE
"formula",172,"unequal_control","C.UTF-8",FALSE,FALSE,FALSE,FALSE
"formula",173,"forward_equal","C.UTF-8",TRUE,FALSE,TRUE,TRUE
"formula",173,"reverse_equal","C.UTF-8",TRUE,FALSE,TRUE,TRUE
"formula",173,"reflexivity","C.UTF-8",TRUE,TRUE,TRUE,TRUE
"formula",173,"unequal_control","C.UTF-8",FALSE,FALSE,FALSE,FALSE
"formula",174,"forward_equal","C.UTF-8",TRUE,FALSE,TRUE,TRUE
"formula",174,"reverse_equal","C.UTF-8",TRUE,FALSE,TRUE,TRUE
"formula",174,"reflexivity","C.UTF-8",TRUE,TRUE,TRUE,TRUE
"formula",174,"unequal_control","C.UTF-8",FALSE,FALSE,FALSE,FALSE
"formula",175,"forward_equal","C.UTF-8",TRUE,FALSE,TRUE,TRUE
"formula",175,"reverse_equal","C.UTF-8",TRUE,FALSE,TRUE,TRUE
"formula",175,"reflexivity","C.UTF-8",TRUE,TRUE,TRUE,TRUE
"formula",175,"unequal_control","C.UTF-8",FALSE,FALSE,FALSE,FALSE
"formula",176,"forward_equal","C.UTF-8",TRUE,FALSE,TRUE,TRUE
"formula",176,"reverse_equal","C.UTF-8",TRUE,FALSE,TRUE,TRUE
"formula",176,"reflexivity","C.UTF-8",TRUE,TRUE,TRUE,TRUE
"formula",176,"unequal_control","C.UTF-8",FALSE,FALSE,FALSE,FALSE
"formula",177,"forward_equal","C.UTF-8",TRUE,FALSE,TRUE,TRUE
"formula",177,"reverse_equal","C.UTF-8",TRUE,FALSE,TRUE,TRUE
"formula",177,"reflexivity","C.UTF-8",TRUE,TRUE,TRUE,TRUE
"formula",177,"unequal_control","C.UTF-8",FALSE,FALSE,FALSE,FALSE
"formula",178,"forward_equal","C.UTF-8",TRUE,FALSE,TRUE,TRUE
"formula",178,"reverse_equal","C.UTF-8",TRUE,FALSE,TRUE,TRUE
"formula",178,"reflexivity","C.UTF-8",TRUE,TRUE,TRUE,TRUE
"formula",178,"unequal_control","C.UTF-8",FALSE,FALSE,FALSE,FALSE
"formula",179,"forward_equal","C.UTF-8",TRUE,FALSE,TRUE,TRUE
"formula",179,"reverse_equal","C.UTF-8",TRUE,FALSE,TRUE,TRUE
"formula",179,"reflexivity","C.UTF-8",TRUE,TRUE,TRUE,TRUE
"formula",179,"unequal_control","C.UTF-8",FALSE,FALSE,FALSE,FALSE
"formula",180,"forward_equal","C.UTF-8",TRUE,FALSE,TRUE,TRUE
"formula",180,"reverse_equal","C.UTF-8",TRUE,FALSE,TRUE,TRUE
"formula",180,"reflexivity","C.UTF-8",TRUE,TRUE,TRUE,TRUE
"formula",180,"unequal_control","C.UTF-8",FALSE,FALSE,FALSE,FALSE
"formula",181,"forward_equal","C.UTF-8",TRUE,FALSE,TRUE,TRUE
"formula",181,"reverse_equal","C.UTF-8",TRUE,FALSE,TRUE,TRUE
"formula",181,"reflexivity","C.UTF-8",TRUE,TRUE,TRUE,TRUE
"formula",181,"unequal_control","C.UTF-8",FALSE,FALSE,FALSE,FALSE
"formula",182,"forward_equal","C.UTF-8",TRUE,FALSE,TRUE,TRUE
"formula",182,"reverse_equal","C.UTF-8",TRUE,FALSE,TRUE,TRUE
"formula",182,"reflexivity","C.UTF-8",TRUE,TRUE,TRUE,TRUE
"formula",182,"unequal_control","C.UTF-8",FALSE,FALSE,FALSE,FALSE
"formula",183,"forward_equal","C.UTF-8",TRUE,FALSE,TRUE,TRUE
"formula",183,"reverse_equal","C.UTF-8",TRUE,FALSE,TRUE,TRUE
"formula",183,"reflexivity","C.UTF-8",TRUE,TRUE,TRUE,TRUE
"formula",183,"unequal_control","C.UTF-8",FALSE,FALSE,FALSE,FALSE
"formula",184,"forward_equal","C.UTF-8",TRUE,FALSE,TRUE,TRUE
"formula",184,"reverse_equal","C.UTF-8",TRUE,FALSE,TRUE,TRUE
"formula",184,"reflexivity","C.UTF-8",TRUE,TRUE,TRUE,TRUE
"formula",184,"unequal_control","C.UTF-8",FALSE,FALSE,FALSE,FALSE
"formula",185,"forward_equal","C.UTF-8",TRUE,FALSE,TRUE,TRUE
"formula",185,"reverse_equal","C.UTF-8",TRUE,FALSE,TRUE,TRUE
"formula",185,"reflexivity","C.UTF-8",TRUE,TRUE,TRUE,TRUE
"formula",185,"unequal_control","C.UTF-8",FALSE,FALSE,FALSE,FALSE
"formula",186,"forward_equal","C.UTF-8",TRUE,FALSE,TRUE,TRUE
"formula",186,"reverse_equal","C.UTF-8",TRUE,FALSE,TRUE,TRUE
"formula",186,"reflexivity","C.UTF-8",TRUE,TRUE,TRUE,TRUE
"formula",186,"unequal_control","C.UTF-8",FALSE,FALSE,FALSE,FALSE
"formula",187,"forward_equal","C.UTF-8",TRUE,FALSE,TRUE,TRUE
"formula",187,"reverse_equal","C.UTF-8",TRUE,FALSE,TRUE,TRUE
"formula",187,"reflexivity","C.UTF-8",TRUE,TRUE,TRUE,TRUE
"formula",187,"unequal_control","C.UTF-8",FALSE,FALSE,FALSE,FALSE
"formula",188,"forward_equal","C.UTF-8",TRUE,FALSE,TRUE,TRUE
"formula",188,"reverse_equal","C.UTF-8",TRUE,FALSE,TRUE,TRUE
"formula",188,"reflexivity","C.UTF-8",TRUE,TRUE,TRUE,TRUE
"formula",188,"unequal_control","C.UTF-8",FALSE,FALSE,FALSE,FALSE
"formula",189,"forward_equal","C.UTF-8",TRUE,FALSE,TRUE,TRUE
"formula",189,"reverse_equal","C.UTF-8",TRUE,FALSE,TRUE,TRUE
"formula",189,"reflexivity","C.UTF-8",TRUE,TRUE,TRUE,TRUE
"formula",189,"unequal_control","C.UTF-8",FALSE,FALSE,FALSE,FALSE
"formula",190,"forward_equal","C.UTF-8",TRUE,FALSE,TRUE,TRUE
"formula",190,"reverse_equal","C.UTF-8",TRUE,FALSE,TRUE,TRUE
"formula",190,"reflexivity","C.UTF-8",TRUE,TRUE,TRUE,TRUE
"formula",190,"unequal_control","C.UTF-8",FALSE,FALSE,FALSE,FALSE
"formula",191,"forward_equal","C.UTF-8",TRUE,FALSE,TRUE,TRUE
"formula",191,"reverse_equal","C.UTF-8",TRUE,FALSE,TRUE,TRUE
"formula",191,"reflexivity","C.UTF-8",TRUE,TRUE,TRUE,TRUE
"formula",191,"unequal_control","C.UTF-8",FALSE,FALSE,FALSE,FALSE
"formula",192,"forward_equal","C.UTF-8",TRUE,FALSE,TRUE,TRUE
"formula",192,"reverse_equal","C.UTF-8",TRUE,FALSE,TRUE,TRUE
"formula",192,"reflexivity","C.UTF-8",TRUE,TRUE,TRUE,TRUE
"formula",192,"unequal_control","C.UTF-8",FALSE,FALSE,FALSE,FALSE
"formula",193,"forward_equal","C.UTF-8",TRUE,FALSE,TRUE,TRUE
"formula",193,"reverse_equal","C.UTF-8",TRUE,FALSE,TRUE,TRUE
"formula",193,"reflexivity","C.UTF-8",TRUE,TRUE,TRUE,TRUE
"formula",193,"unequal_control","C.UTF-8",FALSE,FALSE,FALSE,FALSE
"formula",194,"forward_equal","C.UTF-8",TRUE,FALSE,TRUE,TRUE
"formula",194,"reverse_equal","C.UTF-8",TRUE,FALSE,TRUE,TRUE
"formula",194,"reflexivity","C.UTF-8",TRUE,TRUE,TRUE,TRUE
"formula",194,"unequal_control","C.UTF-8",FALSE,FALSE,FALSE,FALSE
"formula",195,"forward_equal","C.UTF-8",TRUE,FALSE,TRUE,TRUE
"formula",195,"reverse_equal","C.UTF-8",TRUE,FALSE,TRUE,TRUE
"formula",195,"reflexivity","C.UTF-8",TRUE,TRUE,TRUE,TRUE
"formula",195,"unequal_control","C.UTF-8",FALSE,FALSE,FALSE,FALSE
"formula",196,"forward_equal","C.UTF-8",TRUE,FALSE,TRUE,TRUE
"formula",196,"reverse_equal","C.UTF-8",TRUE,FALSE,TRUE,TRUE
"formula",196,"reflexivity","C.UTF-8",TRUE,TRUE,TRUE,TRUE
"formula",196,"unequal_control","C.UTF-8",FALSE,FALSE,FALSE,FALSE
"formula",197,"forward_equal","C.UTF-8",TRUE,FALSE,TRUE,TRUE
"formula",197,"reverse_equal","C.UTF-8",TRUE,FALSE,TRUE,TRUE
"formula",197,"reflexivity","C.UTF-8",TRUE,TRUE,TRUE,TRUE
"formula",197,"unequal_control","C.UTF-8",FALSE,FALSE,FALSE,FALSE
"formula",198,"forward_equal","C.UTF-8",TRUE,FALSE,TRUE,TRUE
"formula",198,"reverse_equal","C.UTF-8",TRUE,FALSE,TRUE,TRUE
"formula",198,"reflexivity","C.UTF-8",TRUE,TRUE,TRUE,TRUE
"formula",198,"unequal_control","C.UTF-8",FALSE,FALSE,FALSE,FALSE
"formula",199,"forward_equal","C.UTF-8",TRUE,FALSE,TRUE,TRUE
"formula",199,"reverse_equal","C.UTF-8",TRUE,FALSE,TRUE,TRUE
"formula",199,"reflexivity","C.UTF-8",TRUE,TRUE,TRUE,TRUE
"formula",199,"unequal_control","C.UTF-8",FALSE,FALSE,FALSE,FALSE
"formula",200,"forward_equal","C.UTF-8",TRUE,FALSE,TRUE,TRUE
"formula",200,"reverse_equal","C.UTF-8",TRUE,FALSE,TRUE,TRUE
"formula",200,"reflexivity","C.UTF-8",TRUE,TRUE,TRUE,TRUE
"formula",200,"unequal_control","C.UTF-8",FALSE,FALSE,FALSE,FALSE
"formula",201,"forward_equal","C.UTF-8",TRUE,FALSE,TRUE,TRUE
"formula",201,"reverse_equal","C.UTF-8",TRUE,FALSE,TRUE,TRUE
"formula",201,"reflexivity","C.UTF-8",TRUE,TRUE,TRUE,TRUE
"formula",201,"unequal_control","C.UTF-8",FALSE,FALSE,FALSE,FALSE
"formula",202,"forward_equal","C.UTF-8",TRUE,FALSE,TRUE,TRUE
"formula",202,"reverse_equal","C.UTF-8",TRUE,FALSE,TRUE,TRUE
"formula",202,"reflexivity","C.UTF-8",TRUE,TRUE,TRUE,TRUE
"formula",202,"unequal_control","C.UTF-8",FALSE,FALSE,FALSE,FALSE
"formula",203,"forward_equal","C.UTF-8",TRUE,FALSE,TRUE,TRUE
"formula",203,"reverse_equal","C.UTF-8",TRUE,FALSE,TRUE,TRUE
"formula",203,"reflexivity","C.UTF-8",TRUE,TRUE,TRUE,TRUE
"formula",203,"unequal_control","C.UTF-8",FALSE,FALSE,FALSE,FALSE
"formula",204,"forward_equal","C.UTF-8",TRUE,FALSE,TRUE,TRUE
"formula",204,"reverse_equal","C.UTF-8",TRUE,FALSE,TRUE,TRUE
"formula",204,"reflexivity","C.UTF-8",TRUE,TRUE,TRUE,TRUE
"formula",204,"unequal_control","C.UTF-8",FALSE,FALSE,FALSE,FALSE
"formula",205,"forward_equal","C.UTF-8",TRUE,FALSE,TRUE,TRUE
"formula",205,"reverse_equal","C.UTF-8",TRUE,FALSE,TRUE,TRUE
"formula",205,"reflexivity","C.UTF-8",TRUE,TRUE,TRUE,TRUE
"formula",205,"unequal_control","C.UTF-8",FALSE,FALSE,FALSE,FALSE
"formula",206,"forward_equal","C.UTF-8",TRUE,FALSE,TRUE,TRUE
"formula",206,"reverse_equal","C.UTF-8",TRUE,FALSE,TRUE,TRUE
"formula",206,"reflexivity","C.UTF-8",TRUE,TRUE,TRUE,TRUE
"formula",206,"unequal_control","C.UTF-8",FALSE,FALSE,FALSE,FALSE
"formula",207,"forward_equal","C.UTF-8",TRUE,FALSE,TRUE,TRUE
"formula",207,"reverse_equal","C.UTF-8",TRUE,FALSE,TRUE,TRUE
"formula",207,"reflexivity","C.UTF-8",TRUE,TRUE,TRUE,TRUE
"formula",207,"unequal_control","C.UTF-8",FALSE,FALSE,FALSE,FALSE
"formula",208,"forward_equal","C.UTF-8",TRUE,FALSE,TRUE,TRUE
"formula",208,"reverse_equal","C.UTF-8",TRUE,FALSE,TRUE,TRUE
"formula",208,"reflexivity","C.UTF-8",TRUE,TRUE,TRUE,TRUE
"formula",208,"unequal_control","C.UTF-8",FALSE,FALSE,FALSE,FALSE
"formula",209,"forward_equal","C.UTF-8",TRUE,FALSE,TRUE,TRUE
"formula",209,"reverse_equal","C.UTF-8",TRUE,FALSE,TRUE,TRUE
"formula",209,"reflexivity","C.UTF-8",TRUE,TRUE,TRUE,TRUE
"formula",209,"unequal_control","C.UTF-8",FALSE,FALSE,FALSE,FALSE
"formula",210,"forward_equal","C.UTF-8",TRUE,FALSE,TRUE,TRUE
"formula",210,"reverse_equal","C.UTF-8",TRUE,FALSE,TRUE,TRUE
"formula",210,"reflexivity","C.UTF-8",TRUE,TRUE,TRUE,TRUE
"formula",210,"unequal_control","C.UTF-8",FALSE,FALSE,FALSE,FALSE
"formula",211,"forward_equal","C.UTF-8",TRUE,FALSE,TRUE,TRUE
"formula",211,"reverse_equal","C.UTF-8",TRUE,FALSE,TRUE,TRUE
"formula",211,"reflexivity","C.UTF-8",TRUE,TRUE,TRUE,TRUE
"formula",211,"unequal_control","C.UTF-8",FALSE,FALSE,FALSE,FALSE
"formula",212,"forward_equal","C.UTF-8",TRUE,FALSE,TRUE,TRUE
"formula",212,"reverse_equal","C.UTF-8",TRUE,FALSE,TRUE,TRUE
"formula",212,"reflexivity","C.UTF-8",TRUE,TRUE,TRUE,TRUE
"formula",212,"unequal_control","C.UTF-8",FALSE,FALSE,FALSE,FALSE
"formula",213,"forward_equal","C.UTF-8",TRUE,FALSE,TRUE,TRUE
"formula",213,"reverse_equal","C.UTF-8",TRUE,FALSE,TRUE,TRUE
"formula",213,"reflexivity","C.UTF-8",TRUE,TRUE,TRUE,TRUE
"formula",213,"unequal_control","C.UTF-8",FALSE,FALSE,FALSE,FALSE
"formula",214,"forward_equal","C.UTF-8",TRUE,FALSE,TRUE,TRUE
"formula",214,"reverse_equal","C.UTF-8",TRUE,FALSE,TRUE,TRUE
"formula",214,"reflexivity","C.UTF-8",TRUE,TRUE,TRUE,TRUE
"formula",214,"unequal_control","C.UTF-8",FALSE,FALSE,FALSE,FALSE
"formula",215,"forward_equal","C.UTF-8",TRUE,FALSE,TRUE,TRUE
"formula",215,"reverse_equal","C.UTF-8",TRUE,FALSE,TRUE,TRUE
"formula",215,"reflexivity","C.UTF-8",TRUE,TRUE,TRUE,TRUE
"formula",215,"unequal_control","C.UTF-8",FALSE,FALSE,FALSE,FALSE
"formula",216,"forward_equal","C.UTF-8",TRUE,FALSE,TRUE,TRUE
"formula",216,"reverse_equal","C.UTF-8",TRUE,FALSE,TRUE,TRUE
"formula",216,"reflexivity","C.UTF-8",TRUE,TRUE,TRUE,TRUE
"formula",216,"unequal_control","C.UTF-8",FALSE,FALSE,FALSE,FALSE
"formula",217,"forward_equal","C.UTF-8",TRUE,FALSE,TRUE,TRUE
"formula",217,"reverse_equal","C.UTF-8",TRUE,FALSE,TRUE,TRUE
"formula",217,"reflexivity","C.UTF-8",TRUE,TRUE,TRUE,TRUE
"formula",217,"unequal_control","C.UTF-8",FALSE,FALSE,FALSE,FALSE
"formula",218,"forward_equal","C.UTF-8",TRUE,FALSE,TRUE,TRUE
"formula",218,"reverse_equal","C.UTF-8",TRUE,FALSE,TRUE,TRUE
"formula",218,"reflexivity","C.UTF-8",TRUE,TRUE,TRUE,TRUE
"formula",218,"unequal_control","C.UTF-8",FALSE,FALSE,FALSE,FALSE
"formula",219,"forward_equal","C.UTF-8",TRUE,FALSE,TRUE,TRUE
"formula",219,"reverse_equal","C.UTF-8",TRUE,FALSE,TRUE,TRUE
"formula",219,"reflexivity","C.UTF-8",TRUE,TRUE,TRUE,TRUE
"formula",219,"unequal_control","C.UTF-8",FALSE,FALSE,FALSE,FALSE
"formula",220,"forward_equal","C.UTF-8",TRUE,FALSE,TRUE,TRUE
"formula",220,"reverse_equal","C.UTF-8",TRUE,FALSE,TRUE,TRUE
"formula",220,"reflexivity","C.UTF-8",TRUE,TRUE,TRUE,TRUE
"formula",220,"unequal_control","C.UTF-8",FALSE,FALSE,FALSE,FALSE
"formula",221,"forward_equal","C.UTF-8",TRUE,FALSE,TRUE,TRUE
"formula",221,"reverse_equal","C.UTF-8",TRUE,FALSE,TRUE,TRUE
"formula",221,"reflexivity","C.UTF-8",TRUE,TRUE,TRUE,TRUE
"formula",221,"unequal_control","C.UTF-8",FALSE,FALSE,FALSE,FALSE
"formula",222,"forward_equal","C.UTF-8",TRUE,FALSE,TRUE,TRUE
"formula",222,"reverse_equal","C.UTF-8",TRUE,FALSE,TRUE,TRUE
"formula",222,"reflexivity","C.UTF-8",TRUE,TRUE,TRUE,TRUE
"formula",222,"unequal_control","C.UTF-8",FALSE,FALSE,FALSE,FALSE
"formula",223,"forward_equal","C.UTF-8",TRUE,FALSE,TRUE,TRUE
"formula",223,"reverse_equal","C.UTF-8",TRUE,FALSE,TRUE,TRUE
"formula",223,"reflexivity","C.UTF-8",TRUE,TRUE,TRUE,TRUE
"formula",223,"unequal_control","C.UTF-8",FALSE,FALSE,FALSE,FALSE
"formula",224,"forward_equal","C.UTF-8",TRUE,FALSE,TRUE,TRUE
"formula",224,"reverse_equal","C.UTF-8",TRUE,FALSE,TRUE,TRUE
"formula",224,"reflexivity","C.UTF-8",TRUE,TRUE,TRUE,TRUE
"formula",224,"unequal_control","C.UTF-8",FALSE,FALSE,FALSE,FALSE
"formula",225,"forward_equal","C.UTF-8",TRUE,FALSE,TRUE,TRUE
"formula",225,"reverse_equal","C.UTF-8",TRUE,FALSE,TRUE,TRUE
"formula",225,"reflexivity","C.UTF-8",TRUE,TRUE,TRUE,TRUE
"formula",225,"unequal_control","C.UTF-8",FALSE,FALSE,FALSE,FALSE
"formula",226,"forward_equal","C.UTF-8",TRUE,FALSE,TRUE,TRUE
"formula",226,"reverse_equal","C.UTF-8",TRUE,FALSE,TRUE,TRUE
"formula",226,"reflexivity","C.UTF-8",TRUE,TRUE,TRUE,TRUE
"formula",226,"unequal_control","C.UTF-8",FALSE,FALSE,FALSE,FALSE
"formula",227,"forward_equal","C.UTF-8",TRUE,FALSE,TRUE,TRUE
"formula",227,"reverse_equal","C.UTF-8",TRUE,FALSE,TRUE,TRUE
"formula",227,"reflexivity","C.UTF-8",TRUE,TRUE,TRUE,TRUE
"formula",227,"unequal_control","C.UTF-8",FALSE,FALSE,FALSE,FALSE
"formula",228,"forward_equal","C.UTF-8",TRUE,FALSE,TRUE,TRUE
"formula",228,"reverse_equal","C.UTF-8",TRUE,FALSE,TRUE,TRUE
"formula",228,"reflexivity","C.UTF-8",TRUE,TRUE,TRUE,TRUE
"formula",228,"unequal_control","C.UTF-8",FALSE,FALSE,FALSE,FALSE
"formula",229,"forward_equal","C.UTF-8",TRUE,FALSE,TRUE,TRUE
"formula",229,"reverse_equal","C.UTF-8",TRUE,FALSE,TRUE,TRUE
"formula",229,"reflexivity","C.UTF-8",TRUE,TRUE,TRUE,TRUE
"formula",229,"unequal_control","C.UTF-8",FALSE,FALSE,FALSE,FALSE
"formula",230,"forward_equal","C.UTF-8",TRUE,FALSE,TRUE,TRUE
"formula",230,"reverse_equal","C.UTF-8",TRUE,FALSE,TRUE,TRUE
"formula",230,"reflexivity","C.UTF-8",TRUE,TRUE,TRUE,TRUE
"formula",230,"unequal_control","C.UTF-8",FALSE,FALSE,FALSE,FALSE
"formula",231,"forward_equal","C.UTF-8",TRUE,FALSE,TRUE,TRUE
"formula",231,"reverse_equal","C.UTF-8",TRUE,FALSE,TRUE,TRUE
"formula",231,"reflexivity","C.UTF-8",TRUE,TRUE,TRUE,TRUE
"formula",231,"unequal_control","C.UTF-8",FALSE,FALSE,FALSE,FALSE
"formula",232,"forward_equal","C.UTF-8",TRUE,FALSE,TRUE,TRUE
"formula",232,"reverse_equal","C.UTF-8",TRUE,FALSE,TRUE,TRUE
"formula",232,"reflexivity","C.UTF-8",TRUE,TRUE,TRUE,TRUE
"formula",232,"unequal_control","C.UTF-8",FALSE,FALSE,FALSE,FALSE
"formula",233,"forward_equal","C.UTF-8",TRUE,FALSE,TRUE,TRUE
"formula",233,"reverse_equal","C.UTF-8",TRUE,FALSE,TRUE,TRUE
"formula",233,"reflexivity","C.UTF-8",TRUE,TRUE,TRUE,TRUE
"formula",233,"unequal_control","C.UTF-8",FALSE,FALSE,FALSE,FALSE
"formula",234,"forward_equal","C.UTF-8",TRUE,FALSE,TRUE,TRUE
"formula",234,"reverse_equal","C.UTF-8",TRUE,FALSE,TRUE,TRUE
"formula",234,"reflexivity","C.UTF-8",TRUE,TRUE,TRUE,TRUE
"formula",234,"unequal_control","C.UTF-8",FALSE,FALSE,FALSE,FALSE
"formula",235,"forward_equal","C.UTF-8",TRUE,FALSE,TRUE,TRUE
"formula",235,"reverse_equal","C.UTF-8",TRUE,FALSE,TRUE,TRUE
"formula",235,"reflexivity","C.UTF-8",TRUE,TRUE,TRUE,TRUE
"formula",235,"unequal_control","C.UTF-8",FALSE,FALSE,FALSE,FALSE
"formula",236,"forward_equal","C.UTF-8",TRUE,FALSE,TRUE,TRUE
"formula",236,"reverse_equal","C.UTF-8",TRUE,FALSE,TRUE,TRUE
"formula",236,"reflexivity","C.UTF-8",TRUE,TRUE,TRUE,TRUE
"formula",236,"unequal_control","C.UTF-8",FALSE,FALSE,FALSE,FALSE
"formula",237,"forward_equal","C.UTF-8",TRUE,FALSE,TRUE,TRUE
"formula",237,"reverse_equal","C.UTF-8",TRUE,FALSE,TRUE,TRUE
"formula",237,"reflexivity","C.UTF-8",TRUE,TRUE,TRUE,TRUE
"formula",237,"unequal_control","C.UTF-8",FALSE,FALSE,FALSE,FALSE
"formula",238,"forward_equal","C.UTF-8",TRUE,FALSE,TRUE,TRUE
"formula",238,"reverse_equal","C.UTF-8",TRUE,FALSE,TRUE,TRUE
"formula",238,"reflexivity","C.UTF-8",TRUE,TRUE,TRUE,TRUE
"formula",238,"unequal_control","C.UTF-8",FALSE,FALSE,FALSE,FALSE
"formula",239,"forward_equal","C.UTF-8",TRUE,FALSE,TRUE,TRUE
"formula",239,"reverse_equal","C.UTF-8",TRUE,FALSE,TRUE,TRUE
"formula",239,"reflexivity","C.UTF-8",TRUE,TRUE,TRUE,TRUE
"formula",239,"unequal_control","C.UTF-8",FALSE,FALSE,FALSE,FALSE
"formula",240,"forward_equal","C.UTF-8",TRUE,FALSE,TRUE,TRUE
"formula",240,"reverse_equal","C.UTF-8",TRUE,FALSE,TRUE,TRUE
"formula",240,"reflexivity","C.UTF-8",TRUE,TRUE,TRUE,TRUE
"formula",240,"unequal_control","C.UTF-8",FALSE,FALSE,FALSE,FALSE
"formula",241,"forward_equal","C.UTF-8",TRUE,FALSE,TRUE,TRUE
"formula",241,"reverse_equal","C.UTF-8",TRUE,FALSE,TRUE,TRUE
"formula",241,"reflexivity","C.UTF-8",TRUE,TRUE,TRUE,TRUE
"formula",241,"unequal_control","C.UTF-8",FALSE,FALSE,FALSE,FALSE
"formula",242,"forward_equal","C.UTF-8",TRUE,FALSE,TRUE,TRUE
"formula",242,"reverse_equal","C.UTF-8",TRUE,FALSE,TRUE,TRUE
"formula",242,"reflexivity","C.UTF-8",TRUE,TRUE,TRUE,TRUE
"formula",242,"unequal_control","C.UTF-8",FALSE,FALSE,FALSE,FALSE
"formula",243,"forward_equal","C.UTF-8",TRUE,FALSE,TRUE,TRUE
"formula",243,"reverse_equal","C.UTF-8",TRUE,FALSE,TRUE,TRUE
"formula",243,"reflexivity","C.UTF-8",TRUE,TRUE,TRUE,TRUE
"formula",243,"unequal_control","C.UTF-8",FALSE,FALSE,FALSE,FALSE
"formula",244,"forward_equal","C.UTF-8",TRUE,FALSE,TRUE,TRUE
"formula",244,"reverse_equal","C.UTF-8",TRUE,FALSE,TRUE,TRUE
"formula",244,"reflexivity","C.UTF-8",TRUE,TRUE,TRUE,TRUE
"formula",244,"unequal_control","C.UTF-8",FALSE,FALSE,FALSE,FALSE
"formula",245,"forward_equal","C.UTF-8",TRUE,FALSE,TRUE,TRUE
"formula",245,"reverse_equal","C.UTF-8",TRUE,FALSE,TRUE,TRUE
"formula",245,"reflexivity","C.UTF-8",TRUE,TRUE,TRUE,TRUE
"formula",245,"unequal_control","C.UTF-8",FALSE,FALSE,FALSE,FALSE
"formula",246,"forward_equal","C.UTF-8",TRUE,FALSE,TRUE,TRUE
"formula",246,"reverse_equal","C.UTF-8",TRUE,FALSE,TRUE,TRUE
"formula",246,"reflexivity","C.UTF-8",TRUE,TRUE,TRUE,TRUE
"formula",246,"unequal_control","C.UTF-8",FALSE,FALSE,FALSE,FALSE
"formula",247,"forward_equal","C.UTF-8",TRUE,FALSE,TRUE,TRUE
"formula",247,"reverse_equal","C.UTF-8",TRUE,FALSE,TRUE,TRUE
"formula",247,"reflexivity","C.UTF-8",TRUE,TRUE,TRUE,TRUE
"formula",247,"unequal_control","C.UTF-8",FALSE,FALSE,FALSE,FALSE
"formula",248,"forward_equal","C.UTF-8",TRUE,FALSE,TRUE,TRUE
"formula",248,"reverse_equal","C.UTF-8",TRUE,FALSE,TRUE,TRUE
"formula",248,"reflexivity","C.UTF-8",TRUE,TRUE,TRUE,TRUE
"formula",248,"unequal_control","C.UTF-8",FALSE,FALSE,FALSE,FALSE
"formula",249,"forward_equal","C.UTF-8",TRUE,FALSE,TRUE,TRUE
"formula",249,"reverse_equal","C.UTF-8",TRUE,FALSE,TRUE,TRUE
"formula",249,"reflexivity","C.UTF-8",TRUE,TRUE,TRUE,TRUE
"formula",249,"unequal_control","C.UTF-8",FALSE,FALSE,FALSE,FALSE
"formula",250,"forward_equal","C.UTF-8",TRUE,FALSE,TRUE,TRUE
"formula",250,"reverse_equal","C.UTF-8",TRUE,FALSE,TRUE,TRUE
"formula",250,"reflexivity","C.UTF-8",TRUE,TRUE,TRUE,TRUE
"formula",250,"unequal_control","C.UTF-8",FALSE,FALSE,FALSE,FALSE
"formula",251,"forward_equal","C.UTF-8",TRUE,FALSE,TRUE,TRUE
"formula",251,"reverse_equal","C.UTF-8",TRUE,FALSE,TRUE,TRUE
"formula",251,"reflexivity","C.UTF-8",TRUE,TRUE,TRUE,TRUE
"formula",251,"unequal_control","C.UTF-8",FALSE,FALSE,FALSE,FALSE
"formula",252,"forward_equal","C.UTF-8",TRUE,FALSE,TRUE,TRUE
"formula",252,"reverse_equal","C.UTF-8",TRUE,FALSE,TRUE,TRUE
"formula",252,"reflexivity","C.UTF-8",TRUE,TRUE,TRUE,TRUE
"formula",252,"unequal_control","C.UTF-8",FALSE,FALSE,FALSE,FALSE
"formula",253,"forward_equal","C.UTF-8",TRUE,FALSE,TRUE,TRUE
"formula",253,"reverse_equal","C.UTF-8",TRUE,FALSE,TRUE,TRUE
"formula",253,"reflexivity","C.UTF-8",TRUE,TRUE,TRUE,TRUE
"formula",253,"unequal_control","C.UTF-8",FALSE,FALSE,FALSE,FALSE
"formula",254,"forward_equal","C.UTF-8",TRUE,FALSE,TRUE,TRUE
"formula",254,"reverse_equal","C.UTF-8",TRUE,FALSE,TRUE,TRUE
"formula",254,"reflexivity","C.UTF-8",TRUE,TRUE,TRUE,TRUE
"formula",254,"unequal_control","C.UTF-8",FALSE,FALSE,FALSE,FALSE
"formula",255,"forward_equal","C.UTF-8",TRUE,FALSE,TRUE,TRUE
"formula",255,"reverse_equal","C.UTF-8",TRUE,FALSE,TRUE,TRUE
"formula",255,"reflexivity","C.UTF-8",TRUE,TRUE,TRUE,TRUE
"formula",255,"unequal_control","C.UTF-8",FALSE,FALSE,FALSE,FALSE
"formula",256,"forward_equal","C.UTF-8",TRUE,FALSE,TRUE,TRUE
"formula",256,"reverse_equal","C.UTF-8",TRUE,FALSE,TRUE,TRUE
"formula",256,"reflexivity","C.UTF-8",TRUE,TRUE,TRUE,TRUE
"formula",256,"unequal_control","C.UTF-8",FALSE,FALSE,FALSE,FALSE
"formula",257,"forward_equal","C.UTF-8",TRUE,FALSE,TRUE,TRUE
"formula",257,"reverse_equal","C.UTF-8",TRUE,FALSE,TRUE,TRUE
"formula",257,"reflexivity","C.UTF-8",TRUE,TRUE,TRUE,TRUE
"formula",257,"unequal_control","C.UTF-8",FALSE,FALSE,FALSE,FALSE
"formula",258,"forward_equal","C.UTF-8",TRUE,FALSE,TRUE,TRUE
"formula",258,"reverse_equal","C.UTF-8",TRUE,FALSE,TRUE,TRUE
"formula",258,"reflexivity","C.UTF-8",TRUE,TRUE,TRUE,TRUE
"formula",258,"unequal_control","C.UTF-8",FALSE,FALSE,FALSE,FALSE
"formula",259,"forward_equal","C.UTF-8",TRUE,FALSE,TRUE,TRUE
"formula",259,"reverse_equal","C.UTF-8",TRUE,FALSE,TRUE,TRUE
"formula",259,"reflexivity","C.UTF-8",TRUE,TRUE,TRUE,TRUE
"formula",259,"unequal_control","C.UTF-8",FALSE,FALSE,FALSE,FALSE
"formula",260,"forward_equal","C.UTF-8",TRUE,FALSE,TRUE,TRUE
"formula",260,"reverse_equal","C.UTF-8",TRUE,FALSE,TRUE,TRUE
"formula",260,"reflexivity","C.UTF-8",TRUE,TRUE,TRUE,TRUE
"formula",260,"unequal_control","C.UTF-8",FALSE,FALSE,FALSE,FALSE
"formula",261,"forward_equal","C.UTF-8",TRUE,FALSE,TRUE,TRUE
"formula",261,"reverse_equal","C.UTF-8",TRUE,FALSE,TRUE,TRUE
"formula",261,"reflexivity","C.UTF-8",TRUE,TRUE,TRUE,TRUE
"formula",261,"unequal_control","C.UTF-8",FALSE,FALSE,FALSE,FALSE
"formula",262,"forward_equal","C.UTF-8",TRUE,FALSE,TRUE,TRUE
"formula",262,"reverse_equal","C.UTF-8",TRUE,FALSE,TRUE,TRUE
"formula",262,"reflexivity","C.UTF-8",TRUE,TRUE,TRUE,TRUE
"formula",262,"unequal_control","C.UTF-8",FALSE,FALSE,FALSE,FALSE
"formula",263,"forward_equal","C.UTF-8",TRUE,FALSE,TRUE,TRUE
"formula",263,"reverse_equal","C.UTF-8",TRUE,FALSE,TRUE,TRUE
"formula",263,"reflexivity","C.UTF-8",TRUE,TRUE,TRUE,TRUE
"formula",263,"unequal_control","C.UTF-8",FALSE,FALSE,FALSE,FALSE
"formula",264,"forward_equal","C.UTF-8",TRUE,FALSE,TRUE,TRUE
"formula",264,"reverse_equal","C.UTF-8",TRUE,FALSE,TRUE,TRUE
"formula",264,"reflexivity","C.UTF-8",TRUE,TRUE,TRUE,TRUE
"formula",264,"unequal_control","C.UTF-8",FALSE,FALSE,FALSE,FALSE
"formula",265,"forward_equal","C.UTF-8",TRUE,FALSE,TRUE,TRUE
"formula",265,"reverse_equal","C.UTF-8",TRUE,FALSE,TRUE,TRUE
"formula",265,"reflexivity","C.UTF-8",TRUE,TRUE,TRUE,TRUE
"formula",265,"unequal_control","C.UTF-8",FALSE,FALSE,FALSE,FALSE
"formula",266,"forward_equal","C.UTF-8",TRUE,FALSE,TRUE,TRUE
"formula",266,"reverse_equal","C.UTF-8",TRUE,FALSE,TRUE,TRUE
"formula",266,"reflexivity","C.UTF-8",TRUE,TRUE,TRUE,TRUE
"formula",266,"unequal_control","C.UTF-8",FALSE,FALSE,FALSE,FALSE
"formula",267,"forward_equal","C.UTF-8",TRUE,FALSE,TRUE,TRUE
"formula",267,"reverse_equal","C.UTF-8",TRUE,FALSE,TRUE,TRUE
"formula",267,"reflexivity","C.UTF-8",TRUE,TRUE,TRUE,TRUE
"formula",267,"unequal_control","C.UTF-8",FALSE,FALSE,FALSE,FALSE
"formula",268,"forward_equal","C.UTF-8",TRUE,FALSE,TRUE,TRUE
"formula",268,"reverse_equal","C.UTF-8",TRUE,FALSE,TRUE,TRUE
"formula",268,"reflexivity","C.UTF-8",TRUE,TRUE,TRUE,TRUE
"formula",268,"unequal_control","C.UTF-8",FALSE,FALSE,FALSE,FALSE
"formula",269,"forward_equal","C.UTF-8",TRUE,FALSE,TRUE,TRUE
"formula",269,"reverse_equal","C.UTF-8",TRUE,FALSE,TRUE,TRUE
"formula",269,"reflexivity","C.UTF-8",TRUE,TRUE,TRUE,TRUE
"formula",269,"unequal_control","C.UTF-8",FALSE,FALSE,FALSE,FALSE
"formula",270,"forward_equal","C.UTF-8",TRUE,FALSE,TRUE,TRUE
"formula",270,"reverse_equal","C.UTF-8",TRUE,FALSE,TRUE,TRUE
"formula",270,"reflexivity","C.UTF-8",TRUE,TRUE,TRUE,TRUE
"formula",270,"unequal_control","C.UTF-8",FALSE,FALSE,FALSE,FALSE
"formula",271,"forward_equal","C.UTF-8",TRUE,FALSE,TRUE,TRUE
"formula",271,"reverse_equal","C.UTF-8",TRUE,FALSE,TRUE,TRUE
"formula",271,"reflexivity","C.UTF-8",TRUE,TRUE,TRUE,TRUE
"formula",271,"unequal_control","C.UTF-8",FALSE,FALSE,FALSE,FALSE
"formula",272,"forward_equal","C.UTF-8",TRUE,FALSE,TRUE,TRUE
"formula",272,"reverse_equal","C.UTF-8",TRUE,FALSE,TRUE,TRUE
"formula",272,"reflexivity","C.UTF-8",TRUE,TRUE,TRUE,TRUE
"formula",272,"unequal_control","C.UTF-8",FALSE,FALSE,FALSE,FALSE
"formula",273,"forward_equal","C.UTF-8",TRUE,FALSE,TRUE,TRUE
"formula",273,"reverse_equal","C.UTF-8",TRUE,FALSE,TRUE,TRUE
"formula",273,"reflexivity","C.UTF-8",TRUE,TRUE,TRUE,TRUE
"formula",273,"unequal_control","C.UTF-8",FALSE,FALSE,FALSE,FALSE
"formula",274,"forward_equal","C.UTF-8",TRUE,FALSE,TRUE,TRUE
"formula",274,"reverse_equal","C.UTF-8",TRUE,FALSE,TRUE,TRUE
"formula",274,"reflexivity","C.UTF-8",TRUE,TRUE,TRUE,TRUE
"formula",274,"unequal_control","C.UTF-8",FALSE,FALSE,FALSE,FALSE
"formula",275,"forward_equal","C.UTF-8",TRUE,FALSE,TRUE,TRUE
"formula",275,"reverse_equal","C.UTF-8",TRUE,FALSE,TRUE,TRUE
"formula",275,"reflexivity","C.UTF-8",TRUE,TRUE,TRUE,TRUE
"formula",275,"unequal_control","C.UTF-8",FALSE,FALSE,FALSE,FALSE
"formula",276,"forward_equal","C.UTF-8",TRUE,FALSE,TRUE,TRUE
"formula",276,"reverse_equal","C.UTF-8",TRUE,FALSE,TRUE,TRUE
"formula",276,"reflexivity","C.UTF-8",TRUE,TRUE,TRUE,TRUE
"formula",276,"unequal_control","C.UTF-8",FALSE,FALSE,FALSE,FALSE
"formula",277,"forward_equal","C.UTF-8",TRUE,FALSE,TRUE,TRUE
"formula",277,"reverse_equal","C.UTF-8",TRUE,FALSE,TRUE,TRUE
"formula",277,"reflexivity","C.UTF-8",TRUE,TRUE,TRUE,TRUE
"formula",277,"unequal_control","C.UTF-8",FALSE,FALSE,FALSE,FALSE
"formula",278,"forward_equal","C.UTF-8",TRUE,FALSE,TRUE,TRUE
"formula",278,"reverse_equal","C.UTF-8",TRUE,FALSE,TRUE,TRUE
"formula",278,"reflexivity","C.UTF-8",TRUE,TRUE,TRUE,TRUE
"formula",278,"unequal_control","C.UTF-8",FALSE,FALSE,FALSE,FALSE
"formula",279,"forward_equal","C.UTF-8",TRUE,FALSE,TRUE,TRUE
"formula",279,"reverse_equal","C.UTF-8",TRUE,FALSE,TRUE,TRUE
"formula",279,"reflexivity","C.UTF-8",TRUE,TRUE,TRUE,TRUE
"formula",279,"unequal_control","C.UTF-8",FALSE,FALSE,FALSE,FALSE
"formula",280,"forward_equal","C.UTF-8",TRUE,FALSE,TRUE,TRUE
"formula",280,"reverse_equal","C.UTF-8",TRUE,FALSE,TRUE,TRUE
"formula",280,"reflexivity","C.UTF-8",TRUE,TRUE,TRUE,TRUE
"formula",280,"unequal_control","C.UTF-8",FALSE,FALSE,FALSE,FALSE
"formula",281,"forward_equal","C.UTF-8",TRUE,FALSE,TRUE,TRUE
"formula",281,"reverse_equal","C.UTF-8",TRUE,FALSE,TRUE,TRUE
"formula",281,"reflexivity","C.UTF-8",TRUE,TRUE,TRUE,TRUE
"formula",281,"unequal_control","C.UTF-8",FALSE,FALSE,FALSE,FALSE
"formula",282,"forward_equal","C.UTF-8",TRUE,FALSE,TRUE,TRUE
"formula",282,"reverse_equal","C.UTF-8",TRUE,FALSE,TRUE,TRUE
"formula",282,"reflexivity","C.UTF-8",TRUE,TRUE,TRUE,TRUE
"formula",282,"unequal_control","C.UTF-8",FALSE,FALSE,FALSE,FALSE
"formula",283,"forward_equal","C.UTF-8",TRUE,FALSE,TRUE,TRUE
"formula",283,"reverse_equal","C.UTF-8",TRUE,FALSE,TRUE,TRUE
"formula",283,"reflexivity","C.UTF-8",TRUE,TRUE,TRUE,TRUE
"formula",283,"unequal_control","C.UTF-8",FALSE,FALSE,FALSE,FALSE
"formula",284,"forward_equal","C.UTF-8",TRUE,FALSE,TRUE,TRUE
"formula",284,"reverse_equal","C.UTF-8",TRUE,FALSE,TRUE,TRUE
"formula",284,"reflexivity","C.UTF-8",TRUE,TRUE,TRUE,TRUE
"formula",284,"unequal_control","C.UTF-8",FALSE,FALSE,FALSE,FALSE
"formula",285,"forward_equal","C.UTF-8",TRUE,FALSE,TRUE,TRUE
"formula",285,"reverse_equal","C.UTF-8",TRUE,FALSE,TRUE,TRUE
"formula",285,"reflexivity","C.UTF-8",TRUE,TRUE,TRUE,TRUE
"formula",285,"unequal_control","C.UTF-8",FALSE,FALSE,FALSE,FALSE
"formula",286,"forward_equal","C.UTF-8",TRUE,FALSE,TRUE,TRUE
"formula",286,"reverse_equal","C.UTF-8",TRUE,FALSE,TRUE,TRUE
"formula",286,"reflexivity","C.UTF-8",TRUE,TRUE,TRUE,TRUE
"formula",286,"unequal_control","C.UTF-8",FALSE,FALSE,FALSE,FALSE
"formula",287,"forward_equal","C.UTF-8",TRUE,FALSE,TRUE,TRUE
"formula",287,"reverse_equal","C.UTF-8",TRUE,FALSE,TRUE,TRUE
"formula",287,"reflexivity","C.UTF-8",TRUE,TRUE,TRUE,TRUE
"formula",287,"unequal_control","C.UTF-8",FALSE,FALSE,FALSE,FALSE
"formula",288,"forward_equal","C.UTF-8",TRUE,FALSE,TRUE,TRUE
"formula",288,"reverse_equal","C.UTF-8",TRUE,FALSE,TRUE,TRUE
"formula",288,"reflexivity","C.UTF-8",TRUE,TRUE,TRUE,TRUE
"formula",288,"unequal_control","C.UTF-8",FALSE,FALSE,FALSE,FALSE
"formula",289,"forward_equal","C.UTF-8",TRUE,FALSE,TRUE,TRUE
"formula",289,"reverse_equal","C.UTF-8",TRUE,FALSE,TRUE,TRUE
"formula",289,"reflexivity","C.UTF-8",TRUE,TRUE,TRUE,TRUE
"formula",289,"unequal_control","C.UTF-8",FALSE,FALSE,FALSE,FALSE
"formula",290,"forward_equal","C.UTF-8",TRUE,FALSE,TRUE,TRUE
"formula",290,"reverse_equal","C.UTF-8",TRUE,FALSE,TRUE,TRUE
"formula",290,"reflexivity","C.UTF-8",TRUE,TRUE,TRUE,TRUE
"formula",290,"unequal_control","C.UTF-8",FALSE,FALSE,FALSE,FALSE
"formula",291,"forward_equal","C.UTF-8",TRUE,FALSE,TRUE,TRUE
"formula",291,"reverse_equal","C.UTF-8",TRUE,FALSE,TRUE,TRUE
"formula",291,"reflexivity","C.UTF-8",TRUE,TRUE,TRUE,TRUE
"formula",291,"unequal_control","C.UTF-8",FALSE,FALSE,FALSE,FALSE
"formula",292,"forward_equal","C.UTF-8",TRUE,FALSE,TRUE,TRUE
"formula",292,"reverse_equal","C.UTF-8",TRUE,FALSE,TRUE,TRUE
"formula",292,"reflexivity","C.UTF-8",TRUE,TRUE,TRUE,TRUE
"formula",292,"unequal_control","C.UTF-8",FALSE,FALSE,FALSE,FALSE
"formula",293,"forward_equal","C.UTF-8",TRUE,FALSE,TRUE,TRUE
"formula",293,"reverse_equal","C.UTF-8",TRUE,FALSE,TRUE,TRUE
"formula",293,"reflexivity","C.UTF-8",TRUE,TRUE,TRUE,TRUE
"formula",293,"unequal_control","C.UTF-8",FALSE,FALSE,FALSE,FALSE
"formula",294,"forward_equal","C.UTF-8",TRUE,FALSE,TRUE,TRUE
"formula",294,"reverse_equal","C.UTF-8",TRUE,FALSE,TRUE,TRUE
"formula",294,"reflexivity","C.UTF-8",TRUE,TRUE,TRUE,TRUE
"formula",294,"unequal_control","C.UTF-8",FALSE,FALSE,FALSE,FALSE
"formula",295,"forward_equal","C.UTF-8",TRUE,FALSE,TRUE,TRUE
"formula",295,"reverse_equal","C.UTF-8",TRUE,FALSE,TRUE,TRUE
"formula",295,"reflexivity","C.UTF-8",TRUE,TRUE,TRUE,TRUE
"formula",295,"unequal_control","C.UTF-8",FALSE,FALSE,FALSE,FALSE
"formula",296,"forward_equal","C.UTF-8",TRUE,FALSE,TRUE,TRUE
"formula",296,"reverse_equal","C.UTF-8",TRUE,FALSE,TRUE,TRUE
"formula",296,"reflexivity","C.UTF-8",TRUE,TRUE,TRUE,TRUE
"formula",296,"unequal_control","C.UTF-8",FALSE,FALSE,FALSE,FALSE
"formula",297,"forward_equal","C.UTF-8",TRUE,FALSE,TRUE,TRUE
"formula",297,"reverse_equal","C.UTF-8",TRUE,FALSE,TRUE,TRUE
"formula",297,"reflexivity","C.UTF-8",TRUE,TRUE,TRUE,TRUE
"formula",297,"unequal_control","C.UTF-8",FALSE,FALSE,FALSE,FALSE
"formula",298,"forward_equal","C.UTF-8",TRUE,FALSE,TRUE,TRUE
"formula",298,"reverse_equal","C.UTF-8",TRUE,FALSE,TRUE,TRUE
"formula",298,"reflexivity","C.UTF-8",TRUE,TRUE,TRUE,TRUE
"formula",298,"unequal_control","C.UTF-8",FALSE,FALSE,FALSE,FALSE
"formula",299,"forward_equal","C.UTF-8",TRUE,FALSE,TRUE,TRUE
"formula",299,"reverse_equal","C.UTF-8",TRUE,FALSE,TRUE,TRUE
"formula",299,"reflexivity","C.UTF-8",TRUE,TRUE,TRUE,TRUE
"formula",299,"unequal_control","C.UTF-8",FALSE,FALSE,FALSE,FALSE
"formula",300,"forward_equal","C.UTF-8",TRUE,FALSE,TRUE,TRUE
"formula",300,"reverse_equal","C.UTF-8",TRUE,FALSE,TRUE,TRUE
"formula",300,"reflexivity","C.UTF-8",TRUE,TRUE,TRUE,TRUE
"formula",300,"unequal_control","C.UTF-8",FALSE,FALSE,FALSE,FALSE
"formula",301,"forward_equal","C.UTF-8",TRUE,FALSE,TRUE,TRUE
"formula",301,"reverse_equal","C.UTF-8",TRUE,FALSE,TRUE,TRUE
"formula",301,"reflexivity","C.UTF-8",TRUE,TRUE,TRUE,TRUE
"formula",301,"unequal_control","C.UTF-8",FALSE,FALSE,FALSE,FALSE
"formula",302,"forward_equal","C.UTF-8",TRUE,FALSE,TRUE,TRUE
"formula",302,"reverse_equal","C.UTF-8",TRUE,FALSE,TRUE,TRUE
"formula",302,"reflexivity","C.UTF-8",TRUE,TRUE,TRUE,TRUE
"formula",302,"unequal_control","C.UTF-8",FALSE,FALSE,FALSE,FALSE
"formula",303,"forward_equal","C.UTF-8",TRUE,FALSE,TRUE,TRUE
"formula",303,"reverse_equal","C.UTF-8",TRUE,FALSE,TRUE,TRUE
"formula",303,"reflexivity","C.UTF-8",TRUE,TRUE,TRUE,TRUE
"formula",303,"unequal_control","C.UTF-8",FALSE,FALSE,FALSE,FALSE
"formula",304,"forward_equal","C.UTF-8",TRUE,FALSE,TRUE,TRUE
"formula",304,"reverse_equal","C.UTF-8",TRUE,FALSE,TRUE,TRUE
"formula",304,"reflexivity","C.UTF-8",TRUE,TRUE,TRUE,TRUE
"formula",304,"unequal_control","C.UTF-8",FALSE,FALSE,FALSE,FALSE
"formula",305,"forward_equal","C.UTF-8",TRUE,FALSE,TRUE,TRUE
"formula",305,"reverse_equal","C.UTF-8",TRUE,FALSE,TRUE,TRUE
"formula",305,"reflexivity","C.UTF-8",TRUE,TRUE,TRUE,TRUE
"formula",305,"unequal_control","C.UTF-8",FALSE,FALSE,FALSE,FALSE
"formula",306,"forward_equal","C.UTF-8",TRUE,FALSE,TRUE,TRUE
"formula",306,"reverse_equal","C.UTF-8",TRUE,FALSE,TRUE,TRUE
"formula",306,"reflexivity","C.UTF-8",TRUE,TRUE,TRUE,TRUE
"formula",306,"unequal_control","C.UTF-8",FALSE,FALSE,FALSE,FALSE
"formula",307,"forward_equal","C.UTF-8",TRUE,FALSE,TRUE,TRUE
"formula",307,"reverse_equal","C.UTF-8",TRUE,FALSE,TRUE,TRUE
"formula",307,"reflexivity","C.UTF-8",TRUE,TRUE,TRUE,TRUE
"formula",307,"unequal_control","C.UTF-8",FALSE,FALSE,FALSE,FALSE
"formula",308,"forward_equal","C.UTF-8",TRUE,FALSE,TRUE,TRUE
"formula",308,"reverse_equal","C.UTF-8",TRUE,FALSE,TRUE,TRUE
"formula",308,"reflexivity","C.UTF-8",TRUE,TRUE,TRUE,TRUE
"formula",308,"unequal_control","C.UTF-8",FALSE,FALSE,FALSE,FALSE
"formula",309,"forward_equal","C.UTF-8",TRUE,FALSE,TRUE,TRUE
"formula",309,"reverse_equal","C.UTF-8",TRUE,FALSE,TRUE,TRUE
"formula",309,"reflexivity","C.UTF-8",TRUE,TRUE,TRUE,TRUE
"formula",309,"unequal_control","C.UTF-8",FALSE,FALSE,FALSE,FALSE
"formula",310,"forward_equal","C.UTF-8",TRUE,FALSE,TRUE,TRUE
"formula",310,"reverse_equal","C.UTF-8",TRUE,FALSE,TRUE,TRUE
"formula",310,"reflexivity","C.UTF-8",TRUE,TRUE,TRUE,TRUE
"formula",310,"unequal_control","C.UTF-8",FALSE,FALSE,FALSE,FALSE
"formula",311,"forward_equal","C.UTF-8",TRUE,FALSE,TRUE,TRUE
"formula",311,"reverse_equal","C.UTF-8",TRUE,FALSE,TRUE,TRUE
"formula",311,"reflexivity","C.UTF-8",TRUE,TRUE,TRUE,TRUE
"formula",311,"unequal_control","C.UTF-8",FALSE,FALSE,FALSE,FALSE
"formula",312,"forward_equal","C.UTF-8",TRUE,FALSE,TRUE,TRUE
"formula",312,"reverse_equal","C.UTF-8",TRUE,FALSE,TRUE,TRUE
"formula",312,"reflexivity","C.UTF-8",TRUE,TRUE,TRUE,TRUE
"formula",312,"unequal_control","C.UTF-8",FALSE,FALSE,FALSE,FALSE
"formula",313,"forward_equal","C.UTF-8",TRUE,FALSE,TRUE,TRUE
"formula",313,"reverse_equal","C.UTF-8",TRUE,FALSE,TRUE,TRUE
"formula",313,"reflexivity","C.UTF-8",TRUE,TRUE,TRUE,TRUE
"formula",313,"unequal_control","C.UTF-8",FALSE,FALSE,FALSE,FALSE
"formula",314,"forward_equal","C.UTF-8",TRUE,FALSE,TRUE,TRUE
"formula",314,"reverse_equal","C.UTF-8",TRUE,FALSE,TRUE,TRUE
"formula",314,"reflexivity","C.UTF-8",TRUE,TRUE,TRUE,TRUE
"formula",314,"unequal_control","C.UTF-8",FALSE,FALSE,FALSE,FALSE
"formula",315,"forward_equal","C.UTF-8",TRUE,FALSE,TRUE,TRUE
"formula",315,"reverse_equal","C.UTF-8",TRUE,FALSE,TRUE,TRUE
"formula",315,"reflexivity","C.UTF-8",TRUE,TRUE,TRUE,TRUE
"formula",315,"unequal_control","C.UTF-8",FALSE,FALSE,FALSE,FALSE
"formula",316,"forward_equal","C.UTF-8",TRUE,FALSE,TRUE,TRUE
"formula",316,"reverse_equal","C.UTF-8",TRUE,FALSE,TRUE,TRUE
"formula",316,"reflexivity","C.UTF-8",TRUE,TRUE,TRUE,TRUE
"formula",316,"unequal_control","C.UTF-8",FALSE,FALSE,FALSE,FALSE
"formula",317,"forward_equal","C.UTF-8",TRUE,FALSE,TRUE,TRUE
"formula",317,"reverse_equal","C.UTF-8",TRUE,FALSE,TRUE,TRUE
"formula",317,"reflexivity","C.UTF-8",TRUE,TRUE,TRUE,TRUE
"formula",317,"unequal_control","C.UTF-8",FALSE,FALSE,FALSE,FALSE
"formula",318,"forward_equal","C.UTF-8",TRUE,FALSE,TRUE,TRUE
"formula",318,"reverse_equal","C.UTF-8",TRUE,FALSE,TRUE,TRUE
"formula",318,"reflexivity","C.UTF-8",TRUE,TRUE,TRUE,TRUE
"formula",318,"unequal_control","C.UTF-8",FALSE,FALSE,FALSE,FALSE
"formula",319,"forward_equal","C.UTF-8",TRUE,FALSE,TRUE,TRUE
"formula",319,"reverse_equal","C.UTF-8",TRUE,FALSE,TRUE,TRUE
"formula",319,"reflexivity","C.UTF-8",TRUE,TRUE,TRUE,TRUE
"formula",319,"unequal_control","C.UTF-8",FALSE,FALSE,FALSE,FALSE
"formula",320,"forward_equal","C.UTF-8",TRUE,FALSE,TRUE,TRUE
"formula",320,"reverse_equal","C.UTF-8",TRUE,FALSE,TRUE,TRUE
"formula",320,"reflexivity","C.UTF-8",TRUE,TRUE,TRUE,TRUE
"formula",320,"unequal_control","C.UTF-8",FALSE,FALSE,FALSE,FALSE
"formula",321,"forward_equal","C.UTF-8",TRUE,FALSE,TRUE,TRUE
"formula",321,"reverse_equal","C.UTF-8",TRUE,FALSE,TRUE,TRUE
"formula",321,"reflexivity","C.UTF-8",TRUE,TRUE,TRUE,TRUE
"formula",321,"unequal_control","C.UTF-8",FALSE,FALSE,FALSE,FALSE
"formula",322,"forward_equal","C.UTF-8",TRUE,FALSE,TRUE,TRUE
"formula",322,"reverse_equal","C.UTF-8",TRUE,FALSE,TRUE,TRUE
"formula",322,"reflexivity","C.UTF-8",TRUE,TRUE,TRUE,TRUE
"formula",322,"unequal_control","C.UTF-8",FALSE,FALSE,FALSE,FALSE
"formula",323,"forward_equal","C.UTF-8",TRUE,FALSE,TRUE,TRUE
"formula",323,"reverse_equal","C.UTF-8",TRUE,FALSE,TRUE,TRUE
"formula",323,"reflexivity","C.UTF-8",TRUE,TRUE,TRUE,TRUE
"formula",323,"unequal_control","C.UTF-8",FALSE,FALSE,FALSE,FALSE
"formula",324,"forward_equal","C.UTF-8",TRUE,FALSE,TRUE,TRUE
"formula",324,"reverse_equal","C.UTF-8",TRUE,FALSE,TRUE,TRUE
"formula",324,"reflexivity","C.UTF-8",TRUE,TRUE,TRUE,TRUE
"formula",324,"unequal_control","C.UTF-8",FALSE,FALSE,FALSE,FALSE
"formula",325,"forward_equal","C.UTF-8",TRUE,FALSE,TRUE,TRUE
"formula",325,"reverse_equal","C.UTF-8",TRUE,FALSE,TRUE,TRUE
"formula",325,"reflexivity","C.UTF-8",TRUE,TRUE,TRUE,TRUE
"formula",325,"unequal_control","C.UTF-8",FALSE,FALSE,FALSE,FALSE
"formula",326,"forward_equal","C.UTF-8",TRUE,FALSE,TRUE,TRUE
"formula",326,"reverse_equal","C.UTF-8",TRUE,FALSE,TRUE,TRUE
"formula",326,"reflexivity","C.UTF-8",TRUE,TRUE,TRUE,TRUE
"formula",326,"unequal_control","C.UTF-8",FALSE,FALSE,FALSE,FALSE
"formula",327,"forward_equal","C.UTF-8",TRUE,FALSE,TRUE,TRUE
"formula",327,"reverse_equal","C.UTF-8",TRUE,FALSE,TRUE,TRUE
"formula",327,"reflexivity","C.UTF-8",TRUE,TRUE,TRUE,TRUE
"formula",327,"unequal_control","C.UTF-8",FALSE,FALSE,FALSE,FALSE
"formula",328,"forward_equal","C.UTF-8",TRUE,FALSE,TRUE,TRUE
"formula",328,"reverse_equal","C.UTF-8",TRUE,FALSE,TRUE,TRUE
"formula",328,"reflexivity","C.UTF-8",TRUE,TRUE,TRUE,TRUE
"formula",328,"unequal_control","C.UTF-8",FALSE,FALSE,FALSE,FALSE
"formula",329,"forward_equal","C.UTF-8",TRUE,FALSE,TRUE,TRUE
"formula",329,"reverse_equal","C.UTF-8",TRUE,FALSE,TRUE,TRUE
"formula",329,"reflexivity","C.UTF-8",TRUE,TRUE,TRUE,TRUE
"formula",329,"unequal_control","C.UTF-8",FALSE,FALSE,FALSE,FALSE
"formula",330,"forward_equal","C.UTF-8",TRUE,FALSE,TRUE,TRUE
"formula",330,"reverse_equal","C.UTF-8",TRUE,FALSE,TRUE,TRUE
"formula",330,"reflexivity","C.UTF-8",TRUE,TRUE,TRUE,TRUE
"formula",330,"unequal_control","C.UTF-8",FALSE,FALSE,FALSE,FALSE
"formula",331,"forward_equal","C.UTF-8",TRUE,FALSE,TRUE,TRUE
"formula",331,"reverse_equal","C.UTF-8",TRUE,FALSE,TRUE,TRUE
"formula",331,"reflexivity","C.UTF-8",TRUE,TRUE,TRUE,TRUE
"formula",331,"unequal_control","C.UTF-8",FALSE,FALSE,FALSE,FALSE
"formula",332,"forward_equal","C.UTF-8",TRUE,FALSE,TRUE,TRUE
"formula",332,"reverse_equal","C.UTF-8",TRUE,FALSE,TRUE,TRUE
"formula",332,"reflexivity","C.UTF-8",TRUE,TRUE,TRUE,TRUE
"formula",332,"unequal_control","C.UTF-8",FALSE,FALSE,FALSE,FALSE
"formula",333,"forward_equal","C.UTF-8",TRUE,FALSE,TRUE,TRUE
"formula",333,"reverse_equal","C.UTF-8",TRUE,FALSE,TRUE,TRUE
"formula",333,"reflexivity","C.UTF-8",TRUE,TRUE,TRUE,TRUE
"formula",333,"unequal_control","C.UTF-8",FALSE,FALSE,FALSE,FALSE
"formula",334,"forward_equal","C.UTF-8",TRUE,FALSE,TRUE,TRUE
"formula",334,"reverse_equal","C.UTF-8",TRUE,FALSE,TRUE,TRUE
"formula",334,"reflexivity","C.UTF-8",TRUE,TRUE,TRUE,TRUE
"formula",334,"unequal_control","C.UTF-8",FALSE,FALSE,FALSE,FALSE
"formula",335,"forward_equal","C.UTF-8",TRUE,FALSE,TRUE,TRUE
"formula",335,"reverse_equal","C.UTF-8",TRUE,FALSE,TRUE,TRUE
"formula",335,"reflexivity","C.UTF-8",TRUE,TRUE,TRUE,TRUE
"formula",335,"unequal_control","C.UTF-8",FALSE,FALSE,FALSE,FALSE
"formula",336,"forward_equal","C.UTF-8",TRUE,FALSE,TRUE,TRUE
"formula",336,"reverse_equal","C.UTF-8",TRUE,FALSE,TRUE,TRUE
"formula",336,"reflexivity","C.UTF-8",TRUE,TRUE,TRUE,TRUE
"formula",336,"unequal_control","C.UTF-8",FALSE,FALSE,FALSE,FALSE
"formula",337,"forward_equal","C.UTF-8",TRUE,FALSE,TRUE,TRUE
"formula",337,"reverse_equal","C.UTF-8",TRUE,FALSE,TRUE,TRUE
"formula",337,"reflexivity","C.UTF-8",TRUE,TRUE,TRUE,TRUE
"formula",337,"unequal_control","C.UTF-8",FALSE,FALSE,FALSE,FALSE
"formula",338,"forward_equal","C.UTF-8",TRUE,FALSE,TRUE,TRUE
"formula",338,"reverse_equal","C.UTF-8",TRUE,FALSE,TRUE,TRUE
"formula",338,"reflexivity","C.UTF-8",TRUE,TRUE,TRUE,TRUE
"formula",338,"unequal_control","C.UTF-8",FALSE,FALSE,FALSE,FALSE
"formula",339,"forward_equal","C.UTF-8",TRUE,FALSE,TRUE,TRUE
"formula",339,"reverse_equal","C.UTF-8",TRUE,FALSE,TRUE,TRUE
"formula",339,"reflexivity","C.UTF-8",TRUE,TRUE,TRUE,TRUE
"formula",339,"unequal_control","C.UTF-8",FALSE,FALSE,FALSE,FALSE
"formula",340,"forward_equal","C.UTF-8",TRUE,FALSE,TRUE,TRUE
"formula",340,"reverse_equal","C.UTF-8",TRUE,FALSE,TRUE,TRUE
"formula",340,"reflexivity","C.UTF-8",TRUE,TRUE,TRUE,TRUE
"formula",340,"unequal_control","C.UTF-8",FALSE,FALSE,FALSE,FALSE
"formula",341,"forward_equal","C.UTF-8",TRUE,FALSE,TRUE,TRUE
"formula",341,"reverse_equal","C.UTF-8",TRUE,FALSE,TRUE,TRUE
"formula",341,"reflexivity","C.UTF-8",TRUE,TRUE,TRUE,TRUE
"formula",341,"unequal_control","C.UTF-8",FALSE,FALSE,FALSE,FALSE
"formula",342,"forward_equal","C.UTF-8",TRUE,FALSE,TRUE,TRUE
"formula",342,"reverse_equal","C.UTF-8",TRUE,FALSE,TRUE,TRUE
"formula",342,"reflexivity","C.UTF-8",TRUE,TRUE,TRUE,TRUE
"formula",342,"unequal_control","C.UTF-8",FALSE,FALSE,FALSE,FALSE
"formula",343,"forward_equal","C.UTF-8",TRUE,FALSE,TRUE,TRUE
"formula",343,"reverse_equal","C.UTF-8",TRUE,FALSE,TRUE,TRUE
"formula",343,"reflexivity","C.UTF-8",TRUE,TRUE,TRUE,TRUE
"formula",343,"unequal_control","C.UTF-8",FALSE,FALSE,FALSE,FALSE
"formula",344,"forward_equal","C.UTF-8",TRUE,FALSE,TRUE,TRUE
"formula",344,"reverse_equal","C.UTF-8",TRUE,FALSE,TRUE,TRUE
"formula",344,"reflexivity","C.UTF-8",TRUE,TRUE,TRUE,TRUE
"formula",344,"unequal_control","C.UTF-8",FALSE,FALSE,FALSE,FALSE
"formula",345,"forward_equal","C.UTF-8",TRUE,FALSE,TRUE,TRUE
"formula",345,"reverse_equal","C.UTF-8",TRUE,FALSE,TRUE,TRUE
"formula",345,"reflexivity","C.UTF-8",TRUE,TRUE,TRUE,TRUE
"formula",345,"unequal_control","C.UTF-8",FALSE,FALSE,FALSE,FALSE
"formula",346,"forward_equal","C.UTF-8",TRUE,FALSE,TRUE,TRUE
"formula",346,"reverse_equal","C.UTF-8",TRUE,FALSE,TRUE,TRUE
"formula",346,"reflexivity","C.UTF-8",TRUE,TRUE,TRUE,TRUE
"formula",346,"unequal_control","C.UTF-8",FALSE,FALSE,FALSE,FALSE
"formula",347,"forward_equal","C.UTF-8",TRUE,FALSE,TRUE,TRUE
"formula",347,"reverse_equal","C.UTF-8",TRUE,FALSE,TRUE,TRUE
"formula",347,"reflexivity","C.UTF-8",TRUE,TRUE,TRUE,TRUE
"formula",347,"unequal_control","C.UTF-8",FALSE,FALSE,FALSE,FALSE
"formula",348,"forward_equal","C.UTF-8",TRUE,FALSE,TRUE,TRUE
"formula",348,"reverse_equal","C.UTF-8",TRUE,FALSE,TRUE,TRUE
"formula",348,"reflexivity","C.UTF-8",TRUE,TRUE,TRUE,TRUE
"formula",348,"unequal_control","C.UTF-8",FALSE,FALSE,FALSE,FALSE
"formula",349,"forward_equal","C.UTF-8",TRUE,FALSE,TRUE,TRUE
"formula",349,"reverse_equal","C.UTF-8",TRUE,FALSE,TRUE,TRUE
"formula",349,"reflexivity","C.UTF-8",TRUE,TRUE,TRUE,TRUE
"formula",349,"unequal_control","C.UTF-8",FALSE,FALSE,FALSE,FALSE
"formula",350,"forward_equal","C.UTF-8",TRUE,FALSE,TRUE,TRUE
"formula",350,"reverse_equal","C.UTF-8",TRUE,FALSE,TRUE,TRUE
"formula",350,"reflexivity","C.UTF-8",TRUE,TRUE,TRUE,TRUE
"formula",350,"unequal_control","C.UTF-8",FALSE,FALSE,FALSE,FALSE
"formula",351,"forward_equal","C.UTF-8",TRUE,FALSE,TRUE,TRUE
"formula",351,"reverse_equal","C.UTF-8",TRUE,FALSE,TRUE,TRUE
"formula",351,"reflexivity","C.UTF-8",TRUE,TRUE,TRUE,TRUE
"formula",351,"unequal_control","C.UTF-8",FALSE,FALSE,FALSE,FALSE
"formula",352,"forward_equal","C.UTF-8",TRUE,FALSE,TRUE,TRUE
"formula",352,"reverse_equal","C.UTF-8",TRUE,FALSE,TRUE,TRUE
"formula",352,"reflexivity","C.UTF-8",TRUE,TRUE,TRUE,TRUE
"formula",352,"unequal_control","C.UTF-8",FALSE,FALSE,FALSE,FALSE
"formula",353,"forward_equal","C.UTF-8",TRUE,FALSE,TRUE,TRUE
"formula",353,"reverse_equal","C.UTF-8",TRUE,FALSE,TRUE,TRUE
"formula",353,"reflexivity","C.UTF-8",TRUE,TRUE,TRUE,TRUE
"formula",353,"unequal_control","C.UTF-8",FALSE,FALSE,FALSE,FALSE
"formula",354,"forward_equal","C.UTF-8",TRUE,FALSE,TRUE,TRUE
"formula",354,"reverse_equal","C.UTF-8",TRUE,FALSE,TRUE,TRUE
"formula",354,"reflexivity","C.UTF-8",TRUE,TRUE,TRUE,TRUE
"formula",354,"unequal_control","C.UTF-8",FALSE,FALSE,FALSE,FALSE
"formula",355,"forward_equal","C.UTF-8",TRUE,FALSE,TRUE,TRUE
"formula",355,"reverse_equal","C.UTF-8",TRUE,FALSE,TRUE,TRUE
"formula",355,"reflexivity","C.UTF-8",TRUE,TRUE,TRUE,TRUE
"formula",355,"unequal_control","C.UTF-8",FALSE,FALSE,FALSE,FALSE
"formula",356,"forward_equal","C.UTF-8",TRUE,FALSE,TRUE,TRUE
"formula",356,"reverse_equal","C.UTF-8",TRUE,FALSE,TRUE,TRUE
"formula",356,"reflexivity","C.UTF-8",TRUE,TRUE,TRUE,TRUE
"formula",356,"unequal_control","C.UTF-8",FALSE,FALSE,FALSE,FALSE
"formula",357,"forward_equal","C.UTF-8",TRUE,FALSE,TRUE,TRUE
"formula",357,"reverse_equal","C.UTF-8",TRUE,FALSE,TRUE,TRUE
"formula",357,"reflexivity","C.UTF-8",TRUE,TRUE,TRUE,TRUE
"formula",357,"unequal_control","C.UTF-8",FALSE,FALSE,FALSE,FALSE
"formula",358,"forward_equal","C.UTF-8",TRUE,FALSE,TRUE,TRUE
"formula",358,"reverse_equal","C.UTF-8",TRUE,FALSE,TRUE,TRUE
"formula",358,"reflexivity","C.UTF-8",TRUE,TRUE,TRUE,TRUE
"formula",358,"unequal_control","C.UTF-8",FALSE,FALSE,FALSE,FALSE
"formula",359,"forward_equal","C.UTF-8",TRUE,FALSE,TRUE,TRUE
"formula",359,"reverse_equal","C.UTF-8",TRUE,FALSE,TRUE,TRUE
"formula",359,"reflexivity","C.UTF-8",TRUE,TRUE,TRUE,TRUE
"formula",359,"unequal_control","C.UTF-8",FALSE,FALSE,FALSE,FALSE
"formula",360,"forward_equal","C.UTF-8",TRUE,FALSE,TRUE,TRUE
"formula",360,"reverse_equal","C.UTF-8",TRUE,FALSE,TRUE,TRUE
"formula",360,"reflexivity","C.UTF-8",TRUE,TRUE,TRUE,TRUE
"formula",360,"unequal_control","C.UTF-8",FALSE,FALSE,FALSE,FALSE
"formula",361,"forward_equal","C.UTF-8",TRUE,FALSE,TRUE,TRUE
"formula",361,"reverse_equal","C.UTF-8",TRUE,FALSE,TRUE,TRUE
"formula",361,"reflexivity","C.UTF-8",TRUE,TRUE,TRUE,TRUE
"formula",361,"unequal_control","C.UTF-8",FALSE,FALSE,FALSE,FALSE
"formula",362,"forward_equal","C.UTF-8",TRUE,FALSE,TRUE,TRUE
"formula",362,"reverse_equal","C.UTF-8",TRUE,FALSE,TRUE,TRUE
"formula",362,"reflexivity","C.UTF-8",TRUE,TRUE,TRUE,TRUE
"formula",362,"unequal_control","C.UTF-8",FALSE,FALSE,FALSE,FALSE
"formula",363,"forward_equal","C.UTF-8",TRUE,FALSE,TRUE,TRUE
"formula",363,"reverse_equal","C.UTF-8",TRUE,FALSE,TRUE,TRUE
"formula",363,"reflexivity","C.UTF-8",TRUE,TRUE,TRUE,TRUE
"formula",363,"unequal_control","C.UTF-8",FALSE,FALSE,FALSE,FALSE
"formula",364,"forward_equal","C.UTF-8",TRUE,FALSE,TRUE,TRUE
"formula",364,"reverse_equal","C.UTF-8",TRUE,FALSE,TRUE,TRUE
"formula",364,"reflexivity","C.UTF-8",TRUE,TRUE,TRUE,TRUE
"formula",364,"unequal_control","C.UTF-8",FALSE,FALSE,FALSE,FALSE
"formula",365,"forward_equal","C.UTF-8",TRUE,FALSE,TRUE,TRUE
"formula",365,"reverse_equal","C.UTF-8",TRUE,FALSE,TRUE,TRUE
"formula",365,"reflexivity","C.UTF-8",TRUE,TRUE,TRUE,TRUE
"formula",365,"unequal_control","C.UTF-8",FALSE,FALSE,FALSE,FALSE
"formula",366,"forward_equal","C.UTF-8",TRUE,FALSE,TRUE,TRUE
"formula",366,"reverse_equal","C.UTF-8",TRUE,FALSE,TRUE,TRUE
"formula",366,"reflexivity","C.UTF-8",TRUE,TRUE,TRUE,TRUE
"formula",366,"unequal_control","C.UTF-8",FALSE,FALSE,FALSE,FALSE
"formula",367,"forward_equal","C.UTF-8",TRUE,FALSE,TRUE,TRUE
"formula",367,"reverse_equal","C.UTF-8",TRUE,FALSE,TRUE,TRUE
"formula",367,"reflexivity","C.UTF-8",TRUE,TRUE,TRUE,TRUE
"formula",367,"unequal_control","C.UTF-8",FALSE,FALSE,FALSE,FALSE
"formula",368,"forward_equal","C.UTF-8",TRUE,FALSE,TRUE,TRUE
"formula",368,"reverse_equal","C.UTF-8",TRUE,FALSE,TRUE,TRUE
"formula",368,"reflexivity","C.UTF-8",TRUE,TRUE,TRUE,TRUE
"formula",368,"unequal_control","C.UTF-8",FALSE,FALSE,FALSE,FALSE
"formula",369,"forward_equal","C.UTF-8",TRUE,FALSE,TRUE,TRUE
"formula",369,"reverse_equal","C.UTF-8",TRUE,FALSE,TRUE,TRUE
"formula",369,"reflexivity","C.UTF-8",TRUE,TRUE,TRUE,TRUE
"formula",369,"unequal_control","C.UTF-8",FALSE,FALSE,FALSE,FALSE
"formula",370,"forward_equal","C.UTF-8",TRUE,FALSE,TRUE,TRUE
"formula",370,"reverse_equal","C.UTF-8",TRUE,FALSE,TRUE,TRUE
"formula",370,"reflexivity","C.UTF-8",TRUE,TRUE,TRUE,TRUE
"formula",370,"unequal_control","C.UTF-8",FALSE,FALSE,FALSE,FALSE
"formula",371,"forward_equal","C.UTF-8",TRUE,FALSE,TRUE,TRUE
"formula",371,"reverse_equal","C.UTF-8",TRUE,FALSE,TRUE,TRUE
"formula",371,"reflexivity","C.UTF-8",TRUE,TRUE,TRUE,TRUE
"formula",371,"unequal_control","C.UTF-8",FALSE,FALSE,FALSE,FALSE
"formula",372,"forward_equal","C.UTF-8",TRUE,FALSE,TRUE,TRUE
"formula",372,"reverse_equal","C.UTF-8",TRUE,FALSE,TRUE,TRUE
"formula",372,"reflexivity","C.UTF-8",TRUE,TRUE,TRUE,TRUE
"formula",372,"unequal_control","C.UTF-8",FALSE,FALSE,FALSE,FALSE
"formula",373,"forward_equal","C.UTF-8",TRUE,FALSE,TRUE,TRUE
"formula",373,"reverse_equal","C.UTF-8",TRUE,FALSE,TRUE,TRUE
"formula",373,"reflexivity","C.UTF-8",TRUE,TRUE,TRUE,TRUE
"formula",373,"unequal_control","C.UTF-8",FALSE,FALSE,FALSE,FALSE
"formula",374,"forward_equal","C.UTF-8",TRUE,FALSE,TRUE,TRUE
"formula",374,"reverse_equal","C.UTF-8",TRUE,FALSE,TRUE,TRUE
"formula",374,"reflexivity","C.UTF-8",TRUE,TRUE,TRUE,TRUE
"formula",374,"unequal_control","C.UTF-8",FALSE,FALSE,FALSE,FALSE
"formula",375,"forward_equal","C.UTF-8",TRUE,FALSE,TRUE,TRUE
"formula",375,"reverse_equal","C.UTF-8",TRUE,FALSE,TRUE,TRUE
"formula",375,"reflexivity","C.UTF-8",TRUE,TRUE,TRUE,TRUE
"formula",375,"unequal_control","C.UTF-8",FALSE,FALSE,FALSE,FALSE
"formula",376,"forward_equal","C.UTF-8",TRUE,FALSE,TRUE,TRUE
"formula",376,"reverse_equal","C.UTF-8",TRUE,FALSE,TRUE,TRUE
"formula",376,"reflexivity","C.UTF-8",TRUE,TRUE,TRUE,TRUE
"formula",376,"unequal_control","C.UTF-8",FALSE,FALSE,FALSE,FALSE
"formula",377,"forward_equal","C.UTF-8",TRUE,FALSE,TRUE,TRUE
"formula",377,"reverse_equal","C.UTF-8",TRUE,FALSE,TRUE,TRUE
"formula",377,"reflexivity","C.UTF-8",TRUE,TRUE,TRUE,TRUE
"formula",377,"unequal_control","C.UTF-8",FALSE,FALSE,FALSE,FALSE
"formula",378,"forward_equal","C.UTF-8",TRUE,FALSE,TRUE,TRUE
"formula",378,"reverse_equal","C.UTF-8",TRUE,FALSE,TRUE,TRUE
"formula",378,"reflexivity","C.UTF-8",TRUE,TRUE,TRUE,TRUE
"formula",378,"unequal_control","C.UTF-8",FALSE,FALSE,FALSE,FALSE
"formula",379,"forward_equal","C.UTF-8",TRUE,FALSE,TRUE,TRUE
"formula",379,"reverse_equal","C.UTF-8",TRUE,FALSE,TRUE,TRUE
"formula",379,"reflexivity","C.UTF-8",TRUE,TRUE,TRUE,TRUE
"formula",379,"unequal_control","C.UTF-8",FALSE,FALSE,FALSE,FALSE
"formula",380,"forward_equal","C.UTF-8",TRUE,FALSE,TRUE,TRUE
"formula",380,"reverse_equal","C.UTF-8",TRUE,FALSE,TRUE,TRUE
"formula",380,"reflexivity","C.UTF-8",TRUE,TRUE,TRUE,TRUE
"formula",380,"unequal_control","C.UTF-8",FALSE,FALSE,FALSE,FALSE
"formula",381,"forward_equal","C.UTF-8",TRUE,FALSE,TRUE,TRUE
"formula",381,"reverse_equal","C.UTF-8",TRUE,FALSE,TRUE,TRUE
"formula",381,"reflexivity","C.UTF-8",TRUE,TRUE,TRUE,TRUE
"formula",381,"unequal_control","C.UTF-8",FALSE,FALSE,FALSE,FALSE
"formula",382,"forward_equal","C.UTF-8",TRUE,FALSE,TRUE,TRUE
"formula",382,"reverse_equal","C.UTF-8",TRUE,FALSE,TRUE,TRUE
"formula",382,"reflexivity","C.UTF-8",TRUE,TRUE,TRUE,TRUE
"formula",382,"unequal_control","C.UTF-8",FALSE,FALSE,FALSE,FALSE
"formula",383,"forward_equal","C.UTF-8",TRUE,FALSE,TRUE,TRUE
"formula",383,"reverse_equal","C.UTF-8",TRUE,FALSE,TRUE,TRUE
"formula",383,"reflexivity","C.UTF-8",TRUE,TRUE,TRUE,TRUE
"formula",383,"unequal_control","C.UTF-8",FALSE,FALSE,FALSE,FALSE
"formula",384,"forward_equal","C.UTF-8",TRUE,FALSE,TRUE,TRUE
"formula",384,"reverse_equal","C.UTF-8",TRUE,FALSE,TRUE,TRUE
"formula",384,"reflexivity","C.UTF-8",TRUE,TRUE,TRUE,TRUE
"formula",384,"unequal_control","C.UTF-8",FALSE,FALSE,FALSE,FALSE
"formula",385,"forward_equal","C.UTF-8",TRUE,FALSE,TRUE,TRUE
"formula",385,"reverse_equal","C.UTF-8",TRUE,FALSE,TRUE,TRUE
"formula",385,"reflexivity","C.UTF-8",TRUE,TRUE,TRUE,TRUE
"formula",385,"unequal_control","C.UTF-8",FALSE,FALSE,FALSE,FALSE
"formula",386,"forward_equal","C.UTF-8",TRUE,FALSE,TRUE,TRUE
"formula",386,"reverse_equal","C.UTF-8",TRUE,FALSE,TRUE,TRUE
"formula",386,"reflexivity","C.UTF-8",TRUE,TRUE,TRUE,TRUE
"formula",386,"unequal_control","C.UTF-8",FALSE,FALSE,FALSE,FALSE
"formula",387,"forward_equal","C.UTF-8",TRUE,FALSE,TRUE,TRUE
"formula",387,"reverse_equal","C.UTF-8",TRUE,FALSE,TRUE,TRUE
"formula",387,"reflexivity","C.UTF-8",TRUE,TRUE,TRUE,TRUE
"formula",387,"unequal_control","C.UTF-8",FALSE,FALSE,FALSE,FALSE
"formula",388,"forward_equal","C.UTF-8",TRUE,FALSE,TRUE,TRUE
"formula",388,"reverse_equal","C.UTF-8",TRUE,FALSE,TRUE,TRUE
"formula",388,"reflexivity","C.UTF-8",TRUE,TRUE,TRUE,TRUE
"formula",388,"unequal_control","C.UTF-8",FALSE,FALSE,FALSE,FALSE
"formula",389,"forward_equal","C.UTF-8",TRUE,FALSE,TRUE,TRUE
"formula",389,"reverse_equal","C.UTF-8",TRUE,FALSE,TRUE,TRUE
"formula",389,"reflexivity","C.UTF-8",TRUE,TRUE,TRUE,TRUE
"formula",389,"unequal_control","C.UTF-8",FALSE,FALSE,FALSE,FALSE
"formula",390,"forward_equal","C.UTF-8",TRUE,FALSE,TRUE,TRUE
"formula",390,"reverse_equal","C.UTF-8",TRUE,FALSE,TRUE,TRUE
"formula",390,"reflexivity","C.UTF-8",TRUE,TRUE,TRUE,TRUE
"formula",390,"unequal_control","C.UTF-8",FALSE,FALSE,FALSE,FALSE
"formula",391,"forward_equal","C.UTF-8",TRUE,FALSE,TRUE,TRUE
"formula",391,"reverse_equal","C.UTF-8",TRUE,FALSE,TRUE,TRUE
"formula",391,"reflexivity","C.UTF-8",TRUE,TRUE,TRUE,TRUE
"formula",391,"unequal_control","C.UTF-8",FALSE,FALSE,FALSE,FALSE
"formula",392,"forward_equal","C.UTF-8",TRUE,FALSE,TRUE,TRUE
"formula",392,"reverse_equal","C.UTF-8",TRUE,FALSE,TRUE,TRUE
"formula",392,"reflexivity","C.UTF-8",TRUE,TRUE,TRUE,TRUE
"formula",392,"unequal_control","C.UTF-8",FALSE,FALSE,FALSE,FALSE
"formula",393,"forward_equal","C.UTF-8",TRUE,FALSE,TRUE,TRUE
"formula",393,"reverse_equal","C.UTF-8",TRUE,FALSE,TRUE,TRUE
"formula",393,"reflexivity","C.UTF-8",TRUE,TRUE,TRUE,TRUE
"formula",393,"unequal_control","C.UTF-8",FALSE,FALSE,FALSE,FALSE
"formula",394,"forward_equal","C.UTF-8",TRUE,FALSE,TRUE,TRUE
"formula",394,"reverse_equal","C.UTF-8",TRUE,FALSE,TRUE,TRUE
"formula",394,"reflexivity","C.UTF-8",TRUE,TRUE,TRUE,TRUE
"formula",394,"unequal_control","C.UTF-8",FALSE,FALSE,FALSE,FALSE
"formula",395,"forward_equal","C.UTF-8",TRUE,FALSE,TRUE,TRUE
"formula",395,"reverse_equal","C.UTF-8",TRUE,FALSE,TRUE,TRUE
"formula",395,"reflexivity","C.UTF-8",TRUE,TRUE,TRUE,TRUE
"formula",395,"unequal_control","C.UTF-8",FALSE,FALSE,FALSE,FALSE
"formula",396,"forward_equal","C.UTF-8",TRUE,FALSE,TRUE,TRUE
"formula",396,"reverse_equal","C.UTF-8",TRUE,FALSE,TRUE,TRUE
"formula",396,"reflexivity","C.UTF-8",TRUE,TRUE,TRUE,TRUE
"formula",396,"unequal_control","C.UTF-8",FALSE,FALSE,FALSE,FALSE
"formula",397,"forward_equal","C.UTF-8",TRUE,FALSE,TRUE,TRUE
"formula",397,"reverse_equal","C.UTF-8",TRUE,FALSE,TRUE,TRUE
"formula",397,"reflexivity","C.UTF-8",TRUE,TRUE,TRUE,TRUE
"formula",397,"unequal_control","C.UTF-8",FALSE,FALSE,FALSE,FALSE
"formula",398,"forward_equal","C.UTF-8",TRUE,FALSE,TRUE,TRUE
"formula",398,"reverse_equal","C.UTF-8",TRUE,FALSE,TRUE,TRUE
"formula",398,"reflexivity","C.UTF-8",TRUE,TRUE,TRUE,TRUE
"formula",398,"unequal_control","C.UTF-8",FALSE,FALSE,FALSE,FALSE
"formula",399,"forward_equal","C.UTF-8",TRUE,FALSE,TRUE,TRUE
"formula",399,"reverse_equal","C.UTF-8",TRUE,FALSE,TRUE,TRUE
"formula",399,"reflexivity","C.UTF-8",TRUE,TRUE,TRUE,TRUE
"formula",399,"unequal_control","C.UTF-8",FALSE,FALSE,FALSE,FALSE
"formula",400,"forward_equal","C.UTF-8",TRUE,FALSE,TRUE,TRUE
"formula",400,"reverse_equal","C.UTF-8",TRUE,FALSE,TRUE,TRUE
"formula",400,"reflexivity","C.UTF-8",TRUE,TRUE,TRUE,TRUE
"formula",400,"unequal_control","C.UTF-8",FALSE,FALSE,FALSE,FALSE
"formula",401,"forward_equal","C.UTF-8",TRUE,FALSE,TRUE,TRUE
"formula",401,"reverse_equal","C.UTF-8",TRUE,FALSE,TRUE,TRUE
"formula",401,"reflexivity","C.UTF-8",TRUE,TRUE,TRUE,TRUE
"formula",401,"unequal_control","C.UTF-8",FALSE,FALSE,FALSE,FALSE
"formula",402,"forward_equal","C.UTF-8",TRUE,FALSE,TRUE,TRUE
"formula",402,"reverse_equal","C.UTF-8",TRUE,FALSE,TRUE,TRUE
"formula",402,"reflexivity","C.UTF-8",TRUE,TRUE,TRUE,TRUE
"formula",402,"unequal_control","C.UTF-8",FALSE,FALSE,FALSE,FALSE
"formula",403,"forward_equal","C.UTF-8",TRUE,FALSE,TRUE,TRUE
"formula",403,"reverse_equal","C.UTF-8",TRUE,FALSE,TRUE,TRUE
"formula",403,"reflexivity","C.UTF-8",TRUE,TRUE,TRUE,TRUE
"formula",403,"unequal_control","C.UTF-8",FALSE,FALSE,FALSE,FALSE
"formula",404,"forward_equal","C.UTF-8",TRUE,FALSE,TRUE,TRUE
"formula",404,"reverse_equal","C.UTF-8",TRUE,FALSE,TRUE,TRUE
"formula",404,"reflexivity","C.UTF-8",TRUE,TRUE,TRUE,TRUE
"formula",404,"unequal_control","C.UTF-8",FALSE,FALSE,FALSE,FALSE
"formula",405,"forward_equal","C.UTF-8",TRUE,FALSE,TRUE,TRUE
"formula",405,"reverse_equal","C.UTF-8",TRUE,FALSE,TRUE,TRUE
"formula",405,"reflexivity","C.UTF-8",TRUE,TRUE,TRUE,TRUE
"formula",405,"unequal_control","C.UTF-8",FALSE,FALSE,FALSE,FALSE
"formula",406,"forward_equal","C.UTF-8",TRUE,FALSE,TRUE,TRUE
"formula",406,"reverse_equal","C.UTF-8",TRUE,FALSE,TRUE,TRUE
"formula",406,"reflexivity","C.UTF-8",TRUE,TRUE,TRUE,TRUE
"formula",406,"unequal_control","C.UTF-8",FALSE,FALSE,FALSE,FALSE
"formula",407,"forward_equal","C.UTF-8",TRUE,FALSE,TRUE,TRUE
"formula",407,"reverse_equal","C.UTF-8",TRUE,FALSE,TRUE,TRUE
"formula",407,"reflexivity","C.UTF-8",TRUE,TRUE,TRUE,TRUE
"formula",407,"unequal_control","C.UTF-8",FALSE,FALSE,FALSE,FALSE
"formula",408,"forward_equal","C.UTF-8",TRUE,FALSE,TRUE,TRUE
"formula",408,"reverse_equal","C.UTF-8",TRUE,FALSE,TRUE,TRUE
"formula",408,"reflexivity","C.UTF-8",TRUE,TRUE,TRUE,TRUE
"formula",408,"unequal_control","C.UTF-8",FALSE,FALSE,FALSE,FALSE
"formula",409,"forward_equal","C.UTF-8",TRUE,FALSE,TRUE,TRUE
"formula",409,"reverse_equal","C.UTF-8",TRUE,FALSE,TRUE,TRUE
"formula",409,"reflexivity","C.UTF-8",TRUE,TRUE,TRUE,TRUE
"formula",409,"unequal_control","C.UTF-8",FALSE,FALSE,FALSE,FALSE
"formula",410,"forward_equal","C.UTF-8",TRUE,FALSE,TRUE,TRUE
"formula",410,"reverse_equal","C.UTF-8",TRUE,FALSE,TRUE,TRUE
"formula",410,"reflexivity","C.UTF-8",TRUE,TRUE,TRUE,TRUE
"formula",410,"unequal_control","C.UTF-8",FALSE,FALSE,FALSE,FALSE
"formula",411,"forward_equal","C.UTF-8",TRUE,FALSE,TRUE,TRUE
"formula",411,"reverse_equal","C.UTF-8",TRUE,FALSE,TRUE,TRUE
"formula",411,"reflexivity","C.UTF-8",TRUE,TRUE,TRUE,TRUE
"formula",411,"unequal_control","C.UTF-8",FALSE,FALSE,FALSE,FALSE
"formula",412,"forward_equal","C.UTF-8",TRUE,FALSE,TRUE,TRUE
"formula",412,"reverse_equal","C.UTF-8",TRUE,FALSE,TRUE,TRUE
"formula",412,"reflexivity","C.UTF-8",TRUE,TRUE,TRUE,TRUE
"formula",412,"unequal_control","C.UTF-8",FALSE,FALSE,FALSE,FALSE
"formula",413,"forward_equal","C.UTF-8",TRUE,FALSE,TRUE,TRUE
"formula",413,"reverse_equal","C.UTF-8",TRUE,FALSE,TRUE,TRUE
"formula",413,"reflexivity","C.UTF-8",TRUE,TRUE,TRUE,TRUE
"formula",413,"unequal_control","C.UTF-8",FALSE,FALSE,FALSE,FALSE
"formula",414,"forward_equal","C.UTF-8",TRUE,FALSE,TRUE,TRUE
"formula",414,"reverse_equal","C.UTF-8",TRUE,FALSE,TRUE,TRUE
"formula",414,"reflexivity","C.UTF-8",TRUE,TRUE,TRUE,TRUE
"formula",414,"unequal_control","C.UTF-8",FALSE,FALSE,FALSE,FALSE
"formula",415,"forward_equal","C.UTF-8",TRUE,FALSE,TRUE,TRUE
"formula",415,"reverse_equal","C.UTF-8",TRUE,FALSE,TRUE,TRUE
"formula",415,"reflexivity","C.UTF-8",TRUE,TRUE,TRUE,TRUE
"formula",415,"unequal_control","C.UTF-8",FALSE,FALSE,FALSE,FALSE
"formula",416,"forward_equal","C.UTF-8",TRUE,FALSE,TRUE,TRUE
"formula",416,"reverse_equal","C.UTF-8",TRUE,FALSE,TRUE,TRUE
"formula",416,"reflexivity","C.UTF-8",TRUE,TRUE,TRUE,TRUE
"formula",416,"unequal_control","C.UTF-8",FALSE,FALSE,FALSE,FALSE
"formula",417,"forward_equal","C.UTF-8",TRUE,FALSE,TRUE,TRUE
"formula",417,"reverse_equal","C.UTF-8",TRUE,FALSE,TRUE,TRUE
"formula",417,"reflexivity","C.UTF-8",TRUE,TRUE,TRUE,TRUE
"formula",417,"unequal_control","C.UTF-8",FALSE,FALSE,FALSE,FALSE
"formula",418,"forward_equal","C.UTF-8",TRUE,FALSE,TRUE,TRUE
"formula",418,"reverse_equal","C.UTF-8",TRUE,FALSE,TRUE,TRUE
"formula",418,"reflexivity","C.UTF-8",TRUE,TRUE,TRUE,TRUE
"formula",418,"unequal_control","C.UTF-8",FALSE,FALSE,FALSE,FALSE
"formula",419,"forward_equal","C.UTF-8",TRUE,FALSE,TRUE,TRUE
"formula",419,"reverse_equal","C.UTF-8",TRUE,FALSE,TRUE,TRUE
"formula",419,"reflexivity","C.UTF-8",TRUE,TRUE,TRUE,TRUE
"formula",419,"unequal_control","C.UTF-8",FALSE,FALSE,FALSE,FALSE
"formula",420,"forward_equal","C.UTF-8",TRUE,FALSE,TRUE,TRUE
"formula",420,"reverse_equal","C.UTF-8",TRUE,FALSE,TRUE,TRUE
"formula",420,"reflexivity","C.UTF-8",TRUE,TRUE,TRUE,TRUE
"formula",420,"unequal_control","C.UTF-8",FALSE,FALSE,FALSE,FALSE
"formula",421,"forward_equal","C.UTF-8",TRUE,FALSE,TRUE,TRUE
"formula",421,"reverse_equal","C.UTF-8",TRUE,FALSE,TRUE,TRUE
"formula",421,"reflexivity","C.UTF-8",TRUE,TRUE,TRUE,TRUE
"formula",421,"unequal_control","C.UTF-8",FALSE,FALSE,FALSE,FALSE
"formula",422,"forward_equal","C.UTF-8",TRUE,FALSE,TRUE,TRUE
"formula",422,"reverse_equal","C.UTF-8",TRUE,FALSE,TRUE,TRUE
"formula",422,"reflexivity","C.UTF-8",TRUE,TRUE,TRUE,TRUE
"formula",422,"unequal_control","C.UTF-8",FALSE,FALSE,FALSE,FALSE
"formula",423,"forward_equal","C.UTF-8",TRUE,FALSE,TRUE,TRUE
"formula",423,"reverse_equal","C.UTF-8",TRUE,FALSE,TRUE,TRUE
"formula",423,"reflexivity","C.UTF-8",TRUE,TRUE,TRUE,TRUE
"formula",423,"unequal_control","C.UTF-8",FALSE,FALSE,FALSE,FALSE
"formula",424,"forward_equal","C.UTF-8",TRUE,FALSE,TRUE,TRUE
"formula",424,"reverse_equal","C.UTF-8",TRUE,FALSE,TRUE,TRUE
"formula",424,"reflexivity","C.UTF-8",TRUE,TRUE,TRUE,TRUE
"formula",424,"unequal_control","C.UTF-8",FALSE,FALSE,FALSE,FALSE
"formula",425,"forward_equal","C.UTF-8",TRUE,FALSE,TRUE,TRUE
"formula",425,"reverse_equal","C.UTF-8",TRUE,FALSE,TRUE,TRUE
"formula",425,"reflexivity","C.UTF-8",TRUE,TRUE,TRUE,TRUE
"formula",425,"unequal_control","C.UTF-8",FALSE,FALSE,FALSE,FALSE
"formula",426,"forward_equal","C.UTF-8",TRUE,FALSE,TRUE,TRUE
"formula",426,"reverse_equal","C.UTF-8",TRUE,FALSE,TRUE,TRUE
"formula",426,"reflexivity","C.UTF-8",TRUE,TRUE,TRUE,TRUE
"formula",426,"unequal_control","C.UTF-8",FALSE,FALSE,FALSE,FALSE
"formula",427,"forward_equal","C.UTF-8",TRUE,FALSE,TRUE,TRUE
"formula",427,"reverse_equal","C.UTF-8",TRUE,FALSE,TRUE,TRUE
"formula",427,"reflexivity","C.UTF-8",TRUE,TRUE,TRUE,TRUE
"formula",427,"unequal_control","C.UTF-8",FALSE,FALSE,FALSE,FALSE
"formula",428,"forward_equal","C.UTF-8",TRUE,FALSE,TRUE,TRUE
"formula",428,"reverse_equal","C.UTF-8",TRUE,FALSE,TRUE,TRUE
"formula",428,"reflexivity","C.UTF-8",TRUE,TRUE,TRUE,TRUE
"formula",428,"unequal_control","C.UTF-8",FALSE,FALSE,FALSE,FALSE
"formula",429,"forward_equal","C.UTF-8",TRUE,FALSE,TRUE,TRUE
"formula",429,"reverse_equal","C.UTF-8",TRUE,FALSE,TRUE,TRUE
"formula",429,"reflexivity","C.UTF-8",TRUE,TRUE,TRUE,TRUE
"formula",429,"unequal_control","C.UTF-8",FALSE,FALSE,FALSE,FALSE
"formula",430,"forward_equal","C.UTF-8",TRUE,FALSE,TRUE,TRUE
"formula",430,"reverse_equal","C.UTF-8",TRUE,FALSE,TRUE,TRUE
"formula",430,"reflexivity","C.UTF-8",TRUE,TRUE,TRUE,TRUE
"formula",430,"unequal_control","C.UTF-8",FALSE,FALSE,FALSE,FALSE
"formula",431,"forward_equal","C.UTF-8",TRUE,FALSE,TRUE,TRUE
"formula",431,"reverse_equal","C.UTF-8",TRUE,FALSE,TRUE,TRUE
"formula",431,"reflexivity","C.UTF-8",TRUE,TRUE,TRUE,TRUE
"formula",431,"unequal_control","C.UTF-8",FALSE,FALSE,FALSE,FALSE
"formula",432,"forward_equal","C.UTF-8",TRUE,FALSE,TRUE,TRUE
"formula",432,"reverse_equal","C.UTF-8",TRUE,FALSE,TRUE,TRUE
"formula",432,"reflexivity","C.UTF-8",TRUE,TRUE,TRUE,TRUE
"formula",432,"unequal_control","C.UTF-8",FALSE,FALSE,FALSE,FALSE
"formula",433,"forward_equal","C.UTF-8",TRUE,FALSE,TRUE,TRUE
"formula",433,"reverse_equal","C.UTF-8",TRUE,FALSE,TRUE,TRUE
"formula",433,"reflexivity","C.UTF-8",TRUE,TRUE,TRUE,TRUE
"formula",433,"unequal_control","C.UTF-8",FALSE,FALSE,FALSE,FALSE
"formula",434,"forward_equal","C.UTF-8",TRUE,FALSE,TRUE,TRUE
"formula",434,"reverse_equal","C.UTF-8",TRUE,FALSE,TRUE,TRUE
"formula",434,"reflexivity","C.UTF-8",TRUE,TRUE,TRUE,TRUE
"formula",434,"unequal_control","C.UTF-8",FALSE,FALSE,FALSE,FALSE
"formula",435,"forward_equal","C.UTF-8",TRUE,FALSE,TRUE,TRUE
"formula",435,"reverse_equal","C.UTF-8",TRUE,FALSE,TRUE,TRUE
"formula",435,"reflexivity","C.UTF-8",TRUE,TRUE,TRUE,TRUE
"formula",435,"unequal_control","C.UTF-8",FALSE,FALSE,FALSE,FALSE
"formula",436,"forward_equal","C.UTF-8",TRUE,FALSE,TRUE,TRUE
"formula",436,"reverse_equal","C.UTF-8",TRUE,FALSE,TRUE,TRUE
"formula",436,"reflexivity","C.UTF-8",TRUE,TRUE,TRUE,TRUE
"formula",436,"unequal_control","C.UTF-8",FALSE,FALSE,FALSE,FALSE
"formula",437,"forward_equal","C.UTF-8",TRUE,FALSE,TRUE,TRUE
"formula",437,"reverse_equal","C.UTF-8",TRUE,FALSE,TRUE,TRUE
"formula",437,"reflexivity","C.UTF-8",TRUE,TRUE,TRUE,TRUE
"formula",437,"unequal_control","C.UTF-8",FALSE,FALSE,FALSE,FALSE
"formula",438,"forward_equal","C.UTF-8",TRUE,FALSE,TRUE,TRUE
"formula",438,"reverse_equal","C.UTF-8",TRUE,FALSE,TRUE,TRUE
"formula",438,"reflexivity","C.UTF-8",TRUE,TRUE,TRUE,TRUE
"formula",438,"unequal_control","C.UTF-8",FALSE,FALSE,FALSE,FALSE
"formula",439,"forward_equal","C.UTF-8",TRUE,FALSE,TRUE,TRUE
"formula",439,"reverse_equal","C.UTF-8",TRUE,FALSE,TRUE,TRUE
"formula",439,"reflexivity","C.UTF-8",TRUE,TRUE,TRUE,TRUE
"formula",439,"unequal_control","C.UTF-8",FALSE,FALSE,FALSE,FALSE
"formula",440,"forward_equal","C.UTF-8",TRUE,FALSE,TRUE,TRUE
"formula",440,"reverse_equal","C.UTF-8",TRUE,FALSE,TRUE,TRUE
"formula",440,"reflexivity","C.UTF-8",TRUE,TRUE,TRUE,TRUE
"formula",440,"unequal_control","C.UTF-8",FALSE,FALSE,FALSE,FALSE
"formula",441,"forward_equal","C.UTF-8",TRUE,FALSE,TRUE,TRUE
"formula",441,"reverse_equal","C.UTF-8",TRUE,FALSE,TRUE,TRUE
"formula",441,"reflexivity","C.UTF-8",TRUE,TRUE,TRUE,TRUE
"formula",441,"unequal_control","C.UTF-8",FALSE,FALSE,FALSE,FALSE
"formula",442,"forward_equal","C.UTF-8",TRUE,FALSE,TRUE,TRUE
"formula",442,"reverse_equal","C.UTF-8",TRUE,FALSE,TRUE,TRUE
"formula",442,"reflexivity","C.UTF-8",TRUE,TRUE,TRUE,TRUE
"formula",442,"unequal_control","C.UTF-8",FALSE,FALSE,FALSE,FALSE
"formula",443,"forward_equal","C.UTF-8",TRUE,FALSE,TRUE,TRUE
"formula",443,"reverse_equal","C.UTF-8",TRUE,FALSE,TRUE,TRUE
"formula",443,"reflexivity","C.UTF-8",TRUE,TRUE,TRUE,TRUE
"formula",443,"unequal_control","C.UTF-8",FALSE,FALSE,FALSE,FALSE
"formula",444,"forward_equal","C.UTF-8",TRUE,FALSE,TRUE,TRUE
"formula",444,"reverse_equal","C.UTF-8",TRUE,FALSE,TRUE,TRUE
"formula",444,"reflexivity","C.UTF-8",TRUE,TRUE,TRUE,TRUE
"formula",444,"unequal_control","C.UTF-8",FALSE,FALSE,FALSE,FALSE
"formula",445,"forward_equal","C.UTF-8",TRUE,FALSE,TRUE,TRUE
"formula",445,"reverse_equal","C.UTF-8",TRUE,FALSE,TRUE,TRUE
"formula",445,"reflexivity","C.UTF-8",TRUE,TRUE,TRUE,TRUE
"formula",445,"unequal_control","C.UTF-8",FALSE,FALSE,FALSE,FALSE
"formula",446,"forward_equal","C.UTF-8",TRUE,FALSE,TRUE,TRUE
"formula",446,"reverse_equal","C.UTF-8",TRUE,FALSE,TRUE,TRUE
"formula",446,"reflexivity","C.UTF-8",TRUE,TRUE,TRUE,TRUE
"formula",446,"unequal_control","C.UTF-8",FALSE,FALSE,FALSE,FALSE
"formula",447,"forward_equal","C.UTF-8",TRUE,FALSE,TRUE,TRUE
"formula",447,"reverse_equal","C.UTF-8",TRUE,FALSE,TRUE,TRUE
"formula",447,"reflexivity","C.UTF-8",TRUE,TRUE,TRUE,TRUE
"formula",447,"unequal_control","C.UTF-8",FALSE,FALSE,FALSE,FALSE
"formula",448,"forward_equal","C.UTF-8",TRUE,FALSE,TRUE,TRUE
"formula",448,"reverse_equal","C.UTF-8",TRUE,FALSE,TRUE,TRUE
"formula",448,"reflexivity","C.UTF-8",TRUE,TRUE,TRUE,TRUE
"formula",448,"unequal_control","C.UTF-8",FALSE,FALSE,FALSE,FALSE
"formula",449,"forward_equal","C.UTF-8",TRUE,FALSE,TRUE,TRUE
"formula",449,"reverse_equal","C.UTF-8",TRUE,FALSE,TRUE,TRUE
"formula",449,"reflexivity","C.UTF-8",TRUE,TRUE,TRUE,TRUE
"formula",449,"unequal_control","C.UTF-8",FALSE,FALSE,FALSE,FALSE
"formula",450,"forward_equal","C.UTF-8",TRUE,FALSE,TRUE,TRUE
"formula",450,"reverse_equal","C.UTF-8",TRUE,FALSE,TRUE,TRUE
"formula",450,"reflexivity","C.UTF-8",TRUE,TRUE,TRUE,TRUE
"formula",450,"unequal_control","C.UTF-8",FALSE,FALSE,FALSE,FALSE
"formula",451,"forward_equal","C.UTF-8",TRUE,FALSE,TRUE,TRUE
"formula",451,"reverse_equal","C.UTF-8",TRUE,FALSE,TRUE,TRUE
"formula",451,"reflexivity","C.UTF-8",TRUE,TRUE,TRUE,TRUE
"formula",451,"unequal_control","C.UTF-8",FALSE,FALSE,FALSE,FALSE
"formula",452,"forward_equal","C.UTF-8",TRUE,FALSE,TRUE,TRUE
"formula",452,"reverse_equal","C.UTF-8",TRUE,FALSE,TRUE,TRUE
"formula",452,"reflexivity","C.UTF-8",TRUE,TRUE,TRUE,TRUE
"formula",452,"unequal_control","C.UTF-8",FALSE,FALSE,FALSE,FALSE
"formula",453,"forward_equal","C.UTF-8",TRUE,FALSE,TRUE,TRUE
"formula",453,"reverse_equal","C.UTF-8",TRUE,FALSE,TRUE,TRUE
"formula",453,"reflexivity","C.UTF-8",TRUE,TRUE,TRUE,TRUE
"formula",453,"unequal_control","C.UTF-8",FALSE,FALSE,FALSE,FALSE
"formula",454,"forward_equal","C.UTF-8",TRUE,FALSE,TRUE,TRUE
"formula",454,"reverse_equal","C.UTF-8",TRUE,FALSE,TRUE,TRUE
"formula",454,"reflexivity","C.UTF-8",TRUE,TRUE,TRUE,TRUE
"formula",454,"unequal_control","C.UTF-8",FALSE,FALSE,FALSE,FALSE
"formula",455,"forward_equal","C.UTF-8",TRUE,FALSE,TRUE,TRUE
"formula",455,"reverse_equal","C.UTF-8",TRUE,FALSE,TRUE,TRUE
"formula",455,"reflexivity","C.UTF-8",TRUE,TRUE,TRUE,TRUE
"formula",455,"unequal_control","C.UTF-8",FALSE,FALSE,FALSE,FALSE
"formula",456,"forward_equal","C.UTF-8",TRUE,FALSE,TRUE,TRUE
"formula",456,"reverse_equal","C.UTF-8",TRUE,FALSE,TRUE,TRUE
"formula",456,"reflexivity","C.UTF-8",TRUE,TRUE,TRUE,TRUE
"formula",456,"unequal_control","C.UTF-8",FALSE,FALSE,FALSE,FALSE
"formula",457,"forward_equal","C.UTF-8",TRUE,FALSE,TRUE,TRUE
"formula",457,"reverse_equal","C.UTF-8",TRUE,FALSE,TRUE,TRUE
"formula",457,"reflexivity","C.UTF-8",TRUE,TRUE,TRUE,TRUE
"formula",457,"unequal_control","C.UTF-8",FALSE,FALSE,FALSE,FALSE
"formula",458,"forward_equal","C.UTF-8",TRUE,FALSE,TRUE,TRUE
"formula",458,"reverse_equal","C.UTF-8",TRUE,FALSE,TRUE,TRUE
"formula",458,"reflexivity","C.UTF-8",TRUE,TRUE,TRUE,TRUE
"formula",458,"unequal_control","C.UTF-8",FALSE,FALSE,FALSE,FALSE
"formula",459,"forward_equal","C.UTF-8",TRUE,FALSE,TRUE,TRUE
"formula",459,"reverse_equal","C.UTF-8",TRUE,FALSE,TRUE,TRUE
"formula",459,"reflexivity","C.UTF-8",TRUE,TRUE,TRUE,TRUE
"formula",459,"unequal_control","C.UTF-8",FALSE,FALSE,FALSE,FALSE
"formula",460,"forward_equal","C.UTF-8",TRUE,FALSE,TRUE,TRUE
"formula",460,"reverse_equal","C.UTF-8",TRUE,FALSE,TRUE,TRUE
"formula",460,"reflexivity","C.UTF-8",TRUE,TRUE,TRUE,TRUE
"formula",460,"unequal_control","C.UTF-8",FALSE,FALSE,FALSE,FALSE
"formula",461,"forward_equal","C.UTF-8",TRUE,FALSE,TRUE,TRUE
"formula",461,"reverse_equal","C.UTF-8",TRUE,FALSE,TRUE,TRUE
"formula",461,"reflexivity","C.UTF-8",TRUE,TRUE,TRUE,TRUE
"formula",461,"unequal_control","C.UTF-8",FALSE,FALSE,FALSE,FALSE
"formula",462,"forward_equal","C.UTF-8",TRUE,FALSE,TRUE,TRUE
"formula",462,"reverse_equal","C.UTF-8",TRUE,FALSE,TRUE,TRUE
"formula",462,"reflexivity","C.UTF-8",TRUE,TRUE,TRUE,TRUE
"formula",462,"unequal_control","C.UTF-8",FALSE,FALSE,FALSE,FALSE
"formula",463,"forward_equal","C.UTF-8",TRUE,FALSE,TRUE,TRUE
"formula",463,"reverse_equal","C.UTF-8",TRUE,FALSE,TRUE,TRUE
"formula",463,"reflexivity","C.UTF-8",TRUE,TRUE,TRUE,TRUE
"formula",463,"unequal_control","C.UTF-8",FALSE,FALSE,FALSE,FALSE
"formula",464,"forward_equal","C.UTF-8",TRUE,FALSE,TRUE,TRUE
"formula",464,"reverse_equal","C.UTF-8",TRUE,FALSE,TRUE,TRUE
"formula",464,"reflexivity","C.UTF-8",TRUE,TRUE,TRUE,TRUE
"formula",464,"unequal_control","C.UTF-8",FALSE,FALSE,FALSE,FALSE
"formula",465,"forward_equal","C.UTF-8",TRUE,FALSE,TRUE,TRUE
"formula",465,"reverse_equal","C.UTF-8",TRUE,FALSE,TRUE,TRUE
"formula",465,"reflexivity","C.UTF-8",TRUE,TRUE,TRUE,TRUE
"formula",465,"unequal_control","C.UTF-8",FALSE,FALSE,FALSE,FALSE
"formula",466,"forward_equal","C.UTF-8",TRUE,FALSE,TRUE,TRUE
"formula",466,"reverse_equal","C.UTF-8",TRUE,FALSE,TRUE,TRUE
"formula",466,"reflexivity","C.UTF-8",TRUE,TRUE,TRUE,TRUE
"formula",466,"unequal_control","C.UTF-8",FALSE,FALSE,FALSE,FALSE
"formula",467,"forward_equal","C.UTF-8",TRUE,FALSE,TRUE,TRUE
"formula",467,"reverse_equal","C.UTF-8",TRUE,FALSE,TRUE,TRUE
"formula",467,"reflexivity","C.UTF-8",TRUE,TRUE,TRUE,TRUE
"formula",467,"unequal_control","C.UTF-8",FALSE,FALSE,FALSE,FALSE
"formula",468,"forward_equal","C.UTF-8",TRUE,FALSE,TRUE,TRUE
"formula",468,"reverse_equal","C.UTF-8",TRUE,FALSE,TRUE,TRUE
"formula",468,"reflexivity","C.UTF-8",TRUE,TRUE,TRUE,TRUE
"formula",468,"unequal_control","C.UTF-8",FALSE,FALSE,FALSE,FALSE
"formula",469,"forward_equal","C.UTF-8",TRUE,FALSE,TRUE,TRUE
"formula",469,"reverse_equal","C.UTF-8",TRUE,FALSE,TRUE,TRUE
"formula",469,"reflexivity","C.UTF-8",TRUE,TRUE,TRUE,TRUE
"formula",469,"unequal_control","C.UTF-8",FALSE,FALSE,FALSE,FALSE
"formula",470,"forward_equal","C.UTF-8",TRUE,FALSE,TRUE,TRUE
"formula",470,"reverse_equal","C.UTF-8",TRUE,FALSE,TRUE,TRUE
"formula",470,"reflexivity","C.UTF-8",TRUE,TRUE,TRUE,TRUE
"formula",470,"unequal_control","C.UTF-8",FALSE,FALSE,FALSE,FALSE
"formula",471,"forward_equal","C.UTF-8",TRUE,FALSE,TRUE,TRUE
"formula",471,"reverse_equal","C.UTF-8",TRUE,FALSE,TRUE,TRUE
"formula",471,"reflexivity","C.UTF-8",TRUE,TRUE,TRUE,TRUE
"formula",471,"unequal_control","C.UTF-8",FALSE,FALSE,FALSE,FALSE
"formula",472,"forward_equal","C.UTF-8",TRUE,FALSE,TRUE,TRUE
"formula",472,"reverse_equal","C.UTF-8",TRUE,FALSE,TRUE,TRUE
"formula",472,"reflexivity","C.UTF-8",TRUE,TRUE,TRUE,TRUE
"formula",472,"unequal_control","C.UTF-8",FALSE,FALSE,FALSE,FALSE
"formula",473,"forward_equal","C.UTF-8",TRUE,FALSE,TRUE,TRUE
"formula",473,"reverse_equal","C.UTF-8",TRUE,FALSE,TRUE,TRUE
"formula",473,"reflexivity","C.UTF-8",TRUE,TRUE,TRUE,TRUE
"formula",473,"unequal_control","C.UTF-8",FALSE,FALSE,FALSE,FALSE
"formula",474,"forward_equal","C.UTF-8",TRUE,FALSE,TRUE,TRUE
"formula",474,"reverse_equal","C.UTF-8",TRUE,FALSE,TRUE,TRUE
"formula",474,"reflexivity","C.UTF-8",TRUE,TRUE,TRUE,TRUE
"formula",474,"unequal_control","C.UTF-8",FALSE,FALSE,FALSE,FALSE
"formula",475,"forward_equal","C.UTF-8",TRUE,FALSE,TRUE,TRUE
"formula",475,"reverse_equal","C.UTF-8",TRUE,FALSE,TRUE,TRUE
"formula",475,"reflexivity","C.UTF-8",TRUE,TRUE,TRUE,TRUE
"formula",475,"unequal_control","C.UTF-8",FALSE,FALSE,FALSE,FALSE
"formula",476,"forward_equal","C.UTF-8",TRUE,FALSE,TRUE,TRUE
"formula",476,"reverse_equal","C.UTF-8",TRUE,FALSE,TRUE,TRUE
"formula",476,"reflexivity","C.UTF-8",TRUE,TRUE,TRUE,TRUE
"formula",476,"unequal_control","C.UTF-8",FALSE,FALSE,FALSE,FALSE
"formula",477,"forward_equal","C.UTF-8",TRUE,FALSE,TRUE,TRUE
"formula",477,"reverse_equal","C.UTF-8",TRUE,FALSE,TRUE,TRUE
"formula",477,"reflexivity","C.UTF-8",TRUE,TRUE,TRUE,TRUE
"formula",477,"unequal_control","C.UTF-8",FALSE,FALSE,FALSE,FALSE
"formula",478,"forward_equal","C.UTF-8",TRUE,FALSE,TRUE,TRUE
"formula",478,"reverse_equal","C.UTF-8",TRUE,FALSE,TRUE,TRUE
"formula",478,"reflexivity","C.UTF-8",TRUE,TRUE,TRUE,TRUE
"formula",478,"unequal_control","C.UTF-8",FALSE,FALSE,FALSE,FALSE
"formula",479,"forward_equal","C.UTF-8",TRUE,FALSE,TRUE,TRUE
"formula",479,"reverse_equal","C.UTF-8",TRUE,FALSE,TRUE,TRUE
"formula",479,"reflexivity","C.UTF-8",TRUE,TRUE,TRUE,TRUE
"formula",479,"unequal_control","C.UTF-8",FALSE,FALSE,FALSE,FALSE
"formula",480,"forward_equal","C.UTF-8",TRUE,FALSE,TRUE,TRUE
"formula",480,"reverse_equal","C.UTF-8",TRUE,FALSE,TRUE,TRUE
"formula",480,"reflexivity","C.UTF-8",TRUE,TRUE,TRUE,TRUE
"formula",480,"unequal_control","C.UTF-8",FALSE,FALSE,FALSE,FALSE
"formula",481,"forward_equal","C.UTF-8",TRUE,FALSE,TRUE,TRUE
"formula",481,"reverse_equal","C.UTF-8",TRUE,FALSE,TRUE,TRUE
"formula",481,"reflexivity","C.UTF-8",TRUE,TRUE,TRUE,TRUE
"formula",481,"unequal_control","C.UTF-8",FALSE,FALSE,FALSE,FALSE
"formula",482,"forward_equal","C.UTF-8",TRUE,FALSE,TRUE,TRUE
"formula",482,"reverse_equal","C.UTF-8",TRUE,FALSE,TRUE,TRUE
"formula",482,"reflexivity","C.UTF-8",TRUE,TRUE,TRUE,TRUE
"formula",482,"unequal_control","C.UTF-8",FALSE,FALSE,FALSE,FALSE
"formula",483,"forward_equal","C.UTF-8",TRUE,FALSE,TRUE,TRUE
"formula",483,"reverse_equal","C.UTF-8",TRUE,FALSE,TRUE,TRUE
"formula",483,"reflexivity","C.UTF-8",TRUE,TRUE,TRUE,TRUE
"formula",483,"unequal_control","C.UTF-8",FALSE,FALSE,FALSE,FALSE
"formula",484,"forward_equal","C.UTF-8",TRUE,FALSE,TRUE,TRUE
"formula",484,"reverse_equal","C.UTF-8",TRUE,FALSE,TRUE,TRUE
"formula",484,"reflexivity","C.UTF-8",TRUE,TRUE,TRUE,TRUE
"formula",484,"unequal_control","C.UTF-8",FALSE,FALSE,FALSE,FALSE
"formula",485,"forward_equal","C.UTF-8",TRUE,FALSE,TRUE,TRUE
"formula",485,"reverse_equal","C.UTF-8",TRUE,FALSE,TRUE,TRUE
"formula",485,"reflexivity","C.UTF-8",TRUE,TRUE,TRUE,TRUE
"formula",485,"unequal_control","C.UTF-8",FALSE,FALSE,FALSE,FALSE
"formula",486,"forward_equal","C.UTF-8",TRUE,FALSE,TRUE,TRUE
"formula",486,"reverse_equal","C.UTF-8",TRUE,FALSE,TRUE,TRUE
"formula",486,"reflexivity","C.UTF-8",TRUE,TRUE,TRUE,TRUE
"formula",486,"unequal_control","C.UTF-8",FALSE,FALSE,FALSE,FALSE
"formula",487,"forward_equal","C.UTF-8",TRUE,FALSE,TRUE,TRUE
"formula",487,"reverse_equal","C.UTF-8",TRUE,FALSE,TRUE,TRUE
"formula",487,"reflexivity","C.UTF-8",TRUE,TRUE,TRUE,TRUE
"formula",487,"unequal_control","C.UTF-8",FALSE,FALSE,FALSE,FALSE
"formula",488,"forward_equal","C.UTF-8",TRUE,FALSE,TRUE,TRUE
"formula",488,"reverse_equal","C.UTF-8",TRUE,FALSE,TRUE,TRUE
"formula",488,"reflexivity","C.UTF-8",TRUE,TRUE,TRUE,TRUE
"formula",488,"unequal_control","C.UTF-8",FALSE,FALSE,FALSE,FALSE
"formula",489,"forward_equal","C.UTF-8",TRUE,FALSE,TRUE,TRUE
"formula",489,"reverse_equal","C.UTF-8",TRUE,FALSE,TRUE,TRUE
"formula",489,"reflexivity","C.UTF-8",TRUE,TRUE,TRUE,TRUE
"formula",489,"unequal_control","C.UTF-8",FALSE,FALSE,FALSE,FALSE
"formula",490,"forward_equal","C.UTF-8",TRUE,FALSE,TRUE,TRUE
"formula",490,"reverse_equal","C.UTF-8",TRUE,FALSE,TRUE,TRUE
"formula",490,"reflexivity","C.UTF-8",TRUE,TRUE,TRUE,TRUE
"formula",490,"unequal_control","C.UTF-8",FALSE,FALSE,FALSE,FALSE
"formula",491,"forward_equal","C.UTF-8",TRUE,FALSE,TRUE,TRUE
"formula",491,"reverse_equal","C.UTF-8",TRUE,FALSE,TRUE,TRUE
"formula",491,"reflexivity","C.UTF-8",TRUE,TRUE,TRUE,TRUE
"formula",491,"unequal_control","C.UTF-8",FALSE,FALSE,FALSE,FALSE
"formula",492,"forward_equal","C.UTF-8",TRUE,FALSE,TRUE,TRUE
"formula",492,"reverse_equal","C.UTF-8",TRUE,FALSE,TRUE,TRUE
"formula",492,"reflexivity","C.UTF-8",TRUE,TRUE,TRUE,TRUE
"formula",492,"unequal_control","C.UTF-8",FALSE,FALSE,FALSE,FALSE
"formula",493,"forward_equal","C.UTF-8",TRUE,FALSE,TRUE,TRUE
"formula",493,"reverse_equal","C.UTF-8",TRUE,FALSE,TRUE,TRUE
"formula",493,"reflexivity","C.UTF-8",TRUE,TRUE,TRUE,TRUE
"formula",493,"unequal_control","C.UTF-8",FALSE,FALSE,FALSE,FALSE
"formula",494,"forward_equal","C.UTF-8",TRUE,FALSE,TRUE,TRUE
"formula",494,"reverse_equal","C.UTF-8",TRUE,FALSE,TRUE,TRUE
"formula",494,"reflexivity","C.UTF-8",TRUE,TRUE,TRUE,TRUE
"formula",494,"unequal_control","C.UTF-8",FALSE,FALSE,FALSE,FALSE
"formula",495,"forward_equal","C.UTF-8",TRUE,FALSE,TRUE,TRUE
"formula",495,"reverse_equal","C.UTF-8",TRUE,FALSE,TRUE,TRUE
"formula",495,"reflexivity","C.UTF-8",TRUE,TRUE,TRUE,TRUE
"formula",495,"unequal_control","C.UTF-8",FALSE,FALSE,FALSE,FALSE
"formula",496,"forward_equal","C.UTF-8",TRUE,FALSE,TRUE,TRUE
"formula",496,"reverse_equal","C.UTF-8",TRUE,FALSE,TRUE,TRUE
"formula",496,"reflexivity","C.UTF-8",TRUE,TRUE,TRUE,TRUE
"formula",496,"unequal_control","C.UTF-8",FALSE,FALSE,FALSE,FALSE
"formula",497,"forward_equal","C.UTF-8",TRUE,FALSE,TRUE,TRUE
"formula",497,"reverse_equal","C.UTF-8",TRUE,FALSE,TRUE,TRUE
"formula",497,"reflexivity","C.UTF-8",TRUE,TRUE,TRUE,TRUE
"formula",497,"unequal_control","C.UTF-8",FALSE,FALSE,FALSE,FALSE
"formula",498,"forward_equal","C.UTF-8",TRUE,FALSE,TRUE,TRUE
"formula",498,"reverse_equal","C.UTF-8",TRUE,FALSE,TRUE,TRUE
"formula",498,"reflexivity","C.UTF-8",TRUE,TRUE,TRUE,TRUE
"formula",498,"unequal_control","C.UTF-8",FALSE,FALSE,FALSE,FALSE
"formula",499,"forward_equal","C.UTF-8",TRUE,FALSE,TRUE,TRUE
"formula",499,"reverse_equal","C.UTF-8",TRUE,FALSE,TRUE,TRUE
"formula",499,"reflexivity","C.UTF-8",TRUE,TRUE,TRUE,TRUE
"formula",499,"unequal_control","C.UTF-8",FALSE,FALSE,FALSE,FALSE
"formula",500,"forward_equal","C.UTF-8",TRUE,FALSE,TRUE,TRUE
"formula",500,"reverse_equal","C.UTF-8",TRUE,FALSE,TRUE,TRUE
"formula",500,"reflexivity","C.UTF-8",TRUE,TRUE,TRUE,TRUE
"formula",500,"unequal_control","C.UTF-8",FALSE,FALSE,FALSE,FALSE
"formula",501,"forward_equal","C.UTF-8",TRUE,FALSE,TRUE,TRUE
"formula",501,"reverse_equal","C.UTF-8",TRUE,FALSE,TRUE,TRUE
"formula",501,"reflexivity","C.UTF-8",TRUE,TRUE,TRUE,TRUE
"formula",501,"unequal_control","C.UTF-8",FALSE,FALSE,FALSE,FALSE
"formula",502,"forward_equal","C.UTF-8",TRUE,FALSE,TRUE,TRUE
"formula",502,"reverse_equal","C.UTF-8",TRUE,FALSE,TRUE,TRUE
"formula",502,"reflexivity","C.UTF-8",TRUE,TRUE,TRUE,TRUE
"formula",502,"unequal_control","C.UTF-8",FALSE,FALSE,FALSE,FALSE
"formula",503,"forward_equal","C.UTF-8",TRUE,FALSE,TRUE,TRUE
"formula",503,"reverse_equal","C.UTF-8",TRUE,FALSE,TRUE,TRUE
"formula",503,"reflexivity","C.UTF-8",TRUE,TRUE,TRUE,TRUE
"formula",503,"unequal_control","C.UTF-8",FALSE,FALSE,FALSE,FALSE
"formula",504,"forward_equal","C.UTF-8",TRUE,FALSE,TRUE,TRUE
"formula",504,"reverse_equal","C.UTF-8",TRUE,FALSE,TRUE,TRUE
"formula",504,"reflexivity","C.UTF-8",TRUE,TRUE,TRUE,TRUE
"formula",504,"unequal_control","C.UTF-8",FALSE,FALSE,FALSE,FALSE
"formula",505,"forward_equal","C.UTF-8",TRUE,FALSE,TRUE,TRUE
"formula",505,"reverse_equal","C.UTF-8",TRUE,FALSE,TRUE,TRUE
"formula",505,"reflexivity","C.UTF-8",TRUE,TRUE,TRUE,TRUE
"formula",505,"unequal_control","C.UTF-8",FALSE,FALSE,FALSE,FALSE
"formula",506,"forward_equal","C.UTF-8",TRUE,FALSE,TRUE,TRUE
"formula",506,"reverse_equal","C.UTF-8",TRUE,FALSE,TRUE,TRUE
"formula",506,"reflexivity","C.UTF-8",TRUE,TRUE,TRUE,TRUE
"formula",506,"unequal_control","C.UTF-8",FALSE,FALSE,FALSE,FALSE
"formula",507,"forward_equal","C.UTF-8",TRUE,FALSE,TRUE,TRUE
"formula",507,"reverse_equal","C.UTF-8",TRUE,FALSE,TRUE,TRUE
"formula",507,"reflexivity","C.UTF-8",TRUE,TRUE,TRUE,TRUE
"formula",507,"unequal_control","C.UTF-8",FALSE,FALSE,FALSE,FALSE
"formula",508,"forward_equal","C.UTF-8",TRUE,FALSE,TRUE,TRUE
"formula",508,"reverse_equal","C.UTF-8",TRUE,FALSE,TRUE,TRUE
"formula",508,"reflexivity","C.UTF-8",TRUE,TRUE,TRUE,TRUE
"formula",508,"unequal_control","C.UTF-8",FALSE,FALSE,FALSE,FALSE
"formula",509,"forward_equal","C.UTF-8",TRUE,FALSE,TRUE,TRUE
"formula",509,"reverse_equal","C.UTF-8",TRUE,FALSE,TRUE,TRUE
"formula",509,"reflexivity","C.UTF-8",TRUE,TRUE,TRUE,TRUE
"formula",509,"unequal_control","C.UTF-8",FALSE,FALSE,FALSE,FALSE
"formula",510,"forward_equal","C.UTF-8",TRUE,FALSE,TRUE,TRUE
"formula",510,"reverse_equal","C.UTF-8",TRUE,FALSE,TRUE,TRUE
"formula",510,"reflexivity","C.UTF-8",TRUE,TRUE,TRUE,TRUE
"formula",510,"unequal_control","C.UTF-8",FALSE,FALSE,FALSE,FALSE
"formula",511,"forward_equal","C.UTF-8",TRUE,FALSE,TRUE,TRUE
"formula",511,"reverse_equal","C.UTF-8",TRUE,FALSE,TRUE,TRUE
"formula",511,"reflexivity","C.UTF-8",TRUE,TRUE,TRUE,TRUE
"formula",511,"unequal_control","C.UTF-8",FALSE,FALSE,FALSE,FALSE
"formula",512,"forward_equal","C.UTF-8",TRUE,FALSE,TRUE,TRUE
"formula",512,"reverse_equal","C.UTF-8",TRUE,FALSE,TRUE,TRUE
"formula",512,"reflexivity","C.UTF-8",TRUE,TRUE,TRUE,TRUE
"formula",512,"unequal_control","C.UTF-8",FALSE,FALSE,FALSE,FALSE
"formula",513,"forward_equal","C.UTF-8",TRUE,FALSE,TRUE,TRUE
"formula",513,"reverse_equal","C.UTF-8",TRUE,FALSE,TRUE,TRUE
"formula",513,"reflexivity","C.UTF-8",TRUE,TRUE,TRUE,TRUE
"formula",513,"unequal_control","C.UTF-8",FALSE,FALSE,FALSE,FALSE
"formula",514,"forward_equal","C.UTF-8",TRUE,FALSE,TRUE,TRUE
"formula",514,"reverse_equal","C.UTF-8",TRUE,FALSE,TRUE,TRUE
"formula",514,"reflexivity","C.UTF-8",TRUE,TRUE,TRUE,TRUE
"formula",514,"unequal_control","C.UTF-8",FALSE,FALSE,FALSE,FALSE
"formula",515,"forward_equal","C.UTF-8",TRUE,FALSE,TRUE,TRUE
"formula",515,"reverse_equal","C.UTF-8",TRUE,FALSE,TRUE,TRUE
"formula",515,"reflexivity","C.UTF-8",TRUE,TRUE,TRUE,TRUE
"formula",515,"unequal_control","C.UTF-8",FALSE,FALSE,FALSE,FALSE
"formula",516,"forward_equal","C.UTF-8",TRUE,FALSE,TRUE,TRUE
"formula",516,"reverse_equal","C.UTF-8",TRUE,FALSE,TRUE,TRUE
"formula",516,"reflexivity","C.UTF-8",TRUE,TRUE,TRUE,TRUE
"formula",516,"unequal_control","C.UTF-8",FALSE,FALSE,FALSE,FALSE
"formula",517,"forward_equal","C.UTF-8",TRUE,FALSE,TRUE,TRUE
"formula",517,"reverse_equal","C.UTF-8",TRUE,FALSE,TRUE,TRUE
"formula",517,"reflexivity","C.UTF-8",TRUE,TRUE,TRUE,TRUE
"formula",517,"unequal_control","C.UTF-8",FALSE,FALSE,FALSE,FALSE
"formula",518,"forward_equal","C.UTF-8",TRUE,FALSE,TRUE,TRUE
"formula",518,"reverse_equal","C.UTF-8",TRUE,FALSE,TRUE,TRUE
"formula",518,"reflexivity","C.UTF-8",TRUE,TRUE,TRUE,TRUE
"formula",518,"unequal_control","C.UTF-8",FALSE,FALSE,FALSE,FALSE
"formula",519,"forward_equal","C.UTF-8",TRUE,FALSE,TRUE,TRUE
"formula",519,"reverse_equal","C.UTF-8",TRUE,FALSE,TRUE,TRUE
"formula",519,"reflexivity","C.UTF-8",TRUE,TRUE,TRUE,TRUE
"formula",519,"unequal_control","C.UTF-8",FALSE,FALSE,FALSE,FALSE
"formula",520,"forward_equal","C.UTF-8",TRUE,FALSE,TRUE,TRUE
"formula",520,"reverse_equal","C.UTF-8",TRUE,FALSE,TRUE,TRUE
"formula",520,"reflexivity","C.UTF-8",TRUE,TRUE,TRUE,TRUE
"formula",520,"unequal_control","C.UTF-8",FALSE,FALSE,FALSE,FALSE
"formula",521,"forward_equal","C.UTF-8",TRUE,FALSE,TRUE,TRUE
"formula",521,"reverse_equal","C.UTF-8",TRUE,FALSE,TRUE,TRUE
"formula",521,"reflexivity","C.UTF-8",TRUE,TRUE,TRUE,TRUE
"formula",521,"unequal_control","C.UTF-8",FALSE,FALSE,FALSE,FALSE
"formula",522,"forward_equal","C.UTF-8",TRUE,FALSE,TRUE,TRUE
"formula",522,"reverse_equal","C.UTF-8",TRUE,FALSE,TRUE,TRUE
"formula",522,"reflexivity","C.UTF-8",TRUE,TRUE,TRUE,TRUE
"formula",522,"unequal_control","C.UTF-8",FALSE,FALSE,FALSE,FALSE
"formula",523,"forward_equal","C.UTF-8",TRUE,FALSE,TRUE,TRUE
"formula",523,"reverse_equal","C.UTF-8",TRUE,FALSE,TRUE,TRUE
"formula",523,"reflexivity","C.UTF-8",TRUE,TRUE,TRUE,TRUE
"formula",523,"unequal_control","C.UTF-8",FALSE,FALSE,FALSE,FALSE
"formula",524,"forward_equal","C.UTF-8",TRUE,FALSE,TRUE,TRUE
"formula",524,"reverse_equal","C.UTF-8",TRUE,FALSE,TRUE,TRUE
"formula",524,"reflexivity","C.UTF-8",TRUE,TRUE,TRUE,TRUE
"formula",524,"unequal_control","C.UTF-8",FALSE,FALSE,FALSE,FALSE
"formula",525,"forward_equal","C.UTF-8",TRUE,FALSE,TRUE,TRUE
"formula",525,"reverse_equal","C.UTF-8",TRUE,FALSE,TRUE,TRUE
"formula",525,"reflexivity","C.UTF-8",TRUE,TRUE,TRUE,TRUE
"formula",525,"unequal_control","C.UTF-8",FALSE,FALSE,FALSE,FALSE
"formula",526,"forward_equal","C.UTF-8",TRUE,FALSE,TRUE,TRUE
"formula",526,"reverse_equal","C.UTF-8",TRUE,FALSE,TRUE,TRUE
"formula",526,"reflexivity","C.UTF-8",TRUE,TRUE,TRUE,TRUE
"formula",526,"unequal_control","C.UTF-8",FALSE,FALSE,FALSE,FALSE
"formula",527,"forward_equal","C.UTF-8",TRUE,FALSE,TRUE,TRUE
"formula",527,"reverse_equal","C.UTF-8",TRUE,FALSE,TRUE,TRUE
"formula",527,"reflexivity","C.UTF-8",TRUE,TRUE,TRUE,TRUE
"formula",527,"unequal_control","C.UTF-8",FALSE,FALSE,FALSE,FALSE
"formula",528,"forward_equal","C.UTF-8",TRUE,FALSE,TRUE,TRUE
"formula",528,"reverse_equal","C.UTF-8",TRUE,FALSE,TRUE,TRUE
"formula",528,"reflexivity","C.UTF-8",TRUE,TRUE,TRUE,TRUE
"formula",528,"unequal_control","C.UTF-8",FALSE,FALSE,FALSE,FALSE
"formula",529,"forward_equal","C.UTF-8",TRUE,FALSE,TRUE,TRUE
"formula",529,"reverse_equal","C.UTF-8",TRUE,FALSE,TRUE,TRUE
"formula",529,"reflexivity","C.UTF-8",TRUE,TRUE,TRUE,TRUE
"formula",529,"unequal_control","C.UTF-8",FALSE,FALSE,FALSE,FALSE
"formula",530,"forward_equal","C.UTF-8",TRUE,FALSE,TRUE,TRUE
"formula",530,"reverse_equal","C.UTF-8",TRUE,FALSE,TRUE,TRUE
"formula",530,"reflexivity","C.UTF-8",TRUE,TRUE,TRUE,TRUE
"formula",530,"unequal_control","C.UTF-8",FALSE,FALSE,FALSE,FALSE
"formula",531,"forward_equal","C.UTF-8",TRUE,FALSE,TRUE,TRUE
"formula",531,"reverse_equal","C.UTF-8",TRUE,FALSE,TRUE,TRUE
"formula",531,"reflexivity","C.UTF-8",TRUE,TRUE,TRUE,TRUE
"formula",531,"unequal_control","C.UTF-8",FALSE,FALSE,FALSE,FALSE
"formula",532,"forward_equal","C.UTF-8",TRUE,FALSE,TRUE,TRUE
"formula",532,"reverse_equal","C.UTF-8",TRUE,FALSE,TRUE,TRUE
"formula",532,"reflexivity","C.UTF-8",TRUE,TRUE,TRUE,TRUE
"formula",532,"unequal_control","C.UTF-8",FALSE,FALSE,FALSE,FALSE
"formula",533,"forward_equal","C.UTF-8",TRUE,FALSE,TRUE,TRUE
"formula",533,"reverse_equal","C.UTF-8",TRUE,FALSE,TRUE,TRUE
"formula",533,"reflexivity","C.UTF-8",TRUE,TRUE,TRUE,TRUE
"formula",533,"unequal_control","C.UTF-8",FALSE,FALSE,FALSE,FALSE
"formula",534,"forward_equal","C.UTF-8",TRUE,FALSE,TRUE,TRUE
"formula",534,"reverse_equal","C.UTF-8",TRUE,FALSE,TRUE,TRUE
"formula",534,"reflexivity","C.UTF-8",TRUE,TRUE,TRUE,TRUE
"formula",534,"unequal_control","C.UTF-8",FALSE,FALSE,FALSE,FALSE
"formula",535,"forward_equal","C.UTF-8",TRUE,FALSE,TRUE,TRUE
"formula",535,"reverse_equal","C.UTF-8",TRUE,FALSE,TRUE,TRUE
"formula",535,"reflexivity","C.UTF-8",TRUE,TRUE,TRUE,TRUE
"formula",535,"unequal_control","C.UTF-8",FALSE,FALSE,FALSE,FALSE
"formula",536,"forward_equal","C.UTF-8",TRUE,FALSE,TRUE,TRUE
"formula",536,"reverse_equal","C.UTF-8",TRUE,FALSE,TRUE,TRUE
"formula",536,"reflexivity","C.UTF-8",TRUE,TRUE,TRUE,TRUE
"formula",536,"unequal_control","C.UTF-8",FALSE,FALSE,FALSE,FALSE
"formula",537,"forward_equal","C.UTF-8",TRUE,FALSE,TRUE,TRUE
"formula",537,"reverse_equal","C.UTF-8",TRUE,FALSE,TRUE,TRUE
"formula",537,"reflexivity","C.UTF-8",TRUE,TRUE,TRUE,TRUE
"formula",537,"unequal_control","C.UTF-8",FALSE,FALSE,FALSE,FALSE
"formula",538,"forward_equal","C.UTF-8",TRUE,FALSE,TRUE,TRUE
"formula",538,"reverse_equal","C.UTF-8",TRUE,FALSE,TRUE,TRUE
"formula",538,"reflexivity","C.UTF-8",TRUE,TRUE,TRUE,TRUE
"formula",538,"unequal_control","C.UTF-8",FALSE,FALSE,FALSE,FALSE
"formula",539,"forward_equal","C.UTF-8",TRUE,FALSE,TRUE,TRUE
"formula",539,"reverse_equal","C.UTF-8",TRUE,FALSE,TRUE,TRUE
"formula",539,"reflexivity","C.UTF-8",TRUE,TRUE,TRUE,TRUE
"formula",539,"unequal_control","C.UTF-8",FALSE,FALSE,FALSE,FALSE
"formula",540,"forward_equal","C.UTF-8",TRUE,FALSE,TRUE,TRUE
"formula",540,"reverse_equal","C.UTF-8",TRUE,FALSE,TRUE,TRUE
"formula",540,"reflexivity","C.UTF-8",TRUE,TRUE,TRUE,TRUE
"formula",540,"unequal_control","C.UTF-8",FALSE,FALSE,FALSE,FALSE
"formula",541,"forward_equal","C.UTF-8",TRUE,FALSE,TRUE,TRUE
"formula",541,"reverse_equal","C.UTF-8",TRUE,FALSE,TRUE,TRUE
"formula",541,"reflexivity","C.UTF-8",TRUE,TRUE,TRUE,TRUE
"formula",541,"unequal_control","C.UTF-8",FALSE,FALSE,FALSE,FALSE
"formula",542,"forward_equal","C.UTF-8",TRUE,FALSE,TRUE,TRUE
"formula",542,"reverse_equal","C.UTF-8",TRUE,FALSE,TRUE,TRUE
"formula",542,"reflexivity","C.UTF-8",TRUE,TRUE,TRUE,TRUE
"formula",542,"unequal_control","C.UTF-8",FALSE,FALSE,FALSE,FALSE
"formula",543,"forward_equal","C.UTF-8",TRUE,FALSE,TRUE,TRUE
"formula",543,"reverse_equal","C.UTF-8",TRUE,FALSE,TRUE,TRUE
"formula",543,"reflexivity","C.UTF-8",TRUE,TRUE,TRUE,TRUE
"formula",543,"unequal_control","C.UTF-8",FALSE,FALSE,FALSE,FALSE
"formula",544,"forward_equal","C.UTF-8",TRUE,FALSE,TRUE,TRUE
"formula",544,"reverse_equal","C.UTF-8",TRUE,FALSE,TRUE,TRUE
"formula",544,"reflexivity","C.UTF-8",TRUE,TRUE,TRUE,TRUE
"formula",544,"unequal_control","C.UTF-8",FALSE,FALSE,FALSE,FALSE
"formula",545,"forward_equal","C.UTF-8",TRUE,FALSE,TRUE,TRUE
"formula",545,"reverse_equal","C.UTF-8",TRUE,FALSE,TRUE,TRUE
"formula",545,"reflexivity","C.UTF-8",TRUE,TRUE,TRUE,TRUE
"formula",545,"unequal_control","C.UTF-8",FALSE,FALSE,FALSE,FALSE
"formula",546,"forward_equal","C.UTF-8",TRUE,FALSE,TRUE,TRUE
"formula",546,"reverse_equal","C.UTF-8",TRUE,FALSE,TRUE,TRUE
"formula",546,"reflexivity","C.UTF-8",TRUE,TRUE,TRUE,TRUE
"formula",546,"unequal_control","C.UTF-8",FALSE,FALSE,FALSE,FALSE
"formula",547,"forward_equal","C.UTF-8",TRUE,FALSE,TRUE,TRUE
"formula",547,"reverse_equal","C.UTF-8",TRUE,FALSE,TRUE,TRUE
"formula",547,"reflexivity","C.UTF-8",TRUE,TRUE,TRUE,TRUE
"formula",547,"unequal_control","C.UTF-8",FALSE,FALSE,FALSE,FALSE
"formula",548,"forward_equal","C.UTF-8",TRUE,FALSE,TRUE,TRUE
"formula",548,"reverse_equal","C.UTF-8",TRUE,FALSE,TRUE,TRUE
"formula",548,"reflexivity","C.UTF-8",TRUE,TRUE,TRUE,TRUE
"formula",548,"unequal_control","C.UTF-8",FALSE,FALSE,FALSE,FALSE
"formula",549,"forward_equal","C.UTF-8",TRUE,FALSE,TRUE,TRUE
"formula",549,"reverse_equal","C.UTF-8",TRUE,FALSE,TRUE,TRUE
"formula",549,"reflexivity","C.UTF-8",TRUE,TRUE,TRUE,TRUE
"formula",549,"unequal_control","C.UTF-8",FALSE,FALSE,FALSE,FALSE
"formula",550,"forward_equal","C.UTF-8",TRUE,FALSE,TRUE,TRUE
"formula",550,"reverse_equal","C.UTF-8",TRUE,FALSE,TRUE,TRUE
"formula",550,"reflexivity","C.UTF-8",TRUE,TRUE,TRUE,TRUE
"formula",550,"unequal_control","C.UTF-8",FALSE,FALSE,FALSE,FALSE
"formula",551,"forward_equal","C.UTF-8",TRUE,FALSE,TRUE,TRUE
"formula",551,"reverse_equal","C.UTF-8",TRUE,FALSE,TRUE,TRUE
"formula",551,"reflexivity","C.UTF-8",TRUE,TRUE,TRUE,TRUE
"formula",551,"unequal_control","C.UTF-8",FALSE,FALSE,FALSE,FALSE
"formula",552,"forward_equal","C.UTF-8",TRUE,FALSE,TRUE,TRUE
"formula",552,"reverse_equal","C.UTF-8",TRUE,FALSE,TRUE,TRUE
"formula",552,"reflexivity","C.UTF-8",TRUE,TRUE,TRUE,TRUE
"formula",552,"unequal_control","C.UTF-8",FALSE,FALSE,FALSE,FALSE
"formula",553,"forward_equal","C.UTF-8",TRUE,FALSE,TRUE,TRUE
"formula",553,"reverse_equal","C.UTF-8",TRUE,FALSE,TRUE,TRUE
"formula",553,"reflexivity","C.UTF-8",TRUE,TRUE,TRUE,TRUE
"formula",553,"unequal_control","C.UTF-8",FALSE,FALSE,FALSE,FALSE
"formula",554,"forward_equal","C.UTF-8",TRUE,FALSE,TRUE,TRUE
"formula",554,"reverse_equal","C.UTF-8",TRUE,FALSE,TRUE,TRUE
"formula",554,"reflexivity","C.UTF-8",TRUE,TRUE,TRUE,TRUE
"formula",554,"unequal_control","C.UTF-8",FALSE,FALSE,FALSE,FALSE
"formula",555,"forward_equal","C.UTF-8",TRUE,FALSE,TRUE,TRUE
"formula",555,"reverse_equal","C.UTF-8",TRUE,FALSE,TRUE,TRUE
"formula",555,"reflexivity","C.UTF-8",TRUE,TRUE,TRUE,TRUE
"formula",555,"unequal_control","C.UTF-8",FALSE,FALSE,FALSE,FALSE
"formula",556,"forward_equal","C.UTF-8",TRUE,FALSE,TRUE,TRUE
"formula",556,"reverse_equal","C.UTF-8",TRUE,FALSE,TRUE,TRUE
"formula",556,"reflexivity","C.UTF-8",TRUE,TRUE,TRUE,TRUE
"formula",556,"unequal_control","C.UTF-8",FALSE,FALSE,FALSE,FALSE
"formula",557,"forward_equal","C.UTF-8",TRUE,FALSE,TRUE,TRUE
"formula",557,"reverse_equal","C.UTF-8",TRUE,FALSE,TRUE,TRUE
"formula",557,"reflexivity","C.UTF-8",TRUE,TRUE,TRUE,TRUE
"formula",557,"unequal_control","C.UTF-8",FALSE,FALSE,FALSE,FALSE
"formula",558,"forward_equal","C.UTF-8",TRUE,FALSE,TRUE,TRUE
"formula",558,"reverse_equal","C.UTF-8",TRUE,FALSE,TRUE,TRUE
"formula",558,"reflexivity","C.UTF-8",TRUE,TRUE,TRUE,TRUE
"formula",558,"unequal_control","C.UTF-8",FALSE,FALSE,FALSE,FALSE
"formula",559,"forward_equal","C.UTF-8",TRUE,FALSE,TRUE,TRUE
"formula",559,"reverse_equal","C.UTF-8",TRUE,FALSE,TRUE,TRUE
"formula",559,"reflexivity","C.UTF-8",TRUE,TRUE,TRUE,TRUE
"formula",559,"unequal_control","C.UTF-8",FALSE,FALSE,FALSE,FALSE
"formula",560,"forward_equal","C.UTF-8",TRUE,FALSE,TRUE,TRUE
"formula",560,"reverse_equal","C.UTF-8",TRUE,FALSE,TRUE,TRUE
"formula",560,"reflexivity","C.UTF-8",TRUE,TRUE,TRUE,TRUE
"formula",560,"unequal_control","C.UTF-8",FALSE,FALSE,FALSE,FALSE
"formula",561,"forward_equal","C.UTF-8",TRUE,FALSE,TRUE,TRUE
"formula",561,"reverse_equal","C.UTF-8",TRUE,FALSE,TRUE,TRUE
"formula",561,"reflexivity","C.UTF-8",TRUE,TRUE,TRUE,TRUE
"formula",561,"unequal_control","C.UTF-8",FALSE,FALSE,FALSE,FALSE
"formula",562,"forward_equal","C.UTF-8",TRUE,FALSE,TRUE,TRUE
"formula",562,"reverse_equal","C.UTF-8",TRUE,FALSE,TRUE,TRUE
"formula",562,"reflexivity","C.UTF-8",TRUE,TRUE,TRUE,TRUE
"formula",562,"unequal_control","C.UTF-8",FALSE,FALSE,FALSE,FALSE
"formula",563,"forward_equal","C.UTF-8",TRUE,FALSE,TRUE,TRUE
"formula",563,"reverse_equal","C.UTF-8",TRUE,FALSE,TRUE,TRUE
"formula",563,"reflexivity","C.UTF-8",TRUE,TRUE,TRUE,TRUE
"formula",563,"unequal_control","C.UTF-8",FALSE,FALSE,FALSE,FALSE
"formula",564,"forward_equal","C.UTF-8",TRUE,FALSE,TRUE,TRUE
"formula",564,"reverse_equal","C.UTF-8",TRUE,FALSE,TRUE,TRUE
"formula",564,"reflexivity","C.UTF-8",TRUE,TRUE,TRUE,TRUE
"formula",564,"unequal_control","C.UTF-8",FALSE,FALSE,FALSE,FALSE
"formula",565,"forward_equal","C.UTF-8",TRUE,FALSE,TRUE,TRUE
"formula",565,"reverse_equal","C.UTF-8",TRUE,FALSE,TRUE,TRUE
"formula",565,"reflexivity","C.UTF-8",TRUE,TRUE,TRUE,TRUE
"formula",565,"unequal_control","C.UTF-8",FALSE,FALSE,FALSE,FALSE
"formula",566,"forward_equal","C.UTF-8",TRUE,FALSE,TRUE,TRUE
"formula",566,"reverse_equal","C.UTF-8",TRUE,FALSE,TRUE,TRUE
"formula",566,"reflexivity","C.UTF-8",TRUE,TRUE,TRUE,TRUE
"formula",566,"unequal_control","C.UTF-8",FALSE,FALSE,FALSE,FALSE
"formula",567,"forward_equal","C.UTF-8",TRUE,FALSE,TRUE,TRUE
"formula",567,"reverse_equal","C.UTF-8",TRUE,FALSE,TRUE,TRUE
"formula",567,"reflexivity","C.UTF-8",TRUE,TRUE,TRUE,TRUE
"formula",567,"unequal_control","C.UTF-8",FALSE,FALSE,FALSE,FALSE
"formula",568,"forward_equal","C.UTF-8",TRUE,FALSE,TRUE,TRUE
"formula",568,"reverse_equal","C.UTF-8",TRUE,FALSE,TRUE,TRUE
"formula",568,"reflexivity","C.UTF-8",TRUE,TRUE,TRUE,TRUE
"formula",568,"unequal_control","C.UTF-8",FALSE,FALSE,FALSE,FALSE
"formula",569,"forward_equal","C.UTF-8",TRUE,FALSE,TRUE,TRUE
"formula",569,"reverse_equal","C.UTF-8",TRUE,FALSE,TRUE,TRUE
"formula",569,"reflexivity","C.UTF-8",TRUE,TRUE,TRUE,TRUE
"formula",569,"unequal_control","C.UTF-8",FALSE,FALSE,FALSE,FALSE
"formula",570,"forward_equal","C.UTF-8",TRUE,FALSE,TRUE,TRUE
"formula",570,"reverse_equal","C.UTF-8",TRUE,FALSE,TRUE,TRUE
"formula",570,"reflexivity","C.UTF-8",TRUE,TRUE,TRUE,TRUE
"formula",570,"unequal_control","C.UTF-8",FALSE,FALSE,FALSE,FALSE
"formula",571,"forward_equal","C.UTF-8",TRUE,FALSE,TRUE,TRUE
"formula",571,"reverse_equal","C.UTF-8",TRUE,FALSE,TRUE,TRUE
"formula",571,"reflexivity","C.UTF-8",TRUE,TRUE,TRUE,TRUE
"formula",571,"unequal_control","C.UTF-8",FALSE,FALSE,FALSE,FALSE
"formula",572,"forward_equal","C.UTF-8",TRUE,FALSE,TRUE,TRUE
"formula",572,"reverse_equal","C.UTF-8",TRUE,FALSE,TRUE,TRUE
"formula",572,"reflexivity","C.UTF-8",TRUE,TRUE,TRUE,TRUE
"formula",572,"unequal_control","C.UTF-8",FALSE,FALSE,FALSE,FALSE
"formula",573,"forward_equal","C.UTF-8",TRUE,FALSE,TRUE,TRUE
"formula",573,"reverse_equal","C.UTF-8",TRUE,FALSE,TRUE,TRUE
"formula",573,"reflexivity","C.UTF-8",TRUE,TRUE,TRUE,TRUE
"formula",573,"unequal_control","C.UTF-8",FALSE,FALSE,FALSE,FALSE
"formula",574,"forward_equal","C.UTF-8",TRUE,FALSE,TRUE,TRUE
"formula",574,"reverse_equal","C.UTF-8",TRUE,FALSE,TRUE,TRUE
"formula",574,"reflexivity","C.UTF-8",TRUE,TRUE,TRUE,TRUE
"formula",574,"unequal_control","C.UTF-8",FALSE,FALSE,FALSE,FALSE
"formula",575,"forward_equal","C.UTF-8",TRUE,FALSE,TRUE,TRUE
"formula",575,"reverse_equal","C.UTF-8",TRUE,FALSE,TRUE,TRUE
"formula",575,"reflexivity","C.UTF-8",TRUE,TRUE,TRUE,TRUE
"formula",575,"unequal_control","C.UTF-8",FALSE,FALSE,FALSE,FALSE
"formula",576,"forward_equal","C.UTF-8",TRUE,FALSE,TRUE,TRUE
"formula",576,"reverse_equal","C.UTF-8",TRUE,FALSE,TRUE,TRUE
"formula",576,"reflexivity","C.UTF-8",TRUE,TRUE,TRUE,TRUE
"formula",576,"unequal_control","C.UTF-8",FALSE,FALSE,FALSE,FALSE
"formula",577,"forward_equal","C.UTF-8",TRUE,FALSE,TRUE,TRUE
"formula",577,"reverse_equal","C.UTF-8",TRUE,FALSE,TRUE,TRUE
"formula",577,"reflexivity","C.UTF-8",TRUE,TRUE,TRUE,TRUE
"formula",577,"unequal_control","C.UTF-8",FALSE,FALSE,FALSE,FALSE
"formula",578,"forward_equal","C.UTF-8",TRUE,FALSE,TRUE,TRUE
"formula",578,"reverse_equal","C.UTF-8",TRUE,FALSE,TRUE,TRUE
"formula",578,"reflexivity","C.UTF-8",TRUE,TRUE,TRUE,TRUE
"formula",578,"unequal_control","C.UTF-8",FALSE,FALSE,FALSE,FALSE
"formula",579,"forward_equal","C.UTF-8",TRUE,FALSE,TRUE,TRUE
"formula",579,"reverse_equal","C.UTF-8",TRUE,FALSE,TRUE,TRUE
"formula",579,"reflexivity","C.UTF-8",TRUE,TRUE,TRUE,TRUE
"formula",579,"unequal_control","C.UTF-8",FALSE,FALSE,FALSE,FALSE
"formula",580,"forward_equal","C.UTF-8",TRUE,FALSE,TRUE,TRUE
"formula",580,"reverse_equal","C.UTF-8",TRUE,FALSE,TRUE,TRUE
"formula",580,"reflexivity","C.UTF-8",TRUE,TRUE,TRUE,TRUE
"formula",580,"unequal_control","C.UTF-8",FALSE,FALSE,FALSE,FALSE
"formula",581,"forward_equal","C.UTF-8",TRUE,FALSE,TRUE,TRUE
"formula",581,"reverse_equal","C.UTF-8",TRUE,FALSE,TRUE,TRUE
"formula",581,"reflexivity","C.UTF-8",TRUE,TRUE,TRUE,TRUE
"formula",581,"unequal_control","C.UTF-8",FALSE,FALSE,FALSE,FALSE
"formula",582,"forward_equal","C.UTF-8",TRUE,FALSE,TRUE,TRUE
"formula",582,"reverse_equal","C.UTF-8",TRUE,FALSE,TRUE,TRUE
"formula",582,"reflexivity","C.UTF-8",TRUE,TRUE,TRUE,TRUE
"formula",582,"unequal_control","C.UTF-8",FALSE,FALSE,FALSE,FALSE
"formula",583,"forward_equal","C.UTF-8",TRUE,FALSE,TRUE,TRUE
"formula",583,"reverse_equal","C.UTF-8",TRUE,FALSE,TRUE,TRUE
"formula",583,"reflexivity","C.UTF-8",TRUE,TRUE,TRUE,TRUE
"formula",583,"unequal_control","C.UTF-8",FALSE,FALSE,FALSE,FALSE
"formula",584,"forward_equal","C.UTF-8",TRUE,FALSE,TRUE,TRUE
"formula",584,"reverse_equal","C.UTF-8",TRUE,FALSE,TRUE,TRUE
"formula",584,"reflexivity","C.UTF-8",TRUE,TRUE,TRUE,TRUE
"formula",584,"unequal_control","C.UTF-8",FALSE,FALSE,FALSE,FALSE
"formula",585,"forward_equal","C.UTF-8",TRUE,FALSE,TRUE,TRUE
"formula",585,"reverse_equal","C.UTF-8",TRUE,FALSE,TRUE,TRUE
"formula",585,"reflexivity","C.UTF-8",TRUE,TRUE,TRUE,TRUE
"formula",585,"unequal_control","C.UTF-8",FALSE,FALSE,FALSE,FALSE
"formula",586,"forward_equal","C.UTF-8",TRUE,FALSE,TRUE,TRUE
"formula",586,"reverse_equal","C.UTF-8",TRUE,FALSE,TRUE,TRUE
"formula",586,"reflexivity","C.UTF-8",TRUE,TRUE,TRUE,TRUE
"formula",586,"unequal_control","C.UTF-8",FALSE,FALSE,FALSE,FALSE
"formula",587,"forward_equal","C.UTF-8",TRUE,FALSE,TRUE,TRUE
"formula",587,"reverse_equal","C.UTF-8",TRUE,FALSE,TRUE,TRUE
"formula",587,"reflexivity","C.UTF-8",TRUE,TRUE,TRUE,TRUE
"formula",587,"unequal_control","C.UTF-8",FALSE,FALSE,FALSE,FALSE
"formula",588,"forward_equal","C.UTF-8",TRUE,FALSE,TRUE,TRUE
"formula",588,"reverse_equal","C.UTF-8",TRUE,FALSE,TRUE,TRUE
"formula",588,"reflexivity","C.UTF-8",TRUE,TRUE,TRUE,TRUE
"formula",588,"unequal_control","C.UTF-8",FALSE,FALSE,FALSE,FALSE
"formula",589,"forward_equal","C.UTF-8",TRUE,FALSE,TRUE,TRUE
"formula",589,"reverse_equal","C.UTF-8",TRUE,FALSE,TRUE,TRUE
"formula",589,"reflexivity","C.UTF-8",TRUE,TRUE,TRUE,TRUE
"formula",589,"unequal_control","C.UTF-8",FALSE,FALSE,FALSE,FALSE
"formula",590,"forward_equal","C.UTF-8",TRUE,FALSE,TRUE,TRUE
"formula",590,"reverse_equal","C.UTF-8",TRUE,FALSE,TRUE,TRUE
"formula",590,"reflexivity","C.UTF-8",TRUE,TRUE,TRUE,TRUE
"formula",590,"unequal_control","C.UTF-8",FALSE,FALSE,FALSE,FALSE
"formula",591,"forward_equal","C.UTF-8",TRUE,FALSE,TRUE,TRUE
"formula",591,"reverse_equal","C.UTF-8",TRUE,FALSE,TRUE,TRUE
"formula",591,"reflexivity","C.UTF-8",TRUE,TRUE,TRUE,TRUE
"formula",591,"unequal_control","C.UTF-8",FALSE,FALSE,FALSE,FALSE
"formula",592,"forward_equal","C.UTF-8",TRUE,FALSE,TRUE,TRUE
"formula",592,"reverse_equal","C.UTF-8",TRUE,FALSE,TRUE,TRUE
"formula",592,"reflexivity","C.UTF-8",TRUE,TRUE,TRUE,TRUE
"formula",592,"unequal_control","C.UTF-8",FALSE,FALSE,FALSE,FALSE
"formula",593,"forward_equal","C.UTF-8",TRUE,FALSE,TRUE,TRUE
"formula",593,"reverse_equal","C.UTF-8",TRUE,FALSE,TRUE,TRUE
"formula",593,"reflexivity","C.UTF-8",TRUE,TRUE,TRUE,TRUE
"formula",593,"unequal_control","C.UTF-8",FALSE,FALSE,FALSE,FALSE
"formula",594,"forward_equal","C.UTF-8",TRUE,FALSE,TRUE,TRUE
"formula",594,"reverse_equal","C.UTF-8",TRUE,FALSE,TRUE,TRUE
"formula",594,"reflexivity","C.UTF-8",TRUE,TRUE,TRUE,TRUE
"formula",594,"unequal_control","C.UTF-8",FALSE,FALSE,FALSE,FALSE
"formula",595,"forward_equal","C.UTF-8",TRUE,FALSE,TRUE,TRUE
"formula",595,"reverse_equal","C.UTF-8",TRUE,FALSE,TRUE,TRUE
"formula",595,"reflexivity","C.UTF-8",TRUE,TRUE,TRUE,TRUE
"formula",595,"unequal_control","C.UTF-8",FALSE,FALSE,FALSE,FALSE
"formula",596,"forward_equal","C.UTF-8",TRUE,FALSE,TRUE,TRUE
"formula",596,"reverse_equal","C.UTF-8",TRUE,FALSE,TRUE,TRUE
"formula",596,"reflexivity","C.UTF-8",TRUE,TRUE,TRUE,TRUE
"formula",596,"unequal_control","C.UTF-8",FALSE,FALSE,FALSE,FALSE
"formula",597,"forward_equal","C.UTF-8",TRUE,FALSE,TRUE,TRUE
"formula",597,"reverse_equal","C.UTF-8",TRUE,FALSE,TRUE,TRUE
"formula",597,"reflexivity","C.UTF-8",TRUE,TRUE,TRUE,TRUE
"formula",597,"unequal_control","C.UTF-8",FALSE,FALSE,FALSE,FALSE
"formula",598,"forward_equal","C.UTF-8",TRUE,FALSE,TRUE,TRUE
"formula",598,"reverse_equal","C.UTF-8",TRUE,FALSE,TRUE,TRUE
"formula",598,"reflexivity","C.UTF-8",TRUE,TRUE,TRUE,TRUE
"formula",598,"unequal_control","C.UTF-8",FALSE,FALSE,FALSE,FALSE
"formula",599,"forward_equal","C.UTF-8",TRUE,FALSE,TRUE,TRUE
"formula",599,"reverse_equal","C.UTF-8",TRUE,FALSE,TRUE,TRUE
"formula",599,"reflexivity","C.UTF-8",TRUE,TRUE,TRUE,TRUE
"formula",599,"unequal_control","C.UTF-8",FALSE,FALSE,FALSE,FALSE
"formula",600,"forward_equal","C.UTF-8",TRUE,FALSE,TRUE,TRUE
"formula",600,"reverse_equal","C.UTF-8",TRUE,FALSE,TRUE,TRUE
"formula",600,"reflexivity","C.UTF-8",TRUE,TRUE,TRUE,TRUE
"formula",600,"unequal_control","C.UTF-8",FALSE,FALSE,FALSE,FALSE
"formula",601,"forward_equal","C.UTF-8",TRUE,FALSE,TRUE,TRUE
"formula",601,"reverse_equal","C.UTF-8",TRUE,FALSE,TRUE,TRUE
"formula",601,"reflexivity","C.UTF-8",TRUE,TRUE,TRUE,TRUE
"formula",601,"unequal_control","C.UTF-8",FALSE,FALSE,FALSE,FALSE
"formula",602,"forward_equal","C.UTF-8",TRUE,FALSE,TRUE,TRUE
"formula",602,"reverse_equal","C.UTF-8",TRUE,FALSE,TRUE,TRUE
"formula",602,"reflexivity","C.UTF-8",TRUE,TRUE,TRUE,TRUE
"formula",602,"unequal_control","C.UTF-8",FALSE,FALSE,FALSE,FALSE
"formula",603,"forward_equal","C.UTF-8",TRUE,FALSE,TRUE,TRUE
"formula",603,"reverse_equal","C.UTF-8",TRUE,FALSE,TRUE,TRUE
"formula",603,"reflexivity","C.UTF-8",TRUE,TRUE,TRUE,TRUE
"formula",603,"unequal_control","C.UTF-8",FALSE,FALSE,FALSE,FALSE
"formula",604,"forward_equal","C.UTF-8",TRUE,FALSE,TRUE,TRUE
"formula",604,"reverse_equal","C.UTF-8",TRUE,FALSE,TRUE,TRUE
"formula",604,"reflexivity","C.UTF-8",TRUE,TRUE,TRUE,TRUE
"formula",604,"unequal_control","C.UTF-8",FALSE,FALSE,FALSE,FALSE
"formula",605,"forward_equal","C.UTF-8",TRUE,FALSE,TRUE,TRUE
"formula",605,"reverse_equal","C.UTF-8",TRUE,FALSE,TRUE,TRUE
"formula",605,"reflexivity","C.UTF-8",TRUE,TRUE,TRUE,TRUE
"formula",605,"unequal_control","C.UTF-8",FALSE,FALSE,FALSE,FALSE
"formula",606,"forward_equal","C.UTF-8",TRUE,FALSE,TRUE,TRUE
"formula",606,"reverse_equal","C.UTF-8",TRUE,FALSE,TRUE,TRUE
"formula",606,"reflexivity","C.UTF-8",TRUE,TRUE,TRUE,TRUE
"formula",606,"unequal_control","C.UTF-8",FALSE,FALSE,FALSE,FALSE
"formula",607,"forward_equal","C.UTF-8",TRUE,FALSE,TRUE,TRUE
"formula",607,"reverse_equal","C.UTF-8",TRUE,FALSE,TRUE,TRUE
"formula",607,"reflexivity","C.UTF-8",TRUE,TRUE,TRUE,TRUE
"formula",607,"unequal_control","C.UTF-8",FALSE,FALSE,FALSE,FALSE
"formula",608,"forward_equal","C.UTF-8",TRUE,FALSE,TRUE,TRUE
"formula",608,"reverse_equal","C.UTF-8",TRUE,FALSE,TRUE,TRUE
"formula",608,"reflexivity","C.UTF-8",TRUE,TRUE,TRUE,TRUE
"formula",608,"unequal_control","C.UTF-8",FALSE,FALSE,FALSE,FALSE
"formula",609,"forward_equal","C.UTF-8",TRUE,FALSE,TRUE,TRUE
"formula",609,"reverse_equal","C.UTF-8",TRUE,FALSE,TRUE,TRUE
"formula",609,"reflexivity","C.UTF-8",TRUE,TRUE,TRUE,TRUE
"formula",609,"unequal_control","C.UTF-8",FALSE,FALSE,FALSE,FALSE
"formula",610,"forward_equal","C.UTF-8",TRUE,FALSE,TRUE,TRUE
"formula",610,"reverse_equal","C.UTF-8",TRUE,FALSE,TRUE,TRUE
"formula",610,"reflexivity","C.UTF-8",TRUE,TRUE,TRUE,TRUE
"formula",610,"unequal_control","C.UTF-8",FALSE,FALSE,FALSE,FALSE
"formula",611,"forward_equal","C.UTF-8",TRUE,FALSE,TRUE,TRUE
"formula",611,"reverse_equal","C.UTF-8",TRUE,FALSE,TRUE,TRUE
"formula",611,"reflexivity","C.UTF-8",TRUE,TRUE,TRUE,TRUE
"formula",611,"unequal_control","C.UTF-8",FALSE,FALSE,FALSE,FALSE
"formula",612,"forward_equal","C.UTF-8",TRUE,FALSE,TRUE,TRUE
"formula",612,"reverse_equal","C.UTF-8",TRUE,FALSE,TRUE,TRUE
"formula",612,"reflexivity","C.UTF-8",TRUE,TRUE,TRUE,TRUE
"formula",612,"unequal_control","C.UTF-8",FALSE,FALSE,FALSE,FALSE
"formula",613,"forward_equal","C.UTF-8",TRUE,FALSE,TRUE,TRUE
"formula",613,"reverse_equal","C.UTF-8",TRUE,FALSE,TRUE,TRUE
"formula",613,"reflexivity","C.UTF-8",TRUE,TRUE,TRUE,TRUE
"formula",613,"unequal_control","C.UTF-8",FALSE,FALSE,FALSE,FALSE
"formula",614,"forward_equal","C.UTF-8",TRUE,FALSE,TRUE,TRUE
"formula",614,"reverse_equal","C.UTF-8",TRUE,FALSE,TRUE,TRUE
"formula",614,"reflexivity","C.UTF-8",TRUE,TRUE,TRUE,TRUE
"formula",614,"unequal_control","C.UTF-8",FALSE,FALSE,FALSE,FALSE
"formula",615,"forward_equal","C.UTF-8",TRUE,FALSE,TRUE,TRUE
"formula",615,"reverse_equal","C.UTF-8",TRUE,FALSE,TRUE,TRUE
"formula",615,"reflexivity","C.UTF-8",TRUE,TRUE,TRUE,TRUE
"formula",615,"unequal_control","C.UTF-8",FALSE,FALSE,FALSE,FALSE
"formula",616,"forward_equal","C.UTF-8",TRUE,FALSE,TRUE,TRUE
"formula",616,"reverse_equal","C.UTF-8",TRUE,FALSE,TRUE,TRUE
"formula",616,"reflexivity","C.UTF-8",TRUE,TRUE,TRUE,TRUE
"formula",616,"unequal_control","C.UTF-8",FALSE,FALSE,FALSE,FALSE
"formula",617,"forward_equal","C.UTF-8",TRUE,FALSE,TRUE,TRUE
"formula",617,"reverse_equal","C.UTF-8",TRUE,FALSE,TRUE,TRUE
"formula",617,"reflexivity","C.UTF-8",TRUE,TRUE,TRUE,TRUE
"formula",617,"unequal_control","C.UTF-8",FALSE,FALSE,FALSE,FALSE
"formula",618,"forward_equal","C.UTF-8",TRUE,FALSE,TRUE,TRUE
"formula",618,"reverse_equal","C.UTF-8",TRUE,FALSE,TRUE,TRUE
"formula",618,"reflexivity","C.UTF-8",TRUE,TRUE,TRUE,TRUE
"formula",618,"unequal_control","C.UTF-8",FALSE,FALSE,FALSE,FALSE
"formula",619,"forward_equal","C.UTF-8",TRUE,FALSE,TRUE,TRUE
"formula",619,"reverse_equal","C.UTF-8",TRUE,FALSE,TRUE,TRUE
"formula",619,"reflexivity","C.UTF-8",TRUE,TRUE,TRUE,TRUE
"formula",619,"unequal_control","C.UTF-8",FALSE,FALSE,FALSE,FALSE
"formula",620,"forward_equal","C.UTF-8",TRUE,FALSE,TRUE,TRUE
"formula",620,"reverse_equal","C.UTF-8",TRUE,FALSE,TRUE,TRUE
"formula",620,"reflexivity","C.UTF-8",TRUE,TRUE,TRUE,TRUE
"formula",620,"unequal_control","C.UTF-8",FALSE,FALSE,FALSE,FALSE
"formula",621,"forward_equal","C.UTF-8",TRUE,FALSE,TRUE,TRUE
"formula",621,"reverse_equal","C.UTF-8",TRUE,FALSE,TRUE,TRUE
"formula",621,"reflexivity","C.UTF-8",TRUE,TRUE,TRUE,TRUE
"formula",621,"unequal_control","C.UTF-8",FALSE,FALSE,FALSE,FALSE
"formula",622,"forward_equal","C.UTF-8",TRUE,FALSE,TRUE,TRUE
"formula",622,"reverse_equal","C.UTF-8",TRUE,FALSE,TRUE,TRUE
"formula",622,"reflexivity","C.UTF-8",TRUE,TRUE,TRUE,TRUE
"formula",622,"unequal_control","C.UTF-8",FALSE,FALSE,FALSE,FALSE
"formula",623,"forward_equal","C.UTF-8",TRUE,FALSE,TRUE,TRUE
"formula",623,"reverse_equal","C.UTF-8",TRUE,FALSE,TRUE,TRUE
"formula",623,"reflexivity","C.UTF-8",TRUE,TRUE,TRUE,TRUE
"formula",623,"unequal_control","C.UTF-8",FALSE,FALSE,FALSE,FALSE
"formula",624,"forward_equal","C.UTF-8",TRUE,FALSE,TRUE,TRUE
"formula",624,"reverse_equal","C.UTF-8",TRUE,FALSE,TRUE,TRUE
"formula",624,"reflexivity","C.UTF-8",TRUE,TRUE,TRUE,TRUE
"formula",624,"unequal_control","C.UTF-8",FALSE,FALSE,FALSE,FALSE
"formula",625,"forward_equal","C.UTF-8",TRUE,FALSE,TRUE,TRUE
"formula",625,"reverse_equal","C.UTF-8",TRUE,FALSE,TRUE,TRUE
"formula",625,"reflexivity","C.UTF-8",TRUE,TRUE,TRUE,TRUE
"formula",625,"unequal_control","C.UTF-8",FALSE,FALSE,FALSE,FALSE
"formula",626,"forward_equal","C.UTF-8",TRUE,FALSE,TRUE,TRUE
"formula",626,"reverse_equal","C.UTF-8",TRUE,FALSE,TRUE,TRUE
"formula",626,"reflexivity","C.UTF-8",TRUE,TRUE,TRUE,TRUE
"formula",626,"unequal_control","C.UTF-8",FALSE,FALSE,FALSE,FALSE
"formula",627,"forward_equal","C.UTF-8",TRUE,FALSE,TRUE,TRUE
"formula",627,"reverse_equal","C.UTF-8",TRUE,FALSE,TRUE,TRUE
"formula",627,"reflexivity","C.UTF-8",TRUE,TRUE,TRUE,TRUE
"formula",627,"unequal_control","C.UTF-8",FALSE,FALSE,FALSE,FALSE
"formula",628,"forward_equal","C.UTF-8",TRUE,FALSE,TRUE,TRUE
"formula",628,"reverse_equal","C.UTF-8",TRUE,FALSE,TRUE,TRUE
"formula",628,"reflexivity","C.UTF-8",TRUE,TRUE,TRUE,TRUE
"formula",628,"unequal_control","C.UTF-8",FALSE,FALSE,FALSE,FALSE
"formula",629,"forward_equal","C.UTF-8",TRUE,FALSE,TRUE,TRUE
"formula",629,"reverse_equal","C.UTF-8",TRUE,FALSE,TRUE,TRUE
"formula",629,"reflexivity","C.UTF-8",TRUE,TRUE,TRUE,TRUE
"formula",629,"unequal_control","C.UTF-8",FALSE,FALSE,FALSE,FALSE
"formula",630,"forward_equal","C.UTF-8",TRUE,FALSE,TRUE,TRUE
"formula",630,"reverse_equal","C.UTF-8",TRUE,FALSE,TRUE,TRUE
"formula",630,"reflexivity","C.UTF-8",TRUE,TRUE,TRUE,TRUE
"formula",630,"unequal_control","C.UTF-8",FALSE,FALSE,FALSE,FALSE
"formula",631,"forward_equal","C.UTF-8",TRUE,FALSE,TRUE,TRUE
"formula",631,"reverse_equal","C.UTF-8",TRUE,FALSE,TRUE,TRUE
"formula",631,"reflexivity","C.UTF-8",TRUE,TRUE,TRUE,TRUE
"formula",631,"unequal_control","C.UTF-8",FALSE,FALSE,FALSE,FALSE
"formula",632,"forward_equal","C.UTF-8",TRUE,FALSE,TRUE,TRUE
"formula",632,"reverse_equal","C.UTF-8",TRUE,FALSE,TRUE,TRUE
"formula",632,"reflexivity","C.UTF-8",TRUE,TRUE,TRUE,TRUE
"formula",632,"unequal_control","C.UTF-8",FALSE,FALSE,FALSE,FALSE
"formula",633,"forward_equal","C.UTF-8",TRUE,FALSE,TRUE,TRUE
"formula",633,"reverse_equal","C.UTF-8",TRUE,FALSE,TRUE,TRUE
"formula",633,"reflexivity","C.UTF-8",TRUE,TRUE,TRUE,TRUE
"formula",633,"unequal_control","C.UTF-8",FALSE,FALSE,FALSE,FALSE
"formula",634,"forward_equal","C.UTF-8",TRUE,FALSE,TRUE,TRUE
"formula",634,"reverse_equal","C.UTF-8",TRUE,FALSE,TRUE,TRUE
"formula",634,"reflexivity","C.UTF-8",TRUE,TRUE,TRUE,TRUE
"formula",634,"unequal_control","C.UTF-8",FALSE,FALSE,FALSE,FALSE
"formula",635,"forward_equal","C.UTF-8",TRUE,FALSE,TRUE,TRUE
"formula",635,"reverse_equal","C.UTF-8",TRUE,FALSE,TRUE,TRUE
"formula",635,"reflexivity","C.UTF-8",TRUE,TRUE,TRUE,TRUE
"formula",635,"unequal_control","C.UTF-8",FALSE,FALSE,FALSE,FALSE
"formula",636,"forward_equal","C.UTF-8",TRUE,FALSE,TRUE,TRUE
"formula",636,"reverse_equal","C.UTF-8",TRUE,FALSE,TRUE,TRUE
"formula",636,"reflexivity","C.UTF-8",TRUE,TRUE,TRUE,TRUE
"formula",636,"unequal_control","C.UTF-8",FALSE,FALSE,FALSE,FALSE
"formula",637,"forward_equal","C.UTF-8",TRUE,FALSE,TRUE,TRUE
"formula",637,"reverse_equal","C.UTF-8",TRUE,FALSE,TRUE,TRUE
"formula",637,"reflexivity","C.UTF-8",TRUE,TRUE,TRUE,TRUE
"formula",637,"unequal_control","C.UTF-8",FALSE,FALSE,FALSE,FALSE
"formula",638,"forward_equal","C.UTF-8",TRUE,FALSE,TRUE,TRUE
"formula",638,"reverse_equal","C.UTF-8",TRUE,FALSE,TRUE,TRUE
"formula",638,"reflexivity","C.UTF-8",TRUE,TRUE,TRUE,TRUE
"formula",638,"unequal_control","C.UTF-8",FALSE,FALSE,FALSE,FALSE
"formula",639,"forward_equal","C.UTF-8",TRUE,FALSE,TRUE,TRUE
"formula",639,"reverse_equal","C.UTF-8",TRUE,FALSE,TRUE,TRUE
"formula",639,"reflexivity","C.UTF-8",TRUE,TRUE,TRUE,TRUE
"formula",639,"unequal_control","C.UTF-8",FALSE,FALSE,FALSE,FALSE
"formula",640,"forward_equal","C.UTF-8",TRUE,FALSE,TRUE,TRUE
"formula",640,"reverse_equal","C.UTF-8",TRUE,FALSE,TRUE,TRUE
"formula",640,"reflexivity","C.UTF-8",TRUE,TRUE,TRUE,TRUE
"formula",640,"unequal_control","C.UTF-8",FALSE,FALSE,FALSE,FALSE
"formula",641,"forward_equal","C.UTF-8",TRUE,FALSE,TRUE,TRUE
"formula",641,"reverse_equal","C.UTF-8",TRUE,FALSE,TRUE,TRUE
"formula",641,"reflexivity","C.UTF-8",TRUE,TRUE,TRUE,TRUE
"formula",641,"unequal_control","C.UTF-8",FALSE,FALSE,FALSE,FALSE
"formula",642,"forward_equal","C.UTF-8",TRUE,FALSE,TRUE,TRUE
"formula",642,"reverse_equal","C.UTF-8",TRUE,FALSE,TRUE,TRUE
"formula",642,"reflexivity","C.UTF-8",TRUE,TRUE,TRUE,TRUE
"formula",642,"unequal_control","C.UTF-8",FALSE,FALSE,FALSE,FALSE
"formula",643,"forward_equal","C.UTF-8",TRUE,FALSE,TRUE,TRUE
"formula",643,"reverse_equal","C.UTF-8",TRUE,FALSE,TRUE,TRUE
"formula",643,"reflexivity","C.UTF-8",TRUE,TRUE,TRUE,TRUE
"formula",643,"unequal_control","C.UTF-8",FALSE,FALSE,FALSE,FALSE
"formula",644,"forward_equal","C.UTF-8",TRUE,FALSE,TRUE,TRUE
"formula",644,"reverse_equal","C.UTF-8",TRUE,FALSE,TRUE,TRUE
"formula",644,"reflexivity","C.UTF-8",TRUE,TRUE,TRUE,TRUE
"formula",644,"unequal_control","C.UTF-8",FALSE,FALSE,FALSE,FALSE
"formula",645,"forward_equal","C.UTF-8",TRUE,FALSE,TRUE,TRUE
"formula",645,"reverse_equal","C.UTF-8",TRUE,FALSE,TRUE,TRUE
"formula",645,"reflexivity","C.UTF-8",TRUE,TRUE,TRUE,TRUE
"formula",645,"unequal_control","C.UTF-8",FALSE,FALSE,FALSE,FALSE
"formula",646,"forward_equal","C.UTF-8",TRUE,FALSE,TRUE,TRUE
"formula",646,"reverse_equal","C.UTF-8",TRUE,FALSE,TRUE,TRUE
"formula",646,"reflexivity","C.UTF-8",TRUE,TRUE,TRUE,TRUE
"formula",646,"unequal_control","C.UTF-8",FALSE,FALSE,FALSE,FALSE
"formula",647,"forward_equal","C.UTF-8",TRUE,FALSE,TRUE,TRUE
"formula",647,"reverse_equal","C.UTF-8",TRUE,FALSE,TRUE,TRUE
"formula",647,"reflexivity","C.UTF-8",TRUE,TRUE,TRUE,TRUE
"formula",647,"unequal_control","C.UTF-8",FALSE,FALSE,FALSE,FALSE
"formula",648,"forward_equal","C.UTF-8",TRUE,FALSE,TRUE,TRUE
"formula",648,"reverse_equal","C.UTF-8",TRUE,FALSE,TRUE,TRUE
"formula",648,"reflexivity","C.UTF-8",TRUE,TRUE,TRUE,TRUE
"formula",648,"unequal_control","C.UTF-8",FALSE,FALSE,FALSE,FALSE
"atom",1,"forward_equal","en_US.UTF-8",TRUE,TRUE,TRUE,TRUE
"atom",1,"reverse_equal","en_US.UTF-8",TRUE,TRUE,TRUE,TRUE
"atom",1,"reflexivity","en_US.UTF-8",TRUE,TRUE,TRUE,TRUE
"atom",1,"unequal_control","en_US.UTF-8",FALSE,FALSE,FALSE,FALSE
"atom",2,"forward_equal","en_US.UTF-8",TRUE,TRUE,TRUE,TRUE
"atom",2,"reverse_equal","en_US.UTF-8",TRUE,TRUE,TRUE,TRUE
"atom",2,"reflexivity","en_US.UTF-8",TRUE,TRUE,TRUE,TRUE
"atom",2,"unequal_control","en_US.UTF-8",FALSE,FALSE,FALSE,FALSE
"atom",3,"forward_equal","en_US.UTF-8",TRUE,TRUE,TRUE,TRUE
"atom",3,"reverse_equal","en_US.UTF-8",TRUE,TRUE,TRUE,TRUE
"atom",3,"reflexivity","en_US.UTF-8",TRUE,TRUE,TRUE,TRUE
"atom",3,"unequal_control","en_US.UTF-8",FALSE,FALSE,FALSE,FALSE
"atom",4,"forward_equal","en_US.UTF-8",TRUE,TRUE,TRUE,TRUE
"atom",4,"reverse_equal","en_US.UTF-8",TRUE,TRUE,TRUE,TRUE
"atom",4,"reflexivity","en_US.UTF-8",TRUE,TRUE,TRUE,TRUE
"atom",4,"unequal_control","en_US.UTF-8",FALSE,FALSE,FALSE,FALSE
"atom",5,"forward_equal","en_US.UTF-8",TRUE,TRUE,TRUE,TRUE
"atom",5,"reverse_equal","en_US.UTF-8",TRUE,TRUE,TRUE,TRUE
"atom",5,"reflexivity","en_US.UTF-8",TRUE,TRUE,TRUE,TRUE
"atom",5,"unequal_control","en_US.UTF-8",FALSE,FALSE,FALSE,FALSE
"atom",6,"forward_equal","en_US.UTF-8",TRUE,TRUE,TRUE,TRUE
"atom",6,"reverse_equal","en_US.UTF-8",TRUE,TRUE,TRUE,TRUE
"atom",6,"reflexivity","en_US.UTF-8",TRUE,TRUE,TRUE,TRUE
"atom",6,"unequal_control","en_US.UTF-8",FALSE,FALSE,FALSE,FALSE
"atom",7,"forward_equal","en_US.UTF-8",TRUE,FALSE,TRUE,TRUE
"atom",7,"reverse_equal","en_US.UTF-8",TRUE,FALSE,TRUE,TRUE
"atom",7,"reflexivity","en_US.UTF-8",TRUE,TRUE,TRUE,TRUE
"atom",7,"unequal_control","en_US.UTF-8",FALSE,FALSE,FALSE,FALSE
"atom",8,"forward_equal","en_US.UTF-8",TRUE,FALSE,TRUE,TRUE
"atom",8,"reverse_equal","en_US.UTF-8",TRUE,FALSE,TRUE,TRUE
"atom",8,"reflexivity","en_US.UTF-8",TRUE,TRUE,TRUE,TRUE
"atom",8,"unequal_control","en_US.UTF-8",FALSE,FALSE,FALSE,FALSE
"atom",9,"forward_equal","en_US.UTF-8",TRUE,FALSE,TRUE,TRUE
"atom",9,"reverse_equal","en_US.UTF-8",TRUE,FALSE,TRUE,TRUE
"atom",9,"reflexivity","en_US.UTF-8",TRUE,TRUE,TRUE,TRUE
"atom",9,"unequal_control","en_US.UTF-8",FALSE,FALSE,FALSE,FALSE
"atom",10,"forward_equal","en_US.UTF-8",TRUE,FALSE,TRUE,TRUE
"atom",10,"reverse_equal","en_US.UTF-8",TRUE,FALSE,TRUE,TRUE
"atom",10,"reflexivity","en_US.UTF-8",TRUE,TRUE,TRUE,TRUE
"atom",10,"unequal_control","en_US.UTF-8",FALSE,FALSE,FALSE,FALSE
"atom",11,"forward_equal","en_US.UTF-8",TRUE,FALSE,TRUE,TRUE
"atom",11,"reverse_equal","en_US.UTF-8",TRUE,FALSE,TRUE,TRUE
"atom",11,"reflexivity","en_US.UTF-8",TRUE,TRUE,TRUE,TRUE
"atom",11,"unequal_control","en_US.UTF-8",FALSE,FALSE,FALSE,FALSE
"atom",12,"forward_equal","en_US.UTF-8",TRUE,FALSE,TRUE,TRUE
"atom",12,"reverse_equal","en_US.UTF-8",TRUE,FALSE,TRUE,TRUE
"atom",12,"reflexivity","en_US.UTF-8",TRUE,TRUE,TRUE,TRUE
"atom",12,"unequal_control","en_US.UTF-8",FALSE,FALSE,FALSE,FALSE
"atom",13,"forward_equal","en_US.UTF-8",TRUE,TRUE,TRUE,TRUE
"atom",13,"reverse_equal","en_US.UTF-8",TRUE,TRUE,TRUE,TRUE
"atom",13,"reflexivity","en_US.UTF-8",TRUE,TRUE,TRUE,TRUE
"atom",13,"unequal_control","en_US.UTF-8",FALSE,FALSE,FALSE,FALSE
"atom",14,"forward_equal","en_US.UTF-8",TRUE,TRUE,TRUE,TRUE
"atom",14,"reverse_equal","en_US.UTF-8",TRUE,TRUE,TRUE,TRUE
"atom",14,"reflexivity","en_US.UTF-8",TRUE,TRUE,TRUE,TRUE
"atom",14,"unequal_control","en_US.UTF-8",FALSE,FALSE,FALSE,FALSE
"atom",15,"forward_equal","en_US.UTF-8",TRUE,FALSE,TRUE,TRUE
"atom",15,"reverse_equal","en_US.UTF-8",TRUE,FALSE,TRUE,TRUE
"atom",15,"reflexivity","en_US.UTF-8",TRUE,TRUE,TRUE,TRUE
"atom",15,"unequal_control","en_US.UTF-8",FALSE,FALSE,FALSE,FALSE
"atom",16,"forward_equal","en_US.UTF-8",TRUE,FALSE,TRUE,TRUE
"atom",16,"reverse_equal","en_US.UTF-8",TRUE,FALSE,TRUE,TRUE
"atom",16,"reflexivity","en_US.UTF-8",TRUE,TRUE,TRUE,TRUE
"atom",16,"unequal_control","en_US.UTF-8",FALSE,FALSE,FALSE,FALSE
"atom",17,"forward_equal","en_US.UTF-8",TRUE,TRUE,TRUE,TRUE
"atom",17,"reverse_equal","en_US.UTF-8",TRUE,TRUE,TRUE,TRUE
"atom",17,"reflexivity","en_US.UTF-8",TRUE,TRUE,TRUE,TRUE
"atom",17,"unequal_control","en_US.UTF-8",FALSE,FALSE,FALSE,FALSE
"atom",18,"forward_equal","en_US.UTF-8",TRUE,FALSE,TRUE,TRUE
"atom",18,"reverse_equal","en_US.UTF-8",TRUE,FALSE,TRUE,TRUE
"atom",18,"reflexivity","en_US.UTF-8",TRUE,TRUE,TRUE,TRUE
"atom",18,"unequal_control","en_US.UTF-8",FALSE,FALSE,FALSE,FALSE
"atom",19,"forward_equal","en_US.UTF-8",TRUE,TRUE,TRUE,TRUE
"atom",19,"reverse_equal","en_US.UTF-8",TRUE,TRUE,TRUE,TRUE
"atom",19,"reflexivity","en_US.UTF-8",TRUE,TRUE,TRUE,TRUE
"atom",19,"unequal_control","en_US.UTF-8",FALSE,FALSE,FALSE,FALSE
"atom",20,"forward_equal","en_US.UTF-8",TRUE,TRUE,TRUE,TRUE
"atom",20,"reverse_equal","en_US.UTF-8",TRUE,TRUE,TRUE,TRUE
"atom",20,"reflexivity","en_US.UTF-8",TRUE,TRUE,TRUE,TRUE
"atom",20,"unequal_control","en_US.UTF-8",FALSE,FALSE,FALSE,FALSE
"atom",21,"forward_equal","en_US.UTF-8",TRUE,FALSE,TRUE,TRUE
"atom",21,"reverse_equal","en_US.UTF-8",TRUE,FALSE,TRUE,TRUE
"atom",21,"reflexivity","en_US.UTF-8",TRUE,TRUE,TRUE,TRUE
"atom",21,"unequal_control","en_US.UTF-8",FALSE,FALSE,FALSE,FALSE
"atom",22,"forward_equal","en_US.UTF-8",TRUE,FALSE,TRUE,TRUE
"atom",22,"reverse_equal","en_US.UTF-8",TRUE,FALSE,TRUE,TRUE
"atom",22,"reflexivity","en_US.UTF-8",TRUE,TRUE,TRUE,TRUE
"atom",22,"unequal_control","en_US.UTF-8",FALSE,FALSE,FALSE,FALSE
"atom",23,"forward_equal","en_US.UTF-8",TRUE,TRUE,TRUE,TRUE
"atom",23,"reverse_equal","en_US.UTF-8",TRUE,TRUE,TRUE,TRUE
"atom",23,"reflexivity","en_US.UTF-8",TRUE,TRUE,TRUE,TRUE
"atom",23,"unequal_control","en_US.UTF-8",FALSE,FALSE,FALSE,FALSE
"atom",24,"forward_equal","en_US.UTF-8",TRUE,FALSE,TRUE,TRUE
"atom",24,"reverse_equal","en_US.UTF-8",TRUE,FALSE,TRUE,TRUE
"atom",24,"reflexivity","en_US.UTF-8",TRUE,TRUE,TRUE,TRUE
"atom",24,"unequal_control","en_US.UTF-8",FALSE,FALSE,FALSE,FALSE
"atom",25,"forward_equal","en_US.UTF-8",TRUE,TRUE,TRUE,TRUE
"atom",25,"reverse_equal","en_US.UTF-8",TRUE,TRUE,TRUE,TRUE
"atom",25,"reflexivity","en_US.UTF-8",TRUE,TRUE,TRUE,TRUE
"atom",25,"unequal_control","en_US.UTF-8",FALSE,FALSE,FALSE,FALSE
"atom",26,"forward_equal","en_US.UTF-8",TRUE,TRUE,TRUE,TRUE
"atom",26,"reverse_equal","en_US.UTF-8",TRUE,TRUE,TRUE,TRUE
"atom",26,"reflexivity","en_US.UTF-8",TRUE,TRUE,TRUE,TRUE
"atom",26,"unequal_control","en_US.UTF-8",FALSE,FALSE,FALSE,FALSE
"atom",27,"forward_equal","en_US.UTF-8",TRUE,TRUE,TRUE,TRUE
"atom",27,"reverse_equal","en_US.UTF-8",TRUE,TRUE,TRUE,TRUE
"atom",27,"reflexivity","en_US.UTF-8",TRUE,TRUE,TRUE,TRUE
"atom",27,"unequal_control","en_US.UTF-8",FALSE,FALSE,FALSE,FALSE
"atom",28,"forward_equal","en_US.UTF-8",TRUE,TRUE,TRUE,TRUE
"atom",28,"reverse_equal","en_US.UTF-8",TRUE,TRUE,TRUE,TRUE
"atom",28,"reflexivity","en_US.UTF-8",TRUE,TRUE,TRUE,TRUE
"atom",28,"unequal_control","en_US.UTF-8",FALSE,FALSE,FALSE,FALSE
"atom",29,"forward_equal","en_US.UTF-8",TRUE,TRUE,TRUE,TRUE
"atom",29,"reverse_equal","en_US.UTF-8",TRUE,TRUE,TRUE,TRUE
"atom",29,"reflexivity","en_US.UTF-8",TRUE,TRUE,TRUE,TRUE
"atom",29,"unequal_control","en_US.UTF-8",FALSE,FALSE,FALSE,FALSE
"atom",30,"forward_equal","en_US.UTF-8",TRUE,TRUE,TRUE,TRUE
"atom",30,"reverse_equal","en_US.UTF-8",TRUE,TRUE,TRUE,TRUE
"atom",30,"reflexivity","en_US.UTF-8",TRUE,TRUE,TRUE,TRUE
"atom",30,"unequal_control","en_US.UTF-8",FALSE,FALSE,FALSE,FALSE
"atom",31,"forward_equal","en_US.UTF-8",TRUE,FALSE,TRUE,TRUE
"atom",31,"reverse_equal","en_US.UTF-8",TRUE,FALSE,TRUE,TRUE
"atom",31,"reflexivity","en_US.UTF-8",TRUE,TRUE,TRUE,TRUE
"atom",31,"unequal_control","en_US.UTF-8",FALSE,FALSE,FALSE,FALSE
"atom",32,"forward_equal","en_US.UTF-8",TRUE,FALSE,TRUE,TRUE
"atom",32,"reverse_equal","en_US.UTF-8",TRUE,FALSE,TRUE,TRUE
"atom",32,"reflexivity","en_US.UTF-8",TRUE,TRUE,TRUE,TRUE
"atom",32,"unequal_control","en_US.UTF-8",FALSE,FALSE,FALSE,FALSE
"atom",33,"forward_equal","en_US.UTF-8",TRUE,FALSE,TRUE,TRUE
"atom",33,"reverse_equal","en_US.UTF-8",TRUE,FALSE,TRUE,TRUE
"atom",33,"reflexivity","en_US.UTF-8",TRUE,TRUE,TRUE,TRUE
"atom",33,"unequal_control","en_US.UTF-8",FALSE,FALSE,FALSE,FALSE
"atom",34,"forward_equal","en_US.UTF-8",TRUE,FALSE,TRUE,TRUE
"atom",34,"reverse_equal","en_US.UTF-8",TRUE,FALSE,TRUE,TRUE
"atom",34,"reflexivity","en_US.UTF-8",TRUE,TRUE,TRUE,TRUE
"atom",34,"unequal_control","en_US.UTF-8",FALSE,FALSE,FALSE,FALSE
"atom",35,"forward_equal","en_US.UTF-8",TRUE,FALSE,TRUE,TRUE
"atom",35,"reverse_equal","en_US.UTF-8",TRUE,FALSE,TRUE,TRUE
"atom",35,"reflexivity","en_US.UTF-8",TRUE,TRUE,TRUE,TRUE
"atom",35,"unequal_control","en_US.UTF-8",FALSE,FALSE,FALSE,FALSE
"atom",36,"forward_equal","en_US.UTF-8",TRUE,FALSE,TRUE,TRUE
"atom",36,"reverse_equal","en_US.UTF-8",TRUE,FALSE,TRUE,TRUE
"atom",36,"reflexivity","en_US.UTF-8",TRUE,TRUE,TRUE,TRUE
"atom",36,"unequal_control","en_US.UTF-8",FALSE,FALSE,FALSE,FALSE
"atom",37,"forward_equal","en_US.UTF-8",TRUE,TRUE,TRUE,TRUE
"atom",37,"reverse_equal","en_US.UTF-8",TRUE,TRUE,TRUE,TRUE
"atom",37,"reflexivity","en_US.UTF-8",TRUE,TRUE,TRUE,TRUE
"atom",37,"unequal_control","en_US.UTF-8",FALSE,FALSE,FALSE,FALSE
"atom",38,"forward_equal","en_US.UTF-8",TRUE,TRUE,TRUE,TRUE
"atom",38,"reverse_equal","en_US.UTF-8",TRUE,TRUE,TRUE,TRUE
"atom",38,"reflexivity","en_US.UTF-8",TRUE,TRUE,TRUE,TRUE
"atom",38,"unequal_control","en_US.UTF-8",FALSE,FALSE,FALSE,FALSE
"atom",39,"forward_equal","en_US.UTF-8",TRUE,FALSE,TRUE,TRUE
"atom",39,"reverse_equal","en_US.UTF-8",TRUE,FALSE,TRUE,TRUE
"atom",39,"reflexivity","en_US.UTF-8",TRUE,TRUE,TRUE,TRUE
"atom",39,"unequal_control","en_US.UTF-8",FALSE,FALSE,FALSE,FALSE
"atom",40,"forward_equal","en_US.UTF-8",TRUE,FALSE,TRUE,TRUE
"atom",40,"reverse_equal","en_US.UTF-8",TRUE,FALSE,TRUE,TRUE
"atom",40,"reflexivity","en_US.UTF-8",TRUE,TRUE,TRUE,TRUE
"atom",40,"unequal_control","en_US.UTF-8",FALSE,FALSE,FALSE,FALSE
"atom",41,"forward_equal","en_US.UTF-8",TRUE,TRUE,TRUE,TRUE
"atom",41,"reverse_equal","en_US.UTF-8",TRUE,TRUE,TRUE,TRUE
"atom",41,"reflexivity","en_US.UTF-8",TRUE,TRUE,TRUE,TRUE
"atom",41,"unequal_control","en_US.UTF-8",FALSE,FALSE,FALSE,FALSE
"atom",42,"forward_equal","en_US.UTF-8",TRUE,FALSE,TRUE,TRUE
"atom",42,"reverse_equal","en_US.UTF-8",TRUE,FALSE,TRUE,TRUE
"atom",42,"reflexivity","en_US.UTF-8",TRUE,TRUE,TRUE,TRUE
"atom",42,"unequal_control","en_US.UTF-8",FALSE,FALSE,FALSE,FALSE
"atom",43,"forward_equal","en_US.UTF-8",TRUE,TRUE,TRUE,TRUE
"atom",43,"reverse_equal","en_US.UTF-8",TRUE,TRUE,TRUE,TRUE
"atom",43,"reflexivity","en_US.UTF-8",TRUE,TRUE,TRUE,TRUE
"atom",43,"unequal_control","en_US.UTF-8",FALSE,FALSE,FALSE,FALSE
"atom",44,"forward_equal","en_US.UTF-8",TRUE,TRUE,TRUE,TRUE
"atom",44,"reverse_equal","en_US.UTF-8",TRUE,TRUE,TRUE,TRUE
"atom",44,"reflexivity","en_US.UTF-8",TRUE,TRUE,TRUE,TRUE
"atom",44,"unequal_control","en_US.UTF-8",FALSE,FALSE,FALSE,FALSE
"atom",45,"forward_equal","en_US.UTF-8",TRUE,FALSE,TRUE,TRUE
"atom",45,"reverse_equal","en_US.UTF-8",TRUE,FALSE,TRUE,TRUE
"atom",45,"reflexivity","en_US.UTF-8",TRUE,TRUE,TRUE,TRUE
"atom",45,"unequal_control","en_US.UTF-8",FALSE,FALSE,FALSE,FALSE
"atom",46,"forward_equal","en_US.UTF-8",TRUE,FALSE,TRUE,TRUE
"atom",46,"reverse_equal","en_US.UTF-8",TRUE,FALSE,TRUE,TRUE
"atom",46,"reflexivity","en_US.UTF-8",TRUE,TRUE,TRUE,TRUE
"atom",46,"unequal_control","en_US.UTF-8",FALSE,FALSE,FALSE,FALSE
"atom",47,"forward_equal","en_US.UTF-8",TRUE,TRUE,TRUE,TRUE
"atom",47,"reverse_equal","en_US.UTF-8",TRUE,TRUE,TRUE,TRUE
"atom",47,"reflexivity","en_US.UTF-8",TRUE,TRUE,TRUE,TRUE
"atom",47,"unequal_control","en_US.UTF-8",FALSE,FALSE,FALSE,FALSE
"atom",48,"forward_equal","en_US.UTF-8",TRUE,FALSE,TRUE,TRUE
"atom",48,"reverse_equal","en_US.UTF-8",TRUE,FALSE,TRUE,TRUE
"atom",48,"reflexivity","en_US.UTF-8",TRUE,TRUE,TRUE,TRUE
"atom",48,"unequal_control","en_US.UTF-8",FALSE,FALSE,FALSE,FALSE
"atom",49,"forward_equal","en_US.UTF-8",TRUE,TRUE,TRUE,TRUE
"atom",49,"reverse_equal","en_US.UTF-8",TRUE,TRUE,TRUE,TRUE
"atom",49,"reflexivity","en_US.UTF-8",TRUE,TRUE,TRUE,TRUE
"atom",49,"unequal_control","en_US.UTF-8",FALSE,FALSE,FALSE,FALSE
"atom",50,"forward_equal","en_US.UTF-8",TRUE,TRUE,TRUE,TRUE
"atom",50,"reverse_equal","en_US.UTF-8",TRUE,TRUE,TRUE,TRUE
"atom",50,"reflexivity","en_US.UTF-8",TRUE,TRUE,TRUE,TRUE
"atom",50,"unequal_control","en_US.UTF-8",FALSE,FALSE,FALSE,FALSE
"atom",51,"forward_equal","en_US.UTF-8",TRUE,TRUE,TRUE,TRUE
"atom",51,"reverse_equal","en_US.UTF-8",TRUE,TRUE,TRUE,TRUE
"atom",51,"reflexivity","en_US.UTF-8",TRUE,TRUE,TRUE,TRUE
"atom",51,"unequal_control","en_US.UTF-8",FALSE,FALSE,FALSE,FALSE
"atom",52,"forward_equal","en_US.UTF-8",TRUE,TRUE,TRUE,TRUE
"atom",52,"reverse_equal","en_US.UTF-8",TRUE,TRUE,TRUE,TRUE
"atom",52,"reflexivity","en_US.UTF-8",TRUE,TRUE,TRUE,TRUE
"atom",52,"unequal_control","en_US.UTF-8",FALSE,FALSE,FALSE,FALSE
"atom",53,"forward_equal","en_US.UTF-8",TRUE,TRUE,TRUE,TRUE
"atom",53,"reverse_equal","en_US.UTF-8",TRUE,TRUE,TRUE,TRUE
"atom",53,"reflexivity","en_US.UTF-8",TRUE,TRUE,TRUE,TRUE
"atom",53,"unequal_control","en_US.UTF-8",FALSE,FALSE,FALSE,FALSE
"atom",54,"forward_equal","en_US.UTF-8",TRUE,TRUE,TRUE,TRUE
"atom",54,"reverse_equal","en_US.UTF-8",TRUE,TRUE,TRUE,TRUE
"atom",54,"reflexivity","en_US.UTF-8",TRUE,TRUE,TRUE,TRUE
"atom",54,"unequal_control","en_US.UTF-8",FALSE,FALSE,FALSE,FALSE
"atom",55,"forward_equal","en_US.UTF-8",TRUE,FALSE,TRUE,TRUE
"atom",55,"reverse_equal","en_US.UTF-8",TRUE,FALSE,TRUE,TRUE
"atom",55,"reflexivity","en_US.UTF-8",TRUE,TRUE,TRUE,TRUE
"atom",55,"unequal_control","en_US.UTF-8",FALSE,FALSE,FALSE,FALSE
"atom",56,"forward_equal","en_US.UTF-8",TRUE,FALSE,TRUE,TRUE
"atom",56,"reverse_equal","en_US.UTF-8",TRUE,FALSE,TRUE,TRUE
"atom",56,"reflexivity","en_US.UTF-8",TRUE,TRUE,TRUE,TRUE
"atom",56,"unequal_control","en_US.UTF-8",FALSE,FALSE,FALSE,FALSE
"atom",57,"forward_equal","en_US.UTF-8",TRUE,FALSE,TRUE,TRUE
"atom",57,"reverse_equal","en_US.UTF-8",TRUE,FALSE,TRUE,TRUE
"atom",57,"reflexivity","en_US.UTF-8",TRUE,TRUE,TRUE,TRUE
"atom",57,"unequal_control","en_US.UTF-8",FALSE,FALSE,FALSE,FALSE
"atom",58,"forward_equal","en_US.UTF-8",TRUE,FALSE,TRUE,TRUE
"atom",58,"reverse_equal","en_US.UTF-8",TRUE,FALSE,TRUE,TRUE
"atom",58,"reflexivity","en_US.UTF-8",TRUE,TRUE,TRUE,TRUE
"atom",58,"unequal_control","en_US.UTF-8",FALSE,FALSE,FALSE,FALSE
"atom",59,"forward_equal","en_US.UTF-8",TRUE,FALSE,TRUE,TRUE
"atom",59,"reverse_equal","en_US.UTF-8",TRUE,FALSE,TRUE,TRUE
"atom",59,"reflexivity","en_US.UTF-8",TRUE,TRUE,TRUE,TRUE
"atom",59,"unequal_control","en_US.UTF-8",FALSE,FALSE,FALSE,FALSE
"atom",60,"forward_equal","en_US.UTF-8",TRUE,FALSE,TRUE,TRUE
"atom",60,"reverse_equal","en_US.UTF-8",TRUE,FALSE,TRUE,TRUE
"atom",60,"reflexivity","en_US.UTF-8",TRUE,TRUE,TRUE,TRUE
"atom",60,"unequal_control","en_US.UTF-8",FALSE,FALSE,FALSE,FALSE
"atom",61,"forward_equal","en_US.UTF-8",TRUE,TRUE,TRUE,TRUE
"atom",61,"reverse_equal","en_US.UTF-8",TRUE,TRUE,TRUE,TRUE
"atom",61,"reflexivity","en_US.UTF-8",TRUE,TRUE,TRUE,TRUE
"atom",61,"unequal_control","en_US.UTF-8",FALSE,FALSE,FALSE,FALSE
"atom",62,"forward_equal","en_US.UTF-8",TRUE,TRUE,TRUE,TRUE
"atom",62,"reverse_equal","en_US.UTF-8",TRUE,TRUE,TRUE,TRUE
"atom",62,"reflexivity","en_US.UTF-8",TRUE,TRUE,TRUE,TRUE
"atom",62,"unequal_control","en_US.UTF-8",FALSE,FALSE,FALSE,FALSE
"atom",63,"forward_equal","en_US.UTF-8",TRUE,FALSE,TRUE,TRUE
"atom",63,"reverse_equal","en_US.UTF-8",TRUE,FALSE,TRUE,TRUE
"atom",63,"reflexivity","en_US.UTF-8",TRUE,TRUE,TRUE,TRUE
"atom",63,"unequal_control","en_US.UTF-8",FALSE,FALSE,FALSE,FALSE
"atom",64,"forward_equal","en_US.UTF-8",TRUE,FALSE,TRUE,TRUE
"atom",64,"reverse_equal","en_US.UTF-8",TRUE,FALSE,TRUE,TRUE
"atom",64,"reflexivity","en_US.UTF-8",TRUE,TRUE,TRUE,TRUE
"atom",64,"unequal_control","en_US.UTF-8",FALSE,FALSE,FALSE,FALSE
"atom",65,"forward_equal","en_US.UTF-8",TRUE,TRUE,TRUE,TRUE
"atom",65,"reverse_equal","en_US.UTF-8",TRUE,TRUE,TRUE,TRUE
"atom",65,"reflexivity","en_US.UTF-8",TRUE,TRUE,TRUE,TRUE
"atom",65,"unequal_control","en_US.UTF-8",FALSE,FALSE,FALSE,FALSE
"atom",66,"forward_equal","en_US.UTF-8",TRUE,FALSE,TRUE,TRUE
"atom",66,"reverse_equal","en_US.UTF-8",TRUE,FALSE,TRUE,TRUE
"atom",66,"reflexivity","en_US.UTF-8",TRUE,TRUE,TRUE,TRUE
"atom",66,"unequal_control","en_US.UTF-8",FALSE,FALSE,FALSE,FALSE
"atom",67,"forward_equal","en_US.UTF-8",TRUE,TRUE,TRUE,TRUE
"atom",67,"reverse_equal","en_US.UTF-8",TRUE,TRUE,TRUE,TRUE
"atom",67,"reflexivity","en_US.UTF-8",TRUE,TRUE,TRUE,TRUE
"atom",67,"unequal_control","en_US.UTF-8",FALSE,FALSE,FALSE,FALSE
"atom",68,"forward_equal","en_US.UTF-8",TRUE,TRUE,TRUE,TRUE
"atom",68,"reverse_equal","en_US.UTF-8",TRUE,TRUE,TRUE,TRUE
"atom",68,"reflexivity","en_US.UTF-8",TRUE,TRUE,TRUE,TRUE
"atom",68,"unequal_control","en_US.UTF-8",FALSE,FALSE,FALSE,FALSE
"atom",69,"forward_equal","en_US.UTF-8",TRUE,FALSE,TRUE,TRUE
"atom",69,"reverse_equal","en_US.UTF-8",TRUE,FALSE,TRUE,TRUE
"atom",69,"reflexivity","en_US.UTF-8",TRUE,TRUE,TRUE,TRUE
"atom",69,"unequal_control","en_US.UTF-8",FALSE,FALSE,FALSE,FALSE
"atom",70,"forward_equal","en_US.UTF-8",TRUE,FALSE,TRUE,TRUE
"atom",70,"reverse_equal","en_US.UTF-8",TRUE,FALSE,TRUE,TRUE
"atom",70,"reflexivity","en_US.UTF-8",TRUE,TRUE,TRUE,TRUE
"atom",70,"unequal_control","en_US.UTF-8",FALSE,FALSE,FALSE,FALSE
"atom",71,"forward_equal","en_US.UTF-8",TRUE,TRUE,TRUE,TRUE
"atom",71,"reverse_equal","en_US.UTF-8",TRUE,TRUE,TRUE,TRUE
"atom",71,"reflexivity","en_US.UTF-8",TRUE,TRUE,TRUE,TRUE
"atom",71,"unequal_control","en_US.UTF-8",FALSE,FALSE,FALSE,FALSE
"atom",72,"forward_equal","en_US.UTF-8",TRUE,FALSE,TRUE,TRUE
"atom",72,"reverse_equal","en_US.UTF-8",TRUE,FALSE,TRUE,TRUE
"atom",72,"reflexivity","en_US.UTF-8",TRUE,TRUE,TRUE,TRUE
"atom",72,"unequal_control","en_US.UTF-8",FALSE,FALSE,FALSE,FALSE
"atom",73,"forward_equal","en_US.UTF-8",TRUE,TRUE,TRUE,TRUE
"atom",73,"reverse_equal","en_US.UTF-8",TRUE,TRUE,TRUE,TRUE
"atom",73,"reflexivity","en_US.UTF-8",TRUE,TRUE,TRUE,TRUE
"atom",73,"unequal_control","en_US.UTF-8",FALSE,FALSE,FALSE,FALSE
"atom",74,"forward_equal","en_US.UTF-8",TRUE,TRUE,TRUE,TRUE
"atom",74,"reverse_equal","en_US.UTF-8",TRUE,TRUE,TRUE,TRUE
"atom",74,"reflexivity","en_US.UTF-8",TRUE,TRUE,TRUE,TRUE
"atom",74,"unequal_control","en_US.UTF-8",FALSE,FALSE,FALSE,FALSE
"atom",75,"forward_equal","en_US.UTF-8",TRUE,TRUE,TRUE,TRUE
"atom",75,"reverse_equal","en_US.UTF-8",TRUE,TRUE,TRUE,TRUE
"atom",75,"reflexivity","en_US.UTF-8",TRUE,TRUE,TRUE,TRUE
"atom",75,"unequal_control","en_US.UTF-8",FALSE,FALSE,FALSE,FALSE
"atom",76,"forward_equal","en_US.UTF-8",TRUE,TRUE,TRUE,TRUE
"atom",76,"reverse_equal","en_US.UTF-8",TRUE,TRUE,TRUE,TRUE
"atom",76,"reflexivity","en_US.UTF-8",TRUE,TRUE,TRUE,TRUE
"atom",76,"unequal_control","en_US.UTF-8",FALSE,FALSE,FALSE,FALSE
"atom",77,"forward_equal","en_US.UTF-8",TRUE,TRUE,TRUE,TRUE
"atom",77,"reverse_equal","en_US.UTF-8",TRUE,TRUE,TRUE,TRUE
"atom",77,"reflexivity","en_US.UTF-8",TRUE,TRUE,TRUE,TRUE
"atom",77,"unequal_control","en_US.UTF-8",FALSE,FALSE,FALSE,FALSE
"atom",78,"forward_equal","en_US.UTF-8",TRUE,TRUE,TRUE,TRUE
"atom",78,"reverse_equal","en_US.UTF-8",TRUE,TRUE,TRUE,TRUE
"atom",78,"reflexivity","en_US.UTF-8",TRUE,TRUE,TRUE,TRUE
"atom",78,"unequal_control","en_US.UTF-8",FALSE,FALSE,FALSE,FALSE
"atom",79,"forward_equal","en_US.UTF-8",TRUE,FALSE,TRUE,TRUE
"atom",79,"reverse_equal","en_US.UTF-8",TRUE,FALSE,TRUE,TRUE
"atom",79,"reflexivity","en_US.UTF-8",TRUE,TRUE,TRUE,TRUE
"atom",79,"unequal_control","en_US.UTF-8",FALSE,FALSE,FALSE,FALSE
"atom",80,"forward_equal","en_US.UTF-8",TRUE,FALSE,TRUE,TRUE
"atom",80,"reverse_equal","en_US.UTF-8",TRUE,FALSE,TRUE,TRUE
"atom",80,"reflexivity","en_US.UTF-8",TRUE,TRUE,TRUE,TRUE
"atom",80,"unequal_control","en_US.UTF-8",FALSE,FALSE,FALSE,FALSE
"atom",81,"forward_equal","en_US.UTF-8",TRUE,FALSE,TRUE,TRUE
"atom",81,"reverse_equal","en_US.UTF-8",TRUE,FALSE,TRUE,TRUE
"atom",81,"reflexivity","en_US.UTF-8",TRUE,TRUE,TRUE,TRUE
"atom",81,"unequal_control","en_US.UTF-8",FALSE,FALSE,FALSE,FALSE
"atom",82,"forward_equal","en_US.UTF-8",TRUE,FALSE,TRUE,TRUE
"atom",82,"reverse_equal","en_US.UTF-8",TRUE,FALSE,TRUE,TRUE
"atom",82,"reflexivity","en_US.UTF-8",TRUE,TRUE,TRUE,TRUE
"atom",82,"unequal_control","en_US.UTF-8",FALSE,FALSE,FALSE,FALSE
"atom",83,"forward_equal","en_US.UTF-8",TRUE,FALSE,TRUE,TRUE
"atom",83,"reverse_equal","en_US.UTF-8",TRUE,FALSE,TRUE,TRUE
"atom",83,"reflexivity","en_US.UTF-8",TRUE,TRUE,TRUE,TRUE
"atom",83,"unequal_control","en_US.UTF-8",FALSE,FALSE,FALSE,FALSE
"atom",84,"forward_equal","en_US.UTF-8",TRUE,FALSE,TRUE,TRUE
"atom",84,"reverse_equal","en_US.UTF-8",TRUE,FALSE,TRUE,TRUE
"atom",84,"reflexivity","en_US.UTF-8",TRUE,TRUE,TRUE,TRUE
"atom",84,"unequal_control","en_US.UTF-8",FALSE,FALSE,FALSE,FALSE
"atom",85,"forward_equal","en_US.UTF-8",TRUE,TRUE,TRUE,TRUE
"atom",85,"reverse_equal","en_US.UTF-8",TRUE,TRUE,TRUE,TRUE
"atom",85,"reflexivity","en_US.UTF-8",TRUE,TRUE,TRUE,TRUE
"atom",85,"unequal_control","en_US.UTF-8",FALSE,FALSE,FALSE,FALSE
"atom",86,"forward_equal","en_US.UTF-8",TRUE,TRUE,TRUE,TRUE
"atom",86,"reverse_equal","en_US.UTF-8",TRUE,TRUE,TRUE,TRUE
"atom",86,"reflexivity","en_US.UTF-8",TRUE,TRUE,TRUE,TRUE
"atom",86,"unequal_control","en_US.UTF-8",FALSE,FALSE,FALSE,FALSE
"atom",87,"forward_equal","en_US.UTF-8",TRUE,FALSE,TRUE,TRUE
"atom",87,"reverse_equal","en_US.UTF-8",TRUE,FALSE,TRUE,TRUE
"atom",87,"reflexivity","en_US.UTF-8",TRUE,TRUE,TRUE,TRUE
"atom",87,"unequal_control","en_US.UTF-8",FALSE,FALSE,FALSE,FALSE
"atom",88,"forward_equal","en_US.UTF-8",TRUE,FALSE,TRUE,TRUE
"atom",88,"reverse_equal","en_US.UTF-8",TRUE,FALSE,TRUE,TRUE
"atom",88,"reflexivity","en_US.UTF-8",TRUE,TRUE,TRUE,TRUE
"atom",88,"unequal_control","en_US.UTF-8",FALSE,FALSE,FALSE,FALSE
"atom",89,"forward_equal","en_US.UTF-8",TRUE,TRUE,TRUE,TRUE
"atom",89,"reverse_equal","en_US.UTF-8",TRUE,TRUE,TRUE,TRUE
"atom",89,"reflexivity","en_US.UTF-8",TRUE,TRUE,TRUE,TRUE
"atom",89,"unequal_control","en_US.UTF-8",FALSE,FALSE,FALSE,FALSE
"atom",90,"forward_equal","en_US.UTF-8",TRUE,FALSE,TRUE,TRUE
"atom",90,"reverse_equal","en_US.UTF-8",TRUE,FALSE,TRUE,TRUE
"atom",90,"reflexivity","en_US.UTF-8",TRUE,TRUE,TRUE,TRUE
"atom",90,"unequal_control","en_US.UTF-8",FALSE,FALSE,FALSE,FALSE
"atom",91,"forward_equal","en_US.UTF-8",TRUE,TRUE,TRUE,TRUE
"atom",91,"reverse_equal","en_US.UTF-8",TRUE,TRUE,TRUE,TRUE
"atom",91,"reflexivity","en_US.UTF-8",TRUE,TRUE,TRUE,TRUE
"atom",91,"unequal_control","en_US.UTF-8",FALSE,FALSE,FALSE,FALSE
"atom",92,"forward_equal","en_US.UTF-8",TRUE,TRUE,TRUE,TRUE
"atom",92,"reverse_equal","en_US.UTF-8",TRUE,TRUE,TRUE,TRUE
"atom",92,"reflexivity","en_US.UTF-8",TRUE,TRUE,TRUE,TRUE
"atom",92,"unequal_control","en_US.UTF-8",FALSE,FALSE,FALSE,FALSE
"atom",93,"forward_equal","en_US.UTF-8",TRUE,FALSE,TRUE,TRUE
"atom",93,"reverse_equal","en_US.UTF-8",TRUE,FALSE,TRUE,TRUE
"atom",93,"reflexivity","en_US.UTF-8",TRUE,TRUE,TRUE,TRUE
"atom",93,"unequal_control","en_US.UTF-8",FALSE,FALSE,FALSE,FALSE
"atom",94,"forward_equal","en_US.UTF-8",TRUE,FALSE,TRUE,TRUE
"atom",94,"reverse_equal","en_US.UTF-8",TRUE,FALSE,TRUE,TRUE
"atom",94,"reflexivity","en_US.UTF-8",TRUE,TRUE,TRUE,TRUE
"atom",94,"unequal_control","en_US.UTF-8",FALSE,FALSE,FALSE,FALSE
"atom",95,"forward_equal","en_US.UTF-8",TRUE,TRUE,TRUE,TRUE
"atom",95,"reverse_equal","en_US.UTF-8",TRUE,TRUE,TRUE,TRUE
"atom",95,"reflexivity","en_US.UTF-8",TRUE,TRUE,TRUE,TRUE
"atom",95,"unequal_control","en_US.UTF-8",FALSE,FALSE,FALSE,FALSE
"atom",96,"forward_equal","en_US.UTF-8",TRUE,FALSE,TRUE,TRUE
"atom",96,"reverse_equal","en_US.UTF-8",TRUE,FALSE,TRUE,TRUE
"atom",96,"reflexivity","en_US.UTF-8",TRUE,TRUE,TRUE,TRUE
"atom",96,"unequal_control","en_US.UTF-8",FALSE,FALSE,FALSE,FALSE
"atom",97,"forward_equal","en_US.UTF-8",TRUE,TRUE,TRUE,TRUE
"atom",97,"reverse_equal","en_US.UTF-8",TRUE,TRUE,TRUE,TRUE
"atom",97,"reflexivity","en_US.UTF-8",TRUE,TRUE,TRUE,TRUE
"atom",97,"unequal_control","en_US.UTF-8",FALSE,FALSE,FALSE,FALSE
"atom",98,"forward_equal","en_US.UTF-8",TRUE,TRUE,TRUE,TRUE
"atom",98,"reverse_equal","en_US.UTF-8",TRUE,TRUE,TRUE,TRUE
"atom",98,"reflexivity","en_US.UTF-8",TRUE,TRUE,TRUE,TRUE
"atom",98,"unequal_control","en_US.UTF-8",FALSE,FALSE,FALSE,FALSE
"atom",99,"forward_equal","en_US.UTF-8",TRUE,TRUE,TRUE,TRUE
"atom",99,"reverse_equal","en_US.UTF-8",TRUE,TRUE,TRUE,TRUE
"atom",99,"reflexivity","en_US.UTF-8",TRUE,TRUE,TRUE,TRUE
"atom",99,"unequal_control","en_US.UTF-8",FALSE,FALSE,FALSE,FALSE
"atom",100,"forward_equal","en_US.UTF-8",TRUE,TRUE,TRUE,TRUE
"atom",100,"reverse_equal","en_US.UTF-8",TRUE,TRUE,TRUE,TRUE
"atom",100,"reflexivity","en_US.UTF-8",TRUE,TRUE,TRUE,TRUE
"atom",100,"unequal_control","en_US.UTF-8",FALSE,FALSE,FALSE,FALSE
"atom",101,"forward_equal","en_US.UTF-8",TRUE,TRUE,TRUE,TRUE
"atom",101,"reverse_equal","en_US.UTF-8",TRUE,TRUE,TRUE,TRUE
"atom",101,"reflexivity","en_US.UTF-8",TRUE,TRUE,TRUE,TRUE
"atom",101,"unequal_control","en_US.UTF-8",FALSE,FALSE,FALSE,FALSE
"atom",102,"forward_equal","en_US.UTF-8",TRUE,TRUE,TRUE,TRUE
"atom",102,"reverse_equal","en_US.UTF-8",TRUE,TRUE,TRUE,TRUE
"atom",102,"reflexivity","en_US.UTF-8",TRUE,TRUE,TRUE,TRUE
"atom",102,"unequal_control","en_US.UTF-8",FALSE,FALSE,FALSE,FALSE
"atom",103,"forward_equal","en_US.UTF-8",TRUE,FALSE,TRUE,TRUE
"atom",103,"reverse_equal","en_US.UTF-8",TRUE,FALSE,TRUE,TRUE
"atom",103,"reflexivity","en_US.UTF-8",TRUE,TRUE,TRUE,TRUE
"atom",103,"unequal_control","en_US.UTF-8",FALSE,FALSE,FALSE,FALSE
"atom",104,"forward_equal","en_US.UTF-8",TRUE,FALSE,TRUE,TRUE
"atom",104,"reverse_equal","en_US.UTF-8",TRUE,FALSE,TRUE,TRUE
"atom",104,"reflexivity","en_US.UTF-8",TRUE,TRUE,TRUE,TRUE
"atom",104,"unequal_control","en_US.UTF-8",FALSE,FALSE,FALSE,FALSE
"atom",105,"forward_equal","en_US.UTF-8",TRUE,FALSE,TRUE,TRUE
"atom",105,"reverse_equal","en_US.UTF-8",TRUE,FALSE,TRUE,TRUE
"atom",105,"reflexivity","en_US.UTF-8",TRUE,TRUE,TRUE,TRUE
"atom",105,"unequal_control","en_US.UTF-8",FALSE,FALSE,FALSE,FALSE
"atom",106,"forward_equal","en_US.UTF-8",TRUE,FALSE,TRUE,TRUE
"atom",106,"reverse_equal","en_US.UTF-8",TRUE,FALSE,TRUE,TRUE
"atom",106,"reflexivity","en_US.UTF-8",TRUE,TRUE,TRUE,TRUE
"atom",106,"unequal_control","en_US.UTF-8",FALSE,FALSE,FALSE,FALSE
"atom",107,"forward_equal","en_US.UTF-8",TRUE,FALSE,TRUE,TRUE
"atom",107,"reverse_equal","en_US.UTF-8",TRUE,FALSE,TRUE,TRUE
"atom",107,"reflexivity","en_US.UTF-8",TRUE,TRUE,TRUE,TRUE
"atom",107,"unequal_control","en_US.UTF-8",FALSE,FALSE,FALSE,FALSE
"atom",108,"forward_equal","en_US.UTF-8",TRUE,FALSE,TRUE,TRUE
"atom",108,"reverse_equal","en_US.UTF-8",TRUE,FALSE,TRUE,TRUE
"atom",108,"reflexivity","en_US.UTF-8",TRUE,TRUE,TRUE,TRUE
"atom",108,"unequal_control","en_US.UTF-8",FALSE,FALSE,FALSE,FALSE
"atom",109,"forward_equal","en_US.UTF-8",TRUE,TRUE,TRUE,TRUE
"atom",109,"reverse_equal","en_US.UTF-8",TRUE,TRUE,TRUE,TRUE
"atom",109,"reflexivity","en_US.UTF-8",TRUE,TRUE,TRUE,TRUE
"atom",109,"unequal_control","en_US.UTF-8",FALSE,FALSE,FALSE,FALSE
"atom",110,"forward_equal","en_US.UTF-8",TRUE,TRUE,TRUE,TRUE
"atom",110,"reverse_equal","en_US.UTF-8",TRUE,TRUE,TRUE,TRUE
"atom",110,"reflexivity","en_US.UTF-8",TRUE,TRUE,TRUE,TRUE
"atom",110,"unequal_control","en_US.UTF-8",FALSE,FALSE,FALSE,FALSE
"atom",111,"forward_equal","en_US.UTF-8",TRUE,FALSE,TRUE,TRUE
"atom",111,"reverse_equal","en_US.UTF-8",TRUE,FALSE,TRUE,TRUE
"atom",111,"reflexivity","en_US.UTF-8",TRUE,TRUE,TRUE,TRUE
"atom",111,"unequal_control","en_US.UTF-8",FALSE,FALSE,FALSE,FALSE
"atom",112,"forward_equal","en_US.UTF-8",TRUE,FALSE,TRUE,TRUE
"atom",112,"reverse_equal","en_US.UTF-8",TRUE,FALSE,TRUE,TRUE
"atom",112,"reflexivity","en_US.UTF-8",TRUE,TRUE,TRUE,TRUE
"atom",112,"unequal_control","en_US.UTF-8",FALSE,FALSE,FALSE,FALSE
"atom",113,"forward_equal","en_US.UTF-8",TRUE,TRUE,TRUE,TRUE
"atom",113,"reverse_equal","en_US.UTF-8",TRUE,TRUE,TRUE,TRUE
"atom",113,"reflexivity","en_US.UTF-8",TRUE,TRUE,TRUE,TRUE
"atom",113,"unequal_control","en_US.UTF-8",FALSE,FALSE,FALSE,FALSE
"atom",114,"forward_equal","en_US.UTF-8",TRUE,FALSE,TRUE,TRUE
"atom",114,"reverse_equal","en_US.UTF-8",TRUE,FALSE,TRUE,TRUE
"atom",114,"reflexivity","en_US.UTF-8",TRUE,TRUE,TRUE,TRUE
"atom",114,"unequal_control","en_US.UTF-8",FALSE,FALSE,FALSE,FALSE
"atom",115,"forward_equal","en_US.UTF-8",TRUE,TRUE,TRUE,TRUE
"atom",115,"reverse_equal","en_US.UTF-8",TRUE,TRUE,TRUE,TRUE
"atom",115,"reflexivity","en_US.UTF-8",TRUE,TRUE,TRUE,TRUE
"atom",115,"unequal_control","en_US.UTF-8",FALSE,FALSE,FALSE,FALSE
"atom",116,"forward_equal","en_US.UTF-8",TRUE,TRUE,TRUE,TRUE
"atom",116,"reverse_equal","en_US.UTF-8",TRUE,TRUE,TRUE,TRUE
"atom",116,"reflexivity","en_US.UTF-8",TRUE,TRUE,TRUE,TRUE
"atom",116,"unequal_control","en_US.UTF-8",FALSE,FALSE,FALSE,FALSE
"atom",117,"forward_equal","en_US.UTF-8",TRUE,FALSE,TRUE,TRUE
"atom",117,"reverse_equal","en_US.UTF-8",TRUE,FALSE,TRUE,TRUE
"atom",117,"reflexivity","en_US.UTF-8",TRUE,TRUE,TRUE,TRUE
"atom",117,"unequal_control","en_US.UTF-8",FALSE,FALSE,FALSE,FALSE
"atom",118,"forward_equal","en_US.UTF-8",TRUE,FALSE,TRUE,TRUE
"atom",118,"reverse_equal","en_US.UTF-8",TRUE,FALSE,TRUE,TRUE
"atom",118,"reflexivity","en_US.UTF-8",TRUE,TRUE,TRUE,TRUE
"atom",118,"unequal_control","en_US.UTF-8",FALSE,FALSE,FALSE,FALSE
"atom",119,"forward_equal","en_US.UTF-8",TRUE,TRUE,TRUE,TRUE
"atom",119,"reverse_equal","en_US.UTF-8",TRUE,TRUE,TRUE,TRUE
"atom",119,"reflexivity","en_US.UTF-8",TRUE,TRUE,TRUE,TRUE
"atom",119,"unequal_control","en_US.UTF-8",FALSE,FALSE,FALSE,FALSE
"atom",120,"forward_equal","en_US.UTF-8",TRUE,FALSE,TRUE,TRUE
"atom",120,"reverse_equal","en_US.UTF-8",TRUE,FALSE,TRUE,TRUE
"atom",120,"reflexivity","en_US.UTF-8",TRUE,TRUE,TRUE,TRUE
"atom",120,"unequal_control","en_US.UTF-8",FALSE,FALSE,FALSE,FALSE
"atom",121,"forward_equal","en_US.UTF-8",TRUE,TRUE,TRUE,TRUE
"atom",121,"reverse_equal","en_US.UTF-8",TRUE,TRUE,TRUE,TRUE
"atom",121,"reflexivity","en_US.UTF-8",TRUE,TRUE,TRUE,TRUE
"atom",121,"unequal_control","en_US.UTF-8",FALSE,FALSE,FALSE,FALSE
"atom",122,"forward_equal","en_US.UTF-8",TRUE,TRUE,TRUE,TRUE
"atom",122,"reverse_equal","en_US.UTF-8",TRUE,TRUE,TRUE,TRUE
"atom",122,"reflexivity","en_US.UTF-8",TRUE,TRUE,TRUE,TRUE
"atom",122,"unequal_control","en_US.UTF-8",FALSE,FALSE,FALSE,FALSE
"atom",123,"forward_equal","en_US.UTF-8",TRUE,TRUE,TRUE,TRUE
"atom",123,"reverse_equal","en_US.UTF-8",TRUE,TRUE,TRUE,TRUE
"atom",123,"reflexivity","en_US.UTF-8",TRUE,TRUE,TRUE,TRUE
"atom",123,"unequal_control","en_US.UTF-8",FALSE,FALSE,FALSE,FALSE
"atom",124,"forward_equal","en_US.UTF-8",TRUE,TRUE,TRUE,TRUE
"atom",124,"reverse_equal","en_US.UTF-8",TRUE,TRUE,TRUE,TRUE
"atom",124,"reflexivity","en_US.UTF-8",TRUE,TRUE,TRUE,TRUE
"atom",124,"unequal_control","en_US.UTF-8",FALSE,FALSE,FALSE,FALSE
"atom",125,"forward_equal","en_US.UTF-8",TRUE,TRUE,TRUE,TRUE
"atom",125,"reverse_equal","en_US.UTF-8",TRUE,TRUE,TRUE,TRUE
"atom",125,"reflexivity","en_US.UTF-8",TRUE,TRUE,TRUE,TRUE
"atom",125,"unequal_control","en_US.UTF-8",FALSE,FALSE,FALSE,FALSE
"atom",126,"forward_equal","en_US.UTF-8",TRUE,TRUE,TRUE,TRUE
"atom",126,"reverse_equal","en_US.UTF-8",TRUE,TRUE,TRUE,TRUE
"atom",126,"reflexivity","en_US.UTF-8",TRUE,TRUE,TRUE,TRUE
"atom",126,"unequal_control","en_US.UTF-8",FALSE,FALSE,FALSE,FALSE
"atom",127,"forward_equal","en_US.UTF-8",TRUE,FALSE,TRUE,TRUE
"atom",127,"reverse_equal","en_US.UTF-8",TRUE,FALSE,TRUE,TRUE
"atom",127,"reflexivity","en_US.UTF-8",TRUE,TRUE,TRUE,TRUE
"atom",127,"unequal_control","en_US.UTF-8",FALSE,FALSE,FALSE,FALSE
"atom",128,"forward_equal","en_US.UTF-8",TRUE,FALSE,TRUE,TRUE
"atom",128,"reverse_equal","en_US.UTF-8",TRUE,FALSE,TRUE,TRUE
"atom",128,"reflexivity","en_US.UTF-8",TRUE,TRUE,TRUE,TRUE
"atom",128,"unequal_control","en_US.UTF-8",FALSE,FALSE,FALSE,FALSE
"atom",129,"forward_equal","en_US.UTF-8",TRUE,FALSE,TRUE,TRUE
"atom",129,"reverse_equal","en_US.UTF-8",TRUE,FALSE,TRUE,TRUE
"atom",129,"reflexivity","en_US.UTF-8",TRUE,TRUE,TRUE,TRUE
"atom",129,"unequal_control","en_US.UTF-8",FALSE,FALSE,FALSE,FALSE
"atom",130,"forward_equal","en_US.UTF-8",TRUE,FALSE,TRUE,TRUE
"atom",130,"reverse_equal","en_US.UTF-8",TRUE,FALSE,TRUE,TRUE
"atom",130,"reflexivity","en_US.UTF-8",TRUE,TRUE,TRUE,TRUE
"atom",130,"unequal_control","en_US.UTF-8",FALSE,FALSE,FALSE,FALSE
"atom",131,"forward_equal","en_US.UTF-8",TRUE,FALSE,TRUE,TRUE
"atom",131,"reverse_equal","en_US.UTF-8",TRUE,FALSE,TRUE,TRUE
"atom",131,"reflexivity","en_US.UTF-8",TRUE,TRUE,TRUE,TRUE
"atom",131,"unequal_control","en_US.UTF-8",FALSE,FALSE,FALSE,FALSE
"atom",132,"forward_equal","en_US.UTF-8",TRUE,FALSE,TRUE,TRUE
"atom",132,"reverse_equal","en_US.UTF-8",TRUE,FALSE,TRUE,TRUE
"atom",132,"reflexivity","en_US.UTF-8",TRUE,TRUE,TRUE,TRUE
"atom",132,"unequal_control","en_US.UTF-8",FALSE,FALSE,FALSE,FALSE
"atom",133,"forward_equal","en_US.UTF-8",TRUE,TRUE,TRUE,TRUE
"atom",133,"reverse_equal","en_US.UTF-8",TRUE,TRUE,TRUE,TRUE
"atom",133,"reflexivity","en_US.UTF-8",TRUE,TRUE,TRUE,TRUE
"atom",133,"unequal_control","en_US.UTF-8",FALSE,FALSE,FALSE,FALSE
"atom",134,"forward_equal","en_US.UTF-8",TRUE,TRUE,TRUE,TRUE
"atom",134,"reverse_equal","en_US.UTF-8",TRUE,TRUE,TRUE,TRUE
"atom",134,"reflexivity","en_US.UTF-8",TRUE,TRUE,TRUE,TRUE
"atom",134,"unequal_control","en_US.UTF-8",FALSE,FALSE,FALSE,FALSE
"atom",135,"forward_equal","en_US.UTF-8",TRUE,FALSE,TRUE,TRUE
"atom",135,"reverse_equal","en_US.UTF-8",TRUE,FALSE,TRUE,TRUE
"atom",135,"reflexivity","en_US.UTF-8",TRUE,TRUE,TRUE,TRUE
"atom",135,"unequal_control","en_US.UTF-8",FALSE,FALSE,FALSE,FALSE
"atom",136,"forward_equal","en_US.UTF-8",TRUE,FALSE,TRUE,TRUE
"atom",136,"reverse_equal","en_US.UTF-8",TRUE,FALSE,TRUE,TRUE
"atom",136,"reflexivity","en_US.UTF-8",TRUE,TRUE,TRUE,TRUE
"atom",136,"unequal_control","en_US.UTF-8",FALSE,FALSE,FALSE,FALSE
"atom",137,"forward_equal","en_US.UTF-8",TRUE,TRUE,TRUE,TRUE
"atom",137,"reverse_equal","en_US.UTF-8",TRUE,TRUE,TRUE,TRUE
"atom",137,"reflexivity","en_US.UTF-8",TRUE,TRUE,TRUE,TRUE
"atom",137,"unequal_control","en_US.UTF-8",FALSE,FALSE,FALSE,FALSE
"atom",138,"forward_equal","en_US.UTF-8",TRUE,FALSE,TRUE,TRUE
"atom",138,"reverse_equal","en_US.UTF-8",TRUE,FALSE,TRUE,TRUE
"atom",138,"reflexivity","en_US.UTF-8",TRUE,TRUE,TRUE,TRUE
"atom",138,"unequal_control","en_US.UTF-8",FALSE,FALSE,FALSE,FALSE
"atom",139,"forward_equal","en_US.UTF-8",TRUE,TRUE,TRUE,TRUE
"atom",139,"reverse_equal","en_US.UTF-8",TRUE,TRUE,TRUE,TRUE
"atom",139,"reflexivity","en_US.UTF-8",TRUE,TRUE,TRUE,TRUE
"atom",139,"unequal_control","en_US.UTF-8",FALSE,FALSE,FALSE,FALSE
"atom",140,"forward_equal","en_US.UTF-8",TRUE,TRUE,TRUE,TRUE
"atom",140,"reverse_equal","en_US.UTF-8",TRUE,TRUE,TRUE,TRUE
"atom",140,"reflexivity","en_US.UTF-8",TRUE,TRUE,TRUE,TRUE
"atom",140,"unequal_control","en_US.UTF-8",FALSE,FALSE,FALSE,FALSE
"atom",141,"forward_equal","en_US.UTF-8",TRUE,FALSE,TRUE,TRUE
"atom",141,"reverse_equal","en_US.UTF-8",TRUE,FALSE,TRUE,TRUE
"atom",141,"reflexivity","en_US.UTF-8",TRUE,TRUE,TRUE,TRUE
"atom",141,"unequal_control","en_US.UTF-8",FALSE,FALSE,FALSE,FALSE
"atom",142,"forward_equal","en_US.UTF-8",TRUE,FALSE,TRUE,TRUE
"atom",142,"reverse_equal","en_US.UTF-8",TRUE,FALSE,TRUE,TRUE
"atom",142,"reflexivity","en_US.UTF-8",TRUE,TRUE,TRUE,TRUE
"atom",142,"unequal_control","en_US.UTF-8",FALSE,FALSE,FALSE,FALSE
"atom",143,"forward_equal","en_US.UTF-8",TRUE,TRUE,TRUE,TRUE
"atom",143,"reverse_equal","en_US.UTF-8",TRUE,TRUE,TRUE,TRUE
"atom",143,"reflexivity","en_US.UTF-8",TRUE,TRUE,TRUE,TRUE
"atom",143,"unequal_control","en_US.UTF-8",FALSE,FALSE,FALSE,FALSE
"atom",144,"forward_equal","en_US.UTF-8",TRUE,FALSE,TRUE,TRUE
"atom",144,"reverse_equal","en_US.UTF-8",TRUE,FALSE,TRUE,TRUE
"atom",144,"reflexivity","en_US.UTF-8",TRUE,TRUE,TRUE,TRUE
"atom",144,"unequal_control","en_US.UTF-8",FALSE,FALSE,FALSE,FALSE
"atom",145,"forward_equal","en_US.UTF-8",TRUE,TRUE,TRUE,TRUE
"atom",145,"reverse_equal","en_US.UTF-8",TRUE,TRUE,TRUE,TRUE
"atom",145,"reflexivity","en_US.UTF-8",TRUE,TRUE,TRUE,TRUE
"atom",145,"unequal_control","en_US.UTF-8",FALSE,FALSE,FALSE,FALSE
"atom",146,"forward_equal","en_US.UTF-8",TRUE,TRUE,TRUE,TRUE
"atom",146,"reverse_equal","en_US.UTF-8",TRUE,TRUE,TRUE,TRUE
"atom",146,"reflexivity","en_US.UTF-8",TRUE,TRUE,TRUE,TRUE
"atom",146,"unequal_control","en_US.UTF-8",FALSE,FALSE,FALSE,FALSE
"atom",147,"forward_equal","en_US.UTF-8",TRUE,TRUE,TRUE,TRUE
"atom",147,"reverse_equal","en_US.UTF-8",TRUE,TRUE,TRUE,TRUE
"atom",147,"reflexivity","en_US.UTF-8",TRUE,TRUE,TRUE,TRUE
"atom",147,"unequal_control","en_US.UTF-8",FALSE,FALSE,FALSE,FALSE
"atom",148,"forward_equal","en_US.UTF-8",TRUE,TRUE,TRUE,TRUE
"atom",148,"reverse_equal","en_US.UTF-8",TRUE,TRUE,TRUE,TRUE
"atom",148,"reflexivity","en_US.UTF-8",TRUE,TRUE,TRUE,TRUE
"atom",148,"unequal_control","en_US.UTF-8",FALSE,FALSE,FALSE,FALSE
"atom",149,"forward_equal","en_US.UTF-8",TRUE,TRUE,TRUE,TRUE
"atom",149,"reverse_equal","en_US.UTF-8",TRUE,TRUE,TRUE,TRUE
"atom",149,"reflexivity","en_US.UTF-8",TRUE,TRUE,TRUE,TRUE
"atom",149,"unequal_control","en_US.UTF-8",FALSE,FALSE,FALSE,FALSE
"atom",150,"forward_equal","en_US.UTF-8",TRUE,TRUE,TRUE,TRUE
"atom",150,"reverse_equal","en_US.UTF-8",TRUE,TRUE,TRUE,TRUE
"atom",150,"reflexivity","en_US.UTF-8",TRUE,TRUE,TRUE,TRUE
"atom",150,"unequal_control","en_US.UTF-8",FALSE,FALSE,FALSE,FALSE
"atom",151,"forward_equal","en_US.UTF-8",TRUE,FALSE,TRUE,TRUE
"atom",151,"reverse_equal","en_US.UTF-8",TRUE,FALSE,TRUE,TRUE
"atom",151,"reflexivity","en_US.UTF-8",TRUE,TRUE,TRUE,TRUE
"atom",151,"unequal_control","en_US.UTF-8",FALSE,FALSE,FALSE,FALSE
"atom",152,"forward_equal","en_US.UTF-8",TRUE,FALSE,TRUE,TRUE
"atom",152,"reverse_equal","en_US.UTF-8",TRUE,FALSE,TRUE,TRUE
"atom",152,"reflexivity","en_US.UTF-8",TRUE,TRUE,TRUE,TRUE
"atom",152,"unequal_control","en_US.UTF-8",FALSE,FALSE,FALSE,FALSE
"atom",153,"forward_equal","en_US.UTF-8",TRUE,FALSE,TRUE,TRUE
"atom",153,"reverse_equal","en_US.UTF-8",TRUE,FALSE,TRUE,TRUE
"atom",153,"reflexivity","en_US.UTF-8",TRUE,TRUE,TRUE,TRUE
"atom",153,"unequal_control","en_US.UTF-8",FALSE,FALSE,FALSE,FALSE
"atom",154,"forward_equal","en_US.UTF-8",TRUE,FALSE,TRUE,TRUE
"atom",154,"reverse_equal","en_US.UTF-8",TRUE,FALSE,TRUE,TRUE
"atom",154,"reflexivity","en_US.UTF-8",TRUE,TRUE,TRUE,TRUE
"atom",154,"unequal_control","en_US.UTF-8",FALSE,FALSE,FALSE,FALSE
"atom",155,"forward_equal","en_US.UTF-8",TRUE,FALSE,TRUE,TRUE
"atom",155,"reverse_equal","en_US.UTF-8",TRUE,FALSE,TRUE,TRUE
"atom",155,"reflexivity","en_US.UTF-8",TRUE,TRUE,TRUE,TRUE
"atom",155,"unequal_control","en_US.UTF-8",FALSE,FALSE,FALSE,FALSE
"atom",156,"forward_equal","en_US.UTF-8",TRUE,FALSE,TRUE,TRUE
"atom",156,"reverse_equal","en_US.UTF-8",TRUE,FALSE,TRUE,TRUE
"atom",156,"reflexivity","en_US.UTF-8",TRUE,TRUE,TRUE,TRUE
"atom",156,"unequal_control","en_US.UTF-8",FALSE,FALSE,FALSE,FALSE
"atom",157,"forward_equal","en_US.UTF-8",TRUE,TRUE,TRUE,TRUE
"atom",157,"reverse_equal","en_US.UTF-8",TRUE,TRUE,TRUE,TRUE
"atom",157,"reflexivity","en_US.UTF-8",TRUE,TRUE,TRUE,TRUE
"atom",157,"unequal_control","en_US.UTF-8",FALSE,FALSE,FALSE,FALSE
"atom",158,"forward_equal","en_US.UTF-8",TRUE,TRUE,TRUE,TRUE
"atom",158,"reverse_equal","en_US.UTF-8",TRUE,TRUE,TRUE,TRUE
"atom",158,"reflexivity","en_US.UTF-8",TRUE,TRUE,TRUE,TRUE
"atom",158,"unequal_control","en_US.UTF-8",FALSE,FALSE,FALSE,FALSE
"atom",159,"forward_equal","en_US.UTF-8",TRUE,FALSE,TRUE,TRUE
"atom",159,"reverse_equal","en_US.UTF-8",TRUE,FALSE,TRUE,TRUE
"atom",159,"reflexivity","en_US.UTF-8",TRUE,TRUE,TRUE,TRUE
"atom",159,"unequal_control","en_US.UTF-8",FALSE,FALSE,FALSE,FALSE
"atom",160,"forward_equal","en_US.UTF-8",TRUE,FALSE,TRUE,TRUE
"atom",160,"reverse_equal","en_US.UTF-8",TRUE,FALSE,TRUE,TRUE
"atom",160,"reflexivity","en_US.UTF-8",TRUE,TRUE,TRUE,TRUE
"atom",160,"unequal_control","en_US.UTF-8",FALSE,FALSE,FALSE,FALSE
"atom",161,"forward_equal","en_US.UTF-8",TRUE,TRUE,TRUE,TRUE
"atom",161,"reverse_equal","en_US.UTF-8",TRUE,TRUE,TRUE,TRUE
"atom",161,"reflexivity","en_US.UTF-8",TRUE,TRUE,TRUE,TRUE
"atom",161,"unequal_control","en_US.UTF-8",FALSE,FALSE,FALSE,FALSE
"atom",162,"forward_equal","en_US.UTF-8",TRUE,FALSE,TRUE,TRUE
"atom",162,"reverse_equal","en_US.UTF-8",TRUE,FALSE,TRUE,TRUE
"atom",162,"reflexivity","en_US.UTF-8",TRUE,TRUE,TRUE,TRUE
"atom",162,"unequal_control","en_US.UTF-8",FALSE,FALSE,FALSE,FALSE
"atom",163,"forward_equal","en_US.UTF-8",TRUE,TRUE,TRUE,TRUE
"atom",163,"reverse_equal","en_US.UTF-8",TRUE,TRUE,TRUE,TRUE
"atom",163,"reflexivity","en_US.UTF-8",TRUE,TRUE,TRUE,TRUE
"atom",163,"unequal_control","en_US.UTF-8",FALSE,FALSE,FALSE,FALSE
"atom",164,"forward_equal","en_US.UTF-8",TRUE,TRUE,TRUE,TRUE
"atom",164,"reverse_equal","en_US.UTF-8",TRUE,TRUE,TRUE,TRUE
"atom",164,"reflexivity","en_US.UTF-8",TRUE,TRUE,TRUE,TRUE
"atom",164,"unequal_control","en_US.UTF-8",FALSE,FALSE,FALSE,FALSE
"atom",165,"forward_equal","en_US.UTF-8",TRUE,FALSE,TRUE,TRUE
"atom",165,"reverse_equal","en_US.UTF-8",TRUE,FALSE,TRUE,TRUE
"atom",165,"reflexivity","en_US.UTF-8",TRUE,TRUE,TRUE,TRUE
"atom",165,"unequal_control","en_US.UTF-8",FALSE,FALSE,FALSE,FALSE
"atom",166,"forward_equal","en_US.UTF-8",TRUE,FALSE,TRUE,TRUE
"atom",166,"reverse_equal","en_US.UTF-8",TRUE,FALSE,TRUE,TRUE
"atom",166,"reflexivity","en_US.UTF-8",TRUE,TRUE,TRUE,TRUE
"atom",166,"unequal_control","en_US.UTF-8",FALSE,FALSE,FALSE,FALSE
"atom",167,"forward_equal","en_US.UTF-8",TRUE,TRUE,TRUE,TRUE
"atom",167,"reverse_equal","en_US.UTF-8",TRUE,TRUE,TRUE,TRUE
"atom",167,"reflexivity","en_US.UTF-8",TRUE,TRUE,TRUE,TRUE
"atom",167,"unequal_control","en_US.UTF-8",FALSE,FALSE,FALSE,FALSE
"atom",168,"forward_equal","en_US.UTF-8",TRUE,FALSE,TRUE,TRUE
"atom",168,"reverse_equal","en_US.UTF-8",TRUE,FALSE,TRUE,TRUE
"atom",168,"reflexivity","en_US.UTF-8",TRUE,TRUE,TRUE,TRUE
"atom",168,"unequal_control","en_US.UTF-8",FALSE,FALSE,FALSE,FALSE
"atom",169,"forward_equal","en_US.UTF-8",TRUE,TRUE,TRUE,TRUE
"atom",169,"reverse_equal","en_US.UTF-8",TRUE,TRUE,TRUE,TRUE
"atom",169,"reflexivity","en_US.UTF-8",TRUE,TRUE,TRUE,TRUE
"atom",169,"unequal_control","en_US.UTF-8",FALSE,FALSE,FALSE,FALSE
"atom",170,"forward_equal","en_US.UTF-8",TRUE,TRUE,TRUE,TRUE
"atom",170,"reverse_equal","en_US.UTF-8",TRUE,TRUE,TRUE,TRUE
"atom",170,"reflexivity","en_US.UTF-8",TRUE,TRUE,TRUE,TRUE
"atom",170,"unequal_control","en_US.UTF-8",FALSE,FALSE,FALSE,FALSE
"atom",171,"forward_equal","en_US.UTF-8",TRUE,TRUE,TRUE,TRUE
"atom",171,"reverse_equal","en_US.UTF-8",TRUE,TRUE,TRUE,TRUE
"atom",171,"reflexivity","en_US.UTF-8",TRUE,TRUE,TRUE,TRUE
"atom",171,"unequal_control","en_US.UTF-8",FALSE,FALSE,FALSE,FALSE
"atom",172,"forward_equal","en_US.UTF-8",TRUE,TRUE,TRUE,TRUE
"atom",172,"reverse_equal","en_US.UTF-8",TRUE,TRUE,TRUE,TRUE
"atom",172,"reflexivity","en_US.UTF-8",TRUE,TRUE,TRUE,TRUE
"atom",172,"unequal_control","en_US.UTF-8",FALSE,FALSE,FALSE,FALSE
"atom",173,"forward_equal","en_US.UTF-8",TRUE,TRUE,TRUE,TRUE
"atom",173,"reverse_equal","en_US.UTF-8",TRUE,TRUE,TRUE,TRUE
"atom",173,"reflexivity","en_US.UTF-8",TRUE,TRUE,TRUE,TRUE
"atom",173,"unequal_control","en_US.UTF-8",FALSE,FALSE,FALSE,FALSE
"atom",174,"forward_equal","en_US.UTF-8",TRUE,TRUE,TRUE,TRUE
"atom",174,"reverse_equal","en_US.UTF-8",TRUE,TRUE,TRUE,TRUE
"atom",174,"reflexivity","en_US.UTF-8",TRUE,TRUE,TRUE,TRUE
"atom",174,"unequal_control","en_US.UTF-8",FALSE,FALSE,FALSE,FALSE
"atom",175,"forward_equal","en_US.UTF-8",TRUE,FALSE,TRUE,TRUE
"atom",175,"reverse_equal","en_US.UTF-8",TRUE,FALSE,TRUE,TRUE
"atom",175,"reflexivity","en_US.UTF-8",TRUE,TRUE,TRUE,TRUE
"atom",175,"unequal_control","en_US.UTF-8",FALSE,FALSE,FALSE,FALSE
"atom",176,"forward_equal","en_US.UTF-8",TRUE,FALSE,TRUE,TRUE
"atom",176,"reverse_equal","en_US.UTF-8",TRUE,FALSE,TRUE,TRUE
"atom",176,"reflexivity","en_US.UTF-8",TRUE,TRUE,TRUE,TRUE
"atom",176,"unequal_control","en_US.UTF-8",FALSE,FALSE,FALSE,FALSE
"atom",177,"forward_equal","en_US.UTF-8",TRUE,FALSE,TRUE,TRUE
"atom",177,"reverse_equal","en_US.UTF-8",TRUE,FALSE,TRUE,TRUE
"atom",177,"reflexivity","en_US.UTF-8",TRUE,TRUE,TRUE,TRUE
"atom",177,"unequal_control","en_US.UTF-8",FALSE,FALSE,FALSE,FALSE
"atom",178,"forward_equal","en_US.UTF-8",TRUE,FALSE,TRUE,TRUE
"atom",178,"reverse_equal","en_US.UTF-8",TRUE,FALSE,TRUE,TRUE
"atom",178,"reflexivity","en_US.UTF-8",TRUE,TRUE,TRUE,TRUE
"atom",178,"unequal_control","en_US.UTF-8",FALSE,FALSE,FALSE,FALSE
"atom",179,"forward_equal","en_US.UTF-8",TRUE,FALSE,TRUE,TRUE
"atom",179,"reverse_equal","en_US.UTF-8",TRUE,FALSE,TRUE,TRUE
"atom",179,"reflexivity","en_US.UTF-8",TRUE,TRUE,TRUE,TRUE
"atom",179,"unequal_control","en_US.UTF-8",FALSE,FALSE,FALSE,FALSE
"atom",180,"forward_equal","en_US.UTF-8",TRUE,FALSE,TRUE,TRUE
"atom",180,"reverse_equal","en_US.UTF-8",TRUE,FALSE,TRUE,TRUE
"atom",180,"reflexivity","en_US.UTF-8",TRUE,TRUE,TRUE,TRUE
"atom",180,"unequal_control","en_US.UTF-8",FALSE,FALSE,FALSE,FALSE
"atom",181,"forward_equal","en_US.UTF-8",TRUE,TRUE,TRUE,TRUE
"atom",181,"reverse_equal","en_US.UTF-8",TRUE,TRUE,TRUE,TRUE
"atom",181,"reflexivity","en_US.UTF-8",TRUE,TRUE,TRUE,TRUE
"atom",181,"unequal_control","en_US.UTF-8",FALSE,FALSE,FALSE,FALSE
"atom",182,"forward_equal","en_US.UTF-8",TRUE,TRUE,TRUE,TRUE
"atom",182,"reverse_equal","en_US.UTF-8",TRUE,TRUE,TRUE,TRUE
"atom",182,"reflexivity","en_US.UTF-8",TRUE,TRUE,TRUE,TRUE
"atom",182,"unequal_control","en_US.UTF-8",FALSE,FALSE,FALSE,FALSE
"atom",183,"forward_equal","en_US.UTF-8",TRUE,FALSE,TRUE,TRUE
"atom",183,"reverse_equal","en_US.UTF-8",TRUE,FALSE,TRUE,TRUE
"atom",183,"reflexivity","en_US.UTF-8",TRUE,TRUE,TRUE,TRUE
"atom",183,"unequal_control","en_US.UTF-8",FALSE,FALSE,FALSE,FALSE
"atom",184,"forward_equal","en_US.UTF-8",TRUE,FALSE,TRUE,TRUE
"atom",184,"reverse_equal","en_US.UTF-8",TRUE,FALSE,TRUE,TRUE
"atom",184,"reflexivity","en_US.UTF-8",TRUE,TRUE,TRUE,TRUE
"atom",184,"unequal_control","en_US.UTF-8",FALSE,FALSE,FALSE,FALSE
"atom",185,"forward_equal","en_US.UTF-8",TRUE,TRUE,TRUE,TRUE
"atom",185,"reverse_equal","en_US.UTF-8",TRUE,TRUE,TRUE,TRUE
"atom",185,"reflexivity","en_US.UTF-8",TRUE,TRUE,TRUE,TRUE
"atom",185,"unequal_control","en_US.UTF-8",FALSE,FALSE,FALSE,FALSE
"atom",186,"forward_equal","en_US.UTF-8",TRUE,FALSE,TRUE,TRUE
"atom",186,"reverse_equal","en_US.UTF-8",TRUE,FALSE,TRUE,TRUE
"atom",186,"reflexivity","en_US.UTF-8",TRUE,TRUE,TRUE,TRUE
"atom",186,"unequal_control","en_US.UTF-8",FALSE,FALSE,FALSE,FALSE
"atom",187,"forward_equal","en_US.UTF-8",TRUE,TRUE,TRUE,TRUE
"atom",187,"reverse_equal","en_US.UTF-8",TRUE,TRUE,TRUE,TRUE
"atom",187,"reflexivity","en_US.UTF-8",TRUE,TRUE,TRUE,TRUE
"atom",187,"unequal_control","en_US.UTF-8",FALSE,FALSE,FALSE,FALSE
"atom",188,"forward_equal","en_US.UTF-8",TRUE,TRUE,TRUE,TRUE
"atom",188,"reverse_equal","en_US.UTF-8",TRUE,TRUE,TRUE,TRUE
"atom",188,"reflexivity","en_US.UTF-8",TRUE,TRUE,TRUE,TRUE
"atom",188,"unequal_control","en_US.UTF-8",FALSE,FALSE,FALSE,FALSE
"atom",189,"forward_equal","en_US.UTF-8",TRUE,FALSE,TRUE,TRUE
"atom",189,"reverse_equal","en_US.UTF-8",TRUE,FALSE,TRUE,TRUE
"atom",189,"reflexivity","en_US.UTF-8",TRUE,TRUE,TRUE,TRUE
"atom",189,"unequal_control","en_US.UTF-8",FALSE,FALSE,FALSE,FALSE
"atom",190,"forward_equal","en_US.UTF-8",TRUE,FALSE,TRUE,TRUE
"atom",190,"reverse_equal","en_US.UTF-8",TRUE,FALSE,TRUE,TRUE
"atom",190,"reflexivity","en_US.UTF-8",TRUE,TRUE,TRUE,TRUE
"atom",190,"unequal_control","en_US.UTF-8",FALSE,FALSE,FALSE,FALSE
"atom",191,"forward_equal","en_US.UTF-8",TRUE,TRUE,TRUE,TRUE
"atom",191,"reverse_equal","en_US.UTF-8",TRUE,TRUE,TRUE,TRUE
"atom",191,"reflexivity","en_US.UTF-8",TRUE,TRUE,TRUE,TRUE
"atom",191,"unequal_control","en_US.UTF-8",FALSE,FALSE,FALSE,FALSE
"atom",192,"forward_equal","en_US.UTF-8",TRUE,FALSE,TRUE,TRUE
"atom",192,"reverse_equal","en_US.UTF-8",TRUE,FALSE,TRUE,TRUE
"atom",192,"reflexivity","en_US.UTF-8",TRUE,TRUE,TRUE,TRUE
"atom",192,"unequal_control","en_US.UTF-8",FALSE,FALSE,FALSE,FALSE
"atom",193,"forward_equal","en_US.UTF-8",TRUE,TRUE,TRUE,TRUE
"atom",193,"reverse_equal","en_US.UTF-8",TRUE,TRUE,TRUE,TRUE
"atom",193,"reflexivity","en_US.UTF-8",TRUE,TRUE,TRUE,TRUE
"atom",193,"unequal_control","en_US.UTF-8",FALSE,FALSE,FALSE,FALSE
"atom",194,"forward_equal","en_US.UTF-8",TRUE,TRUE,TRUE,TRUE
"atom",194,"reverse_equal","en_US.UTF-8",TRUE,TRUE,TRUE,TRUE
"atom",194,"reflexivity","en_US.UTF-8",TRUE,TRUE,TRUE,TRUE
"atom",194,"unequal_control","en_US.UTF-8",FALSE,FALSE,FALSE,FALSE
"atom",195,"forward_equal","en_US.UTF-8",TRUE,TRUE,TRUE,TRUE
"atom",195,"reverse_equal","en_US.UTF-8",TRUE,TRUE,TRUE,TRUE
"atom",195,"reflexivity","en_US.UTF-8",TRUE,TRUE,TRUE,TRUE
"atom",195,"unequal_control","en_US.UTF-8",FALSE,FALSE,FALSE,FALSE
"atom",196,"forward_equal","en_US.UTF-8",TRUE,TRUE,TRUE,TRUE
"atom",196,"reverse_equal","en_US.UTF-8",TRUE,TRUE,TRUE,TRUE
"atom",196,"reflexivity","en_US.UTF-8",TRUE,TRUE,TRUE,TRUE
"atom",196,"unequal_control","en_US.UTF-8",FALSE,FALSE,FALSE,FALSE
"atom",197,"forward_equal","en_US.UTF-8",TRUE,TRUE,TRUE,TRUE
"atom",197,"reverse_equal","en_US.UTF-8",TRUE,TRUE,TRUE,TRUE
"atom",197,"reflexivity","en_US.UTF-8",TRUE,TRUE,TRUE,TRUE
"atom",197,"unequal_control","en_US.UTF-8",FALSE,FALSE,FALSE,FALSE
"atom",198,"forward_equal","en_US.UTF-8",TRUE,TRUE,TRUE,TRUE
"atom",198,"reverse_equal","en_US.UTF-8",TRUE,TRUE,TRUE,TRUE
"atom",198,"reflexivity","en_US.UTF-8",TRUE,TRUE,TRUE,TRUE
"atom",198,"unequal_control","en_US.UTF-8",FALSE,FALSE,FALSE,FALSE
"atom",199,"forward_equal","en_US.UTF-8",TRUE,FALSE,TRUE,TRUE
"atom",199,"reverse_equal","en_US.UTF-8",TRUE,FALSE,TRUE,TRUE
"atom",199,"reflexivity","en_US.UTF-8",TRUE,TRUE,TRUE,TRUE
"atom",199,"unequal_control","en_US.UTF-8",FALSE,FALSE,FALSE,FALSE
"atom",200,"forward_equal","en_US.UTF-8",TRUE,FALSE,TRUE,TRUE
"atom",200,"reverse_equal","en_US.UTF-8",TRUE,FALSE,TRUE,TRUE
"atom",200,"reflexivity","en_US.UTF-8",TRUE,TRUE,TRUE,TRUE
"atom",200,"unequal_control","en_US.UTF-8",FALSE,FALSE,FALSE,FALSE
"atom",201,"forward_equal","en_US.UTF-8",TRUE,FALSE,TRUE,TRUE
"atom",201,"reverse_equal","en_US.UTF-8",TRUE,FALSE,TRUE,TRUE
"atom",201,"reflexivity","en_US.UTF-8",TRUE,TRUE,TRUE,TRUE
"atom",201,"unequal_control","en_US.UTF-8",FALSE,FALSE,FALSE,FALSE
"atom",202,"forward_equal","en_US.UTF-8",TRUE,FALSE,TRUE,TRUE
"atom",202,"reverse_equal","en_US.UTF-8",TRUE,FALSE,TRUE,TRUE
"atom",202,"reflexivity","en_US.UTF-8",TRUE,TRUE,TRUE,TRUE
"atom",202,"unequal_control","en_US.UTF-8",FALSE,FALSE,FALSE,FALSE
"atom",203,"forward_equal","en_US.UTF-8",TRUE,FALSE,TRUE,TRUE
"atom",203,"reverse_equal","en_US.UTF-8",TRUE,FALSE,TRUE,TRUE
"atom",203,"reflexivity","en_US.UTF-8",TRUE,TRUE,TRUE,TRUE
"atom",203,"unequal_control","en_US.UTF-8",FALSE,FALSE,FALSE,FALSE
"atom",204,"forward_equal","en_US.UTF-8",TRUE,FALSE,TRUE,TRUE
"atom",204,"reverse_equal","en_US.UTF-8",TRUE,FALSE,TRUE,TRUE
"atom",204,"reflexivity","en_US.UTF-8",TRUE,TRUE,TRUE,TRUE
"atom",204,"unequal_control","en_US.UTF-8",FALSE,FALSE,FALSE,FALSE
"atom",205,"forward_equal","en_US.UTF-8",TRUE,TRUE,TRUE,TRUE
"atom",205,"reverse_equal","en_US.UTF-8",TRUE,TRUE,TRUE,TRUE
"atom",205,"reflexivity","en_US.UTF-8",TRUE,TRUE,TRUE,TRUE
"atom",205,"unequal_control","en_US.UTF-8",FALSE,FALSE,FALSE,FALSE
"atom",206,"forward_equal","en_US.UTF-8",TRUE,TRUE,TRUE,TRUE
"atom",206,"reverse_equal","en_US.UTF-8",TRUE,TRUE,TRUE,TRUE
"atom",206,"reflexivity","en_US.UTF-8",TRUE,TRUE,TRUE,TRUE
"atom",206,"unequal_control","en_US.UTF-8",FALSE,FALSE,FALSE,FALSE
"atom",207,"forward_equal","en_US.UTF-8",TRUE,FALSE,TRUE,TRUE
"atom",207,"reverse_equal","en_US.UTF-8",TRUE,FALSE,TRUE,TRUE
"atom",207,"reflexivity","en_US.UTF-8",TRUE,TRUE,TRUE,TRUE
"atom",207,"unequal_control","en_US.UTF-8",FALSE,FALSE,FALSE,FALSE
"atom",208,"forward_equal","en_US.UTF-8",TRUE,FALSE,TRUE,TRUE
"atom",208,"reverse_equal","en_US.UTF-8",TRUE,FALSE,TRUE,TRUE
"atom",208,"reflexivity","en_US.UTF-8",TRUE,TRUE,TRUE,TRUE
"atom",208,"unequal_control","en_US.UTF-8",FALSE,FALSE,FALSE,FALSE
"atom",209,"forward_equal","en_US.UTF-8",TRUE,TRUE,TRUE,TRUE
"atom",209,"reverse_equal","en_US.UTF-8",TRUE,TRUE,TRUE,TRUE
"atom",209,"reflexivity","en_US.UTF-8",TRUE,TRUE,TRUE,TRUE
"atom",209,"unequal_control","en_US.UTF-8",FALSE,FALSE,FALSE,FALSE
"atom",210,"forward_equal","en_US.UTF-8",TRUE,FALSE,TRUE,TRUE
"atom",210,"reverse_equal","en_US.UTF-8",TRUE,FALSE,TRUE,TRUE
"atom",210,"reflexivity","en_US.UTF-8",TRUE,TRUE,TRUE,TRUE
"atom",210,"unequal_control","en_US.UTF-8",FALSE,FALSE,FALSE,FALSE
"atom",211,"forward_equal","en_US.UTF-8",TRUE,TRUE,TRUE,TRUE
"atom",211,"reverse_equal","en_US.UTF-8",TRUE,TRUE,TRUE,TRUE
"atom",211,"reflexivity","en_US.UTF-8",TRUE,TRUE,TRUE,TRUE
"atom",211,"unequal_control","en_US.UTF-8",FALSE,FALSE,FALSE,FALSE
"atom",212,"forward_equal","en_US.UTF-8",TRUE,TRUE,TRUE,TRUE
"atom",212,"reverse_equal","en_US.UTF-8",TRUE,TRUE,TRUE,TRUE
"atom",212,"reflexivity","en_US.UTF-8",TRUE,TRUE,TRUE,TRUE
"atom",212,"unequal_control","en_US.UTF-8",FALSE,FALSE,FALSE,FALSE
"atom",213,"forward_equal","en_US.UTF-8",TRUE,FALSE,TRUE,TRUE
"atom",213,"reverse_equal","en_US.UTF-8",TRUE,FALSE,TRUE,TRUE
"atom",213,"reflexivity","en_US.UTF-8",TRUE,TRUE,TRUE,TRUE
"atom",213,"unequal_control","en_US.UTF-8",FALSE,FALSE,FALSE,FALSE
"atom",214,"forward_equal","en_US.UTF-8",TRUE,FALSE,TRUE,TRUE
"atom",214,"reverse_equal","en_US.UTF-8",TRUE,FALSE,TRUE,TRUE
"atom",214,"reflexivity","en_US.UTF-8",TRUE,TRUE,TRUE,TRUE
"atom",214,"unequal_control","en_US.UTF-8",FALSE,FALSE,FALSE,FALSE
"atom",215,"forward_equal","en_US.UTF-8",TRUE,TRUE,TRUE,TRUE
"atom",215,"reverse_equal","en_US.UTF-8",TRUE,TRUE,TRUE,TRUE
"atom",215,"reflexivity","en_US.UTF-8",TRUE,TRUE,TRUE,TRUE
"atom",215,"unequal_control","en_US.UTF-8",FALSE,FALSE,FALSE,FALSE
"atom",216,"forward_equal","en_US.UTF-8",TRUE,FALSE,TRUE,TRUE
"atom",216,"reverse_equal","en_US.UTF-8",TRUE,FALSE,TRUE,TRUE
"atom",216,"reflexivity","en_US.UTF-8",TRUE,TRUE,TRUE,TRUE
"atom",216,"unequal_control","en_US.UTF-8",FALSE,FALSE,FALSE,FALSE
"atom",217,"forward_equal","en_US.UTF-8",TRUE,TRUE,TRUE,TRUE
"atom",217,"reverse_equal","en_US.UTF-8",TRUE,TRUE,TRUE,TRUE
"atom",217,"reflexivity","en_US.UTF-8",TRUE,TRUE,TRUE,TRUE
"atom",217,"unequal_control","en_US.UTF-8",FALSE,FALSE,FALSE,FALSE
"atom",218,"forward_equal","en_US.UTF-8",TRUE,TRUE,TRUE,TRUE
"atom",218,"reverse_equal","en_US.UTF-8",TRUE,TRUE,TRUE,TRUE
"atom",218,"reflexivity","en_US.UTF-8",TRUE,TRUE,TRUE,TRUE
"atom",218,"unequal_control","en_US.UTF-8",FALSE,FALSE,FALSE,FALSE
"atom",219,"forward_equal","en_US.UTF-8",TRUE,TRUE,TRUE,TRUE
"atom",219,"reverse_equal","en_US.UTF-8",TRUE,TRUE,TRUE,TRUE
"atom",219,"reflexivity","en_US.UTF-8",TRUE,TRUE,TRUE,TRUE
"atom",219,"unequal_control","en_US.UTF-8",FALSE,FALSE,FALSE,FALSE
"atom",220,"forward_equal","en_US.UTF-8",TRUE,TRUE,TRUE,TRUE
"atom",220,"reverse_equal","en_US.UTF-8",TRUE,TRUE,TRUE,TRUE
"atom",220,"reflexivity","en_US.UTF-8",TRUE,TRUE,TRUE,TRUE
"atom",220,"unequal_control","en_US.UTF-8",FALSE,FALSE,FALSE,FALSE
"atom",221,"forward_equal","en_US.UTF-8",TRUE,TRUE,TRUE,TRUE
"atom",221,"reverse_equal","en_US.UTF-8",TRUE,TRUE,TRUE,TRUE
"atom",221,"reflexivity","en_US.UTF-8",TRUE,TRUE,TRUE,TRUE
"atom",221,"unequal_control","en_US.UTF-8",FALSE,FALSE,FALSE,FALSE
"atom",222,"forward_equal","en_US.UTF-8",TRUE,TRUE,TRUE,TRUE
"atom",222,"reverse_equal","en_US.UTF-8",TRUE,TRUE,TRUE,TRUE
"atom",222,"reflexivity","en_US.UTF-8",TRUE,TRUE,TRUE,TRUE
"atom",222,"unequal_control","en_US.UTF-8",FALSE,FALSE,FALSE,FALSE
"atom",223,"forward_equal","en_US.UTF-8",TRUE,FALSE,TRUE,TRUE
"atom",223,"reverse_equal","en_US.UTF-8",TRUE,FALSE,TRUE,TRUE
"atom",223,"reflexivity","en_US.UTF-8",TRUE,TRUE,TRUE,TRUE
"atom",223,"unequal_control","en_US.UTF-8",FALSE,FALSE,FALSE,FALSE
"atom",224,"forward_equal","en_US.UTF-8",TRUE,FALSE,TRUE,TRUE
"atom",224,"reverse_equal","en_US.UTF-8",TRUE,FALSE,TRUE,TRUE
"atom",224,"reflexivity","en_US.UTF-8",TRUE,TRUE,TRUE,TRUE
"atom",224,"unequal_control","en_US.UTF-8",FALSE,FALSE,FALSE,FALSE
"atom",225,"forward_equal","en_US.UTF-8",TRUE,FALSE,TRUE,TRUE
"atom",225,"reverse_equal","en_US.UTF-8",TRUE,FALSE,TRUE,TRUE
"atom",225,"reflexivity","en_US.UTF-8",TRUE,TRUE,TRUE,TRUE
"atom",225,"unequal_control","en_US.UTF-8",FALSE,FALSE,FALSE,FALSE
"atom",226,"forward_equal","en_US.UTF-8",TRUE,FALSE,TRUE,TRUE
"atom",226,"reverse_equal","en_US.UTF-8",TRUE,FALSE,TRUE,TRUE
"atom",226,"reflexivity","en_US.UTF-8",TRUE,TRUE,TRUE,TRUE
"atom",226,"unequal_control","en_US.UTF-8",FALSE,FALSE,FALSE,FALSE
"atom",227,"forward_equal","en_US.UTF-8",TRUE,FALSE,TRUE,TRUE
"atom",227,"reverse_equal","en_US.UTF-8",TRUE,FALSE,TRUE,TRUE
"atom",227,"reflexivity","en_US.UTF-8",TRUE,TRUE,TRUE,TRUE
"atom",227,"unequal_control","en_US.UTF-8",FALSE,FALSE,FALSE,FALSE
"atom",228,"forward_equal","en_US.UTF-8",TRUE,FALSE,TRUE,TRUE
"atom",228,"reverse_equal","en_US.UTF-8",TRUE,FALSE,TRUE,TRUE
"atom",228,"reflexivity","en_US.UTF-8",TRUE,TRUE,TRUE,TRUE
"atom",228,"unequal_control","en_US.UTF-8",FALSE,FALSE,FALSE,FALSE
"atom",229,"forward_equal","en_US.UTF-8",TRUE,TRUE,TRUE,TRUE
"atom",229,"reverse_equal","en_US.UTF-8",TRUE,TRUE,TRUE,TRUE
"atom",229,"reflexivity","en_US.UTF-8",TRUE,TRUE,TRUE,TRUE
"atom",229,"unequal_control","en_US.UTF-8",FALSE,FALSE,FALSE,FALSE
"atom",230,"forward_equal","en_US.UTF-8",TRUE,TRUE,TRUE,TRUE
"atom",230,"reverse_equal","en_US.UTF-8",TRUE,TRUE,TRUE,TRUE
"atom",230,"reflexivity","en_US.UTF-8",TRUE,TRUE,TRUE,TRUE
"atom",230,"unequal_control","en_US.UTF-8",FALSE,FALSE,FALSE,FALSE
"atom",231,"forward_equal","en_US.UTF-8",TRUE,FALSE,TRUE,TRUE
"atom",231,"reverse_equal","en_US.UTF-8",TRUE,FALSE,TRUE,TRUE
"atom",231,"reflexivity","en_US.UTF-8",TRUE,TRUE,TRUE,TRUE
"atom",231,"unequal_control","en_US.UTF-8",FALSE,FALSE,FALSE,FALSE
"atom",232,"forward_equal","en_US.UTF-8",TRUE,FALSE,TRUE,TRUE
"atom",232,"reverse_equal","en_US.UTF-8",TRUE,FALSE,TRUE,TRUE
"atom",232,"reflexivity","en_US.UTF-8",TRUE,TRUE,TRUE,TRUE
"atom",232,"unequal_control","en_US.UTF-8",FALSE,FALSE,FALSE,FALSE
"atom",233,"forward_equal","en_US.UTF-8",TRUE,TRUE,TRUE,TRUE
"atom",233,"reverse_equal","en_US.UTF-8",TRUE,TRUE,TRUE,TRUE
"atom",233,"reflexivity","en_US.UTF-8",TRUE,TRUE,TRUE,TRUE
"atom",233,"unequal_control","en_US.UTF-8",FALSE,FALSE,FALSE,FALSE
"atom",234,"forward_equal","en_US.UTF-8",TRUE,FALSE,TRUE,TRUE
"atom",234,"reverse_equal","en_US.UTF-8",TRUE,FALSE,TRUE,TRUE
"atom",234,"reflexivity","en_US.UTF-8",TRUE,TRUE,TRUE,TRUE
"atom",234,"unequal_control","en_US.UTF-8",FALSE,FALSE,FALSE,FALSE
"atom",235,"forward_equal","en_US.UTF-8",TRUE,TRUE,TRUE,TRUE
"atom",235,"reverse_equal","en_US.UTF-8",TRUE,TRUE,TRUE,TRUE
"atom",235,"reflexivity","en_US.UTF-8",TRUE,TRUE,TRUE,TRUE
"atom",235,"unequal_control","en_US.UTF-8",FALSE,FALSE,FALSE,FALSE
"atom",236,"forward_equal","en_US.UTF-8",TRUE,TRUE,TRUE,TRUE
"atom",236,"reverse_equal","en_US.UTF-8",TRUE,TRUE,TRUE,TRUE
"atom",236,"reflexivity","en_US.UTF-8",TRUE,TRUE,TRUE,TRUE
"atom",236,"unequal_control","en_US.UTF-8",FALSE,FALSE,FALSE,FALSE
"atom",237,"forward_equal","en_US.UTF-8",TRUE,FALSE,TRUE,TRUE
"atom",237,"reverse_equal","en_US.UTF-8",TRUE,FALSE,TRUE,TRUE
"atom",237,"reflexivity","en_US.UTF-8",TRUE,TRUE,TRUE,TRUE
"atom",237,"unequal_control","en_US.UTF-8",FALSE,FALSE,FALSE,FALSE
"atom",238,"forward_equal","en_US.UTF-8",TRUE,FALSE,TRUE,TRUE
"atom",238,"reverse_equal","en_US.UTF-8",TRUE,FALSE,TRUE,TRUE
"atom",238,"reflexivity","en_US.UTF-8",TRUE,TRUE,TRUE,TRUE
"atom",238,"unequal_control","en_US.UTF-8",FALSE,FALSE,FALSE,FALSE
"atom",239,"forward_equal","en_US.UTF-8",TRUE,TRUE,TRUE,TRUE
"atom",239,"reverse_equal","en_US.UTF-8",TRUE,TRUE,TRUE,TRUE
"atom",239,"reflexivity","en_US.UTF-8",TRUE,TRUE,TRUE,TRUE
"atom",239,"unequal_control","en_US.UTF-8",FALSE,FALSE,FALSE,FALSE
"atom",240,"forward_equal","en_US.UTF-8",TRUE,FALSE,TRUE,TRUE
"atom",240,"reverse_equal","en_US.UTF-8",TRUE,FALSE,TRUE,TRUE
"atom",240,"reflexivity","en_US.UTF-8",TRUE,TRUE,TRUE,TRUE
"atom",240,"unequal_control","en_US.UTF-8",FALSE,FALSE,FALSE,FALSE
"atom",241,"forward_equal","en_US.UTF-8",TRUE,TRUE,TRUE,TRUE
"atom",241,"reverse_equal","en_US.UTF-8",TRUE,TRUE,TRUE,TRUE
"atom",241,"reflexivity","en_US.UTF-8",TRUE,TRUE,TRUE,TRUE
"atom",241,"unequal_control","en_US.UTF-8",FALSE,FALSE,FALSE,FALSE
"atom",242,"forward_equal","en_US.UTF-8",TRUE,TRUE,TRUE,TRUE
"atom",242,"reverse_equal","en_US.UTF-8",TRUE,TRUE,TRUE,TRUE
"atom",242,"reflexivity","en_US.UTF-8",TRUE,TRUE,TRUE,TRUE
"atom",242,"unequal_control","en_US.UTF-8",FALSE,FALSE,FALSE,FALSE
"atom",243,"forward_equal","en_US.UTF-8",TRUE,TRUE,TRUE,TRUE
"atom",243,"reverse_equal","en_US.UTF-8",TRUE,TRUE,TRUE,TRUE
"atom",243,"reflexivity","en_US.UTF-8",TRUE,TRUE,TRUE,TRUE
"atom",243,"unequal_control","en_US.UTF-8",FALSE,FALSE,FALSE,FALSE
"atom",244,"forward_equal","en_US.UTF-8",TRUE,TRUE,TRUE,TRUE
"atom",244,"reverse_equal","en_US.UTF-8",TRUE,TRUE,TRUE,TRUE
"atom",244,"reflexivity","en_US.UTF-8",TRUE,TRUE,TRUE,TRUE
"atom",244,"unequal_control","en_US.UTF-8",FALSE,FALSE,FALSE,FALSE
"atom",245,"forward_equal","en_US.UTF-8",TRUE,TRUE,TRUE,TRUE
"atom",245,"reverse_equal","en_US.UTF-8",TRUE,TRUE,TRUE,TRUE
"atom",245,"reflexivity","en_US.UTF-8",TRUE,TRUE,TRUE,TRUE
"atom",245,"unequal_control","en_US.UTF-8",FALSE,FALSE,FALSE,FALSE
"atom",246,"forward_equal","en_US.UTF-8",TRUE,TRUE,TRUE,TRUE
"atom",246,"reverse_equal","en_US.UTF-8",TRUE,TRUE,TRUE,TRUE
"atom",246,"reflexivity","en_US.UTF-8",TRUE,TRUE,TRUE,TRUE
"atom",246,"unequal_control","en_US.UTF-8",FALSE,FALSE,FALSE,FALSE
"atom",247,"forward_equal","en_US.UTF-8",TRUE,FALSE,TRUE,TRUE
"atom",247,"reverse_equal","en_US.UTF-8",TRUE,FALSE,TRUE,TRUE
"atom",247,"reflexivity","en_US.UTF-8",TRUE,TRUE,TRUE,TRUE
"atom",247,"unequal_control","en_US.UTF-8",FALSE,FALSE,FALSE,FALSE
"atom",248,"forward_equal","en_US.UTF-8",TRUE,FALSE,TRUE,TRUE
"atom",248,"reverse_equal","en_US.UTF-8",TRUE,FALSE,TRUE,TRUE
"atom",248,"reflexivity","en_US.UTF-8",TRUE,TRUE,TRUE,TRUE
"atom",248,"unequal_control","en_US.UTF-8",FALSE,FALSE,FALSE,FALSE
"atom",249,"forward_equal","en_US.UTF-8",TRUE,FALSE,TRUE,TRUE
"atom",249,"reverse_equal","en_US.UTF-8",TRUE,FALSE,TRUE,TRUE
"atom",249,"reflexivity","en_US.UTF-8",TRUE,TRUE,TRUE,TRUE
"atom",249,"unequal_control","en_US.UTF-8",FALSE,FALSE,FALSE,FALSE
"atom",250,"forward_equal","en_US.UTF-8",TRUE,FALSE,TRUE,TRUE
"atom",250,"reverse_equal","en_US.UTF-8",TRUE,FALSE,TRUE,TRUE
"atom",250,"reflexivity","en_US.UTF-8",TRUE,TRUE,TRUE,TRUE
"atom",250,"unequal_control","en_US.UTF-8",FALSE,FALSE,FALSE,FALSE
"atom",251,"forward_equal","en_US.UTF-8",TRUE,FALSE,TRUE,TRUE
"atom",251,"reverse_equal","en_US.UTF-8",TRUE,FALSE,TRUE,TRUE
"atom",251,"reflexivity","en_US.UTF-8",TRUE,TRUE,TRUE,TRUE
"atom",251,"unequal_control","en_US.UTF-8",FALSE,FALSE,FALSE,FALSE
"atom",252,"forward_equal","en_US.UTF-8",TRUE,FALSE,TRUE,TRUE
"atom",252,"reverse_equal","en_US.UTF-8",TRUE,FALSE,TRUE,TRUE
"atom",252,"reflexivity","en_US.UTF-8",TRUE,TRUE,TRUE,TRUE
"atom",252,"unequal_control","en_US.UTF-8",FALSE,FALSE,FALSE,FALSE
"atom",253,"forward_equal","en_US.UTF-8",TRUE,TRUE,TRUE,TRUE
"atom",253,"reverse_equal","en_US.UTF-8",TRUE,TRUE,TRUE,TRUE
"atom",253,"reflexivity","en_US.UTF-8",TRUE,TRUE,TRUE,TRUE
"atom",253,"unequal_control","en_US.UTF-8",FALSE,FALSE,FALSE,FALSE
"atom",254,"forward_equal","en_US.UTF-8",TRUE,TRUE,TRUE,TRUE
"atom",254,"reverse_equal","en_US.UTF-8",TRUE,TRUE,TRUE,TRUE
"atom",254,"reflexivity","en_US.UTF-8",TRUE,TRUE,TRUE,TRUE
"atom",254,"unequal_control","en_US.UTF-8",FALSE,FALSE,FALSE,FALSE
"atom",255,"forward_equal","en_US.UTF-8",TRUE,FALSE,TRUE,TRUE
"atom",255,"reverse_equal","en_US.UTF-8",TRUE,FALSE,TRUE,TRUE
"atom",255,"reflexivity","en_US.UTF-8",TRUE,TRUE,TRUE,TRUE
"atom",255,"unequal_control","en_US.UTF-8",FALSE,FALSE,FALSE,FALSE
"atom",256,"forward_equal","en_US.UTF-8",TRUE,FALSE,TRUE,TRUE
"atom",256,"reverse_equal","en_US.UTF-8",TRUE,FALSE,TRUE,TRUE
"atom",256,"reflexivity","en_US.UTF-8",TRUE,TRUE,TRUE,TRUE
"atom",256,"unequal_control","en_US.UTF-8",FALSE,FALSE,FALSE,FALSE
"atom",257,"forward_equal","en_US.UTF-8",TRUE,TRUE,TRUE,TRUE
"atom",257,"reverse_equal","en_US.UTF-8",TRUE,TRUE,TRUE,TRUE
"atom",257,"reflexivity","en_US.UTF-8",TRUE,TRUE,TRUE,TRUE
"atom",257,"unequal_control","en_US.UTF-8",FALSE,FALSE,FALSE,FALSE
"atom",258,"forward_equal","en_US.UTF-8",TRUE,FALSE,TRUE,TRUE
"atom",258,"reverse_equal","en_US.UTF-8",TRUE,FALSE,TRUE,TRUE
"atom",258,"reflexivity","en_US.UTF-8",TRUE,TRUE,TRUE,TRUE
"atom",258,"unequal_control","en_US.UTF-8",FALSE,FALSE,FALSE,FALSE
"atom",259,"forward_equal","en_US.UTF-8",TRUE,TRUE,TRUE,TRUE
"atom",259,"reverse_equal","en_US.UTF-8",TRUE,TRUE,TRUE,TRUE
"atom",259,"reflexivity","en_US.UTF-8",TRUE,TRUE,TRUE,TRUE
"atom",259,"unequal_control","en_US.UTF-8",FALSE,FALSE,FALSE,FALSE
"atom",260,"forward_equal","en_US.UTF-8",TRUE,TRUE,TRUE,TRUE
"atom",260,"reverse_equal","en_US.UTF-8",TRUE,TRUE,TRUE,TRUE
"atom",260,"reflexivity","en_US.UTF-8",TRUE,TRUE,TRUE,TRUE
"atom",260,"unequal_control","en_US.UTF-8",FALSE,FALSE,FALSE,FALSE
"atom",261,"forward_equal","en_US.UTF-8",TRUE,FALSE,TRUE,TRUE
"atom",261,"reverse_equal","en_US.UTF-8",TRUE,FALSE,TRUE,TRUE
"atom",261,"reflexivity","en_US.UTF-8",TRUE,TRUE,TRUE,TRUE
"atom",261,"unequal_control","en_US.UTF-8",FALSE,FALSE,FALSE,FALSE
"atom",262,"forward_equal","en_US.UTF-8",TRUE,FALSE,TRUE,TRUE
"atom",262,"reverse_equal","en_US.UTF-8",TRUE,FALSE,TRUE,TRUE
"atom",262,"reflexivity","en_US.UTF-8",TRUE,TRUE,TRUE,TRUE
"atom",262,"unequal_control","en_US.UTF-8",FALSE,FALSE,FALSE,FALSE
"atom",263,"forward_equal","en_US.UTF-8",TRUE,TRUE,TRUE,TRUE
"atom",263,"reverse_equal","en_US.UTF-8",TRUE,TRUE,TRUE,TRUE
"atom",263,"reflexivity","en_US.UTF-8",TRUE,TRUE,TRUE,TRUE
"atom",263,"unequal_control","en_US.UTF-8",FALSE,FALSE,FALSE,FALSE
"atom",264,"forward_equal","en_US.UTF-8",TRUE,FALSE,TRUE,TRUE
"atom",264,"reverse_equal","en_US.UTF-8",TRUE,FALSE,TRUE,TRUE
"atom",264,"reflexivity","en_US.UTF-8",TRUE,TRUE,TRUE,TRUE
"atom",264,"unequal_control","en_US.UTF-8",FALSE,FALSE,FALSE,FALSE
"atom",265,"forward_equal","en_US.UTF-8",TRUE,TRUE,TRUE,TRUE
"atom",265,"reverse_equal","en_US.UTF-8",TRUE,TRUE,TRUE,TRUE
"atom",265,"reflexivity","en_US.UTF-8",TRUE,TRUE,TRUE,TRUE
"atom",265,"unequal_control","en_US.UTF-8",FALSE,FALSE,FALSE,FALSE
"atom",266,"forward_equal","en_US.UTF-8",TRUE,TRUE,TRUE,TRUE
"atom",266,"reverse_equal","en_US.UTF-8",TRUE,TRUE,TRUE,TRUE
"atom",266,"reflexivity","en_US.UTF-8",TRUE,TRUE,TRUE,TRUE
"atom",266,"unequal_control","en_US.UTF-8",FALSE,FALSE,FALSE,FALSE
"atom",267,"forward_equal","en_US.UTF-8",TRUE,TRUE,TRUE,TRUE
"atom",267,"reverse_equal","en_US.UTF-8",TRUE,TRUE,TRUE,TRUE
"atom",267,"reflexivity","en_US.UTF-8",TRUE,TRUE,TRUE,TRUE
"atom",267,"unequal_control","en_US.UTF-8",FALSE,FALSE,FALSE,FALSE
"atom",268,"forward_equal","en_US.UTF-8",TRUE,TRUE,TRUE,TRUE
"atom",268,"reverse_equal","en_US.UTF-8",TRUE,TRUE,TRUE,TRUE
"atom",268,"reflexivity","en_US.UTF-8",TRUE,TRUE,TRUE,TRUE
"atom",268,"unequal_control","en_US.UTF-8",FALSE,FALSE,FALSE,FALSE
"atom",269,"forward_equal","en_US.UTF-8",TRUE,TRUE,TRUE,TRUE
"atom",269,"reverse_equal","en_US.UTF-8",TRUE,TRUE,TRUE,TRUE
"atom",269,"reflexivity","en_US.UTF-8",TRUE,TRUE,TRUE,TRUE
"atom",269,"unequal_control","en_US.UTF-8",FALSE,FALSE,FALSE,FALSE
"atom",270,"forward_equal","en_US.UTF-8",TRUE,TRUE,TRUE,TRUE
"atom",270,"reverse_equal","en_US.UTF-8",TRUE,TRUE,TRUE,TRUE
"atom",270,"reflexivity","en_US.UTF-8",TRUE,TRUE,TRUE,TRUE
"atom",270,"unequal_control","en_US.UTF-8",FALSE,FALSE,FALSE,FALSE
"atom",271,"forward_equal","en_US.UTF-8",TRUE,FALSE,TRUE,TRUE
"atom",271,"reverse_equal","en_US.UTF-8",TRUE,FALSE,TRUE,TRUE
"atom",271,"reflexivity","en_US.UTF-8",TRUE,TRUE,TRUE,TRUE
"atom",271,"unequal_control","en_US.UTF-8",FALSE,FALSE,FALSE,FALSE
"atom",272,"forward_equal","en_US.UTF-8",TRUE,FALSE,TRUE,TRUE
"atom",272,"reverse_equal","en_US.UTF-8",TRUE,FALSE,TRUE,TRUE
"atom",272,"reflexivity","en_US.UTF-8",TRUE,TRUE,TRUE,TRUE
"atom",272,"unequal_control","en_US.UTF-8",FALSE,FALSE,FALSE,FALSE
"atom",273,"forward_equal","en_US.UTF-8",TRUE,FALSE,TRUE,TRUE
"atom",273,"reverse_equal","en_US.UTF-8",TRUE,FALSE,TRUE,TRUE
"atom",273,"reflexivity","en_US.UTF-8",TRUE,TRUE,TRUE,TRUE
"atom",273,"unequal_control","en_US.UTF-8",FALSE,FALSE,FALSE,FALSE
"atom",274,"forward_equal","en_US.UTF-8",TRUE,FALSE,TRUE,TRUE
"atom",274,"reverse_equal","en_US.UTF-8",TRUE,FALSE,TRUE,TRUE
"atom",274,"reflexivity","en_US.UTF-8",TRUE,TRUE,TRUE,TRUE
"atom",274,"unequal_control","en_US.UTF-8",FALSE,FALSE,FALSE,FALSE
"atom",275,"forward_equal","en_US.UTF-8",TRUE,FALSE,TRUE,TRUE
"atom",275,"reverse_equal","en_US.UTF-8",TRUE,FALSE,TRUE,TRUE
"atom",275,"reflexivity","en_US.UTF-8",TRUE,TRUE,TRUE,TRUE
"atom",275,"unequal_control","en_US.UTF-8",FALSE,FALSE,FALSE,FALSE
"atom",276,"forward_equal","en_US.UTF-8",TRUE,FALSE,TRUE,TRUE
"atom",276,"reverse_equal","en_US.UTF-8",TRUE,FALSE,TRUE,TRUE
"atom",276,"reflexivity","en_US.UTF-8",TRUE,TRUE,TRUE,TRUE
"atom",276,"unequal_control","en_US.UTF-8",FALSE,FALSE,FALSE,FALSE
"atom",277,"forward_equal","en_US.UTF-8",TRUE,TRUE,TRUE,TRUE
"atom",277,"reverse_equal","en_US.UTF-8",TRUE,TRUE,TRUE,TRUE
"atom",277,"reflexivity","en_US.UTF-8",TRUE,TRUE,TRUE,TRUE
"atom",277,"unequal_control","en_US.UTF-8",FALSE,FALSE,FALSE,FALSE
"atom",278,"forward_equal","en_US.UTF-8",TRUE,TRUE,TRUE,TRUE
"atom",278,"reverse_equal","en_US.UTF-8",TRUE,TRUE,TRUE,TRUE
"atom",278,"reflexivity","en_US.UTF-8",TRUE,TRUE,TRUE,TRUE
"atom",278,"unequal_control","en_US.UTF-8",FALSE,FALSE,FALSE,FALSE
"atom",279,"forward_equal","en_US.UTF-8",TRUE,FALSE,TRUE,TRUE
"atom",279,"reverse_equal","en_US.UTF-8",TRUE,FALSE,TRUE,TRUE
"atom",279,"reflexivity","en_US.UTF-8",TRUE,TRUE,TRUE,TRUE
"atom",279,"unequal_control","en_US.UTF-8",FALSE,FALSE,FALSE,FALSE
"atom",280,"forward_equal","en_US.UTF-8",TRUE,FALSE,TRUE,TRUE
"atom",280,"reverse_equal","en_US.UTF-8",TRUE,FALSE,TRUE,TRUE
"atom",280,"reflexivity","en_US.UTF-8",TRUE,TRUE,TRUE,TRUE
"atom",280,"unequal_control","en_US.UTF-8",FALSE,FALSE,FALSE,FALSE
"atom",281,"forward_equal","en_US.UTF-8",TRUE,TRUE,TRUE,TRUE
"atom",281,"reverse_equal","en_US.UTF-8",TRUE,TRUE,TRUE,TRUE
"atom",281,"reflexivity","en_US.UTF-8",TRUE,TRUE,TRUE,TRUE
"atom",281,"unequal_control","en_US.UTF-8",FALSE,FALSE,FALSE,FALSE
"atom",282,"forward_equal","en_US.UTF-8",TRUE,FALSE,TRUE,TRUE
"atom",282,"reverse_equal","en_US.UTF-8",TRUE,FALSE,TRUE,TRUE
"atom",282,"reflexivity","en_US.UTF-8",TRUE,TRUE,TRUE,TRUE
"atom",282,"unequal_control","en_US.UTF-8",FALSE,FALSE,FALSE,FALSE
"atom",283,"forward_equal","en_US.UTF-8",TRUE,TRUE,TRUE,TRUE
"atom",283,"reverse_equal","en_US.UTF-8",TRUE,TRUE,TRUE,TRUE
"atom",283,"reflexivity","en_US.UTF-8",TRUE,TRUE,TRUE,TRUE
"atom",283,"unequal_control","en_US.UTF-8",FALSE,FALSE,FALSE,FALSE
"atom",284,"forward_equal","en_US.UTF-8",TRUE,TRUE,TRUE,TRUE
"atom",284,"reverse_equal","en_US.UTF-8",TRUE,TRUE,TRUE,TRUE
"atom",284,"reflexivity","en_US.UTF-8",TRUE,TRUE,TRUE,TRUE
"atom",284,"unequal_control","en_US.UTF-8",FALSE,FALSE,FALSE,FALSE
"atom",285,"forward_equal","en_US.UTF-8",TRUE,FALSE,TRUE,TRUE
"atom",285,"reverse_equal","en_US.UTF-8",TRUE,FALSE,TRUE,TRUE
"atom",285,"reflexivity","en_US.UTF-8",TRUE,TRUE,TRUE,TRUE
"atom",285,"unequal_control","en_US.UTF-8",FALSE,FALSE,FALSE,FALSE
"atom",286,"forward_equal","en_US.UTF-8",TRUE,FALSE,TRUE,TRUE
"atom",286,"reverse_equal","en_US.UTF-8",TRUE,FALSE,TRUE,TRUE
"atom",286,"reflexivity","en_US.UTF-8",TRUE,TRUE,TRUE,TRUE
"atom",286,"unequal_control","en_US.UTF-8",FALSE,FALSE,FALSE,FALSE
"atom",287,"forward_equal","en_US.UTF-8",TRUE,TRUE,TRUE,TRUE
"atom",287,"reverse_equal","en_US.UTF-8",TRUE,TRUE,TRUE,TRUE
"atom",287,"reflexivity","en_US.UTF-8",TRUE,TRUE,TRUE,TRUE
"atom",287,"unequal_control","en_US.UTF-8",FALSE,FALSE,FALSE,FALSE
"atom",288,"forward_equal","en_US.UTF-8",TRUE,FALSE,TRUE,TRUE
"atom",288,"reverse_equal","en_US.UTF-8",TRUE,FALSE,TRUE,TRUE
"atom",288,"reflexivity","en_US.UTF-8",TRUE,TRUE,TRUE,TRUE
"atom",288,"unequal_control","en_US.UTF-8",FALSE,FALSE,FALSE,FALSE
"atom",289,"forward_equal","en_US.UTF-8",TRUE,TRUE,TRUE,TRUE
"atom",289,"reverse_equal","en_US.UTF-8",TRUE,TRUE,TRUE,TRUE
"atom",289,"reflexivity","en_US.UTF-8",TRUE,TRUE,TRUE,TRUE
"atom",289,"unequal_control","en_US.UTF-8",FALSE,FALSE,FALSE,FALSE
"atom",290,"forward_equal","en_US.UTF-8",TRUE,TRUE,TRUE,TRUE
"atom",290,"reverse_equal","en_US.UTF-8",TRUE,TRUE,TRUE,TRUE
"atom",290,"reflexivity","en_US.UTF-8",TRUE,TRUE,TRUE,TRUE
"atom",290,"unequal_control","en_US.UTF-8",FALSE,FALSE,FALSE,FALSE
"atom",291,"forward_equal","en_US.UTF-8",TRUE,TRUE,TRUE,TRUE
"atom",291,"reverse_equal","en_US.UTF-8",TRUE,TRUE,TRUE,TRUE
"atom",291,"reflexivity","en_US.UTF-8",TRUE,TRUE,TRUE,TRUE
"atom",291,"unequal_control","en_US.UTF-8",FALSE,FALSE,FALSE,FALSE
"atom",292,"forward_equal","en_US.UTF-8",TRUE,TRUE,TRUE,TRUE
"atom",292,"reverse_equal","en_US.UTF-8",TRUE,TRUE,TRUE,TRUE
"atom",292,"reflexivity","en_US.UTF-8",TRUE,TRUE,TRUE,TRUE
"atom",292,"unequal_control","en_US.UTF-8",FALSE,FALSE,FALSE,FALSE
"atom",293,"forward_equal","en_US.UTF-8",TRUE,TRUE,TRUE,TRUE
"atom",293,"reverse_equal","en_US.UTF-8",TRUE,TRUE,TRUE,TRUE
"atom",293,"reflexivity","en_US.UTF-8",TRUE,TRUE,TRUE,TRUE
"atom",293,"unequal_control","en_US.UTF-8",FALSE,FALSE,FALSE,FALSE
"atom",294,"forward_equal","en_US.UTF-8",TRUE,TRUE,TRUE,TRUE
"atom",294,"reverse_equal","en_US.UTF-8",TRUE,TRUE,TRUE,TRUE
"atom",294,"reflexivity","en_US.UTF-8",TRUE,TRUE,TRUE,TRUE
"atom",294,"unequal_control","en_US.UTF-8",FALSE,FALSE,FALSE,FALSE
"atom",295,"forward_equal","en_US.UTF-8",TRUE,FALSE,TRUE,TRUE
"atom",295,"reverse_equal","en_US.UTF-8",TRUE,FALSE,TRUE,TRUE
"atom",295,"reflexivity","en_US.UTF-8",TRUE,TRUE,TRUE,TRUE
"atom",295,"unequal_control","en_US.UTF-8",FALSE,FALSE,FALSE,FALSE
"atom",296,"forward_equal","en_US.UTF-8",TRUE,FALSE,TRUE,TRUE
"atom",296,"reverse_equal","en_US.UTF-8",TRUE,FALSE,TRUE,TRUE
"atom",296,"reflexivity","en_US.UTF-8",TRUE,TRUE,TRUE,TRUE
"atom",296,"unequal_control","en_US.UTF-8",FALSE,FALSE,FALSE,FALSE
"atom",297,"forward_equal","en_US.UTF-8",TRUE,FALSE,TRUE,TRUE
"atom",297,"reverse_equal","en_US.UTF-8",TRUE,FALSE,TRUE,TRUE
"atom",297,"reflexivity","en_US.UTF-8",TRUE,TRUE,TRUE,TRUE
"atom",297,"unequal_control","en_US.UTF-8",FALSE,FALSE,FALSE,FALSE
"atom",298,"forward_equal","en_US.UTF-8",TRUE,FALSE,TRUE,TRUE
"atom",298,"reverse_equal","en_US.UTF-8",TRUE,FALSE,TRUE,TRUE
"atom",298,"reflexivity","en_US.UTF-8",TRUE,TRUE,TRUE,TRUE
"atom",298,"unequal_control","en_US.UTF-8",FALSE,FALSE,FALSE,FALSE
"atom",299,"forward_equal","en_US.UTF-8",TRUE,FALSE,TRUE,TRUE
"atom",299,"reverse_equal","en_US.UTF-8",TRUE,FALSE,TRUE,TRUE
"atom",299,"reflexivity","en_US.UTF-8",TRUE,TRUE,TRUE,TRUE
"atom",299,"unequal_control","en_US.UTF-8",FALSE,FALSE,FALSE,FALSE
"atom",300,"forward_equal","en_US.UTF-8",TRUE,FALSE,TRUE,TRUE
"atom",300,"reverse_equal","en_US.UTF-8",TRUE,FALSE,TRUE,TRUE
"atom",300,"reflexivity","en_US.UTF-8",TRUE,TRUE,TRUE,TRUE
"atom",300,"unequal_control","en_US.UTF-8",FALSE,FALSE,FALSE,FALSE
"atom",301,"forward_equal","en_US.UTF-8",TRUE,TRUE,TRUE,TRUE
"atom",301,"reverse_equal","en_US.UTF-8",TRUE,TRUE,TRUE,TRUE
"atom",301,"reflexivity","en_US.UTF-8",TRUE,TRUE,TRUE,TRUE
"atom",301,"unequal_control","en_US.UTF-8",FALSE,FALSE,FALSE,FALSE
"atom",302,"forward_equal","en_US.UTF-8",TRUE,TRUE,TRUE,TRUE
"atom",302,"reverse_equal","en_US.UTF-8",TRUE,TRUE,TRUE,TRUE
"atom",302,"reflexivity","en_US.UTF-8",TRUE,TRUE,TRUE,TRUE
"atom",302,"unequal_control","en_US.UTF-8",FALSE,FALSE,FALSE,FALSE
"atom",303,"forward_equal","en_US.UTF-8",TRUE,FALSE,TRUE,TRUE
"atom",303,"reverse_equal","en_US.UTF-8",TRUE,FALSE,TRUE,TRUE
"atom",303,"reflexivity","en_US.UTF-8",TRUE,TRUE,TRUE,TRUE
"atom",303,"unequal_control","en_US.UTF-8",FALSE,FALSE,FALSE,FALSE
"atom",304,"forward_equal","en_US.UTF-8",TRUE,FALSE,TRUE,TRUE
"atom",304,"reverse_equal","en_US.UTF-8",TRUE,FALSE,TRUE,TRUE
"atom",304,"reflexivity","en_US.UTF-8",TRUE,TRUE,TRUE,TRUE
"atom",304,"unequal_control","en_US.UTF-8",FALSE,FALSE,FALSE,FALSE
"atom",305,"forward_equal","en_US.UTF-8",TRUE,TRUE,TRUE,TRUE
"atom",305,"reverse_equal","en_US.UTF-8",TRUE,TRUE,TRUE,TRUE
"atom",305,"reflexivity","en_US.UTF-8",TRUE,TRUE,TRUE,TRUE
"atom",305,"unequal_control","en_US.UTF-8",FALSE,FALSE,FALSE,FALSE
"atom",306,"forward_equal","en_US.UTF-8",TRUE,FALSE,TRUE,TRUE
"atom",306,"reverse_equal","en_US.UTF-8",TRUE,FALSE,TRUE,TRUE
"atom",306,"reflexivity","en_US.UTF-8",TRUE,TRUE,TRUE,TRUE
"atom",306,"unequal_control","en_US.UTF-8",FALSE,FALSE,FALSE,FALSE
"atom",307,"forward_equal","en_US.UTF-8",TRUE,TRUE,TRUE,TRUE
"atom",307,"reverse_equal","en_US.UTF-8",TRUE,TRUE,TRUE,TRUE
"atom",307,"reflexivity","en_US.UTF-8",TRUE,TRUE,TRUE,TRUE
"atom",307,"unequal_control","en_US.UTF-8",FALSE,FALSE,FALSE,FALSE
"atom",308,"forward_equal","en_US.UTF-8",TRUE,TRUE,TRUE,TRUE
"atom",308,"reverse_equal","en_US.UTF-8",TRUE,TRUE,TRUE,TRUE
"atom",308,"reflexivity","en_US.UTF-8",TRUE,TRUE,TRUE,TRUE
"atom",308,"unequal_control","en_US.UTF-8",FALSE,FALSE,FALSE,FALSE
"atom",309,"forward_equal","en_US.UTF-8",TRUE,FALSE,TRUE,TRUE
"atom",309,"reverse_equal","en_US.UTF-8",TRUE,FALSE,TRUE,TRUE
"atom",309,"reflexivity","en_US.UTF-8",TRUE,TRUE,TRUE,TRUE
"atom",309,"unequal_control","en_US.UTF-8",FALSE,FALSE,FALSE,FALSE
"atom",310,"forward_equal","en_US.UTF-8",TRUE,FALSE,TRUE,TRUE
"atom",310,"reverse_equal","en_US.UTF-8",TRUE,FALSE,TRUE,TRUE
"atom",310,"reflexivity","en_US.UTF-8",TRUE,TRUE,TRUE,TRUE
"atom",310,"unequal_control","en_US.UTF-8",FALSE,FALSE,FALSE,FALSE
"atom",311,"forward_equal","en_US.UTF-8",TRUE,TRUE,TRUE,TRUE
"atom",311,"reverse_equal","en_US.UTF-8",TRUE,TRUE,TRUE,TRUE
"atom",311,"reflexivity","en_US.UTF-8",TRUE,TRUE,TRUE,TRUE
"atom",311,"unequal_control","en_US.UTF-8",FALSE,FALSE,FALSE,FALSE
"atom",312,"forward_equal","en_US.UTF-8",TRUE,FALSE,TRUE,TRUE
"atom",312,"reverse_equal","en_US.UTF-8",TRUE,FALSE,TRUE,TRUE
"atom",312,"reflexivity","en_US.UTF-8",TRUE,TRUE,TRUE,TRUE
"atom",312,"unequal_control","en_US.UTF-8",FALSE,FALSE,FALSE,FALSE
"atom",313,"forward_equal","en_US.UTF-8",TRUE,TRUE,TRUE,TRUE
"atom",313,"reverse_equal","en_US.UTF-8",TRUE,TRUE,TRUE,TRUE
"atom",313,"reflexivity","en_US.UTF-8",TRUE,TRUE,TRUE,TRUE
"atom",313,"unequal_control","en_US.UTF-8",FALSE,FALSE,FALSE,FALSE
"atom",314,"forward_equal","en_US.UTF-8",TRUE,TRUE,TRUE,TRUE
"atom",314,"reverse_equal","en_US.UTF-8",TRUE,TRUE,TRUE,TRUE
"atom",314,"reflexivity","en_US.UTF-8",TRUE,TRUE,TRUE,TRUE
"atom",314,"unequal_control","en_US.UTF-8",FALSE,FALSE,FALSE,FALSE
"atom",315,"forward_equal","en_US.UTF-8",TRUE,TRUE,TRUE,TRUE
"atom",315,"reverse_equal","en_US.UTF-8",TRUE,TRUE,TRUE,TRUE
"atom",315,"reflexivity","en_US.UTF-8",TRUE,TRUE,TRUE,TRUE
"atom",315,"unequal_control","en_US.UTF-8",FALSE,FALSE,FALSE,FALSE
"atom",316,"forward_equal","en_US.UTF-8",TRUE,TRUE,TRUE,TRUE
"atom",316,"reverse_equal","en_US.UTF-8",TRUE,TRUE,TRUE,TRUE
"atom",316,"reflexivity","en_US.UTF-8",TRUE,TRUE,TRUE,TRUE
"atom",316,"unequal_control","en_US.UTF-8",FALSE,FALSE,FALSE,FALSE
"atom",317,"forward_equal","en_US.UTF-8",TRUE,TRUE,TRUE,TRUE
"atom",317,"reverse_equal","en_US.UTF-8",TRUE,TRUE,TRUE,TRUE
"atom",317,"reflexivity","en_US.UTF-8",TRUE,TRUE,TRUE,TRUE
"atom",317,"unequal_control","en_US.UTF-8",FALSE,FALSE,FALSE,FALSE
"atom",318,"forward_equal","en_US.UTF-8",TRUE,TRUE,TRUE,TRUE
"atom",318,"reverse_equal","en_US.UTF-8",TRUE,TRUE,TRUE,TRUE
"atom",318,"reflexivity","en_US.UTF-8",TRUE,TRUE,TRUE,TRUE
"atom",318,"unequal_control","en_US.UTF-8",FALSE,FALSE,FALSE,FALSE
"atom",319,"forward_equal","en_US.UTF-8",TRUE,FALSE,TRUE,TRUE
"atom",319,"reverse_equal","en_US.UTF-8",TRUE,FALSE,TRUE,TRUE
"atom",319,"reflexivity","en_US.UTF-8",TRUE,TRUE,TRUE,TRUE
"atom",319,"unequal_control","en_US.UTF-8",FALSE,FALSE,FALSE,FALSE
"atom",320,"forward_equal","en_US.UTF-8",TRUE,FALSE,TRUE,TRUE
"atom",320,"reverse_equal","en_US.UTF-8",TRUE,FALSE,TRUE,TRUE
"atom",320,"reflexivity","en_US.UTF-8",TRUE,TRUE,TRUE,TRUE
"atom",320,"unequal_control","en_US.UTF-8",FALSE,FALSE,FALSE,FALSE
"atom",321,"forward_equal","en_US.UTF-8",TRUE,FALSE,TRUE,TRUE
"atom",321,"reverse_equal","en_US.UTF-8",TRUE,FALSE,TRUE,TRUE
"atom",321,"reflexivity","en_US.UTF-8",TRUE,TRUE,TRUE,TRUE
"atom",321,"unequal_control","en_US.UTF-8",FALSE,FALSE,FALSE,FALSE
"atom",322,"forward_equal","en_US.UTF-8",TRUE,FALSE,TRUE,TRUE
"atom",322,"reverse_equal","en_US.UTF-8",TRUE,FALSE,TRUE,TRUE
"atom",322,"reflexivity","en_US.UTF-8",TRUE,TRUE,TRUE,TRUE
"atom",322,"unequal_control","en_US.UTF-8",FALSE,FALSE,FALSE,FALSE
"atom",323,"forward_equal","en_US.UTF-8",TRUE,FALSE,TRUE,TRUE
"atom",323,"reverse_equal","en_US.UTF-8",TRUE,FALSE,TRUE,TRUE
"atom",323,"reflexivity","en_US.UTF-8",TRUE,TRUE,TRUE,TRUE
"atom",323,"unequal_control","en_US.UTF-8",FALSE,FALSE,FALSE,FALSE
"atom",324,"forward_equal","en_US.UTF-8",TRUE,FALSE,TRUE,TRUE
"atom",324,"reverse_equal","en_US.UTF-8",TRUE,FALSE,TRUE,TRUE
"atom",324,"reflexivity","en_US.UTF-8",TRUE,TRUE,TRUE,TRUE
"atom",324,"unequal_control","en_US.UTF-8",FALSE,FALSE,FALSE,FALSE
"atom",325,"forward_equal","en_US.UTF-8",TRUE,TRUE,TRUE,TRUE
"atom",325,"reverse_equal","en_US.UTF-8",TRUE,TRUE,TRUE,TRUE
"atom",325,"reflexivity","en_US.UTF-8",TRUE,TRUE,TRUE,TRUE
"atom",325,"unequal_control","en_US.UTF-8",FALSE,FALSE,FALSE,FALSE
"atom",326,"forward_equal","en_US.UTF-8",TRUE,TRUE,TRUE,TRUE
"atom",326,"reverse_equal","en_US.UTF-8",TRUE,TRUE,TRUE,TRUE
"atom",326,"reflexivity","en_US.UTF-8",TRUE,TRUE,TRUE,TRUE
"atom",326,"unequal_control","en_US.UTF-8",FALSE,FALSE,FALSE,FALSE
"atom",327,"forward_equal","en_US.UTF-8",TRUE,FALSE,TRUE,TRUE
"atom",327,"reverse_equal","en_US.UTF-8",TRUE,FALSE,TRUE,TRUE
"atom",327,"reflexivity","en_US.UTF-8",TRUE,TRUE,TRUE,TRUE
"atom",327,"unequal_control","en_US.UTF-8",FALSE,FALSE,FALSE,FALSE
"atom",328,"forward_equal","en_US.UTF-8",TRUE,FALSE,TRUE,TRUE
"atom",328,"reverse_equal","en_US.UTF-8",TRUE,FALSE,TRUE,TRUE
"atom",328,"reflexivity","en_US.UTF-8",TRUE,TRUE,TRUE,TRUE
"atom",328,"unequal_control","en_US.UTF-8",FALSE,FALSE,FALSE,FALSE
"atom",329,"forward_equal","en_US.UTF-8",TRUE,TRUE,TRUE,TRUE
"atom",329,"reverse_equal","en_US.UTF-8",TRUE,TRUE,TRUE,TRUE
"atom",329,"reflexivity","en_US.UTF-8",TRUE,TRUE,TRUE,TRUE
"atom",329,"unequal_control","en_US.UTF-8",FALSE,FALSE,FALSE,FALSE
"atom",330,"forward_equal","en_US.UTF-8",TRUE,FALSE,TRUE,TRUE
"atom",330,"reverse_equal","en_US.UTF-8",TRUE,FALSE,TRUE,TRUE
"atom",330,"reflexivity","en_US.UTF-8",TRUE,TRUE,TRUE,TRUE
"atom",330,"unequal_control","en_US.UTF-8",FALSE,FALSE,FALSE,FALSE
"atom",331,"forward_equal","en_US.UTF-8",TRUE,TRUE,TRUE,TRUE
"atom",331,"reverse_equal","en_US.UTF-8",TRUE,TRUE,TRUE,TRUE
"atom",331,"reflexivity","en_US.UTF-8",TRUE,TRUE,TRUE,TRUE
"atom",331,"unequal_control","en_US.UTF-8",FALSE,FALSE,FALSE,FALSE
"atom",332,"forward_equal","en_US.UTF-8",TRUE,TRUE,TRUE,TRUE
"atom",332,"reverse_equal","en_US.UTF-8",TRUE,TRUE,TRUE,TRUE
"atom",332,"reflexivity","en_US.UTF-8",TRUE,TRUE,TRUE,TRUE
"atom",332,"unequal_control","en_US.UTF-8",FALSE,FALSE,FALSE,FALSE
"atom",333,"forward_equal","en_US.UTF-8",TRUE,FALSE,TRUE,TRUE
"atom",333,"reverse_equal","en_US.UTF-8",TRUE,FALSE,TRUE,TRUE
"atom",333,"reflexivity","en_US.UTF-8",TRUE,TRUE,TRUE,TRUE
"atom",333,"unequal_control","en_US.UTF-8",FALSE,FALSE,FALSE,FALSE
"atom",334,"forward_equal","en_US.UTF-8",TRUE,FALSE,TRUE,TRUE
"atom",334,"reverse_equal","en_US.UTF-8",TRUE,FALSE,TRUE,TRUE
"atom",334,"reflexivity","en_US.UTF-8",TRUE,TRUE,TRUE,TRUE
"atom",334,"unequal_control","en_US.UTF-8",FALSE,FALSE,FALSE,FALSE
"atom",335,"forward_equal","en_US.UTF-8",TRUE,TRUE,TRUE,TRUE
"atom",335,"reverse_equal","en_US.UTF-8",TRUE,TRUE,TRUE,TRUE
"atom",335,"reflexivity","en_US.UTF-8",TRUE,TRUE,TRUE,TRUE
"atom",335,"unequal_control","en_US.UTF-8",FALSE,FALSE,FALSE,FALSE
"atom",336,"forward_equal","en_US.UTF-8",TRUE,FALSE,TRUE,TRUE
"atom",336,"reverse_equal","en_US.UTF-8",TRUE,FALSE,TRUE,TRUE
"atom",336,"reflexivity","en_US.UTF-8",TRUE,TRUE,TRUE,TRUE
"atom",336,"unequal_control","en_US.UTF-8",FALSE,FALSE,FALSE,FALSE
"atom",337,"forward_equal","en_US.UTF-8",TRUE,TRUE,TRUE,TRUE
"atom",337,"reverse_equal","en_US.UTF-8",TRUE,TRUE,TRUE,TRUE
"atom",337,"reflexivity","en_US.UTF-8",TRUE,TRUE,TRUE,TRUE
"atom",337,"unequal_control","en_US.UTF-8",FALSE,FALSE,FALSE,FALSE
"atom",338,"forward_equal","en_US.UTF-8",TRUE,TRUE,TRUE,TRUE
"atom",338,"reverse_equal","en_US.UTF-8",TRUE,TRUE,TRUE,TRUE
"atom",338,"reflexivity","en_US.UTF-8",TRUE,TRUE,TRUE,TRUE
"atom",338,"unequal_control","en_US.UTF-8",FALSE,FALSE,FALSE,FALSE
"atom",339,"forward_equal","en_US.UTF-8",TRUE,TRUE,TRUE,TRUE
"atom",339,"reverse_equal","en_US.UTF-8",TRUE,TRUE,TRUE,TRUE
"atom",339,"reflexivity","en_US.UTF-8",TRUE,TRUE,TRUE,TRUE
"atom",339,"unequal_control","en_US.UTF-8",FALSE,FALSE,FALSE,FALSE
"atom",340,"forward_equal","en_US.UTF-8",TRUE,TRUE,TRUE,TRUE
"atom",340,"reverse_equal","en_US.UTF-8",TRUE,TRUE,TRUE,TRUE
"atom",340,"reflexivity","en_US.UTF-8",TRUE,TRUE,TRUE,TRUE
"atom",340,"unequal_control","en_US.UTF-8",FALSE,FALSE,FALSE,FALSE
"atom",341,"forward_equal","en_US.UTF-8",TRUE,TRUE,TRUE,TRUE
"atom",341,"reverse_equal","en_US.UTF-8",TRUE,TRUE,TRUE,TRUE
"atom",341,"reflexivity","en_US.UTF-8",TRUE,TRUE,TRUE,TRUE
"atom",341,"unequal_control","en_US.UTF-8",FALSE,FALSE,FALSE,FALSE
"atom",342,"forward_equal","en_US.UTF-8",TRUE,TRUE,TRUE,TRUE
"atom",342,"reverse_equal","en_US.UTF-8",TRUE,TRUE,TRUE,TRUE
"atom",342,"reflexivity","en_US.UTF-8",TRUE,TRUE,TRUE,TRUE
"atom",342,"unequal_control","en_US.UTF-8",FALSE,FALSE,FALSE,FALSE
"atom",343,"forward_equal","en_US.UTF-8",TRUE,FALSE,TRUE,TRUE
"atom",343,"reverse_equal","en_US.UTF-8",TRUE,FALSE,TRUE,TRUE
"atom",343,"reflexivity","en_US.UTF-8",TRUE,TRUE,TRUE,TRUE
"atom",343,"unequal_control","en_US.UTF-8",FALSE,FALSE,FALSE,FALSE
"atom",344,"forward_equal","en_US.UTF-8",TRUE,FALSE,TRUE,TRUE
"atom",344,"reverse_equal","en_US.UTF-8",TRUE,FALSE,TRUE,TRUE
"atom",344,"reflexivity","en_US.UTF-8",TRUE,TRUE,TRUE,TRUE
"atom",344,"unequal_control","en_US.UTF-8",FALSE,FALSE,FALSE,FALSE
"atom",345,"forward_equal","en_US.UTF-8",TRUE,FALSE,TRUE,TRUE
"atom",345,"reverse_equal","en_US.UTF-8",TRUE,FALSE,TRUE,TRUE
"atom",345,"reflexivity","en_US.UTF-8",TRUE,TRUE,TRUE,TRUE
"atom",345,"unequal_control","en_US.UTF-8",FALSE,FALSE,FALSE,FALSE
"atom",346,"forward_equal","en_US.UTF-8",TRUE,FALSE,TRUE,TRUE
"atom",346,"reverse_equal","en_US.UTF-8",TRUE,FALSE,TRUE,TRUE
"atom",346,"reflexivity","en_US.UTF-8",TRUE,TRUE,TRUE,TRUE
"atom",346,"unequal_control","en_US.UTF-8",FALSE,FALSE,FALSE,FALSE
"atom",347,"forward_equal","en_US.UTF-8",TRUE,FALSE,TRUE,TRUE
"atom",347,"reverse_equal","en_US.UTF-8",TRUE,FALSE,TRUE,TRUE
"atom",347,"reflexivity","en_US.UTF-8",TRUE,TRUE,TRUE,TRUE
"atom",347,"unequal_control","en_US.UTF-8",FALSE,FALSE,FALSE,FALSE
"atom",348,"forward_equal","en_US.UTF-8",TRUE,FALSE,TRUE,TRUE
"atom",348,"reverse_equal","en_US.UTF-8",TRUE,FALSE,TRUE,TRUE
"atom",348,"reflexivity","en_US.UTF-8",TRUE,TRUE,TRUE,TRUE
"atom",348,"unequal_control","en_US.UTF-8",FALSE,FALSE,FALSE,FALSE
"atom",349,"forward_equal","en_US.UTF-8",TRUE,TRUE,TRUE,TRUE
"atom",349,"reverse_equal","en_US.UTF-8",TRUE,TRUE,TRUE,TRUE
"atom",349,"reflexivity","en_US.UTF-8",TRUE,TRUE,TRUE,TRUE
"atom",349,"unequal_control","en_US.UTF-8",FALSE,FALSE,FALSE,FALSE
"atom",350,"forward_equal","en_US.UTF-8",TRUE,TRUE,TRUE,TRUE
"atom",350,"reverse_equal","en_US.UTF-8",TRUE,TRUE,TRUE,TRUE
"atom",350,"reflexivity","en_US.UTF-8",TRUE,TRUE,TRUE,TRUE
"atom",350,"unequal_control","en_US.UTF-8",FALSE,FALSE,FALSE,FALSE
"atom",351,"forward_equal","en_US.UTF-8",TRUE,FALSE,TRUE,TRUE
"atom",351,"reverse_equal","en_US.UTF-8",TRUE,FALSE,TRUE,TRUE
"atom",351,"reflexivity","en_US.UTF-8",TRUE,TRUE,TRUE,TRUE
"atom",351,"unequal_control","en_US.UTF-8",FALSE,FALSE,FALSE,FALSE
"atom",352,"forward_equal","en_US.UTF-8",TRUE,FALSE,TRUE,TRUE
"atom",352,"reverse_equal","en_US.UTF-8",TRUE,FALSE,TRUE,TRUE
"atom",352,"reflexivity","en_US.UTF-8",TRUE,TRUE,TRUE,TRUE
"atom",352,"unequal_control","en_US.UTF-8",FALSE,FALSE,FALSE,FALSE
"atom",353,"forward_equal","en_US.UTF-8",TRUE,TRUE,TRUE,TRUE
"atom",353,"reverse_equal","en_US.UTF-8",TRUE,TRUE,TRUE,TRUE
"atom",353,"reflexivity","en_US.UTF-8",TRUE,TRUE,TRUE,TRUE
"atom",353,"unequal_control","en_US.UTF-8",FALSE,FALSE,FALSE,FALSE
"atom",354,"forward_equal","en_US.UTF-8",TRUE,FALSE,TRUE,TRUE
"atom",354,"reverse_equal","en_US.UTF-8",TRUE,FALSE,TRUE,TRUE
"atom",354,"reflexivity","en_US.UTF-8",TRUE,TRUE,TRUE,TRUE
"atom",354,"unequal_control","en_US.UTF-8",FALSE,FALSE,FALSE,FALSE
"atom",355,"forward_equal","en_US.UTF-8",TRUE,TRUE,TRUE,TRUE
"atom",355,"reverse_equal","en_US.UTF-8",TRUE,TRUE,TRUE,TRUE
"atom",355,"reflexivity","en_US.UTF-8",TRUE,TRUE,TRUE,TRUE
"atom",355,"unequal_control","en_US.UTF-8",FALSE,FALSE,FALSE,FALSE
"atom",356,"forward_equal","en_US.UTF-8",TRUE,TRUE,TRUE,TRUE
"atom",356,"reverse_equal","en_US.UTF-8",TRUE,TRUE,TRUE,TRUE
"atom",356,"reflexivity","en_US.UTF-8",TRUE,TRUE,TRUE,TRUE
"atom",356,"unequal_control","en_US.UTF-8",FALSE,FALSE,FALSE,FALSE
"atom",357,"forward_equal","en_US.UTF-8",TRUE,FALSE,TRUE,TRUE
"atom",357,"reverse_equal","en_US.UTF-8",TRUE,FALSE,TRUE,TRUE
"atom",357,"reflexivity","en_US.UTF-8",TRUE,TRUE,TRUE,TRUE
"atom",357,"unequal_control","en_US.UTF-8",FALSE,FALSE,FALSE,FALSE
"atom",358,"forward_equal","en_US.UTF-8",TRUE,FALSE,TRUE,TRUE
"atom",358,"reverse_equal","en_US.UTF-8",TRUE,FALSE,TRUE,TRUE
"atom",358,"reflexivity","en_US.UTF-8",TRUE,TRUE,TRUE,TRUE
"atom",358,"unequal_control","en_US.UTF-8",FALSE,FALSE,FALSE,FALSE
"atom",359,"forward_equal","en_US.UTF-8",TRUE,TRUE,TRUE,TRUE
"atom",359,"reverse_equal","en_US.UTF-8",TRUE,TRUE,TRUE,TRUE
"atom",359,"reflexivity","en_US.UTF-8",TRUE,TRUE,TRUE,TRUE
"atom",359,"unequal_control","en_US.UTF-8",FALSE,FALSE,FALSE,FALSE
"atom",360,"forward_equal","en_US.UTF-8",TRUE,FALSE,TRUE,TRUE
"atom",360,"reverse_equal","en_US.UTF-8",TRUE,FALSE,TRUE,TRUE
"atom",360,"reflexivity","en_US.UTF-8",TRUE,TRUE,TRUE,TRUE
"atom",360,"unequal_control","en_US.UTF-8",FALSE,FALSE,FALSE,FALSE
"atom",361,"forward_equal","en_US.UTF-8",TRUE,TRUE,TRUE,TRUE
"atom",361,"reverse_equal","en_US.UTF-8",TRUE,TRUE,TRUE,TRUE
"atom",361,"reflexivity","en_US.UTF-8",TRUE,TRUE,TRUE,TRUE
"atom",361,"unequal_control","en_US.UTF-8",FALSE,FALSE,FALSE,FALSE
"atom",362,"forward_equal","en_US.UTF-8",TRUE,TRUE,TRUE,TRUE
"atom",362,"reverse_equal","en_US.UTF-8",TRUE,TRUE,TRUE,TRUE
"atom",362,"reflexivity","en_US.UTF-8",TRUE,TRUE,TRUE,TRUE
"atom",362,"unequal_control","en_US.UTF-8",FALSE,FALSE,FALSE,FALSE
"atom",363,"forward_equal","en_US.UTF-8",TRUE,TRUE,TRUE,TRUE
"atom",363,"reverse_equal","en_US.UTF-8",TRUE,TRUE,TRUE,TRUE
"atom",363,"reflexivity","en_US.UTF-8",TRUE,TRUE,TRUE,TRUE
"atom",363,"unequal_control","en_US.UTF-8",FALSE,FALSE,FALSE,FALSE
"atom",364,"forward_equal","en_US.UTF-8",TRUE,TRUE,TRUE,TRUE
"atom",364,"reverse_equal","en_US.UTF-8",TRUE,TRUE,TRUE,TRUE
"atom",364,"reflexivity","en_US.UTF-8",TRUE,TRUE,TRUE,TRUE
"atom",364,"unequal_control","en_US.UTF-8",FALSE,FALSE,FALSE,FALSE
"atom",365,"forward_equal","en_US.UTF-8",TRUE,TRUE,TRUE,TRUE
"atom",365,"reverse_equal","en_US.UTF-8",TRUE,TRUE,TRUE,TRUE
"atom",365,"reflexivity","en_US.UTF-8",TRUE,TRUE,TRUE,TRUE
"atom",365,"unequal_control","en_US.UTF-8",FALSE,FALSE,FALSE,FALSE
"atom",366,"forward_equal","en_US.UTF-8",TRUE,TRUE,TRUE,TRUE
"atom",366,"reverse_equal","en_US.UTF-8",TRUE,TRUE,TRUE,TRUE
"atom",366,"reflexivity","en_US.UTF-8",TRUE,TRUE,TRUE,TRUE
"atom",366,"unequal_control","en_US.UTF-8",FALSE,FALSE,FALSE,FALSE
"atom",367,"forward_equal","en_US.UTF-8",TRUE,FALSE,TRUE,TRUE
"atom",367,"reverse_equal","en_US.UTF-8",TRUE,FALSE,TRUE,TRUE
"atom",367,"reflexivity","en_US.UTF-8",TRUE,TRUE,TRUE,TRUE
"atom",367,"unequal_control","en_US.UTF-8",FALSE,FALSE,FALSE,FALSE
"atom",368,"forward_equal","en_US.UTF-8",TRUE,FALSE,TRUE,TRUE
"atom",368,"reverse_equal","en_US.UTF-8",TRUE,FALSE,TRUE,TRUE
"atom",368,"reflexivity","en_US.UTF-8",TRUE,TRUE,TRUE,TRUE
"atom",368,"unequal_control","en_US.UTF-8",FALSE,FALSE,FALSE,FALSE
"atom",369,"forward_equal","en_US.UTF-8",TRUE,FALSE,TRUE,TRUE
"atom",369,"reverse_equal","en_US.UTF-8",TRUE,FALSE,TRUE,TRUE
"atom",369,"reflexivity","en_US.UTF-8",TRUE,TRUE,TRUE,TRUE
"atom",369,"unequal_control","en_US.UTF-8",FALSE,FALSE,FALSE,FALSE
"atom",370,"forward_equal","en_US.UTF-8",TRUE,FALSE,TRUE,TRUE
"atom",370,"reverse_equal","en_US.UTF-8",TRUE,FALSE,TRUE,TRUE
"atom",370,"reflexivity","en_US.UTF-8",TRUE,TRUE,TRUE,TRUE
"atom",370,"unequal_control","en_US.UTF-8",FALSE,FALSE,FALSE,FALSE
"atom",371,"forward_equal","en_US.UTF-8",TRUE,FALSE,TRUE,TRUE
"atom",371,"reverse_equal","en_US.UTF-8",TRUE,FALSE,TRUE,TRUE
"atom",371,"reflexivity","en_US.UTF-8",TRUE,TRUE,TRUE,TRUE
"atom",371,"unequal_control","en_US.UTF-8",FALSE,FALSE,FALSE,FALSE
"atom",372,"forward_equal","en_US.UTF-8",TRUE,FALSE,TRUE,TRUE
"atom",372,"reverse_equal","en_US.UTF-8",TRUE,FALSE,TRUE,TRUE
"atom",372,"reflexivity","en_US.UTF-8",TRUE,TRUE,TRUE,TRUE
"atom",372,"unequal_control","en_US.UTF-8",FALSE,FALSE,FALSE,FALSE
"atom",373,"forward_equal","en_US.UTF-8",TRUE,TRUE,TRUE,TRUE
"atom",373,"reverse_equal","en_US.UTF-8",TRUE,TRUE,TRUE,TRUE
"atom",373,"reflexivity","en_US.UTF-8",TRUE,TRUE,TRUE,TRUE
"atom",373,"unequal_control","en_US.UTF-8",FALSE,FALSE,FALSE,FALSE
"atom",374,"forward_equal","en_US.UTF-8",TRUE,TRUE,TRUE,TRUE
"atom",374,"reverse_equal","en_US.UTF-8",TRUE,TRUE,TRUE,TRUE
"atom",374,"reflexivity","en_US.UTF-8",TRUE,TRUE,TRUE,TRUE
"atom",374,"unequal_control","en_US.UTF-8",FALSE,FALSE,FALSE,FALSE
"atom",375,"forward_equal","en_US.UTF-8",TRUE,FALSE,TRUE,TRUE
"atom",375,"reverse_equal","en_US.UTF-8",TRUE,FALSE,TRUE,TRUE
"atom",375,"reflexivity","en_US.UTF-8",TRUE,TRUE,TRUE,TRUE
"atom",375,"unequal_control","en_US.UTF-8",FALSE,FALSE,FALSE,FALSE
"atom",376,"forward_equal","en_US.UTF-8",TRUE,FALSE,TRUE,TRUE
"atom",376,"reverse_equal","en_US.UTF-8",TRUE,FALSE,TRUE,TRUE
"atom",376,"reflexivity","en_US.UTF-8",TRUE,TRUE,TRUE,TRUE
"atom",376,"unequal_control","en_US.UTF-8",FALSE,FALSE,FALSE,FALSE
"atom",377,"forward_equal","en_US.UTF-8",TRUE,TRUE,TRUE,TRUE
"atom",377,"reverse_equal","en_US.UTF-8",TRUE,TRUE,TRUE,TRUE
"atom",377,"reflexivity","en_US.UTF-8",TRUE,TRUE,TRUE,TRUE
"atom",377,"unequal_control","en_US.UTF-8",FALSE,FALSE,FALSE,FALSE
"atom",378,"forward_equal","en_US.UTF-8",TRUE,FALSE,TRUE,TRUE
"atom",378,"reverse_equal","en_US.UTF-8",TRUE,FALSE,TRUE,TRUE
"atom",378,"reflexivity","en_US.UTF-8",TRUE,TRUE,TRUE,TRUE
"atom",378,"unequal_control","en_US.UTF-8",FALSE,FALSE,FALSE,FALSE
"atom",379,"forward_equal","en_US.UTF-8",TRUE,TRUE,TRUE,TRUE
"atom",379,"reverse_equal","en_US.UTF-8",TRUE,TRUE,TRUE,TRUE
"atom",379,"reflexivity","en_US.UTF-8",TRUE,TRUE,TRUE,TRUE
"atom",379,"unequal_control","en_US.UTF-8",FALSE,FALSE,FALSE,FALSE
"atom",380,"forward_equal","en_US.UTF-8",TRUE,TRUE,TRUE,TRUE
"atom",380,"reverse_equal","en_US.UTF-8",TRUE,TRUE,TRUE,TRUE
"atom",380,"reflexivity","en_US.UTF-8",TRUE,TRUE,TRUE,TRUE
"atom",380,"unequal_control","en_US.UTF-8",FALSE,FALSE,FALSE,FALSE
"atom",381,"forward_equal","en_US.UTF-8",TRUE,FALSE,TRUE,TRUE
"atom",381,"reverse_equal","en_US.UTF-8",TRUE,FALSE,TRUE,TRUE
"atom",381,"reflexivity","en_US.UTF-8",TRUE,TRUE,TRUE,TRUE
"atom",381,"unequal_control","en_US.UTF-8",FALSE,FALSE,FALSE,FALSE
"atom",382,"forward_equal","en_US.UTF-8",TRUE,FALSE,TRUE,TRUE
"atom",382,"reverse_equal","en_US.UTF-8",TRUE,FALSE,TRUE,TRUE
"atom",382,"reflexivity","en_US.UTF-8",TRUE,TRUE,TRUE,TRUE
"atom",382,"unequal_control","en_US.UTF-8",FALSE,FALSE,FALSE,FALSE
"atom",383,"forward_equal","en_US.UTF-8",TRUE,TRUE,TRUE,TRUE
"atom",383,"reverse_equal","en_US.UTF-8",TRUE,TRUE,TRUE,TRUE
"atom",383,"reflexivity","en_US.UTF-8",TRUE,TRUE,TRUE,TRUE
"atom",383,"unequal_control","en_US.UTF-8",FALSE,FALSE,FALSE,FALSE
"atom",384,"forward_equal","en_US.UTF-8",TRUE,FALSE,TRUE,TRUE
"atom",384,"reverse_equal","en_US.UTF-8",TRUE,FALSE,TRUE,TRUE
"atom",384,"reflexivity","en_US.UTF-8",TRUE,TRUE,TRUE,TRUE
"atom",384,"unequal_control","en_US.UTF-8",FALSE,FALSE,FALSE,FALSE
"atom",385,"forward_equal","en_US.UTF-8",TRUE,TRUE,TRUE,TRUE
"atom",385,"reverse_equal","en_US.UTF-8",TRUE,TRUE,TRUE,TRUE
"atom",385,"reflexivity","en_US.UTF-8",TRUE,TRUE,TRUE,TRUE
"atom",385,"unequal_control","en_US.UTF-8",FALSE,FALSE,FALSE,FALSE
"atom",386,"forward_equal","en_US.UTF-8",TRUE,TRUE,TRUE,TRUE
"atom",386,"reverse_equal","en_US.UTF-8",TRUE,TRUE,TRUE,TRUE
"atom",386,"reflexivity","en_US.UTF-8",TRUE,TRUE,TRUE,TRUE
"atom",386,"unequal_control","en_US.UTF-8",FALSE,FALSE,FALSE,FALSE
"atom",387,"forward_equal","en_US.UTF-8",TRUE,TRUE,TRUE,TRUE
"atom",387,"reverse_equal","en_US.UTF-8",TRUE,TRUE,TRUE,TRUE
"atom",387,"reflexivity","en_US.UTF-8",TRUE,TRUE,TRUE,TRUE
"atom",387,"unequal_control","en_US.UTF-8",FALSE,FALSE,FALSE,FALSE
"atom",388,"forward_equal","en_US.UTF-8",TRUE,TRUE,TRUE,TRUE
"atom",388,"reverse_equal","en_US.UTF-8",TRUE,TRUE,TRUE,TRUE
"atom",388,"reflexivity","en_US.UTF-8",TRUE,TRUE,TRUE,TRUE
"atom",388,"unequal_control","en_US.UTF-8",FALSE,FALSE,FALSE,FALSE
"atom",389,"forward_equal","en_US.UTF-8",TRUE,TRUE,TRUE,TRUE
"atom",389,"reverse_equal","en_US.UTF-8",TRUE,TRUE,TRUE,TRUE
"atom",389,"reflexivity","en_US.UTF-8",TRUE,TRUE,TRUE,TRUE
"atom",389,"unequal_control","en_US.UTF-8",FALSE,FALSE,FALSE,FALSE
"atom",390,"forward_equal","en_US.UTF-8",TRUE,TRUE,TRUE,TRUE
"atom",390,"reverse_equal","en_US.UTF-8",TRUE,TRUE,TRUE,TRUE
"atom",390,"reflexivity","en_US.UTF-8",TRUE,TRUE,TRUE,TRUE
"atom",390,"unequal_control","en_US.UTF-8",FALSE,FALSE,FALSE,FALSE
"atom",391,"forward_equal","en_US.UTF-8",TRUE,FALSE,TRUE,TRUE
"atom",391,"reverse_equal","en_US.UTF-8",TRUE,FALSE,TRUE,TRUE
"atom",391,"reflexivity","en_US.UTF-8",TRUE,TRUE,TRUE,TRUE
"atom",391,"unequal_control","en_US.UTF-8",FALSE,FALSE,FALSE,FALSE
"atom",392,"forward_equal","en_US.UTF-8",TRUE,FALSE,TRUE,TRUE
"atom",392,"reverse_equal","en_US.UTF-8",TRUE,FALSE,TRUE,TRUE
"atom",392,"reflexivity","en_US.UTF-8",TRUE,TRUE,TRUE,TRUE
"atom",392,"unequal_control","en_US.UTF-8",FALSE,FALSE,FALSE,FALSE
"atom",393,"forward_equal","en_US.UTF-8",TRUE,FALSE,TRUE,TRUE
"atom",393,"reverse_equal","en_US.UTF-8",TRUE,FALSE,TRUE,TRUE
"atom",393,"reflexivity","en_US.UTF-8",TRUE,TRUE,TRUE,TRUE
"atom",393,"unequal_control","en_US.UTF-8",FALSE,FALSE,FALSE,FALSE
"atom",394,"forward_equal","en_US.UTF-8",TRUE,FALSE,TRUE,TRUE
"atom",394,"reverse_equal","en_US.UTF-8",TRUE,FALSE,TRUE,TRUE
"atom",394,"reflexivity","en_US.UTF-8",TRUE,TRUE,TRUE,TRUE
"atom",394,"unequal_control","en_US.UTF-8",FALSE,FALSE,FALSE,FALSE
"atom",395,"forward_equal","en_US.UTF-8",TRUE,FALSE,TRUE,TRUE
"atom",395,"reverse_equal","en_US.UTF-8",TRUE,FALSE,TRUE,TRUE
"atom",395,"reflexivity","en_US.UTF-8",TRUE,TRUE,TRUE,TRUE
"atom",395,"unequal_control","en_US.UTF-8",FALSE,FALSE,FALSE,FALSE
"atom",396,"forward_equal","en_US.UTF-8",TRUE,FALSE,TRUE,TRUE
"atom",396,"reverse_equal","en_US.UTF-8",TRUE,FALSE,TRUE,TRUE
"atom",396,"reflexivity","en_US.UTF-8",TRUE,TRUE,TRUE,TRUE
"atom",396,"unequal_control","en_US.UTF-8",FALSE,FALSE,FALSE,FALSE
"atom",397,"forward_equal","en_US.UTF-8",TRUE,TRUE,TRUE,TRUE
"atom",397,"reverse_equal","en_US.UTF-8",TRUE,TRUE,TRUE,TRUE
"atom",397,"reflexivity","en_US.UTF-8",TRUE,TRUE,TRUE,TRUE
"atom",397,"unequal_control","en_US.UTF-8",FALSE,FALSE,FALSE,FALSE
"atom",398,"forward_equal","en_US.UTF-8",TRUE,TRUE,TRUE,TRUE
"atom",398,"reverse_equal","en_US.UTF-8",TRUE,TRUE,TRUE,TRUE
"atom",398,"reflexivity","en_US.UTF-8",TRUE,TRUE,TRUE,TRUE
"atom",398,"unequal_control","en_US.UTF-8",FALSE,FALSE,FALSE,FALSE
"atom",399,"forward_equal","en_US.UTF-8",TRUE,FALSE,TRUE,TRUE
"atom",399,"reverse_equal","en_US.UTF-8",TRUE,FALSE,TRUE,TRUE
"atom",399,"reflexivity","en_US.UTF-8",TRUE,TRUE,TRUE,TRUE
"atom",399,"unequal_control","en_US.UTF-8",FALSE,FALSE,FALSE,FALSE
"atom",400,"forward_equal","en_US.UTF-8",TRUE,FALSE,TRUE,TRUE
"atom",400,"reverse_equal","en_US.UTF-8",TRUE,FALSE,TRUE,TRUE
"atom",400,"reflexivity","en_US.UTF-8",TRUE,TRUE,TRUE,TRUE
"atom",400,"unequal_control","en_US.UTF-8",FALSE,FALSE,FALSE,FALSE
"atom",401,"forward_equal","en_US.UTF-8",TRUE,TRUE,TRUE,TRUE
"atom",401,"reverse_equal","en_US.UTF-8",TRUE,TRUE,TRUE,TRUE
"atom",401,"reflexivity","en_US.UTF-8",TRUE,TRUE,TRUE,TRUE
"atom",401,"unequal_control","en_US.UTF-8",FALSE,FALSE,FALSE,FALSE
"atom",402,"forward_equal","en_US.UTF-8",TRUE,FALSE,TRUE,TRUE
"atom",402,"reverse_equal","en_US.UTF-8",TRUE,FALSE,TRUE,TRUE
"atom",402,"reflexivity","en_US.UTF-8",TRUE,TRUE,TRUE,TRUE
"atom",402,"unequal_control","en_US.UTF-8",FALSE,FALSE,FALSE,FALSE
"atom",403,"forward_equal","en_US.UTF-8",TRUE,TRUE,TRUE,TRUE
"atom",403,"reverse_equal","en_US.UTF-8",TRUE,TRUE,TRUE,TRUE
"atom",403,"reflexivity","en_US.UTF-8",TRUE,TRUE,TRUE,TRUE
"atom",403,"unequal_control","en_US.UTF-8",FALSE,FALSE,FALSE,FALSE
"atom",404,"forward_equal","en_US.UTF-8",TRUE,TRUE,TRUE,TRUE
"atom",404,"reverse_equal","en_US.UTF-8",TRUE,TRUE,TRUE,TRUE
"atom",404,"reflexivity","en_US.UTF-8",TRUE,TRUE,TRUE,TRUE
"atom",404,"unequal_control","en_US.UTF-8",FALSE,FALSE,FALSE,FALSE
"atom",405,"forward_equal","en_US.UTF-8",TRUE,FALSE,TRUE,TRUE
"atom",405,"reverse_equal","en_US.UTF-8",TRUE,FALSE,TRUE,TRUE
"atom",405,"reflexivity","en_US.UTF-8",TRUE,TRUE,TRUE,TRUE
"atom",405,"unequal_control","en_US.UTF-8",FALSE,FALSE,FALSE,FALSE
"atom",406,"forward_equal","en_US.UTF-8",TRUE,FALSE,TRUE,TRUE
"atom",406,"reverse_equal","en_US.UTF-8",TRUE,FALSE,TRUE,TRUE
"atom",406,"reflexivity","en_US.UTF-8",TRUE,TRUE,TRUE,TRUE
"atom",406,"unequal_control","en_US.UTF-8",FALSE,FALSE,FALSE,FALSE
"atom",407,"forward_equal","en_US.UTF-8",TRUE,TRUE,TRUE,TRUE
"atom",407,"reverse_equal","en_US.UTF-8",TRUE,TRUE,TRUE,TRUE
"atom",407,"reflexivity","en_US.UTF-8",TRUE,TRUE,TRUE,TRUE
"atom",407,"unequal_control","en_US.UTF-8",FALSE,FALSE,FALSE,FALSE
"atom",408,"forward_equal","en_US.UTF-8",TRUE,FALSE,TRUE,TRUE
"atom",408,"reverse_equal","en_US.UTF-8",TRUE,FALSE,TRUE,TRUE
"atom",408,"reflexivity","en_US.UTF-8",TRUE,TRUE,TRUE,TRUE
"atom",408,"unequal_control","en_US.UTF-8",FALSE,FALSE,FALSE,FALSE
"atom",409,"forward_equal","en_US.UTF-8",TRUE,TRUE,TRUE,TRUE
"atom",409,"reverse_equal","en_US.UTF-8",TRUE,TRUE,TRUE,TRUE
"atom",409,"reflexivity","en_US.UTF-8",TRUE,TRUE,TRUE,TRUE
"atom",409,"unequal_control","en_US.UTF-8",FALSE,FALSE,FALSE,FALSE
"atom",410,"forward_equal","en_US.UTF-8",TRUE,TRUE,TRUE,TRUE
"atom",410,"reverse_equal","en_US.UTF-8",TRUE,TRUE,TRUE,TRUE
"atom",410,"reflexivity","en_US.UTF-8",TRUE,TRUE,TRUE,TRUE
"atom",410,"unequal_control","en_US.UTF-8",FALSE,FALSE,FALSE,FALSE
"atom",411,"forward_equal","en_US.UTF-8",TRUE,TRUE,TRUE,TRUE
"atom",411,"reverse_equal","en_US.UTF-8",TRUE,TRUE,TRUE,TRUE
"atom",411,"reflexivity","en_US.UTF-8",TRUE,TRUE,TRUE,TRUE
"atom",411,"unequal_control","en_US.UTF-8",FALSE,FALSE,FALSE,FALSE
"atom",412,"forward_equal","en_US.UTF-8",TRUE,TRUE,TRUE,TRUE
"atom",412,"reverse_equal","en_US.UTF-8",TRUE,TRUE,TRUE,TRUE
"atom",412,"reflexivity","en_US.UTF-8",TRUE,TRUE,TRUE,TRUE
"atom",412,"unequal_control","en_US.UTF-8",FALSE,FALSE,FALSE,FALSE
"atom",413,"forward_equal","en_US.UTF-8",TRUE,TRUE,TRUE,TRUE
"atom",413,"reverse_equal","en_US.UTF-8",TRUE,TRUE,TRUE,TRUE
"atom",413,"reflexivity","en_US.UTF-8",TRUE,TRUE,TRUE,TRUE
"atom",413,"unequal_control","en_US.UTF-8",FALSE,FALSE,FALSE,FALSE
"atom",414,"forward_equal","en_US.UTF-8",TRUE,TRUE,TRUE,TRUE
"atom",414,"reverse_equal","en_US.UTF-8",TRUE,TRUE,TRUE,TRUE
"atom",414,"reflexivity","en_US.UTF-8",TRUE,TRUE,TRUE,TRUE
"atom",414,"unequal_control","en_US.UTF-8",FALSE,FALSE,FALSE,FALSE
"atom",415,"forward_equal","en_US.UTF-8",TRUE,FALSE,TRUE,TRUE
"atom",415,"reverse_equal","en_US.UTF-8",TRUE,FALSE,TRUE,TRUE
"atom",415,"reflexivity","en_US.UTF-8",TRUE,TRUE,TRUE,TRUE
"atom",415,"unequal_control","en_US.UTF-8",FALSE,FALSE,FALSE,FALSE
"atom",416,"forward_equal","en_US.UTF-8",TRUE,FALSE,TRUE,TRUE
"atom",416,"reverse_equal","en_US.UTF-8",TRUE,FALSE,TRUE,TRUE
"atom",416,"reflexivity","en_US.UTF-8",TRUE,TRUE,TRUE,TRUE
"atom",416,"unequal_control","en_US.UTF-8",FALSE,FALSE,FALSE,FALSE
"atom",417,"forward_equal","en_US.UTF-8",TRUE,FALSE,TRUE,TRUE
"atom",417,"reverse_equal","en_US.UTF-8",TRUE,FALSE,TRUE,TRUE
"atom",417,"reflexivity","en_US.UTF-8",TRUE,TRUE,TRUE,TRUE
"atom",417,"unequal_control","en_US.UTF-8",FALSE,FALSE,FALSE,FALSE
"atom",418,"forward_equal","en_US.UTF-8",TRUE,FALSE,TRUE,TRUE
"atom",418,"reverse_equal","en_US.UTF-8",TRUE,FALSE,TRUE,TRUE
"atom",418,"reflexivity","en_US.UTF-8",TRUE,TRUE,TRUE,TRUE
"atom",418,"unequal_control","en_US.UTF-8",FALSE,FALSE,FALSE,FALSE
"atom",419,"forward_equal","en_US.UTF-8",TRUE,FALSE,TRUE,TRUE
"atom",419,"reverse_equal","en_US.UTF-8",TRUE,FALSE,TRUE,TRUE
"atom",419,"reflexivity","en_US.UTF-8",TRUE,TRUE,TRUE,TRUE
"atom",419,"unequal_control","en_US.UTF-8",FALSE,FALSE,FALSE,FALSE
"atom",420,"forward_equal","en_US.UTF-8",TRUE,FALSE,TRUE,TRUE
"atom",420,"reverse_equal","en_US.UTF-8",TRUE,FALSE,TRUE,TRUE
"atom",420,"reflexivity","en_US.UTF-8",TRUE,TRUE,TRUE,TRUE
"atom",420,"unequal_control","en_US.UTF-8",FALSE,FALSE,FALSE,FALSE
"atom",421,"forward_equal","en_US.UTF-8",TRUE,TRUE,TRUE,TRUE
"atom",421,"reverse_equal","en_US.UTF-8",TRUE,TRUE,TRUE,TRUE
"atom",421,"reflexivity","en_US.UTF-8",TRUE,TRUE,TRUE,TRUE
"atom",421,"unequal_control","en_US.UTF-8",FALSE,FALSE,FALSE,FALSE
"atom",422,"forward_equal","en_US.UTF-8",TRUE,TRUE,TRUE,TRUE
"atom",422,"reverse_equal","en_US.UTF-8",TRUE,TRUE,TRUE,TRUE
"atom",422,"reflexivity","en_US.UTF-8",TRUE,TRUE,TRUE,TRUE
"atom",422,"unequal_control","en_US.UTF-8",FALSE,FALSE,FALSE,FALSE
"atom",423,"forward_equal","en_US.UTF-8",TRUE,FALSE,TRUE,TRUE
"atom",423,"reverse_equal","en_US.UTF-8",TRUE,FALSE,TRUE,TRUE
"atom",423,"reflexivity","en_US.UTF-8",TRUE,TRUE,TRUE,TRUE
"atom",423,"unequal_control","en_US.UTF-8",FALSE,FALSE,FALSE,FALSE
"atom",424,"forward_equal","en_US.UTF-8",TRUE,FALSE,TRUE,TRUE
"atom",424,"reverse_equal","en_US.UTF-8",TRUE,FALSE,TRUE,TRUE
"atom",424,"reflexivity","en_US.UTF-8",TRUE,TRUE,TRUE,TRUE
"atom",424,"unequal_control","en_US.UTF-8",FALSE,FALSE,FALSE,FALSE
"atom",425,"forward_equal","en_US.UTF-8",TRUE,TRUE,TRUE,TRUE
"atom",425,"reverse_equal","en_US.UTF-8",TRUE,TRUE,TRUE,TRUE
"atom",425,"reflexivity","en_US.UTF-8",TRUE,TRUE,TRUE,TRUE
"atom",425,"unequal_control","en_US.UTF-8",FALSE,FALSE,FALSE,FALSE
"atom",426,"forward_equal","en_US.UTF-8",TRUE,FALSE,TRUE,TRUE
"atom",426,"reverse_equal","en_US.UTF-8",TRUE,FALSE,TRUE,TRUE
"atom",426,"reflexivity","en_US.UTF-8",TRUE,TRUE,TRUE,TRUE
"atom",426,"unequal_control","en_US.UTF-8",FALSE,FALSE,FALSE,FALSE
"atom",427,"forward_equal","en_US.UTF-8",TRUE,TRUE,TRUE,TRUE
"atom",427,"reverse_equal","en_US.UTF-8",TRUE,TRUE,TRUE,TRUE
"atom",427,"reflexivity","en_US.UTF-8",TRUE,TRUE,TRUE,TRUE
"atom",427,"unequal_control","en_US.UTF-8",FALSE,FALSE,FALSE,FALSE
"atom",428,"forward_equal","en_US.UTF-8",TRUE,TRUE,TRUE,TRUE
"atom",428,"reverse_equal","en_US.UTF-8",TRUE,TRUE,TRUE,TRUE
"atom",428,"reflexivity","en_US.UTF-8",TRUE,TRUE,TRUE,TRUE
"atom",428,"unequal_control","en_US.UTF-8",FALSE,FALSE,FALSE,FALSE
"atom",429,"forward_equal","en_US.UTF-8",TRUE,FALSE,TRUE,TRUE
"atom",429,"reverse_equal","en_US.UTF-8",TRUE,FALSE,TRUE,TRUE
"atom",429,"reflexivity","en_US.UTF-8",TRUE,TRUE,TRUE,TRUE
"atom",429,"unequal_control","en_US.UTF-8",FALSE,FALSE,FALSE,FALSE
"atom",430,"forward_equal","en_US.UTF-8",TRUE,FALSE,TRUE,TRUE
"atom",430,"reverse_equal","en_US.UTF-8",TRUE,FALSE,TRUE,TRUE
"atom",430,"reflexivity","en_US.UTF-8",TRUE,TRUE,TRUE,TRUE
"atom",430,"unequal_control","en_US.UTF-8",FALSE,FALSE,FALSE,FALSE
"atom",431,"forward_equal","en_US.UTF-8",TRUE,TRUE,TRUE,TRUE
"atom",431,"reverse_equal","en_US.UTF-8",TRUE,TRUE,TRUE,TRUE
"atom",431,"reflexivity","en_US.UTF-8",TRUE,TRUE,TRUE,TRUE
"atom",431,"unequal_control","en_US.UTF-8",FALSE,FALSE,FALSE,FALSE
"atom",432,"forward_equal","en_US.UTF-8",TRUE,FALSE,TRUE,TRUE
"atom",432,"reverse_equal","en_US.UTF-8",TRUE,FALSE,TRUE,TRUE
"atom",432,"reflexivity","en_US.UTF-8",TRUE,TRUE,TRUE,TRUE
"atom",432,"unequal_control","en_US.UTF-8",FALSE,FALSE,FALSE,FALSE
"clause",1,"forward_equal","en_US.UTF-8",TRUE,TRUE,TRUE,TRUE
"clause",1,"reverse_equal","en_US.UTF-8",TRUE,TRUE,TRUE,TRUE
"clause",1,"reflexivity","en_US.UTF-8",TRUE,TRUE,TRUE,TRUE
"clause",1,"unequal_control","en_US.UTF-8",FALSE,FALSE,FALSE,FALSE
"clause",2,"forward_equal","en_US.UTF-8",TRUE,FALSE,TRUE,TRUE
"clause",2,"reverse_equal","en_US.UTF-8",TRUE,FALSE,TRUE,TRUE
"clause",2,"reflexivity","en_US.UTF-8",TRUE,TRUE,TRUE,TRUE
"clause",2,"unequal_control","en_US.UTF-8",FALSE,FALSE,FALSE,FALSE
"clause",3,"forward_equal","en_US.UTF-8",TRUE,TRUE,TRUE,TRUE
"clause",3,"reverse_equal","en_US.UTF-8",TRUE,TRUE,TRUE,TRUE
"clause",3,"reflexivity","en_US.UTF-8",TRUE,TRUE,TRUE,TRUE
"clause",3,"unequal_control","en_US.UTF-8",FALSE,FALSE,FALSE,FALSE
"clause",4,"forward_equal","en_US.UTF-8",TRUE,FALSE,TRUE,TRUE
"clause",4,"reverse_equal","en_US.UTF-8",TRUE,FALSE,TRUE,TRUE
"clause",4,"reflexivity","en_US.UTF-8",TRUE,TRUE,TRUE,TRUE
"clause",4,"unequal_control","en_US.UTF-8",FALSE,FALSE,FALSE,FALSE
"clause",5,"forward_equal","en_US.UTF-8",TRUE,FALSE,TRUE,TRUE
"clause",5,"reverse_equal","en_US.UTF-8",TRUE,FALSE,TRUE,TRUE
"clause",5,"reflexivity","en_US.UTF-8",TRUE,TRUE,TRUE,TRUE
"clause",5,"unequal_control","en_US.UTF-8",FALSE,FALSE,FALSE,FALSE
"clause",6,"forward_equal","en_US.UTF-8",TRUE,FALSE,TRUE,TRUE
"clause",6,"reverse_equal","en_US.UTF-8",TRUE,FALSE,TRUE,TRUE
"clause",6,"reflexivity","en_US.UTF-8",TRUE,TRUE,TRUE,TRUE
"clause",6,"unequal_control","en_US.UTF-8",FALSE,FALSE,FALSE,FALSE
"clause",7,"forward_equal","en_US.UTF-8",TRUE,FALSE,TRUE,TRUE
"clause",7,"reverse_equal","en_US.UTF-8",TRUE,FALSE,TRUE,TRUE
"clause",7,"reflexivity","en_US.UTF-8",TRUE,TRUE,TRUE,TRUE
"clause",7,"unequal_control","en_US.UTF-8",FALSE,FALSE,FALSE,FALSE
"clause",8,"forward_equal","en_US.UTF-8",TRUE,FALSE,TRUE,TRUE
"clause",8,"reverse_equal","en_US.UTF-8",TRUE,FALSE,TRUE,TRUE
"clause",8,"reflexivity","en_US.UTF-8",TRUE,TRUE,TRUE,TRUE
"clause",8,"unequal_control","en_US.UTF-8",FALSE,FALSE,FALSE,FALSE
"clause",9,"forward_equal","en_US.UTF-8",TRUE,TRUE,TRUE,TRUE
"clause",9,"reverse_equal","en_US.UTF-8",TRUE,TRUE,TRUE,TRUE
"clause",9,"reflexivity","en_US.UTF-8",TRUE,TRUE,TRUE,TRUE
"clause",9,"unequal_control","en_US.UTF-8",FALSE,FALSE,FALSE,FALSE
"clause",10,"forward_equal","en_US.UTF-8",TRUE,FALSE,TRUE,TRUE
"clause",10,"reverse_equal","en_US.UTF-8",TRUE,FALSE,TRUE,TRUE
"clause",10,"reflexivity","en_US.UTF-8",TRUE,TRUE,TRUE,TRUE
"clause",10,"unequal_control","en_US.UTF-8",FALSE,FALSE,FALSE,FALSE
"clause",11,"forward_equal","en_US.UTF-8",TRUE,FALSE,TRUE,TRUE
"clause",11,"reverse_equal","en_US.UTF-8",TRUE,FALSE,TRUE,TRUE
"clause",11,"reflexivity","en_US.UTF-8",TRUE,TRUE,TRUE,TRUE
"clause",11,"unequal_control","en_US.UTF-8",FALSE,FALSE,FALSE,FALSE
"clause",12,"forward_equal","en_US.UTF-8",TRUE,FALSE,TRUE,TRUE
"clause",12,"reverse_equal","en_US.UTF-8",TRUE,FALSE,TRUE,TRUE
"clause",12,"reflexivity","en_US.UTF-8",TRUE,TRUE,TRUE,TRUE
"clause",12,"unequal_control","en_US.UTF-8",FALSE,FALSE,FALSE,FALSE
"clause",13,"forward_equal","en_US.UTF-8",TRUE,TRUE,TRUE,TRUE
"clause",13,"reverse_equal","en_US.UTF-8",TRUE,TRUE,TRUE,TRUE
"clause",13,"reflexivity","en_US.UTF-8",TRUE,TRUE,TRUE,TRUE
"clause",13,"unequal_control","en_US.UTF-8",FALSE,FALSE,FALSE,FALSE
"clause",14,"forward_equal","en_US.UTF-8",TRUE,FALSE,TRUE,TRUE
"clause",14,"reverse_equal","en_US.UTF-8",TRUE,FALSE,TRUE,TRUE
"clause",14,"reflexivity","en_US.UTF-8",TRUE,TRUE,TRUE,TRUE
"clause",14,"unequal_control","en_US.UTF-8",FALSE,FALSE,FALSE,FALSE
"clause",15,"forward_equal","en_US.UTF-8",TRUE,TRUE,TRUE,TRUE
"clause",15,"reverse_equal","en_US.UTF-8",TRUE,TRUE,TRUE,TRUE
"clause",15,"reflexivity","en_US.UTF-8",TRUE,TRUE,TRUE,TRUE
"clause",15,"unequal_control","en_US.UTF-8",FALSE,FALSE,FALSE,FALSE
"clause",16,"forward_equal","en_US.UTF-8",TRUE,FALSE,TRUE,TRUE
"clause",16,"reverse_equal","en_US.UTF-8",TRUE,FALSE,TRUE,TRUE
"clause",16,"reflexivity","en_US.UTF-8",TRUE,TRUE,TRUE,TRUE
"clause",16,"unequal_control","en_US.UTF-8",FALSE,FALSE,FALSE,FALSE
"clause",17,"forward_equal","en_US.UTF-8",TRUE,FALSE,TRUE,TRUE
"clause",17,"reverse_equal","en_US.UTF-8",TRUE,FALSE,TRUE,TRUE
"clause",17,"reflexivity","en_US.UTF-8",TRUE,TRUE,TRUE,TRUE
"clause",17,"unequal_control","en_US.UTF-8",FALSE,FALSE,FALSE,FALSE
"clause",18,"forward_equal","en_US.UTF-8",TRUE,FALSE,TRUE,TRUE
"clause",18,"reverse_equal","en_US.UTF-8",TRUE,FALSE,TRUE,TRUE
"clause",18,"reflexivity","en_US.UTF-8",TRUE,TRUE,TRUE,TRUE
"clause",18,"unequal_control","en_US.UTF-8",FALSE,FALSE,FALSE,FALSE
"clause",19,"forward_equal","en_US.UTF-8",TRUE,FALSE,TRUE,TRUE
"clause",19,"reverse_equal","en_US.UTF-8",TRUE,FALSE,TRUE,TRUE
"clause",19,"reflexivity","en_US.UTF-8",TRUE,TRUE,TRUE,TRUE
"clause",19,"unequal_control","en_US.UTF-8",FALSE,FALSE,FALSE,FALSE
"clause",20,"forward_equal","en_US.UTF-8",TRUE,FALSE,TRUE,TRUE
"clause",20,"reverse_equal","en_US.UTF-8",TRUE,FALSE,TRUE,TRUE
"clause",20,"reflexivity","en_US.UTF-8",TRUE,TRUE,TRUE,TRUE
"clause",20,"unequal_control","en_US.UTF-8",FALSE,FALSE,FALSE,FALSE
"clause",21,"forward_equal","en_US.UTF-8",TRUE,TRUE,TRUE,TRUE
"clause",21,"reverse_equal","en_US.UTF-8",TRUE,TRUE,TRUE,TRUE
"clause",21,"reflexivity","en_US.UTF-8",TRUE,TRUE,TRUE,TRUE
"clause",21,"unequal_control","en_US.UTF-8",FALSE,FALSE,FALSE,FALSE
"clause",22,"forward_equal","en_US.UTF-8",TRUE,FALSE,TRUE,TRUE
"clause",22,"reverse_equal","en_US.UTF-8",TRUE,FALSE,TRUE,TRUE
"clause",22,"reflexivity","en_US.UTF-8",TRUE,TRUE,TRUE,TRUE
"clause",22,"unequal_control","en_US.UTF-8",FALSE,FALSE,FALSE,FALSE
"clause",23,"forward_equal","en_US.UTF-8",TRUE,FALSE,TRUE,TRUE
"clause",23,"reverse_equal","en_US.UTF-8",TRUE,FALSE,TRUE,TRUE
"clause",23,"reflexivity","en_US.UTF-8",TRUE,TRUE,TRUE,TRUE
"clause",23,"unequal_control","en_US.UTF-8",FALSE,FALSE,FALSE,FALSE
"clause",24,"forward_equal","en_US.UTF-8",TRUE,FALSE,TRUE,TRUE
"clause",24,"reverse_equal","en_US.UTF-8",TRUE,FALSE,TRUE,TRUE
"clause",24,"reflexivity","en_US.UTF-8",TRUE,TRUE,TRUE,TRUE
"clause",24,"unequal_control","en_US.UTF-8",FALSE,FALSE,FALSE,FALSE
"clause",25,"forward_equal","en_US.UTF-8",TRUE,TRUE,TRUE,TRUE
"clause",25,"reverse_equal","en_US.UTF-8",TRUE,TRUE,TRUE,TRUE
"clause",25,"reflexivity","en_US.UTF-8",TRUE,TRUE,TRUE,TRUE
"clause",25,"unequal_control","en_US.UTF-8",FALSE,FALSE,FALSE,FALSE
"clause",26,"forward_equal","en_US.UTF-8",TRUE,FALSE,TRUE,TRUE
"clause",26,"reverse_equal","en_US.UTF-8",TRUE,FALSE,TRUE,TRUE
"clause",26,"reflexivity","en_US.UTF-8",TRUE,TRUE,TRUE,TRUE
"clause",26,"unequal_control","en_US.UTF-8",FALSE,FALSE,FALSE,FALSE
"clause",27,"forward_equal","en_US.UTF-8",TRUE,TRUE,TRUE,TRUE
"clause",27,"reverse_equal","en_US.UTF-8",TRUE,TRUE,TRUE,TRUE
"clause",27,"reflexivity","en_US.UTF-8",TRUE,TRUE,TRUE,TRUE
"clause",27,"unequal_control","en_US.UTF-8",FALSE,FALSE,FALSE,FALSE
"clause",28,"forward_equal","en_US.UTF-8",TRUE,FALSE,TRUE,TRUE
"clause",28,"reverse_equal","en_US.UTF-8",TRUE,FALSE,TRUE,TRUE
"clause",28,"reflexivity","en_US.UTF-8",TRUE,TRUE,TRUE,TRUE
"clause",28,"unequal_control","en_US.UTF-8",FALSE,FALSE,FALSE,FALSE
"clause",29,"forward_equal","en_US.UTF-8",TRUE,FALSE,TRUE,TRUE
"clause",29,"reverse_equal","en_US.UTF-8",TRUE,FALSE,TRUE,TRUE
"clause",29,"reflexivity","en_US.UTF-8",TRUE,TRUE,TRUE,TRUE
"clause",29,"unequal_control","en_US.UTF-8",FALSE,FALSE,FALSE,FALSE
"clause",30,"forward_equal","en_US.UTF-8",TRUE,FALSE,TRUE,TRUE
"clause",30,"reverse_equal","en_US.UTF-8",TRUE,FALSE,TRUE,TRUE
"clause",30,"reflexivity","en_US.UTF-8",TRUE,TRUE,TRUE,TRUE
"clause",30,"unequal_control","en_US.UTF-8",FALSE,FALSE,FALSE,FALSE
"clause",31,"forward_equal","en_US.UTF-8",TRUE,FALSE,TRUE,TRUE
"clause",31,"reverse_equal","en_US.UTF-8",TRUE,FALSE,TRUE,TRUE
"clause",31,"reflexivity","en_US.UTF-8",TRUE,TRUE,TRUE,TRUE
"clause",31,"unequal_control","en_US.UTF-8",FALSE,FALSE,FALSE,FALSE
"clause",32,"forward_equal","en_US.UTF-8",TRUE,FALSE,TRUE,TRUE
"clause",32,"reverse_equal","en_US.UTF-8",TRUE,FALSE,TRUE,TRUE
"clause",32,"reflexivity","en_US.UTF-8",TRUE,TRUE,TRUE,TRUE
"clause",32,"unequal_control","en_US.UTF-8",FALSE,FALSE,FALSE,FALSE
"clause",33,"forward_equal","en_US.UTF-8",TRUE,TRUE,TRUE,TRUE
"clause",33,"reverse_equal","en_US.UTF-8",TRUE,TRUE,TRUE,TRUE
"clause",33,"reflexivity","en_US.UTF-8",TRUE,TRUE,TRUE,TRUE
"clause",33,"unequal_control","en_US.UTF-8",FALSE,FALSE,FALSE,FALSE
"clause",34,"forward_equal","en_US.UTF-8",TRUE,FALSE,TRUE,TRUE
"clause",34,"reverse_equal","en_US.UTF-8",TRUE,FALSE,TRUE,TRUE
"clause",34,"reflexivity","en_US.UTF-8",TRUE,TRUE,TRUE,TRUE
"clause",34,"unequal_control","en_US.UTF-8",FALSE,FALSE,FALSE,FALSE
"clause",35,"forward_equal","en_US.UTF-8",TRUE,FALSE,TRUE,TRUE
"clause",35,"reverse_equal","en_US.UTF-8",TRUE,FALSE,TRUE,TRUE
"clause",35,"reflexivity","en_US.UTF-8",TRUE,TRUE,TRUE,TRUE
"clause",35,"unequal_control","en_US.UTF-8",FALSE,FALSE,FALSE,FALSE
"clause",36,"forward_equal","en_US.UTF-8",TRUE,FALSE,TRUE,TRUE
"clause",36,"reverse_equal","en_US.UTF-8",TRUE,FALSE,TRUE,TRUE
"clause",36,"reflexivity","en_US.UTF-8",TRUE,TRUE,TRUE,TRUE
"clause",36,"unequal_control","en_US.UTF-8",FALSE,FALSE,FALSE,FALSE
"clause",37,"forward_equal","en_US.UTF-8",TRUE,TRUE,TRUE,TRUE
"clause",37,"reverse_equal","en_US.UTF-8",TRUE,TRUE,TRUE,TRUE
"clause",37,"reflexivity","en_US.UTF-8",TRUE,TRUE,TRUE,TRUE
"clause",37,"unequal_control","en_US.UTF-8",FALSE,FALSE,FALSE,FALSE
"clause",38,"forward_equal","en_US.UTF-8",TRUE,FALSE,TRUE,TRUE
"clause",38,"reverse_equal","en_US.UTF-8",TRUE,FALSE,TRUE,TRUE
"clause",38,"reflexivity","en_US.UTF-8",TRUE,TRUE,TRUE,TRUE
"clause",38,"unequal_control","en_US.UTF-8",FALSE,FALSE,FALSE,FALSE
"clause",39,"forward_equal","en_US.UTF-8",TRUE,TRUE,TRUE,TRUE
"clause",39,"reverse_equal","en_US.UTF-8",TRUE,TRUE,TRUE,TRUE
"clause",39,"reflexivity","en_US.UTF-8",TRUE,TRUE,TRUE,TRUE
"clause",39,"unequal_control","en_US.UTF-8",FALSE,FALSE,FALSE,FALSE
"clause",40,"forward_equal","en_US.UTF-8",TRUE,FALSE,TRUE,TRUE
"clause",40,"reverse_equal","en_US.UTF-8",TRUE,FALSE,TRUE,TRUE
"clause",40,"reflexivity","en_US.UTF-8",TRUE,TRUE,TRUE,TRUE
"clause",40,"unequal_control","en_US.UTF-8",FALSE,FALSE,FALSE,FALSE
"clause",41,"forward_equal","en_US.UTF-8",TRUE,FALSE,TRUE,TRUE
"clause",41,"reverse_equal","en_US.UTF-8",TRUE,FALSE,TRUE,TRUE
"clause",41,"reflexivity","en_US.UTF-8",TRUE,TRUE,TRUE,TRUE
"clause",41,"unequal_control","en_US.UTF-8",FALSE,FALSE,FALSE,FALSE
"clause",42,"forward_equal","en_US.UTF-8",TRUE,FALSE,TRUE,TRUE
"clause",42,"reverse_equal","en_US.UTF-8",TRUE,FALSE,TRUE,TRUE
"clause",42,"reflexivity","en_US.UTF-8",TRUE,TRUE,TRUE,TRUE
"clause",42,"unequal_control","en_US.UTF-8",FALSE,FALSE,FALSE,FALSE
"clause",43,"forward_equal","en_US.UTF-8",TRUE,FALSE,TRUE,TRUE
"clause",43,"reverse_equal","en_US.UTF-8",TRUE,FALSE,TRUE,TRUE
"clause",43,"reflexivity","en_US.UTF-8",TRUE,TRUE,TRUE,TRUE
"clause",43,"unequal_control","en_US.UTF-8",FALSE,FALSE,FALSE,FALSE
"clause",44,"forward_equal","en_US.UTF-8",TRUE,FALSE,TRUE,TRUE
"clause",44,"reverse_equal","en_US.UTF-8",TRUE,FALSE,TRUE,TRUE
"clause",44,"reflexivity","en_US.UTF-8",TRUE,TRUE,TRUE,TRUE
"clause",44,"unequal_control","en_US.UTF-8",FALSE,FALSE,FALSE,FALSE
"clause",45,"forward_equal","en_US.UTF-8",TRUE,TRUE,TRUE,TRUE
"clause",45,"reverse_equal","en_US.UTF-8",TRUE,TRUE,TRUE,TRUE
"clause",45,"reflexivity","en_US.UTF-8",TRUE,TRUE,TRUE,TRUE
"clause",45,"unequal_control","en_US.UTF-8",FALSE,FALSE,FALSE,FALSE
"clause",46,"forward_equal","en_US.UTF-8",TRUE,FALSE,TRUE,TRUE
"clause",46,"reverse_equal","en_US.UTF-8",TRUE,FALSE,TRUE,TRUE
"clause",46,"reflexivity","en_US.UTF-8",TRUE,TRUE,TRUE,TRUE
"clause",46,"unequal_control","en_US.UTF-8",FALSE,FALSE,FALSE,FALSE
"clause",47,"forward_equal","en_US.UTF-8",TRUE,FALSE,TRUE,TRUE
"clause",47,"reverse_equal","en_US.UTF-8",TRUE,FALSE,TRUE,TRUE
"clause",47,"reflexivity","en_US.UTF-8",TRUE,TRUE,TRUE,TRUE
"clause",47,"unequal_control","en_US.UTF-8",FALSE,FALSE,FALSE,FALSE
"clause",48,"forward_equal","en_US.UTF-8",TRUE,FALSE,TRUE,TRUE
"clause",48,"reverse_equal","en_US.UTF-8",TRUE,FALSE,TRUE,TRUE
"clause",48,"reflexivity","en_US.UTF-8",TRUE,TRUE,TRUE,TRUE
"clause",48,"unequal_control","en_US.UTF-8",FALSE,FALSE,FALSE,FALSE
"clause",49,"forward_equal","en_US.UTF-8",TRUE,TRUE,TRUE,TRUE
"clause",49,"reverse_equal","en_US.UTF-8",TRUE,TRUE,TRUE,TRUE
"clause",49,"reflexivity","en_US.UTF-8",TRUE,TRUE,TRUE,TRUE
"clause",49,"unequal_control","en_US.UTF-8",FALSE,FALSE,FALSE,FALSE
"clause",50,"forward_equal","en_US.UTF-8",TRUE,FALSE,TRUE,TRUE
"clause",50,"reverse_equal","en_US.UTF-8",TRUE,FALSE,TRUE,TRUE
"clause",50,"reflexivity","en_US.UTF-8",TRUE,TRUE,TRUE,TRUE
"clause",50,"unequal_control","en_US.UTF-8",FALSE,FALSE,FALSE,FALSE
"clause",51,"forward_equal","en_US.UTF-8",TRUE,TRUE,TRUE,TRUE
"clause",51,"reverse_equal","en_US.UTF-8",TRUE,TRUE,TRUE,TRUE
"clause",51,"reflexivity","en_US.UTF-8",TRUE,TRUE,TRUE,TRUE
"clause",51,"unequal_control","en_US.UTF-8",FALSE,FALSE,FALSE,FALSE
"clause",52,"forward_equal","en_US.UTF-8",TRUE,FALSE,TRUE,TRUE
"clause",52,"reverse_equal","en_US.UTF-8",TRUE,FALSE,TRUE,TRUE
"clause",52,"reflexivity","en_US.UTF-8",TRUE,TRUE,TRUE,TRUE
"clause",52,"unequal_control","en_US.UTF-8",FALSE,FALSE,FALSE,FALSE
"clause",53,"forward_equal","en_US.UTF-8",TRUE,FALSE,TRUE,TRUE
"clause",53,"reverse_equal","en_US.UTF-8",TRUE,FALSE,TRUE,TRUE
"clause",53,"reflexivity","en_US.UTF-8",TRUE,TRUE,TRUE,TRUE
"clause",53,"unequal_control","en_US.UTF-8",FALSE,FALSE,FALSE,FALSE
"clause",54,"forward_equal","en_US.UTF-8",TRUE,FALSE,TRUE,TRUE
"clause",54,"reverse_equal","en_US.UTF-8",TRUE,FALSE,TRUE,TRUE
"clause",54,"reflexivity","en_US.UTF-8",TRUE,TRUE,TRUE,TRUE
"clause",54,"unequal_control","en_US.UTF-8",FALSE,FALSE,FALSE,FALSE
"clause",55,"forward_equal","en_US.UTF-8",TRUE,FALSE,TRUE,TRUE
"clause",55,"reverse_equal","en_US.UTF-8",TRUE,FALSE,TRUE,TRUE
"clause",55,"reflexivity","en_US.UTF-8",TRUE,TRUE,TRUE,TRUE
"clause",55,"unequal_control","en_US.UTF-8",FALSE,FALSE,FALSE,FALSE
"clause",56,"forward_equal","en_US.UTF-8",TRUE,FALSE,TRUE,TRUE
"clause",56,"reverse_equal","en_US.UTF-8",TRUE,FALSE,TRUE,TRUE
"clause",56,"reflexivity","en_US.UTF-8",TRUE,TRUE,TRUE,TRUE
"clause",56,"unequal_control","en_US.UTF-8",FALSE,FALSE,FALSE,FALSE
"clause",57,"forward_equal","en_US.UTF-8",TRUE,TRUE,TRUE,TRUE
"clause",57,"reverse_equal","en_US.UTF-8",TRUE,TRUE,TRUE,TRUE
"clause",57,"reflexivity","en_US.UTF-8",TRUE,TRUE,TRUE,TRUE
"clause",57,"unequal_control","en_US.UTF-8",FALSE,FALSE,FALSE,FALSE
"clause",58,"forward_equal","en_US.UTF-8",TRUE,FALSE,TRUE,TRUE
"clause",58,"reverse_equal","en_US.UTF-8",TRUE,FALSE,TRUE,TRUE
"clause",58,"reflexivity","en_US.UTF-8",TRUE,TRUE,TRUE,TRUE
"clause",58,"unequal_control","en_US.UTF-8",FALSE,FALSE,FALSE,FALSE
"clause",59,"forward_equal","en_US.UTF-8",TRUE,FALSE,TRUE,TRUE
"clause",59,"reverse_equal","en_US.UTF-8",TRUE,FALSE,TRUE,TRUE
"clause",59,"reflexivity","en_US.UTF-8",TRUE,TRUE,TRUE,TRUE
"clause",59,"unequal_control","en_US.UTF-8",FALSE,FALSE,FALSE,FALSE
"clause",60,"forward_equal","en_US.UTF-8",TRUE,FALSE,TRUE,TRUE
"clause",60,"reverse_equal","en_US.UTF-8",TRUE,FALSE,TRUE,TRUE
"clause",60,"reflexivity","en_US.UTF-8",TRUE,TRUE,TRUE,TRUE
"clause",60,"unequal_control","en_US.UTF-8",FALSE,FALSE,FALSE,FALSE
"clause",61,"forward_equal","en_US.UTF-8",TRUE,TRUE,TRUE,TRUE
"clause",61,"reverse_equal","en_US.UTF-8",TRUE,TRUE,TRUE,TRUE
"clause",61,"reflexivity","en_US.UTF-8",TRUE,TRUE,TRUE,TRUE
"clause",61,"unequal_control","en_US.UTF-8",FALSE,FALSE,FALSE,FALSE
"clause",62,"forward_equal","en_US.UTF-8",TRUE,FALSE,TRUE,TRUE
"clause",62,"reverse_equal","en_US.UTF-8",TRUE,FALSE,TRUE,TRUE
"clause",62,"reflexivity","en_US.UTF-8",TRUE,TRUE,TRUE,TRUE
"clause",62,"unequal_control","en_US.UTF-8",FALSE,FALSE,FALSE,FALSE
"clause",63,"forward_equal","en_US.UTF-8",TRUE,TRUE,TRUE,TRUE
"clause",63,"reverse_equal","en_US.UTF-8",TRUE,TRUE,TRUE,TRUE
"clause",63,"reflexivity","en_US.UTF-8",TRUE,TRUE,TRUE,TRUE
"clause",63,"unequal_control","en_US.UTF-8",FALSE,FALSE,FALSE,FALSE
"clause",64,"forward_equal","en_US.UTF-8",TRUE,FALSE,TRUE,TRUE
"clause",64,"reverse_equal","en_US.UTF-8",TRUE,FALSE,TRUE,TRUE
"clause",64,"reflexivity","en_US.UTF-8",TRUE,TRUE,TRUE,TRUE
"clause",64,"unequal_control","en_US.UTF-8",FALSE,FALSE,FALSE,FALSE
"clause",65,"forward_equal","en_US.UTF-8",TRUE,FALSE,TRUE,TRUE
"clause",65,"reverse_equal","en_US.UTF-8",TRUE,FALSE,TRUE,TRUE
"clause",65,"reflexivity","en_US.UTF-8",TRUE,TRUE,TRUE,TRUE
"clause",65,"unequal_control","en_US.UTF-8",FALSE,FALSE,FALSE,FALSE
"clause",66,"forward_equal","en_US.UTF-8",TRUE,FALSE,TRUE,TRUE
"clause",66,"reverse_equal","en_US.UTF-8",TRUE,FALSE,TRUE,TRUE
"clause",66,"reflexivity","en_US.UTF-8",TRUE,TRUE,TRUE,TRUE
"clause",66,"unequal_control","en_US.UTF-8",FALSE,FALSE,FALSE,FALSE
"clause",67,"forward_equal","en_US.UTF-8",TRUE,FALSE,TRUE,TRUE
"clause",67,"reverse_equal","en_US.UTF-8",TRUE,FALSE,TRUE,TRUE
"clause",67,"reflexivity","en_US.UTF-8",TRUE,TRUE,TRUE,TRUE
"clause",67,"unequal_control","en_US.UTF-8",FALSE,FALSE,FALSE,FALSE
"clause",68,"forward_equal","en_US.UTF-8",TRUE,FALSE,TRUE,TRUE
"clause",68,"reverse_equal","en_US.UTF-8",TRUE,FALSE,TRUE,TRUE
"clause",68,"reflexivity","en_US.UTF-8",TRUE,TRUE,TRUE,TRUE
"clause",68,"unequal_control","en_US.UTF-8",FALSE,FALSE,FALSE,FALSE
"clause",69,"forward_equal","en_US.UTF-8",TRUE,TRUE,TRUE,TRUE
"clause",69,"reverse_equal","en_US.UTF-8",TRUE,TRUE,TRUE,TRUE
"clause",69,"reflexivity","en_US.UTF-8",TRUE,TRUE,TRUE,TRUE
"clause",69,"unequal_control","en_US.UTF-8",FALSE,FALSE,FALSE,FALSE
"clause",70,"forward_equal","en_US.UTF-8",TRUE,FALSE,TRUE,TRUE
"clause",70,"reverse_equal","en_US.UTF-8",TRUE,FALSE,TRUE,TRUE
"clause",70,"reflexivity","en_US.UTF-8",TRUE,TRUE,TRUE,TRUE
"clause",70,"unequal_control","en_US.UTF-8",FALSE,FALSE,FALSE,FALSE
"clause",71,"forward_equal","en_US.UTF-8",TRUE,FALSE,TRUE,TRUE
"clause",71,"reverse_equal","en_US.UTF-8",TRUE,FALSE,TRUE,TRUE
"clause",71,"reflexivity","en_US.UTF-8",TRUE,TRUE,TRUE,TRUE
"clause",71,"unequal_control","en_US.UTF-8",FALSE,FALSE,FALSE,FALSE
"clause",72,"forward_equal","en_US.UTF-8",TRUE,FALSE,TRUE,TRUE
"clause",72,"reverse_equal","en_US.UTF-8",TRUE,FALSE,TRUE,TRUE
"clause",72,"reflexivity","en_US.UTF-8",TRUE,TRUE,TRUE,TRUE
"clause",72,"unequal_control","en_US.UTF-8",FALSE,FALSE,FALSE,FALSE
"clause",73,"forward_equal","en_US.UTF-8",TRUE,TRUE,TRUE,TRUE
"clause",73,"reverse_equal","en_US.UTF-8",TRUE,TRUE,TRUE,TRUE
"clause",73,"reflexivity","en_US.UTF-8",TRUE,TRUE,TRUE,TRUE
"clause",73,"unequal_control","en_US.UTF-8",FALSE,FALSE,FALSE,FALSE
"clause",74,"forward_equal","en_US.UTF-8",TRUE,FALSE,TRUE,TRUE
"clause",74,"reverse_equal","en_US.UTF-8",TRUE,FALSE,TRUE,TRUE
"clause",74,"reflexivity","en_US.UTF-8",TRUE,TRUE,TRUE,TRUE
"clause",74,"unequal_control","en_US.UTF-8",FALSE,FALSE,FALSE,FALSE
"clause",75,"forward_equal","en_US.UTF-8",TRUE,TRUE,TRUE,TRUE
"clause",75,"reverse_equal","en_US.UTF-8",TRUE,TRUE,TRUE,TRUE
"clause",75,"reflexivity","en_US.UTF-8",TRUE,TRUE,TRUE,TRUE
"clause",75,"unequal_control","en_US.UTF-8",FALSE,FALSE,FALSE,FALSE
"clause",76,"forward_equal","en_US.UTF-8",TRUE,FALSE,TRUE,TRUE
"clause",76,"reverse_equal","en_US.UTF-8",TRUE,FALSE,TRUE,TRUE
"clause",76,"reflexivity","en_US.UTF-8",TRUE,TRUE,TRUE,TRUE
"clause",76,"unequal_control","en_US.UTF-8",FALSE,FALSE,FALSE,FALSE
"clause",77,"forward_equal","en_US.UTF-8",TRUE,FALSE,TRUE,TRUE
"clause",77,"reverse_equal","en_US.UTF-8",TRUE,FALSE,TRUE,TRUE
"clause",77,"reflexivity","en_US.UTF-8",TRUE,TRUE,TRUE,TRUE
"clause",77,"unequal_control","en_US.UTF-8",FALSE,FALSE,FALSE,FALSE
"clause",78,"forward_equal","en_US.UTF-8",TRUE,FALSE,TRUE,TRUE
"clause",78,"reverse_equal","en_US.UTF-8",TRUE,FALSE,TRUE,TRUE
"clause",78,"reflexivity","en_US.UTF-8",TRUE,TRUE,TRUE,TRUE
"clause",78,"unequal_control","en_US.UTF-8",FALSE,FALSE,FALSE,FALSE
"clause",79,"forward_equal","en_US.UTF-8",TRUE,FALSE,TRUE,TRUE
"clause",79,"reverse_equal","en_US.UTF-8",TRUE,FALSE,TRUE,TRUE
"clause",79,"reflexivity","en_US.UTF-8",TRUE,TRUE,TRUE,TRUE
"clause",79,"unequal_control","en_US.UTF-8",FALSE,FALSE,FALSE,FALSE
"clause",80,"forward_equal","en_US.UTF-8",TRUE,FALSE,TRUE,TRUE
"clause",80,"reverse_equal","en_US.UTF-8",TRUE,FALSE,TRUE,TRUE
"clause",80,"reflexivity","en_US.UTF-8",TRUE,TRUE,TRUE,TRUE
"clause",80,"unequal_control","en_US.UTF-8",FALSE,FALSE,FALSE,FALSE
"clause",81,"forward_equal","en_US.UTF-8",TRUE,TRUE,TRUE,TRUE
"clause",81,"reverse_equal","en_US.UTF-8",TRUE,TRUE,TRUE,TRUE
"clause",81,"reflexivity","en_US.UTF-8",TRUE,TRUE,TRUE,TRUE
"clause",81,"unequal_control","en_US.UTF-8",FALSE,FALSE,FALSE,FALSE
"clause",82,"forward_equal","en_US.UTF-8",TRUE,FALSE,TRUE,TRUE
"clause",82,"reverse_equal","en_US.UTF-8",TRUE,FALSE,TRUE,TRUE
"clause",82,"reflexivity","en_US.UTF-8",TRUE,TRUE,TRUE,TRUE
"clause",82,"unequal_control","en_US.UTF-8",FALSE,FALSE,FALSE,FALSE
"clause",83,"forward_equal","en_US.UTF-8",TRUE,FALSE,TRUE,TRUE
"clause",83,"reverse_equal","en_US.UTF-8",TRUE,FALSE,TRUE,TRUE
"clause",83,"reflexivity","en_US.UTF-8",TRUE,TRUE,TRUE,TRUE
"clause",83,"unequal_control","en_US.UTF-8",FALSE,FALSE,FALSE,FALSE
"clause",84,"forward_equal","en_US.UTF-8",TRUE,FALSE,TRUE,TRUE
"clause",84,"reverse_equal","en_US.UTF-8",TRUE,FALSE,TRUE,TRUE
"clause",84,"reflexivity","en_US.UTF-8",TRUE,TRUE,TRUE,TRUE
"clause",84,"unequal_control","en_US.UTF-8",FALSE,FALSE,FALSE,FALSE
"clause",85,"forward_equal","en_US.UTF-8",TRUE,TRUE,TRUE,TRUE
"clause",85,"reverse_equal","en_US.UTF-8",TRUE,TRUE,TRUE,TRUE
"clause",85,"reflexivity","en_US.UTF-8",TRUE,TRUE,TRUE,TRUE
"clause",85,"unequal_control","en_US.UTF-8",FALSE,FALSE,FALSE,FALSE
"clause",86,"forward_equal","en_US.UTF-8",TRUE,FALSE,TRUE,TRUE
"clause",86,"reverse_equal","en_US.UTF-8",TRUE,FALSE,TRUE,TRUE
"clause",86,"reflexivity","en_US.UTF-8",TRUE,TRUE,TRUE,TRUE
"clause",86,"unequal_control","en_US.UTF-8",FALSE,FALSE,FALSE,FALSE
"clause",87,"forward_equal","en_US.UTF-8",TRUE,TRUE,TRUE,TRUE
"clause",87,"reverse_equal","en_US.UTF-8",TRUE,TRUE,TRUE,TRUE
"clause",87,"reflexivity","en_US.UTF-8",TRUE,TRUE,TRUE,TRUE
"clause",87,"unequal_control","en_US.UTF-8",FALSE,FALSE,FALSE,FALSE
"clause",88,"forward_equal","en_US.UTF-8",TRUE,FALSE,TRUE,TRUE
"clause",88,"reverse_equal","en_US.UTF-8",TRUE,FALSE,TRUE,TRUE
"clause",88,"reflexivity","en_US.UTF-8",TRUE,TRUE,TRUE,TRUE
"clause",88,"unequal_control","en_US.UTF-8",FALSE,FALSE,FALSE,FALSE
"clause",89,"forward_equal","en_US.UTF-8",TRUE,FALSE,TRUE,TRUE
"clause",89,"reverse_equal","en_US.UTF-8",TRUE,FALSE,TRUE,TRUE
"clause",89,"reflexivity","en_US.UTF-8",TRUE,TRUE,TRUE,TRUE
"clause",89,"unequal_control","en_US.UTF-8",FALSE,FALSE,FALSE,FALSE
"clause",90,"forward_equal","en_US.UTF-8",TRUE,FALSE,TRUE,TRUE
"clause",90,"reverse_equal","en_US.UTF-8",TRUE,FALSE,TRUE,TRUE
"clause",90,"reflexivity","en_US.UTF-8",TRUE,TRUE,TRUE,TRUE
"clause",90,"unequal_control","en_US.UTF-8",FALSE,FALSE,FALSE,FALSE
"clause",91,"forward_equal","en_US.UTF-8",TRUE,FALSE,TRUE,TRUE
"clause",91,"reverse_equal","en_US.UTF-8",TRUE,FALSE,TRUE,TRUE
"clause",91,"reflexivity","en_US.UTF-8",TRUE,TRUE,TRUE,TRUE
"clause",91,"unequal_control","en_US.UTF-8",FALSE,FALSE,FALSE,FALSE
"clause",92,"forward_equal","en_US.UTF-8",TRUE,FALSE,TRUE,TRUE
"clause",92,"reverse_equal","en_US.UTF-8",TRUE,FALSE,TRUE,TRUE
"clause",92,"reflexivity","en_US.UTF-8",TRUE,TRUE,TRUE,TRUE
"clause",92,"unequal_control","en_US.UTF-8",FALSE,FALSE,FALSE,FALSE
"clause",93,"forward_equal","en_US.UTF-8",TRUE,TRUE,TRUE,TRUE
"clause",93,"reverse_equal","en_US.UTF-8",TRUE,TRUE,TRUE,TRUE
"clause",93,"reflexivity","en_US.UTF-8",TRUE,TRUE,TRUE,TRUE
"clause",93,"unequal_control","en_US.UTF-8",FALSE,FALSE,FALSE,FALSE
"clause",94,"forward_equal","en_US.UTF-8",TRUE,FALSE,TRUE,TRUE
"clause",94,"reverse_equal","en_US.UTF-8",TRUE,FALSE,TRUE,TRUE
"clause",94,"reflexivity","en_US.UTF-8",TRUE,TRUE,TRUE,TRUE
"clause",94,"unequal_control","en_US.UTF-8",FALSE,FALSE,FALSE,FALSE
"clause",95,"forward_equal","en_US.UTF-8",TRUE,FALSE,TRUE,TRUE
"clause",95,"reverse_equal","en_US.UTF-8",TRUE,FALSE,TRUE,TRUE
"clause",95,"reflexivity","en_US.UTF-8",TRUE,TRUE,TRUE,TRUE
"clause",95,"unequal_control","en_US.UTF-8",FALSE,FALSE,FALSE,FALSE
"clause",96,"forward_equal","en_US.UTF-8",TRUE,FALSE,TRUE,TRUE
"clause",96,"reverse_equal","en_US.UTF-8",TRUE,FALSE,TRUE,TRUE
"clause",96,"reflexivity","en_US.UTF-8",TRUE,TRUE,TRUE,TRUE
"clause",96,"unequal_control","en_US.UTF-8",FALSE,FALSE,FALSE,FALSE
"clause",97,"forward_equal","en_US.UTF-8",TRUE,TRUE,TRUE,TRUE
"clause",97,"reverse_equal","en_US.UTF-8",TRUE,TRUE,TRUE,TRUE
"clause",97,"reflexivity","en_US.UTF-8",TRUE,TRUE,TRUE,TRUE
"clause",97,"unequal_control","en_US.UTF-8",FALSE,FALSE,FALSE,FALSE
"clause",98,"forward_equal","en_US.UTF-8",TRUE,FALSE,TRUE,TRUE
"clause",98,"reverse_equal","en_US.UTF-8",TRUE,FALSE,TRUE,TRUE
"clause",98,"reflexivity","en_US.UTF-8",TRUE,TRUE,TRUE,TRUE
"clause",98,"unequal_control","en_US.UTF-8",FALSE,FALSE,FALSE,FALSE
"clause",99,"forward_equal","en_US.UTF-8",TRUE,TRUE,TRUE,TRUE
"clause",99,"reverse_equal","en_US.UTF-8",TRUE,TRUE,TRUE,TRUE
"clause",99,"reflexivity","en_US.UTF-8",TRUE,TRUE,TRUE,TRUE
"clause",99,"unequal_control","en_US.UTF-8",FALSE,FALSE,FALSE,FALSE
"clause",100,"forward_equal","en_US.UTF-8",TRUE,FALSE,TRUE,TRUE
"clause",100,"reverse_equal","en_US.UTF-8",TRUE,FALSE,TRUE,TRUE
"clause",100,"reflexivity","en_US.UTF-8",TRUE,TRUE,TRUE,TRUE
"clause",100,"unequal_control","en_US.UTF-8",FALSE,FALSE,FALSE,FALSE
"clause",101,"forward_equal","en_US.UTF-8",TRUE,FALSE,TRUE,TRUE
"clause",101,"reverse_equal","en_US.UTF-8",TRUE,FALSE,TRUE,TRUE
"clause",101,"reflexivity","en_US.UTF-8",TRUE,TRUE,TRUE,TRUE
"clause",101,"unequal_control","en_US.UTF-8",FALSE,FALSE,FALSE,FALSE
"clause",102,"forward_equal","en_US.UTF-8",TRUE,FALSE,TRUE,TRUE
"clause",102,"reverse_equal","en_US.UTF-8",TRUE,FALSE,TRUE,TRUE
"clause",102,"reflexivity","en_US.UTF-8",TRUE,TRUE,TRUE,TRUE
"clause",102,"unequal_control","en_US.UTF-8",FALSE,FALSE,FALSE,FALSE
"clause",103,"forward_equal","en_US.UTF-8",TRUE,FALSE,TRUE,TRUE
"clause",103,"reverse_equal","en_US.UTF-8",TRUE,FALSE,TRUE,TRUE
"clause",103,"reflexivity","en_US.UTF-8",TRUE,TRUE,TRUE,TRUE
"clause",103,"unequal_control","en_US.UTF-8",FALSE,FALSE,FALSE,FALSE
"clause",104,"forward_equal","en_US.UTF-8",TRUE,FALSE,TRUE,TRUE
"clause",104,"reverse_equal","en_US.UTF-8",TRUE,FALSE,TRUE,TRUE
"clause",104,"reflexivity","en_US.UTF-8",TRUE,TRUE,TRUE,TRUE
"clause",104,"unequal_control","en_US.UTF-8",FALSE,FALSE,FALSE,FALSE
"clause",105,"forward_equal","en_US.UTF-8",TRUE,TRUE,TRUE,TRUE
"clause",105,"reverse_equal","en_US.UTF-8",TRUE,TRUE,TRUE,TRUE
"clause",105,"reflexivity","en_US.UTF-8",TRUE,TRUE,TRUE,TRUE
"clause",105,"unequal_control","en_US.UTF-8",FALSE,FALSE,FALSE,FALSE
"clause",106,"forward_equal","en_US.UTF-8",TRUE,FALSE,TRUE,TRUE
"clause",106,"reverse_equal","en_US.UTF-8",TRUE,FALSE,TRUE,TRUE
"clause",106,"reflexivity","en_US.UTF-8",TRUE,TRUE,TRUE,TRUE
"clause",106,"unequal_control","en_US.UTF-8",FALSE,FALSE,FALSE,FALSE
"clause",107,"forward_equal","en_US.UTF-8",TRUE,FALSE,TRUE,TRUE
"clause",107,"reverse_equal","en_US.UTF-8",TRUE,FALSE,TRUE,TRUE
"clause",107,"reflexivity","en_US.UTF-8",TRUE,TRUE,TRUE,TRUE
"clause",107,"unequal_control","en_US.UTF-8",FALSE,FALSE,FALSE,FALSE
"clause",108,"forward_equal","en_US.UTF-8",TRUE,FALSE,TRUE,TRUE
"clause",108,"reverse_equal","en_US.UTF-8",TRUE,FALSE,TRUE,TRUE
"clause",108,"reflexivity","en_US.UTF-8",TRUE,TRUE,TRUE,TRUE
"clause",108,"unequal_control","en_US.UTF-8",FALSE,FALSE,FALSE,FALSE
"clause",109,"forward_equal","en_US.UTF-8",TRUE,TRUE,TRUE,TRUE
"clause",109,"reverse_equal","en_US.UTF-8",TRUE,TRUE,TRUE,TRUE
"clause",109,"reflexivity","en_US.UTF-8",TRUE,TRUE,TRUE,TRUE
"clause",109,"unequal_control","en_US.UTF-8",FALSE,FALSE,FALSE,FALSE
"clause",110,"forward_equal","en_US.UTF-8",TRUE,FALSE,TRUE,TRUE
"clause",110,"reverse_equal","en_US.UTF-8",TRUE,FALSE,TRUE,TRUE
"clause",110,"reflexivity","en_US.UTF-8",TRUE,TRUE,TRUE,TRUE
"clause",110,"unequal_control","en_US.UTF-8",FALSE,FALSE,FALSE,FALSE
"clause",111,"forward_equal","en_US.UTF-8",TRUE,TRUE,TRUE,TRUE
"clause",111,"reverse_equal","en_US.UTF-8",TRUE,TRUE,TRUE,TRUE
"clause",111,"reflexivity","en_US.UTF-8",TRUE,TRUE,TRUE,TRUE
"clause",111,"unequal_control","en_US.UTF-8",FALSE,FALSE,FALSE,FALSE
"clause",112,"forward_equal","en_US.UTF-8",TRUE,FALSE,TRUE,TRUE
"clause",112,"reverse_equal","en_US.UTF-8",TRUE,FALSE,TRUE,TRUE
"clause",112,"reflexivity","en_US.UTF-8",TRUE,TRUE,TRUE,TRUE
"clause",112,"unequal_control","en_US.UTF-8",FALSE,FALSE,FALSE,FALSE
"clause",113,"forward_equal","en_US.UTF-8",TRUE,FALSE,TRUE,TRUE
"clause",113,"reverse_equal","en_US.UTF-8",TRUE,FALSE,TRUE,TRUE
"clause",113,"reflexivity","en_US.UTF-8",TRUE,TRUE,TRUE,TRUE
"clause",113,"unequal_control","en_US.UTF-8",FALSE,FALSE,FALSE,FALSE
"clause",114,"forward_equal","en_US.UTF-8",TRUE,FALSE,TRUE,TRUE
"clause",114,"reverse_equal","en_US.UTF-8",TRUE,FALSE,TRUE,TRUE
"clause",114,"reflexivity","en_US.UTF-8",TRUE,TRUE,TRUE,TRUE
"clause",114,"unequal_control","en_US.UTF-8",FALSE,FALSE,FALSE,FALSE
"clause",115,"forward_equal","en_US.UTF-8",TRUE,FALSE,TRUE,TRUE
"clause",115,"reverse_equal","en_US.UTF-8",TRUE,FALSE,TRUE,TRUE
"clause",115,"reflexivity","en_US.UTF-8",TRUE,TRUE,TRUE,TRUE
"clause",115,"unequal_control","en_US.UTF-8",FALSE,FALSE,FALSE,FALSE
"clause",116,"forward_equal","en_US.UTF-8",TRUE,FALSE,TRUE,TRUE
"clause",116,"reverse_equal","en_US.UTF-8",TRUE,FALSE,TRUE,TRUE
"clause",116,"reflexivity","en_US.UTF-8",TRUE,TRUE,TRUE,TRUE
"clause",116,"unequal_control","en_US.UTF-8",FALSE,FALSE,FALSE,FALSE
"clause",117,"forward_equal","en_US.UTF-8",TRUE,TRUE,TRUE,TRUE
"clause",117,"reverse_equal","en_US.UTF-8",TRUE,TRUE,TRUE,TRUE
"clause",117,"reflexivity","en_US.UTF-8",TRUE,TRUE,TRUE,TRUE
"clause",117,"unequal_control","en_US.UTF-8",FALSE,FALSE,FALSE,FALSE
"clause",118,"forward_equal","en_US.UTF-8",TRUE,FALSE,TRUE,TRUE
"clause",118,"reverse_equal","en_US.UTF-8",TRUE,FALSE,TRUE,TRUE
"clause",118,"reflexivity","en_US.UTF-8",TRUE,TRUE,TRUE,TRUE
"clause",118,"unequal_control","en_US.UTF-8",FALSE,FALSE,FALSE,FALSE
"clause",119,"forward_equal","en_US.UTF-8",TRUE,FALSE,TRUE,TRUE
"clause",119,"reverse_equal","en_US.UTF-8",TRUE,FALSE,TRUE,TRUE
"clause",119,"reflexivity","en_US.UTF-8",TRUE,TRUE,TRUE,TRUE
"clause",119,"unequal_control","en_US.UTF-8",FALSE,FALSE,FALSE,FALSE
"clause",120,"forward_equal","en_US.UTF-8",TRUE,FALSE,TRUE,TRUE
"clause",120,"reverse_equal","en_US.UTF-8",TRUE,FALSE,TRUE,TRUE
"clause",120,"reflexivity","en_US.UTF-8",TRUE,TRUE,TRUE,TRUE
"clause",120,"unequal_control","en_US.UTF-8",FALSE,FALSE,FALSE,FALSE
"clause",121,"forward_equal","en_US.UTF-8",TRUE,TRUE,TRUE,TRUE
"clause",121,"reverse_equal","en_US.UTF-8",TRUE,TRUE,TRUE,TRUE
"clause",121,"reflexivity","en_US.UTF-8",TRUE,TRUE,TRUE,TRUE
"clause",121,"unequal_control","en_US.UTF-8",FALSE,FALSE,FALSE,FALSE
"clause",122,"forward_equal","en_US.UTF-8",TRUE,FALSE,TRUE,TRUE
"clause",122,"reverse_equal","en_US.UTF-8",TRUE,FALSE,TRUE,TRUE
"clause",122,"reflexivity","en_US.UTF-8",TRUE,TRUE,TRUE,TRUE
"clause",122,"unequal_control","en_US.UTF-8",FALSE,FALSE,FALSE,FALSE
"clause",123,"forward_equal","en_US.UTF-8",TRUE,TRUE,TRUE,TRUE
"clause",123,"reverse_equal","en_US.UTF-8",TRUE,TRUE,TRUE,TRUE
"clause",123,"reflexivity","en_US.UTF-8",TRUE,TRUE,TRUE,TRUE
"clause",123,"unequal_control","en_US.UTF-8",FALSE,FALSE,FALSE,FALSE
"clause",124,"forward_equal","en_US.UTF-8",TRUE,FALSE,TRUE,TRUE
"clause",124,"reverse_equal","en_US.UTF-8",TRUE,FALSE,TRUE,TRUE
"clause",124,"reflexivity","en_US.UTF-8",TRUE,TRUE,TRUE,TRUE
"clause",124,"unequal_control","en_US.UTF-8",FALSE,FALSE,FALSE,FALSE
"clause",125,"forward_equal","en_US.UTF-8",TRUE,FALSE,TRUE,TRUE
"clause",125,"reverse_equal","en_US.UTF-8",TRUE,FALSE,TRUE,TRUE
"clause",125,"reflexivity","en_US.UTF-8",TRUE,TRUE,TRUE,TRUE
"clause",125,"unequal_control","en_US.UTF-8",FALSE,FALSE,FALSE,FALSE
"clause",126,"forward_equal","en_US.UTF-8",TRUE,FALSE,TRUE,TRUE
"clause",126,"reverse_equal","en_US.UTF-8",TRUE,FALSE,TRUE,TRUE
"clause",126,"reflexivity","en_US.UTF-8",TRUE,TRUE,TRUE,TRUE
"clause",126,"unequal_control","en_US.UTF-8",FALSE,FALSE,FALSE,FALSE
"clause",127,"forward_equal","en_US.UTF-8",TRUE,FALSE,TRUE,TRUE
"clause",127,"reverse_equal","en_US.UTF-8",TRUE,FALSE,TRUE,TRUE
"clause",127,"reflexivity","en_US.UTF-8",TRUE,TRUE,TRUE,TRUE
"clause",127,"unequal_control","en_US.UTF-8",FALSE,FALSE,FALSE,FALSE
"clause",128,"forward_equal","en_US.UTF-8",TRUE,FALSE,TRUE,TRUE
"clause",128,"reverse_equal","en_US.UTF-8",TRUE,FALSE,TRUE,TRUE
"clause",128,"reflexivity","en_US.UTF-8",TRUE,TRUE,TRUE,TRUE
"clause",128,"unequal_control","en_US.UTF-8",FALSE,FALSE,FALSE,FALSE
"clause",129,"forward_equal","en_US.UTF-8",TRUE,TRUE,TRUE,TRUE
"clause",129,"reverse_equal","en_US.UTF-8",TRUE,TRUE,TRUE,TRUE
"clause",129,"reflexivity","en_US.UTF-8",TRUE,TRUE,TRUE,TRUE
"clause",129,"unequal_control","en_US.UTF-8",FALSE,FALSE,FALSE,FALSE
"clause",130,"forward_equal","en_US.UTF-8",TRUE,FALSE,TRUE,TRUE
"clause",130,"reverse_equal","en_US.UTF-8",TRUE,FALSE,TRUE,TRUE
"clause",130,"reflexivity","en_US.UTF-8",TRUE,TRUE,TRUE,TRUE
"clause",130,"unequal_control","en_US.UTF-8",FALSE,FALSE,FALSE,FALSE
"clause",131,"forward_equal","en_US.UTF-8",TRUE,FALSE,TRUE,TRUE
"clause",131,"reverse_equal","en_US.UTF-8",TRUE,FALSE,TRUE,TRUE
"clause",131,"reflexivity","en_US.UTF-8",TRUE,TRUE,TRUE,TRUE
"clause",131,"unequal_control","en_US.UTF-8",FALSE,FALSE,FALSE,FALSE
"clause",132,"forward_equal","en_US.UTF-8",TRUE,FALSE,TRUE,TRUE
"clause",132,"reverse_equal","en_US.UTF-8",TRUE,FALSE,TRUE,TRUE
"clause",132,"reflexivity","en_US.UTF-8",TRUE,TRUE,TRUE,TRUE
"clause",132,"unequal_control","en_US.UTF-8",FALSE,FALSE,FALSE,FALSE
"clause",133,"forward_equal","en_US.UTF-8",TRUE,TRUE,TRUE,TRUE
"clause",133,"reverse_equal","en_US.UTF-8",TRUE,TRUE,TRUE,TRUE
"clause",133,"reflexivity","en_US.UTF-8",TRUE,TRUE,TRUE,TRUE
"clause",133,"unequal_control","en_US.UTF-8",FALSE,FALSE,FALSE,FALSE
"clause",134,"forward_equal","en_US.UTF-8",TRUE,FALSE,TRUE,TRUE
"clause",134,"reverse_equal","en_US.UTF-8",TRUE,FALSE,TRUE,TRUE
"clause",134,"reflexivity","en_US.UTF-8",TRUE,TRUE,TRUE,TRUE
"clause",134,"unequal_control","en_US.UTF-8",FALSE,FALSE,FALSE,FALSE
"clause",135,"forward_equal","en_US.UTF-8",TRUE,TRUE,TRUE,TRUE
"clause",135,"reverse_equal","en_US.UTF-8",TRUE,TRUE,TRUE,TRUE
"clause",135,"reflexivity","en_US.UTF-8",TRUE,TRUE,TRUE,TRUE
"clause",135,"unequal_control","en_US.UTF-8",FALSE,FALSE,FALSE,FALSE
"clause",136,"forward_equal","en_US.UTF-8",TRUE,FALSE,TRUE,TRUE
"clause",136,"reverse_equal","en_US.UTF-8",TRUE,FALSE,TRUE,TRUE
"clause",136,"reflexivity","en_US.UTF-8",TRUE,TRUE,TRUE,TRUE
"clause",136,"unequal_control","en_US.UTF-8",FALSE,FALSE,FALSE,FALSE
"clause",137,"forward_equal","en_US.UTF-8",TRUE,FALSE,TRUE,TRUE
"clause",137,"reverse_equal","en_US.UTF-8",TRUE,FALSE,TRUE,TRUE
"clause",137,"reflexivity","en_US.UTF-8",TRUE,TRUE,TRUE,TRUE
"clause",137,"unequal_control","en_US.UTF-8",FALSE,FALSE,FALSE,FALSE
"clause",138,"forward_equal","en_US.UTF-8",TRUE,FALSE,TRUE,TRUE
"clause",138,"reverse_equal","en_US.UTF-8",TRUE,FALSE,TRUE,TRUE
"clause",138,"reflexivity","en_US.UTF-8",TRUE,TRUE,TRUE,TRUE
"clause",138,"unequal_control","en_US.UTF-8",FALSE,FALSE,FALSE,FALSE
"clause",139,"forward_equal","en_US.UTF-8",TRUE,FALSE,TRUE,TRUE
"clause",139,"reverse_equal","en_US.UTF-8",TRUE,FALSE,TRUE,TRUE
"clause",139,"reflexivity","en_US.UTF-8",TRUE,TRUE,TRUE,TRUE
"clause",139,"unequal_control","en_US.UTF-8",FALSE,FALSE,FALSE,FALSE
"clause",140,"forward_equal","en_US.UTF-8",TRUE,FALSE,TRUE,TRUE
"clause",140,"reverse_equal","en_US.UTF-8",TRUE,FALSE,TRUE,TRUE
"clause",140,"reflexivity","en_US.UTF-8",TRUE,TRUE,TRUE,TRUE
"clause",140,"unequal_control","en_US.UTF-8",FALSE,FALSE,FALSE,FALSE
"clause",141,"forward_equal","en_US.UTF-8",TRUE,TRUE,TRUE,TRUE
"clause",141,"reverse_equal","en_US.UTF-8",TRUE,TRUE,TRUE,TRUE
"clause",141,"reflexivity","en_US.UTF-8",TRUE,TRUE,TRUE,TRUE
"clause",141,"unequal_control","en_US.UTF-8",FALSE,FALSE,FALSE,FALSE
"clause",142,"forward_equal","en_US.UTF-8",TRUE,FALSE,TRUE,TRUE
"clause",142,"reverse_equal","en_US.UTF-8",TRUE,FALSE,TRUE,TRUE
"clause",142,"reflexivity","en_US.UTF-8",TRUE,TRUE,TRUE,TRUE
"clause",142,"unequal_control","en_US.UTF-8",FALSE,FALSE,FALSE,FALSE
"clause",143,"forward_equal","en_US.UTF-8",TRUE,FALSE,TRUE,TRUE
"clause",143,"reverse_equal","en_US.UTF-8",TRUE,FALSE,TRUE,TRUE
"clause",143,"reflexivity","en_US.UTF-8",TRUE,TRUE,TRUE,TRUE
"clause",143,"unequal_control","en_US.UTF-8",FALSE,FALSE,FALSE,FALSE
"clause",144,"forward_equal","en_US.UTF-8",TRUE,FALSE,TRUE,TRUE
"clause",144,"reverse_equal","en_US.UTF-8",TRUE,FALSE,TRUE,TRUE
"clause",144,"reflexivity","en_US.UTF-8",TRUE,TRUE,TRUE,TRUE
"clause",144,"unequal_control","en_US.UTF-8",FALSE,FALSE,FALSE,FALSE
"clause",145,"forward_equal","en_US.UTF-8",TRUE,TRUE,TRUE,TRUE
"clause",145,"reverse_equal","en_US.UTF-8",TRUE,TRUE,TRUE,TRUE
"clause",145,"reflexivity","en_US.UTF-8",TRUE,TRUE,TRUE,TRUE
"clause",145,"unequal_control","en_US.UTF-8",FALSE,FALSE,FALSE,FALSE
"clause",146,"forward_equal","en_US.UTF-8",TRUE,FALSE,TRUE,TRUE
"clause",146,"reverse_equal","en_US.UTF-8",TRUE,FALSE,TRUE,TRUE
"clause",146,"reflexivity","en_US.UTF-8",TRUE,TRUE,TRUE,TRUE
"clause",146,"unequal_control","en_US.UTF-8",FALSE,FALSE,FALSE,FALSE
"clause",147,"forward_equal","en_US.UTF-8",TRUE,TRUE,TRUE,TRUE
"clause",147,"reverse_equal","en_US.UTF-8",TRUE,TRUE,TRUE,TRUE
"clause",147,"reflexivity","en_US.UTF-8",TRUE,TRUE,TRUE,TRUE
"clause",147,"unequal_control","en_US.UTF-8",FALSE,FALSE,FALSE,FALSE
"clause",148,"forward_equal","en_US.UTF-8",TRUE,FALSE,TRUE,TRUE
"clause",148,"reverse_equal","en_US.UTF-8",TRUE,FALSE,TRUE,TRUE
"clause",148,"reflexivity","en_US.UTF-8",TRUE,TRUE,TRUE,TRUE
"clause",148,"unequal_control","en_US.UTF-8",FALSE,FALSE,FALSE,FALSE
"clause",149,"forward_equal","en_US.UTF-8",TRUE,FALSE,TRUE,TRUE
"clause",149,"reverse_equal","en_US.UTF-8",TRUE,FALSE,TRUE,TRUE
"clause",149,"reflexivity","en_US.UTF-8",TRUE,TRUE,TRUE,TRUE
"clause",149,"unequal_control","en_US.UTF-8",FALSE,FALSE,FALSE,FALSE
"clause",150,"forward_equal","en_US.UTF-8",TRUE,FALSE,TRUE,TRUE
"clause",150,"reverse_equal","en_US.UTF-8",TRUE,FALSE,TRUE,TRUE
"clause",150,"reflexivity","en_US.UTF-8",TRUE,TRUE,TRUE,TRUE
"clause",150,"unequal_control","en_US.UTF-8",FALSE,FALSE,FALSE,FALSE
"clause",151,"forward_equal","en_US.UTF-8",TRUE,FALSE,TRUE,TRUE
"clause",151,"reverse_equal","en_US.UTF-8",TRUE,FALSE,TRUE,TRUE
"clause",151,"reflexivity","en_US.UTF-8",TRUE,TRUE,TRUE,TRUE
"clause",151,"unequal_control","en_US.UTF-8",FALSE,FALSE,FALSE,FALSE
"clause",152,"forward_equal","en_US.UTF-8",TRUE,FALSE,TRUE,TRUE
"clause",152,"reverse_equal","en_US.UTF-8",TRUE,FALSE,TRUE,TRUE
"clause",152,"reflexivity","en_US.UTF-8",TRUE,TRUE,TRUE,TRUE
"clause",152,"unequal_control","en_US.UTF-8",FALSE,FALSE,FALSE,FALSE
"clause",153,"forward_equal","en_US.UTF-8",TRUE,TRUE,TRUE,TRUE
"clause",153,"reverse_equal","en_US.UTF-8",TRUE,TRUE,TRUE,TRUE
"clause",153,"reflexivity","en_US.UTF-8",TRUE,TRUE,TRUE,TRUE
"clause",153,"unequal_control","en_US.UTF-8",FALSE,FALSE,FALSE,FALSE
"clause",154,"forward_equal","en_US.UTF-8",TRUE,FALSE,TRUE,TRUE
"clause",154,"reverse_equal","en_US.UTF-8",TRUE,FALSE,TRUE,TRUE
"clause",154,"reflexivity","en_US.UTF-8",TRUE,TRUE,TRUE,TRUE
"clause",154,"unequal_control","en_US.UTF-8",FALSE,FALSE,FALSE,FALSE
"clause",155,"forward_equal","en_US.UTF-8",TRUE,FALSE,TRUE,TRUE
"clause",155,"reverse_equal","en_US.UTF-8",TRUE,FALSE,TRUE,TRUE
"clause",155,"reflexivity","en_US.UTF-8",TRUE,TRUE,TRUE,TRUE
"clause",155,"unequal_control","en_US.UTF-8",FALSE,FALSE,FALSE,FALSE
"clause",156,"forward_equal","en_US.UTF-8",TRUE,FALSE,TRUE,TRUE
"clause",156,"reverse_equal","en_US.UTF-8",TRUE,FALSE,TRUE,TRUE
"clause",156,"reflexivity","en_US.UTF-8",TRUE,TRUE,TRUE,TRUE
"clause",156,"unequal_control","en_US.UTF-8",FALSE,FALSE,FALSE,FALSE
"clause",157,"forward_equal","en_US.UTF-8",TRUE,TRUE,TRUE,TRUE
"clause",157,"reverse_equal","en_US.UTF-8",TRUE,TRUE,TRUE,TRUE
"clause",157,"reflexivity","en_US.UTF-8",TRUE,TRUE,TRUE,TRUE
"clause",157,"unequal_control","en_US.UTF-8",FALSE,FALSE,FALSE,FALSE
"clause",158,"forward_equal","en_US.UTF-8",TRUE,FALSE,TRUE,TRUE
"clause",158,"reverse_equal","en_US.UTF-8",TRUE,FALSE,TRUE,TRUE
"clause",158,"reflexivity","en_US.UTF-8",TRUE,TRUE,TRUE,TRUE
"clause",158,"unequal_control","en_US.UTF-8",FALSE,FALSE,FALSE,FALSE
"clause",159,"forward_equal","en_US.UTF-8",TRUE,TRUE,TRUE,TRUE
"clause",159,"reverse_equal","en_US.UTF-8",TRUE,TRUE,TRUE,TRUE
"clause",159,"reflexivity","en_US.UTF-8",TRUE,TRUE,TRUE,TRUE
"clause",159,"unequal_control","en_US.UTF-8",FALSE,FALSE,FALSE,FALSE
"clause",160,"forward_equal","en_US.UTF-8",TRUE,FALSE,TRUE,TRUE
"clause",160,"reverse_equal","en_US.UTF-8",TRUE,FALSE,TRUE,TRUE
"clause",160,"reflexivity","en_US.UTF-8",TRUE,TRUE,TRUE,TRUE
"clause",160,"unequal_control","en_US.UTF-8",FALSE,FALSE,FALSE,FALSE
"clause",161,"forward_equal","en_US.UTF-8",TRUE,FALSE,TRUE,TRUE
"clause",161,"reverse_equal","en_US.UTF-8",TRUE,FALSE,TRUE,TRUE
"clause",161,"reflexivity","en_US.UTF-8",TRUE,TRUE,TRUE,TRUE
"clause",161,"unequal_control","en_US.UTF-8",FALSE,FALSE,FALSE,FALSE
"clause",162,"forward_equal","en_US.UTF-8",TRUE,FALSE,TRUE,TRUE
"clause",162,"reverse_equal","en_US.UTF-8",TRUE,FALSE,TRUE,TRUE
"clause",162,"reflexivity","en_US.UTF-8",TRUE,TRUE,TRUE,TRUE
"clause",162,"unequal_control","en_US.UTF-8",FALSE,FALSE,FALSE,FALSE
"clause",163,"forward_equal","en_US.UTF-8",TRUE,FALSE,TRUE,TRUE
"clause",163,"reverse_equal","en_US.UTF-8",TRUE,FALSE,TRUE,TRUE
"clause",163,"reflexivity","en_US.UTF-8",TRUE,TRUE,TRUE,TRUE
"clause",163,"unequal_control","en_US.UTF-8",FALSE,FALSE,FALSE,FALSE
"clause",164,"forward_equal","en_US.UTF-8",TRUE,FALSE,TRUE,TRUE
"clause",164,"reverse_equal","en_US.UTF-8",TRUE,FALSE,TRUE,TRUE
"clause",164,"reflexivity","en_US.UTF-8",TRUE,TRUE,TRUE,TRUE
"clause",164,"unequal_control","en_US.UTF-8",FALSE,FALSE,FALSE,FALSE
"clause",165,"forward_equal","en_US.UTF-8",TRUE,TRUE,TRUE,TRUE
"clause",165,"reverse_equal","en_US.UTF-8",TRUE,TRUE,TRUE,TRUE
"clause",165,"reflexivity","en_US.UTF-8",TRUE,TRUE,TRUE,TRUE
"clause",165,"unequal_control","en_US.UTF-8",FALSE,FALSE,FALSE,FALSE
"clause",166,"forward_equal","en_US.UTF-8",TRUE,FALSE,TRUE,TRUE
"clause",166,"reverse_equal","en_US.UTF-8",TRUE,FALSE,TRUE,TRUE
"clause",166,"reflexivity","en_US.UTF-8",TRUE,TRUE,TRUE,TRUE
"clause",166,"unequal_control","en_US.UTF-8",FALSE,FALSE,FALSE,FALSE
"clause",167,"forward_equal","en_US.UTF-8",TRUE,FALSE,TRUE,TRUE
"clause",167,"reverse_equal","en_US.UTF-8",TRUE,FALSE,TRUE,TRUE
"clause",167,"reflexivity","en_US.UTF-8",TRUE,TRUE,TRUE,TRUE
"clause",167,"unequal_control","en_US.UTF-8",FALSE,FALSE,FALSE,FALSE
"clause",168,"forward_equal","en_US.UTF-8",TRUE,FALSE,TRUE,TRUE
"clause",168,"reverse_equal","en_US.UTF-8",TRUE,FALSE,TRUE,TRUE
"clause",168,"reflexivity","en_US.UTF-8",TRUE,TRUE,TRUE,TRUE
"clause",168,"unequal_control","en_US.UTF-8",FALSE,FALSE,FALSE,FALSE
"clause",169,"forward_equal","en_US.UTF-8",TRUE,TRUE,TRUE,TRUE
"clause",169,"reverse_equal","en_US.UTF-8",TRUE,TRUE,TRUE,TRUE
"clause",169,"reflexivity","en_US.UTF-8",TRUE,TRUE,TRUE,TRUE
"clause",169,"unequal_control","en_US.UTF-8",FALSE,FALSE,FALSE,FALSE
"clause",170,"forward_equal","en_US.UTF-8",TRUE,FALSE,TRUE,TRUE
"clause",170,"reverse_equal","en_US.UTF-8",TRUE,FALSE,TRUE,TRUE
"clause",170,"reflexivity","en_US.UTF-8",TRUE,TRUE,TRUE,TRUE
"clause",170,"unequal_control","en_US.UTF-8",FALSE,FALSE,FALSE,FALSE
"clause",171,"forward_equal","en_US.UTF-8",TRUE,TRUE,TRUE,TRUE
"clause",171,"reverse_equal","en_US.UTF-8",TRUE,TRUE,TRUE,TRUE
"clause",171,"reflexivity","en_US.UTF-8",TRUE,TRUE,TRUE,TRUE
"clause",171,"unequal_control","en_US.UTF-8",FALSE,FALSE,FALSE,FALSE
"clause",172,"forward_equal","en_US.UTF-8",TRUE,FALSE,TRUE,TRUE
"clause",172,"reverse_equal","en_US.UTF-8",TRUE,FALSE,TRUE,TRUE
"clause",172,"reflexivity","en_US.UTF-8",TRUE,TRUE,TRUE,TRUE
"clause",172,"unequal_control","en_US.UTF-8",FALSE,FALSE,FALSE,FALSE
"clause",173,"forward_equal","en_US.UTF-8",TRUE,FALSE,TRUE,TRUE
"clause",173,"reverse_equal","en_US.UTF-8",TRUE,FALSE,TRUE,TRUE
"clause",173,"reflexivity","en_US.UTF-8",TRUE,TRUE,TRUE,TRUE
"clause",173,"unequal_control","en_US.UTF-8",FALSE,FALSE,FALSE,FALSE
"clause",174,"forward_equal","en_US.UTF-8",TRUE,FALSE,TRUE,TRUE
"clause",174,"reverse_equal","en_US.UTF-8",TRUE,FALSE,TRUE,TRUE
"clause",174,"reflexivity","en_US.UTF-8",TRUE,TRUE,TRUE,TRUE
"clause",174,"unequal_control","en_US.UTF-8",FALSE,FALSE,FALSE,FALSE
"clause",175,"forward_equal","en_US.UTF-8",TRUE,FALSE,TRUE,TRUE
"clause",175,"reverse_equal","en_US.UTF-8",TRUE,FALSE,TRUE,TRUE
"clause",175,"reflexivity","en_US.UTF-8",TRUE,TRUE,TRUE,TRUE
"clause",175,"unequal_control","en_US.UTF-8",FALSE,FALSE,FALSE,FALSE
"clause",176,"forward_equal","en_US.UTF-8",TRUE,FALSE,TRUE,TRUE
"clause",176,"reverse_equal","en_US.UTF-8",TRUE,FALSE,TRUE,TRUE
"clause",176,"reflexivity","en_US.UTF-8",TRUE,TRUE,TRUE,TRUE
"clause",176,"unequal_control","en_US.UTF-8",FALSE,FALSE,FALSE,FALSE
"clause",177,"forward_equal","en_US.UTF-8",TRUE,TRUE,TRUE,TRUE
"clause",177,"reverse_equal","en_US.UTF-8",TRUE,TRUE,TRUE,TRUE
"clause",177,"reflexivity","en_US.UTF-8",TRUE,TRUE,TRUE,TRUE
"clause",177,"unequal_control","en_US.UTF-8",FALSE,FALSE,FALSE,FALSE
"clause",178,"forward_equal","en_US.UTF-8",TRUE,FALSE,TRUE,TRUE
"clause",178,"reverse_equal","en_US.UTF-8",TRUE,FALSE,TRUE,TRUE
"clause",178,"reflexivity","en_US.UTF-8",TRUE,TRUE,TRUE,TRUE
"clause",178,"unequal_control","en_US.UTF-8",FALSE,FALSE,FALSE,FALSE
"clause",179,"forward_equal","en_US.UTF-8",TRUE,FALSE,TRUE,TRUE
"clause",179,"reverse_equal","en_US.UTF-8",TRUE,FALSE,TRUE,TRUE
"clause",179,"reflexivity","en_US.UTF-8",TRUE,TRUE,TRUE,TRUE
"clause",179,"unequal_control","en_US.UTF-8",FALSE,FALSE,FALSE,FALSE
"clause",180,"forward_equal","en_US.UTF-8",TRUE,FALSE,TRUE,TRUE
"clause",180,"reverse_equal","en_US.UTF-8",TRUE,FALSE,TRUE,TRUE
"clause",180,"reflexivity","en_US.UTF-8",TRUE,TRUE,TRUE,TRUE
"clause",180,"unequal_control","en_US.UTF-8",FALSE,FALSE,FALSE,FALSE
"clause",181,"forward_equal","en_US.UTF-8",TRUE,TRUE,TRUE,TRUE
"clause",181,"reverse_equal","en_US.UTF-8",TRUE,TRUE,TRUE,TRUE
"clause",181,"reflexivity","en_US.UTF-8",TRUE,TRUE,TRUE,TRUE
"clause",181,"unequal_control","en_US.UTF-8",FALSE,FALSE,FALSE,FALSE
"clause",182,"forward_equal","en_US.UTF-8",TRUE,FALSE,TRUE,TRUE
"clause",182,"reverse_equal","en_US.UTF-8",TRUE,FALSE,TRUE,TRUE
"clause",182,"reflexivity","en_US.UTF-8",TRUE,TRUE,TRUE,TRUE
"clause",182,"unequal_control","en_US.UTF-8",FALSE,FALSE,FALSE,FALSE
"clause",183,"forward_equal","en_US.UTF-8",TRUE,TRUE,TRUE,TRUE
"clause",183,"reverse_equal","en_US.UTF-8",TRUE,TRUE,TRUE,TRUE
"clause",183,"reflexivity","en_US.UTF-8",TRUE,TRUE,TRUE,TRUE
"clause",183,"unequal_control","en_US.UTF-8",FALSE,FALSE,FALSE,FALSE
"clause",184,"forward_equal","en_US.UTF-8",TRUE,FALSE,TRUE,TRUE
"clause",184,"reverse_equal","en_US.UTF-8",TRUE,FALSE,TRUE,TRUE
"clause",184,"reflexivity","en_US.UTF-8",TRUE,TRUE,TRUE,TRUE
"clause",184,"unequal_control","en_US.UTF-8",FALSE,FALSE,FALSE,FALSE
"clause",185,"forward_equal","en_US.UTF-8",TRUE,FALSE,TRUE,TRUE
"clause",185,"reverse_equal","en_US.UTF-8",TRUE,FALSE,TRUE,TRUE
"clause",185,"reflexivity","en_US.UTF-8",TRUE,TRUE,TRUE,TRUE
"clause",185,"unequal_control","en_US.UTF-8",FALSE,FALSE,FALSE,FALSE
"clause",186,"forward_equal","en_US.UTF-8",TRUE,FALSE,TRUE,TRUE
"clause",186,"reverse_equal","en_US.UTF-8",TRUE,FALSE,TRUE,TRUE
"clause",186,"reflexivity","en_US.UTF-8",TRUE,TRUE,TRUE,TRUE
"clause",186,"unequal_control","en_US.UTF-8",FALSE,FALSE,FALSE,FALSE
"clause",187,"forward_equal","en_US.UTF-8",TRUE,FALSE,TRUE,TRUE
"clause",187,"reverse_equal","en_US.UTF-8",TRUE,FALSE,TRUE,TRUE
"clause",187,"reflexivity","en_US.UTF-8",TRUE,TRUE,TRUE,TRUE
"clause",187,"unequal_control","en_US.UTF-8",FALSE,FALSE,FALSE,FALSE
"clause",188,"forward_equal","en_US.UTF-8",TRUE,FALSE,TRUE,TRUE
"clause",188,"reverse_equal","en_US.UTF-8",TRUE,FALSE,TRUE,TRUE
"clause",188,"reflexivity","en_US.UTF-8",TRUE,TRUE,TRUE,TRUE
"clause",188,"unequal_control","en_US.UTF-8",FALSE,FALSE,FALSE,FALSE
"clause",189,"forward_equal","en_US.UTF-8",TRUE,TRUE,TRUE,TRUE
"clause",189,"reverse_equal","en_US.UTF-8",TRUE,TRUE,TRUE,TRUE
"clause",189,"reflexivity","en_US.UTF-8",TRUE,TRUE,TRUE,TRUE
"clause",189,"unequal_control","en_US.UTF-8",FALSE,FALSE,FALSE,FALSE
"clause",190,"forward_equal","en_US.UTF-8",TRUE,FALSE,TRUE,TRUE
"clause",190,"reverse_equal","en_US.UTF-8",TRUE,FALSE,TRUE,TRUE
"clause",190,"reflexivity","en_US.UTF-8",TRUE,TRUE,TRUE,TRUE
"clause",190,"unequal_control","en_US.UTF-8",FALSE,FALSE,FALSE,FALSE
"clause",191,"forward_equal","en_US.UTF-8",TRUE,FALSE,TRUE,TRUE
"clause",191,"reverse_equal","en_US.UTF-8",TRUE,FALSE,TRUE,TRUE
"clause",191,"reflexivity","en_US.UTF-8",TRUE,TRUE,TRUE,TRUE
"clause",191,"unequal_control","en_US.UTF-8",FALSE,FALSE,FALSE,FALSE
"clause",192,"forward_equal","en_US.UTF-8",TRUE,FALSE,TRUE,TRUE
"clause",192,"reverse_equal","en_US.UTF-8",TRUE,FALSE,TRUE,TRUE
"clause",192,"reflexivity","en_US.UTF-8",TRUE,TRUE,TRUE,TRUE
"clause",192,"unequal_control","en_US.UTF-8",FALSE,FALSE,FALSE,FALSE
"clause",193,"forward_equal","en_US.UTF-8",TRUE,TRUE,TRUE,TRUE
"clause",193,"reverse_equal","en_US.UTF-8",TRUE,TRUE,TRUE,TRUE
"clause",193,"reflexivity","en_US.UTF-8",TRUE,TRUE,TRUE,TRUE
"clause",193,"unequal_control","en_US.UTF-8",FALSE,FALSE,FALSE,FALSE
"clause",194,"forward_equal","en_US.UTF-8",TRUE,FALSE,TRUE,TRUE
"clause",194,"reverse_equal","en_US.UTF-8",TRUE,FALSE,TRUE,TRUE
"clause",194,"reflexivity","en_US.UTF-8",TRUE,TRUE,TRUE,TRUE
"clause",194,"unequal_control","en_US.UTF-8",FALSE,FALSE,FALSE,FALSE
"clause",195,"forward_equal","en_US.UTF-8",TRUE,TRUE,TRUE,TRUE
"clause",195,"reverse_equal","en_US.UTF-8",TRUE,TRUE,TRUE,TRUE
"clause",195,"reflexivity","en_US.UTF-8",TRUE,TRUE,TRUE,TRUE
"clause",195,"unequal_control","en_US.UTF-8",FALSE,FALSE,FALSE,FALSE
"clause",196,"forward_equal","en_US.UTF-8",TRUE,FALSE,TRUE,TRUE
"clause",196,"reverse_equal","en_US.UTF-8",TRUE,FALSE,TRUE,TRUE
"clause",196,"reflexivity","en_US.UTF-8",TRUE,TRUE,TRUE,TRUE
"clause",196,"unequal_control","en_US.UTF-8",FALSE,FALSE,FALSE,FALSE
"clause",197,"forward_equal","en_US.UTF-8",TRUE,FALSE,TRUE,TRUE
"clause",197,"reverse_equal","en_US.UTF-8",TRUE,FALSE,TRUE,TRUE
"clause",197,"reflexivity","en_US.UTF-8",TRUE,TRUE,TRUE,TRUE
"clause",197,"unequal_control","en_US.UTF-8",FALSE,FALSE,FALSE,FALSE
"clause",198,"forward_equal","en_US.UTF-8",TRUE,FALSE,TRUE,TRUE
"clause",198,"reverse_equal","en_US.UTF-8",TRUE,FALSE,TRUE,TRUE
"clause",198,"reflexivity","en_US.UTF-8",TRUE,TRUE,TRUE,TRUE
"clause",198,"unequal_control","en_US.UTF-8",FALSE,FALSE,FALSE,FALSE
"clause",199,"forward_equal","en_US.UTF-8",TRUE,FALSE,TRUE,TRUE
"clause",199,"reverse_equal","en_US.UTF-8",TRUE,FALSE,TRUE,TRUE
"clause",199,"reflexivity","en_US.UTF-8",TRUE,TRUE,TRUE,TRUE
"clause",199,"unequal_control","en_US.UTF-8",FALSE,FALSE,FALSE,FALSE
"clause",200,"forward_equal","en_US.UTF-8",TRUE,FALSE,TRUE,TRUE
"clause",200,"reverse_equal","en_US.UTF-8",TRUE,FALSE,TRUE,TRUE
"clause",200,"reflexivity","en_US.UTF-8",TRUE,TRUE,TRUE,TRUE
"clause",200,"unequal_control","en_US.UTF-8",FALSE,FALSE,FALSE,FALSE
"clause",201,"forward_equal","en_US.UTF-8",TRUE,TRUE,TRUE,TRUE
"clause",201,"reverse_equal","en_US.UTF-8",TRUE,TRUE,TRUE,TRUE
"clause",201,"reflexivity","en_US.UTF-8",TRUE,TRUE,TRUE,TRUE
"clause",201,"unequal_control","en_US.UTF-8",FALSE,FALSE,FALSE,FALSE
"clause",202,"forward_equal","en_US.UTF-8",TRUE,FALSE,TRUE,TRUE
"clause",202,"reverse_equal","en_US.UTF-8",TRUE,FALSE,TRUE,TRUE
"clause",202,"reflexivity","en_US.UTF-8",TRUE,TRUE,TRUE,TRUE
"clause",202,"unequal_control","en_US.UTF-8",FALSE,FALSE,FALSE,FALSE
"clause",203,"forward_equal","en_US.UTF-8",TRUE,FALSE,TRUE,TRUE
"clause",203,"reverse_equal","en_US.UTF-8",TRUE,FALSE,TRUE,TRUE
"clause",203,"reflexivity","en_US.UTF-8",TRUE,TRUE,TRUE,TRUE
"clause",203,"unequal_control","en_US.UTF-8",FALSE,FALSE,FALSE,FALSE
"clause",204,"forward_equal","en_US.UTF-8",TRUE,FALSE,TRUE,TRUE
"clause",204,"reverse_equal","en_US.UTF-8",TRUE,FALSE,TRUE,TRUE
"clause",204,"reflexivity","en_US.UTF-8",TRUE,TRUE,TRUE,TRUE
"clause",204,"unequal_control","en_US.UTF-8",FALSE,FALSE,FALSE,FALSE
"clause",205,"forward_equal","en_US.UTF-8",TRUE,TRUE,TRUE,TRUE
"clause",205,"reverse_equal","en_US.UTF-8",TRUE,TRUE,TRUE,TRUE
"clause",205,"reflexivity","en_US.UTF-8",TRUE,TRUE,TRUE,TRUE
"clause",205,"unequal_control","en_US.UTF-8",FALSE,FALSE,FALSE,FALSE
"clause",206,"forward_equal","en_US.UTF-8",TRUE,FALSE,TRUE,TRUE
"clause",206,"reverse_equal","en_US.UTF-8",TRUE,FALSE,TRUE,TRUE
"clause",206,"reflexivity","en_US.UTF-8",TRUE,TRUE,TRUE,TRUE
"clause",206,"unequal_control","en_US.UTF-8",FALSE,FALSE,FALSE,FALSE
"clause",207,"forward_equal","en_US.UTF-8",TRUE,TRUE,TRUE,TRUE
"clause",207,"reverse_equal","en_US.UTF-8",TRUE,TRUE,TRUE,TRUE
"clause",207,"reflexivity","en_US.UTF-8",TRUE,TRUE,TRUE,TRUE
"clause",207,"unequal_control","en_US.UTF-8",FALSE,FALSE,FALSE,FALSE
"clause",208,"forward_equal","en_US.UTF-8",TRUE,FALSE,TRUE,TRUE
"clause",208,"reverse_equal","en_US.UTF-8",TRUE,FALSE,TRUE,TRUE
"clause",208,"reflexivity","en_US.UTF-8",TRUE,TRUE,TRUE,TRUE
"clause",208,"unequal_control","en_US.UTF-8",FALSE,FALSE,FALSE,FALSE
"clause",209,"forward_equal","en_US.UTF-8",TRUE,FALSE,TRUE,TRUE
"clause",209,"reverse_equal","en_US.UTF-8",TRUE,FALSE,TRUE,TRUE
"clause",209,"reflexivity","en_US.UTF-8",TRUE,TRUE,TRUE,TRUE
"clause",209,"unequal_control","en_US.UTF-8",FALSE,FALSE,FALSE,FALSE
"clause",210,"forward_equal","en_US.UTF-8",TRUE,FALSE,TRUE,TRUE
"clause",210,"reverse_equal","en_US.UTF-8",TRUE,FALSE,TRUE,TRUE
"clause",210,"reflexivity","en_US.UTF-8",TRUE,TRUE,TRUE,TRUE
"clause",210,"unequal_control","en_US.UTF-8",FALSE,FALSE,FALSE,FALSE
"clause",211,"forward_equal","en_US.UTF-8",TRUE,FALSE,TRUE,TRUE
"clause",211,"reverse_equal","en_US.UTF-8",TRUE,FALSE,TRUE,TRUE
"clause",211,"reflexivity","en_US.UTF-8",TRUE,TRUE,TRUE,TRUE
"clause",211,"unequal_control","en_US.UTF-8",FALSE,FALSE,FALSE,FALSE
"clause",212,"forward_equal","en_US.UTF-8",TRUE,FALSE,TRUE,TRUE
"clause",212,"reverse_equal","en_US.UTF-8",TRUE,FALSE,TRUE,TRUE
"clause",212,"reflexivity","en_US.UTF-8",TRUE,TRUE,TRUE,TRUE
"clause",212,"unequal_control","en_US.UTF-8",FALSE,FALSE,FALSE,FALSE
"clause",213,"forward_equal","en_US.UTF-8",TRUE,TRUE,TRUE,TRUE
"clause",213,"reverse_equal","en_US.UTF-8",TRUE,TRUE,TRUE,TRUE
"clause",213,"reflexivity","en_US.UTF-8",TRUE,TRUE,TRUE,TRUE
"clause",213,"unequal_control","en_US.UTF-8",FALSE,FALSE,FALSE,FALSE
"clause",214,"forward_equal","en_US.UTF-8",TRUE,FALSE,TRUE,TRUE
"clause",214,"reverse_equal","en_US.UTF-8",TRUE,FALSE,TRUE,TRUE
"clause",214,"reflexivity","en_US.UTF-8",TRUE,TRUE,TRUE,TRUE
"clause",214,"unequal_control","en_US.UTF-8",FALSE,FALSE,FALSE,FALSE
"clause",215,"forward_equal","en_US.UTF-8",TRUE,FALSE,TRUE,TRUE
"clause",215,"reverse_equal","en_US.UTF-8",TRUE,FALSE,TRUE,TRUE
"clause",215,"reflexivity","en_US.UTF-8",TRUE,TRUE,TRUE,TRUE
"clause",215,"unequal_control","en_US.UTF-8",FALSE,FALSE,FALSE,FALSE
"clause",216,"forward_equal","en_US.UTF-8",TRUE,FALSE,TRUE,TRUE
"clause",216,"reverse_equal","en_US.UTF-8",TRUE,FALSE,TRUE,TRUE
"clause",216,"reflexivity","en_US.UTF-8",TRUE,TRUE,TRUE,TRUE
"clause",216,"unequal_control","en_US.UTF-8",FALSE,FALSE,FALSE,FALSE
"formula",1,"forward_equal","en_US.UTF-8",TRUE,FALSE,TRUE,TRUE
"formula",1,"reverse_equal","en_US.UTF-8",TRUE,FALSE,TRUE,TRUE
"formula",1,"reflexivity","en_US.UTF-8",TRUE,TRUE,TRUE,TRUE
"formula",1,"unequal_control","en_US.UTF-8",FALSE,FALSE,FALSE,FALSE
"formula",2,"forward_equal","en_US.UTF-8",TRUE,FALSE,TRUE,TRUE
"formula",2,"reverse_equal","en_US.UTF-8",TRUE,FALSE,TRUE,TRUE
"formula",2,"reflexivity","en_US.UTF-8",TRUE,TRUE,TRUE,TRUE
"formula",2,"unequal_control","en_US.UTF-8",FALSE,FALSE,FALSE,FALSE
"formula",3,"forward_equal","en_US.UTF-8",TRUE,FALSE,TRUE,TRUE
"formula",3,"reverse_equal","en_US.UTF-8",TRUE,FALSE,TRUE,TRUE
"formula",3,"reflexivity","en_US.UTF-8",TRUE,TRUE,TRUE,TRUE
"formula",3,"unequal_control","en_US.UTF-8",FALSE,FALSE,FALSE,FALSE
"formula",4,"forward_equal","en_US.UTF-8",TRUE,FALSE,TRUE,TRUE
"formula",4,"reverse_equal","en_US.UTF-8",TRUE,FALSE,TRUE,TRUE
"formula",4,"reflexivity","en_US.UTF-8",TRUE,TRUE,TRUE,TRUE
"formula",4,"unequal_control","en_US.UTF-8",FALSE,FALSE,FALSE,FALSE
"formula",5,"forward_equal","en_US.UTF-8",TRUE,FALSE,TRUE,TRUE
"formula",5,"reverse_equal","en_US.UTF-8",TRUE,FALSE,TRUE,TRUE
"formula",5,"reflexivity","en_US.UTF-8",TRUE,TRUE,TRUE,TRUE
"formula",5,"unequal_control","en_US.UTF-8",FALSE,FALSE,FALSE,FALSE
"formula",6,"forward_equal","en_US.UTF-8",TRUE,FALSE,TRUE,TRUE
"formula",6,"reverse_equal","en_US.UTF-8",TRUE,FALSE,TRUE,TRUE
"formula",6,"reflexivity","en_US.UTF-8",TRUE,TRUE,TRUE,TRUE
"formula",6,"unequal_control","en_US.UTF-8",FALSE,FALSE,FALSE,FALSE
"formula",7,"forward_equal","en_US.UTF-8",TRUE,FALSE,TRUE,TRUE
"formula",7,"reverse_equal","en_US.UTF-8",TRUE,FALSE,TRUE,TRUE
"formula",7,"reflexivity","en_US.UTF-8",TRUE,TRUE,TRUE,TRUE
"formula",7,"unequal_control","en_US.UTF-8",FALSE,FALSE,FALSE,FALSE
"formula",8,"forward_equal","en_US.UTF-8",TRUE,FALSE,TRUE,TRUE
"formula",8,"reverse_equal","en_US.UTF-8",TRUE,FALSE,TRUE,TRUE
"formula",8,"reflexivity","en_US.UTF-8",TRUE,TRUE,TRUE,TRUE
"formula",8,"unequal_control","en_US.UTF-8",FALSE,FALSE,FALSE,FALSE
"formula",9,"forward_equal","en_US.UTF-8",TRUE,FALSE,TRUE,TRUE
"formula",9,"reverse_equal","en_US.UTF-8",TRUE,FALSE,TRUE,TRUE
"formula",9,"reflexivity","en_US.UTF-8",TRUE,TRUE,TRUE,TRUE
"formula",9,"unequal_control","en_US.UTF-8",FALSE,FALSE,FALSE,FALSE
"formula",10,"forward_equal","en_US.UTF-8",TRUE,FALSE,TRUE,TRUE
"formula",10,"reverse_equal","en_US.UTF-8",TRUE,FALSE,TRUE,TRUE
"formula",10,"reflexivity","en_US.UTF-8",TRUE,TRUE,TRUE,TRUE
"formula",10,"unequal_control","en_US.UTF-8",FALSE,FALSE,FALSE,FALSE
"formula",11,"forward_equal","en_US.UTF-8",TRUE,FALSE,TRUE,TRUE
"formula",11,"reverse_equal","en_US.UTF-8",TRUE,FALSE,TRUE,TRUE
"formula",11,"reflexivity","en_US.UTF-8",TRUE,TRUE,TRUE,TRUE
"formula",11,"unequal_control","en_US.UTF-8",FALSE,FALSE,FALSE,FALSE
"formula",12,"forward_equal","en_US.UTF-8",TRUE,FALSE,TRUE,TRUE
"formula",12,"reverse_equal","en_US.UTF-8",TRUE,FALSE,TRUE,TRUE
"formula",12,"reflexivity","en_US.UTF-8",TRUE,TRUE,TRUE,TRUE
"formula",12,"unequal_control","en_US.UTF-8",FALSE,FALSE,FALSE,FALSE
"formula",13,"forward_equal","en_US.UTF-8",TRUE,FALSE,TRUE,TRUE
"formula",13,"reverse_equal","en_US.UTF-8",TRUE,FALSE,TRUE,TRUE
"formula",13,"reflexivity","en_US.UTF-8",TRUE,TRUE,TRUE,TRUE
"formula",13,"unequal_control","en_US.UTF-8",FALSE,FALSE,FALSE,FALSE
"formula",14,"forward_equal","en_US.UTF-8",TRUE,FALSE,TRUE,TRUE
"formula",14,"reverse_equal","en_US.UTF-8",TRUE,FALSE,TRUE,TRUE
"formula",14,"reflexivity","en_US.UTF-8",TRUE,TRUE,TRUE,TRUE
"formula",14,"unequal_control","en_US.UTF-8",FALSE,FALSE,FALSE,FALSE
"formula",15,"forward_equal","en_US.UTF-8",TRUE,FALSE,TRUE,TRUE
"formula",15,"reverse_equal","en_US.UTF-8",TRUE,FALSE,TRUE,TRUE
"formula",15,"reflexivity","en_US.UTF-8",TRUE,TRUE,TRUE,TRUE
"formula",15,"unequal_control","en_US.UTF-8",FALSE,FALSE,FALSE,FALSE
"formula",16,"forward_equal","en_US.UTF-8",TRUE,FALSE,TRUE,TRUE
"formula",16,"reverse_equal","en_US.UTF-8",TRUE,FALSE,TRUE,TRUE
"formula",16,"reflexivity","en_US.UTF-8",TRUE,TRUE,TRUE,TRUE
"formula",16,"unequal_control","en_US.UTF-8",FALSE,FALSE,FALSE,FALSE
"formula",17,"forward_equal","en_US.UTF-8",TRUE,FALSE,TRUE,TRUE
"formula",17,"reverse_equal","en_US.UTF-8",TRUE,FALSE,TRUE,TRUE
"formula",17,"reflexivity","en_US.UTF-8",TRUE,TRUE,TRUE,TRUE
"formula",17,"unequal_control","en_US.UTF-8",FALSE,FALSE,FALSE,FALSE
"formula",18,"forward_equal","en_US.UTF-8",TRUE,FALSE,TRUE,TRUE
"formula",18,"reverse_equal","en_US.UTF-8",TRUE,FALSE,TRUE,TRUE
"formula",18,"reflexivity","en_US.UTF-8",TRUE,TRUE,TRUE,TRUE
"formula",18,"unequal_control","en_US.UTF-8",FALSE,FALSE,FALSE,FALSE
"formula",19,"forward_equal","en_US.UTF-8",TRUE,FALSE,TRUE,TRUE
"formula",19,"reverse_equal","en_US.UTF-8",TRUE,FALSE,TRUE,TRUE
"formula",19,"reflexivity","en_US.UTF-8",TRUE,TRUE,TRUE,TRUE
"formula",19,"unequal_control","en_US.UTF-8",FALSE,FALSE,FALSE,FALSE
"formula",20,"forward_equal","en_US.UTF-8",TRUE,FALSE,TRUE,TRUE
"formula",20,"reverse_equal","en_US.UTF-8",TRUE,FALSE,TRUE,TRUE
"formula",20,"reflexivity","en_US.UTF-8",TRUE,TRUE,TRUE,TRUE
"formula",20,"unequal_control","en_US.UTF-8",FALSE,FALSE,FALSE,FALSE
"formula",21,"forward_equal","en_US.UTF-8",TRUE,FALSE,TRUE,TRUE
"formula",21,"reverse_equal","en_US.UTF-8",TRUE,FALSE,TRUE,TRUE
"formula",21,"reflexivity","en_US.UTF-8",TRUE,TRUE,TRUE,TRUE
"formula",21,"unequal_control","en_US.UTF-8",FALSE,FALSE,FALSE,FALSE
"formula",22,"forward_equal","en_US.UTF-8",TRUE,FALSE,TRUE,TRUE
"formula",22,"reverse_equal","en_US.UTF-8",TRUE,FALSE,TRUE,TRUE
"formula",22,"reflexivity","en_US.UTF-8",TRUE,TRUE,TRUE,TRUE
"formula",22,"unequal_control","en_US.UTF-8",FALSE,FALSE,FALSE,FALSE
"formula",23,"forward_equal","en_US.UTF-8",TRUE,FALSE,TRUE,TRUE
"formula",23,"reverse_equal","en_US.UTF-8",TRUE,FALSE,TRUE,TRUE
"formula",23,"reflexivity","en_US.UTF-8",TRUE,TRUE,TRUE,TRUE
"formula",23,"unequal_control","en_US.UTF-8",FALSE,FALSE,FALSE,FALSE
"formula",24,"forward_equal","en_US.UTF-8",TRUE,FALSE,TRUE,TRUE
"formula",24,"reverse_equal","en_US.UTF-8",TRUE,FALSE,TRUE,TRUE
"formula",24,"reflexivity","en_US.UTF-8",TRUE,TRUE,TRUE,TRUE
"formula",24,"unequal_control","en_US.UTF-8",FALSE,FALSE,FALSE,FALSE
"formula",25,"forward_equal","en_US.UTF-8",TRUE,FALSE,TRUE,TRUE
"formula",25,"reverse_equal","en_US.UTF-8",TRUE,FALSE,TRUE,TRUE
"formula",25,"reflexivity","en_US.UTF-8",TRUE,TRUE,TRUE,TRUE
"formula",25,"unequal_control","en_US.UTF-8",FALSE,FALSE,FALSE,FALSE
"formula",26,"forward_equal","en_US.UTF-8",TRUE,FALSE,TRUE,TRUE
"formula",26,"reverse_equal","en_US.UTF-8",TRUE,FALSE,TRUE,TRUE
"formula",26,"reflexivity","en_US.UTF-8",TRUE,TRUE,TRUE,TRUE
"formula",26,"unequal_control","en_US.UTF-8",FALSE,FALSE,FALSE,FALSE
"formula",27,"forward_equal","en_US.UTF-8",TRUE,FALSE,TRUE,TRUE
"formula",27,"reverse_equal","en_US.UTF-8",TRUE,FALSE,TRUE,TRUE
"formula",27,"reflexivity","en_US.UTF-8",TRUE,TRUE,TRUE,TRUE
"formula",27,"unequal_control","en_US.UTF-8",FALSE,FALSE,FALSE,FALSE
"formula",28,"forward_equal","en_US.UTF-8",TRUE,FALSE,TRUE,TRUE
"formula",28,"reverse_equal","en_US.UTF-8",TRUE,FALSE,TRUE,TRUE
"formula",28,"reflexivity","en_US.UTF-8",TRUE,TRUE,TRUE,TRUE
"formula",28,"unequal_control","en_US.UTF-8",FALSE,FALSE,FALSE,FALSE
"formula",29,"forward_equal","en_US.UTF-8",TRUE,FALSE,TRUE,TRUE
"formula",29,"reverse_equal","en_US.UTF-8",TRUE,FALSE,TRUE,TRUE
"formula",29,"reflexivity","en_US.UTF-8",TRUE,TRUE,TRUE,TRUE
"formula",29,"unequal_control","en_US.UTF-8",FALSE,FALSE,FALSE,FALSE
"formula",30,"forward_equal","en_US.UTF-8",TRUE,FALSE,TRUE,TRUE
"formula",30,"reverse_equal","en_US.UTF-8",TRUE,FALSE,TRUE,TRUE
"formula",30,"reflexivity","en_US.UTF-8",TRUE,TRUE,TRUE,TRUE
"formula",30,"unequal_control","en_US.UTF-8",FALSE,FALSE,FALSE,FALSE
"formula",31,"forward_equal","en_US.UTF-8",TRUE,FALSE,TRUE,TRUE
"formula",31,"reverse_equal","en_US.UTF-8",TRUE,FALSE,TRUE,TRUE
"formula",31,"reflexivity","en_US.UTF-8",TRUE,TRUE,TRUE,TRUE
"formula",31,"unequal_control","en_US.UTF-8",FALSE,FALSE,FALSE,FALSE
"formula",32,"forward_equal","en_US.UTF-8",TRUE,FALSE,TRUE,TRUE
"formula",32,"reverse_equal","en_US.UTF-8",TRUE,FALSE,TRUE,TRUE
"formula",32,"reflexivity","en_US.UTF-8",TRUE,TRUE,TRUE,TRUE
"formula",32,"unequal_control","en_US.UTF-8",FALSE,FALSE,FALSE,FALSE
"formula",33,"forward_equal","en_US.UTF-8",TRUE,FALSE,TRUE,TRUE
"formula",33,"reverse_equal","en_US.UTF-8",TRUE,FALSE,TRUE,TRUE
"formula",33,"reflexivity","en_US.UTF-8",TRUE,TRUE,TRUE,TRUE
"formula",33,"unequal_control","en_US.UTF-8",FALSE,FALSE,FALSE,FALSE
"formula",34,"forward_equal","en_US.UTF-8",TRUE,FALSE,TRUE,TRUE
"formula",34,"reverse_equal","en_US.UTF-8",TRUE,FALSE,TRUE,TRUE
"formula",34,"reflexivity","en_US.UTF-8",TRUE,TRUE,TRUE,TRUE
"formula",34,"unequal_control","en_US.UTF-8",FALSE,FALSE,FALSE,FALSE
"formula",35,"forward_equal","en_US.UTF-8",TRUE,FALSE,TRUE,TRUE
"formula",35,"reverse_equal","en_US.UTF-8",TRUE,FALSE,TRUE,TRUE
"formula",35,"reflexivity","en_US.UTF-8",TRUE,TRUE,TRUE,TRUE
"formula",35,"unequal_control","en_US.UTF-8",FALSE,FALSE,FALSE,FALSE
"formula",36,"forward_equal","en_US.UTF-8",TRUE,FALSE,TRUE,TRUE
"formula",36,"reverse_equal","en_US.UTF-8",TRUE,FALSE,TRUE,TRUE
"formula",36,"reflexivity","en_US.UTF-8",TRUE,TRUE,TRUE,TRUE
"formula",36,"unequal_control","en_US.UTF-8",FALSE,FALSE,FALSE,FALSE
"formula",37,"forward_equal","en_US.UTF-8",TRUE,FALSE,TRUE,TRUE
"formula",37,"reverse_equal","en_US.UTF-8",TRUE,FALSE,TRUE,TRUE
"formula",37,"reflexivity","en_US.UTF-8",TRUE,TRUE,TRUE,TRUE
"formula",37,"unequal_control","en_US.UTF-8",FALSE,FALSE,FALSE,FALSE
"formula",38,"forward_equal","en_US.UTF-8",TRUE,FALSE,TRUE,TRUE
"formula",38,"reverse_equal","en_US.UTF-8",TRUE,FALSE,TRUE,TRUE
"formula",38,"reflexivity","en_US.UTF-8",TRUE,TRUE,TRUE,TRUE
"formula",38,"unequal_control","en_US.UTF-8",FALSE,FALSE,FALSE,FALSE
"formula",39,"forward_equal","en_US.UTF-8",TRUE,FALSE,TRUE,TRUE
"formula",39,"reverse_equal","en_US.UTF-8",TRUE,FALSE,TRUE,TRUE
"formula",39,"reflexivity","en_US.UTF-8",TRUE,TRUE,TRUE,TRUE
"formula",39,"unequal_control","en_US.UTF-8",FALSE,FALSE,FALSE,FALSE
"formula",40,"forward_equal","en_US.UTF-8",TRUE,FALSE,TRUE,TRUE
"formula",40,"reverse_equal","en_US.UTF-8",TRUE,FALSE,TRUE,TRUE
"formula",40,"reflexivity","en_US.UTF-8",TRUE,TRUE,TRUE,TRUE
"formula",40,"unequal_control","en_US.UTF-8",FALSE,FALSE,FALSE,FALSE
"formula",41,"forward_equal","en_US.UTF-8",TRUE,FALSE,TRUE,TRUE
"formula",41,"reverse_equal","en_US.UTF-8",TRUE,FALSE,TRUE,TRUE
"formula",41,"reflexivity","en_US.UTF-8",TRUE,TRUE,TRUE,TRUE
"formula",41,"unequal_control","en_US.UTF-8",FALSE,FALSE,FALSE,FALSE
"formula",42,"forward_equal","en_US.UTF-8",TRUE,FALSE,TRUE,TRUE
"formula",42,"reverse_equal","en_US.UTF-8",TRUE,FALSE,TRUE,TRUE
"formula",42,"reflexivity","en_US.UTF-8",TRUE,TRUE,TRUE,TRUE
"formula",42,"unequal_control","en_US.UTF-8",FALSE,FALSE,FALSE,FALSE
"formula",43,"forward_equal","en_US.UTF-8",TRUE,FALSE,TRUE,TRUE
"formula",43,"reverse_equal","en_US.UTF-8",TRUE,FALSE,TRUE,TRUE
"formula",43,"reflexivity","en_US.UTF-8",TRUE,TRUE,TRUE,TRUE
"formula",43,"unequal_control","en_US.UTF-8",FALSE,FALSE,FALSE,FALSE
"formula",44,"forward_equal","en_US.UTF-8",TRUE,FALSE,TRUE,TRUE
"formula",44,"reverse_equal","en_US.UTF-8",TRUE,FALSE,TRUE,TRUE
"formula",44,"reflexivity","en_US.UTF-8",TRUE,TRUE,TRUE,TRUE
"formula",44,"unequal_control","en_US.UTF-8",FALSE,FALSE,FALSE,FALSE
"formula",45,"forward_equal","en_US.UTF-8",TRUE,FALSE,TRUE,TRUE
"formula",45,"reverse_equal","en_US.UTF-8",TRUE,FALSE,TRUE,TRUE
"formula",45,"reflexivity","en_US.UTF-8",TRUE,TRUE,TRUE,TRUE
"formula",45,"unequal_control","en_US.UTF-8",FALSE,FALSE,FALSE,FALSE
"formula",46,"forward_equal","en_US.UTF-8",TRUE,FALSE,TRUE,TRUE
"formula",46,"reverse_equal","en_US.UTF-8",TRUE,FALSE,TRUE,TRUE
"formula",46,"reflexivity","en_US.UTF-8",TRUE,TRUE,TRUE,TRUE
"formula",46,"unequal_control","en_US.UTF-8",FALSE,FALSE,FALSE,FALSE
"formula",47,"forward_equal","en_US.UTF-8",TRUE,FALSE,TRUE,TRUE
"formula",47,"reverse_equal","en_US.UTF-8",TRUE,FALSE,TRUE,TRUE
"formula",47,"reflexivity","en_US.UTF-8",TRUE,TRUE,TRUE,TRUE
"formula",47,"unequal_control","en_US.UTF-8",FALSE,FALSE,FALSE,FALSE
"formula",48,"forward_equal","en_US.UTF-8",TRUE,FALSE,TRUE,TRUE
"formula",48,"reverse_equal","en_US.UTF-8",TRUE,FALSE,TRUE,TRUE
"formula",48,"reflexivity","en_US.UTF-8",TRUE,TRUE,TRUE,TRUE
"formula",48,"unequal_control","en_US.UTF-8",FALSE,FALSE,FALSE,FALSE
"formula",49,"forward_equal","en_US.UTF-8",TRUE,FALSE,TRUE,TRUE
"formula",49,"reverse_equal","en_US.UTF-8",TRUE,FALSE,TRUE,TRUE
"formula",49,"reflexivity","en_US.UTF-8",TRUE,TRUE,TRUE,TRUE
"formula",49,"unequal_control","en_US.UTF-8",FALSE,FALSE,FALSE,FALSE
"formula",50,"forward_equal","en_US.UTF-8",TRUE,FALSE,TRUE,TRUE
"formula",50,"reverse_equal","en_US.UTF-8",TRUE,FALSE,TRUE,TRUE
"formula",50,"reflexivity","en_US.UTF-8",TRUE,TRUE,TRUE,TRUE
"formula",50,"unequal_control","en_US.UTF-8",FALSE,FALSE,FALSE,FALSE
"formula",51,"forward_equal","en_US.UTF-8",TRUE,FALSE,TRUE,TRUE
"formula",51,"reverse_equal","en_US.UTF-8",TRUE,FALSE,TRUE,TRUE
"formula",51,"reflexivity","en_US.UTF-8",TRUE,TRUE,TRUE,TRUE
"formula",51,"unequal_control","en_US.UTF-8",FALSE,FALSE,FALSE,FALSE
"formula",52,"forward_equal","en_US.UTF-8",TRUE,FALSE,TRUE,TRUE
"formula",52,"reverse_equal","en_US.UTF-8",TRUE,FALSE,TRUE,TRUE
"formula",52,"reflexivity","en_US.UTF-8",TRUE,TRUE,TRUE,TRUE
"formula",52,"unequal_control","en_US.UTF-8",FALSE,FALSE,FALSE,FALSE
"formula",53,"forward_equal","en_US.UTF-8",TRUE,FALSE,TRUE,TRUE
"formula",53,"reverse_equal","en_US.UTF-8",TRUE,FALSE,TRUE,TRUE
"formula",53,"reflexivity","en_US.UTF-8",TRUE,TRUE,TRUE,TRUE
"formula",53,"unequal_control","en_US.UTF-8",FALSE,FALSE,FALSE,FALSE
"formula",54,"forward_equal","en_US.UTF-8",TRUE,FALSE,TRUE,TRUE
"formula",54,"reverse_equal","en_US.UTF-8",TRUE,FALSE,TRUE,TRUE
"formula",54,"reflexivity","en_US.UTF-8",TRUE,TRUE,TRUE,TRUE
"formula",54,"unequal_control","en_US.UTF-8",FALSE,FALSE,FALSE,FALSE
"formula",55,"forward_equal","en_US.UTF-8",TRUE,FALSE,TRUE,TRUE
"formula",55,"reverse_equal","en_US.UTF-8",TRUE,FALSE,TRUE,TRUE
"formula",55,"reflexivity","en_US.UTF-8",TRUE,TRUE,TRUE,TRUE
"formula",55,"unequal_control","en_US.UTF-8",FALSE,FALSE,FALSE,FALSE
"formula",56,"forward_equal","en_US.UTF-8",TRUE,FALSE,TRUE,TRUE
"formula",56,"reverse_equal","en_US.UTF-8",TRUE,FALSE,TRUE,TRUE
"formula",56,"reflexivity","en_US.UTF-8",TRUE,TRUE,TRUE,TRUE
"formula",56,"unequal_control","en_US.UTF-8",FALSE,FALSE,FALSE,FALSE
"formula",57,"forward_equal","en_US.UTF-8",TRUE,FALSE,TRUE,TRUE
"formula",57,"reverse_equal","en_US.UTF-8",TRUE,FALSE,TRUE,TRUE
"formula",57,"reflexivity","en_US.UTF-8",TRUE,TRUE,TRUE,TRUE
"formula",57,"unequal_control","en_US.UTF-8",FALSE,FALSE,FALSE,FALSE
"formula",58,"forward_equal","en_US.UTF-8",TRUE,FALSE,TRUE,TRUE
"formula",58,"reverse_equal","en_US.UTF-8",TRUE,FALSE,TRUE,TRUE
"formula",58,"reflexivity","en_US.UTF-8",TRUE,TRUE,TRUE,TRUE
"formula",58,"unequal_control","en_US.UTF-8",FALSE,FALSE,FALSE,FALSE
"formula",59,"forward_equal","en_US.UTF-8",TRUE,FALSE,TRUE,TRUE
"formula",59,"reverse_equal","en_US.UTF-8",TRUE,FALSE,TRUE,TRUE
"formula",59,"reflexivity","en_US.UTF-8",TRUE,TRUE,TRUE,TRUE
"formula",59,"unequal_control","en_US.UTF-8",FALSE,FALSE,FALSE,FALSE
"formula",60,"forward_equal","en_US.UTF-8",TRUE,FALSE,TRUE,TRUE
"formula",60,"reverse_equal","en_US.UTF-8",TRUE,FALSE,TRUE,TRUE
"formula",60,"reflexivity","en_US.UTF-8",TRUE,TRUE,TRUE,TRUE
"formula",60,"unequal_control","en_US.UTF-8",FALSE,FALSE,FALSE,FALSE
"formula",61,"forward_equal","en_US.UTF-8",TRUE,FALSE,TRUE,TRUE
"formula",61,"reverse_equal","en_US.UTF-8",TRUE,FALSE,TRUE,TRUE
"formula",61,"reflexivity","en_US.UTF-8",TRUE,TRUE,TRUE,TRUE
"formula",61,"unequal_control","en_US.UTF-8",FALSE,FALSE,FALSE,FALSE
"formula",62,"forward_equal","en_US.UTF-8",TRUE,FALSE,TRUE,TRUE
"formula",62,"reverse_equal","en_US.UTF-8",TRUE,FALSE,TRUE,TRUE
"formula",62,"reflexivity","en_US.UTF-8",TRUE,TRUE,TRUE,TRUE
"formula",62,"unequal_control","en_US.UTF-8",FALSE,FALSE,FALSE,FALSE
"formula",63,"forward_equal","en_US.UTF-8",TRUE,FALSE,TRUE,TRUE
"formula",63,"reverse_equal","en_US.UTF-8",TRUE,FALSE,TRUE,TRUE
"formula",63,"reflexivity","en_US.UTF-8",TRUE,TRUE,TRUE,TRUE
"formula",63,"unequal_control","en_US.UTF-8",FALSE,FALSE,FALSE,FALSE
"formula",64,"forward_equal","en_US.UTF-8",TRUE,FALSE,TRUE,TRUE
"formula",64,"reverse_equal","en_US.UTF-8",TRUE,FALSE,TRUE,TRUE
"formula",64,"reflexivity","en_US.UTF-8",TRUE,TRUE,TRUE,TRUE
"formula",64,"unequal_control","en_US.UTF-8",FALSE,FALSE,FALSE,FALSE
"formula",65,"forward_equal","en_US.UTF-8",TRUE,FALSE,TRUE,TRUE
"formula",65,"reverse_equal","en_US.UTF-8",TRUE,FALSE,TRUE,TRUE
"formula",65,"reflexivity","en_US.UTF-8",TRUE,TRUE,TRUE,TRUE
"formula",65,"unequal_control","en_US.UTF-8",FALSE,FALSE,FALSE,FALSE
"formula",66,"forward_equal","en_US.UTF-8",TRUE,FALSE,TRUE,TRUE
"formula",66,"reverse_equal","en_US.UTF-8",TRUE,FALSE,TRUE,TRUE
"formula",66,"reflexivity","en_US.UTF-8",TRUE,TRUE,TRUE,TRUE
"formula",66,"unequal_control","en_US.UTF-8",FALSE,FALSE,FALSE,FALSE
"formula",67,"forward_equal","en_US.UTF-8",TRUE,FALSE,TRUE,TRUE
"formula",67,"reverse_equal","en_US.UTF-8",TRUE,FALSE,TRUE,TRUE
"formula",67,"reflexivity","en_US.UTF-8",TRUE,TRUE,TRUE,TRUE
"formula",67,"unequal_control","en_US.UTF-8",FALSE,FALSE,FALSE,FALSE
"formula",68,"forward_equal","en_US.UTF-8",TRUE,FALSE,TRUE,TRUE
"formula",68,"reverse_equal","en_US.UTF-8",TRUE,FALSE,TRUE,TRUE
"formula",68,"reflexivity","en_US.UTF-8",TRUE,TRUE,TRUE,TRUE
"formula",68,"unequal_control","en_US.UTF-8",FALSE,FALSE,FALSE,FALSE
"formula",69,"forward_equal","en_US.UTF-8",TRUE,FALSE,TRUE,TRUE
"formula",69,"reverse_equal","en_US.UTF-8",TRUE,FALSE,TRUE,TRUE
"formula",69,"reflexivity","en_US.UTF-8",TRUE,TRUE,TRUE,TRUE
"formula",69,"unequal_control","en_US.UTF-8",FALSE,FALSE,FALSE,FALSE
"formula",70,"forward_equal","en_US.UTF-8",TRUE,FALSE,TRUE,TRUE
"formula",70,"reverse_equal","en_US.UTF-8",TRUE,FALSE,TRUE,TRUE
"formula",70,"reflexivity","en_US.UTF-8",TRUE,TRUE,TRUE,TRUE
"formula",70,"unequal_control","en_US.UTF-8",FALSE,FALSE,FALSE,FALSE
"formula",71,"forward_equal","en_US.UTF-8",TRUE,FALSE,TRUE,TRUE
"formula",71,"reverse_equal","en_US.UTF-8",TRUE,FALSE,TRUE,TRUE
"formula",71,"reflexivity","en_US.UTF-8",TRUE,TRUE,TRUE,TRUE
"formula",71,"unequal_control","en_US.UTF-8",FALSE,FALSE,FALSE,FALSE
"formula",72,"forward_equal","en_US.UTF-8",TRUE,FALSE,TRUE,TRUE
"formula",72,"reverse_equal","en_US.UTF-8",TRUE,FALSE,TRUE,TRUE
"formula",72,"reflexivity","en_US.UTF-8",TRUE,TRUE,TRUE,TRUE
"formula",72,"unequal_control","en_US.UTF-8",FALSE,FALSE,FALSE,FALSE
"formula",73,"forward_equal","en_US.UTF-8",TRUE,FALSE,TRUE,TRUE
"formula",73,"reverse_equal","en_US.UTF-8",TRUE,FALSE,TRUE,TRUE
"formula",73,"reflexivity","en_US.UTF-8",TRUE,TRUE,TRUE,TRUE
"formula",73,"unequal_control","en_US.UTF-8",FALSE,FALSE,FALSE,FALSE
"formula",74,"forward_equal","en_US.UTF-8",TRUE,FALSE,TRUE,TRUE
"formula",74,"reverse_equal","en_US.UTF-8",TRUE,FALSE,TRUE,TRUE
"formula",74,"reflexivity","en_US.UTF-8",TRUE,TRUE,TRUE,TRUE
"formula",74,"unequal_control","en_US.UTF-8",FALSE,FALSE,FALSE,FALSE
"formula",75,"forward_equal","en_US.UTF-8",TRUE,FALSE,TRUE,TRUE
"formula",75,"reverse_equal","en_US.UTF-8",TRUE,FALSE,TRUE,TRUE
"formula",75,"reflexivity","en_US.UTF-8",TRUE,TRUE,TRUE,TRUE
"formula",75,"unequal_control","en_US.UTF-8",FALSE,FALSE,FALSE,FALSE
"formula",76,"forward_equal","en_US.UTF-8",TRUE,FALSE,TRUE,TRUE
"formula",76,"reverse_equal","en_US.UTF-8",TRUE,FALSE,TRUE,TRUE
"formula",76,"reflexivity","en_US.UTF-8",TRUE,TRUE,TRUE,TRUE
"formula",76,"unequal_control","en_US.UTF-8",FALSE,FALSE,FALSE,FALSE
"formula",77,"forward_equal","en_US.UTF-8",TRUE,FALSE,TRUE,TRUE
"formula",77,"reverse_equal","en_US.UTF-8",TRUE,FALSE,TRUE,TRUE
"formula",77,"reflexivity","en_US.UTF-8",TRUE,TRUE,TRUE,TRUE
"formula",77,"unequal_control","en_US.UTF-8",FALSE,FALSE,FALSE,FALSE
"formula",78,"forward_equal","en_US.UTF-8",TRUE,FALSE,TRUE,TRUE
"formula",78,"reverse_equal","en_US.UTF-8",TRUE,FALSE,TRUE,TRUE
"formula",78,"reflexivity","en_US.UTF-8",TRUE,TRUE,TRUE,TRUE
"formula",78,"unequal_control","en_US.UTF-8",FALSE,FALSE,FALSE,FALSE
"formula",79,"forward_equal","en_US.UTF-8",TRUE,FALSE,TRUE,TRUE
"formula",79,"reverse_equal","en_US.UTF-8",TRUE,FALSE,TRUE,TRUE
"formula",79,"reflexivity","en_US.UTF-8",TRUE,TRUE,TRUE,TRUE
"formula",79,"unequal_control","en_US.UTF-8",FALSE,FALSE,FALSE,FALSE
"formula",80,"forward_equal","en_US.UTF-8",TRUE,FALSE,TRUE,TRUE
"formula",80,"reverse_equal","en_US.UTF-8",TRUE,FALSE,TRUE,TRUE
"formula",80,"reflexivity","en_US.UTF-8",TRUE,TRUE,TRUE,TRUE
"formula",80,"unequal_control","en_US.UTF-8",FALSE,FALSE,FALSE,FALSE
"formula",81,"forward_equal","en_US.UTF-8",TRUE,FALSE,TRUE,TRUE
"formula",81,"reverse_equal","en_US.UTF-8",TRUE,FALSE,TRUE,TRUE
"formula",81,"reflexivity","en_US.UTF-8",TRUE,TRUE,TRUE,TRUE
"formula",81,"unequal_control","en_US.UTF-8",FALSE,FALSE,FALSE,FALSE
"formula",82,"forward_equal","en_US.UTF-8",TRUE,FALSE,TRUE,TRUE
"formula",82,"reverse_equal","en_US.UTF-8",TRUE,FALSE,TRUE,TRUE
"formula",82,"reflexivity","en_US.UTF-8",TRUE,TRUE,TRUE,TRUE
"formula",82,"unequal_control","en_US.UTF-8",FALSE,FALSE,FALSE,FALSE
"formula",83,"forward_equal","en_US.UTF-8",TRUE,FALSE,TRUE,TRUE
"formula",83,"reverse_equal","en_US.UTF-8",TRUE,FALSE,TRUE,TRUE
"formula",83,"reflexivity","en_US.UTF-8",TRUE,TRUE,TRUE,TRUE
"formula",83,"unequal_control","en_US.UTF-8",FALSE,FALSE,FALSE,FALSE
"formula",84,"forward_equal","en_US.UTF-8",TRUE,FALSE,TRUE,TRUE
"formula",84,"reverse_equal","en_US.UTF-8",TRUE,FALSE,TRUE,TRUE
"formula",84,"reflexivity","en_US.UTF-8",TRUE,TRUE,TRUE,TRUE
"formula",84,"unequal_control","en_US.UTF-8",FALSE,FALSE,FALSE,FALSE
"formula",85,"forward_equal","en_US.UTF-8",TRUE,FALSE,TRUE,TRUE
"formula",85,"reverse_equal","en_US.UTF-8",TRUE,FALSE,TRUE,TRUE
"formula",85,"reflexivity","en_US.UTF-8",TRUE,TRUE,TRUE,TRUE
"formula",85,"unequal_control","en_US.UTF-8",FALSE,FALSE,FALSE,FALSE
"formula",86,"forward_equal","en_US.UTF-8",TRUE,FALSE,TRUE,TRUE
"formula",86,"reverse_equal","en_US.UTF-8",TRUE,FALSE,TRUE,TRUE
"formula",86,"reflexivity","en_US.UTF-8",TRUE,TRUE,TRUE,TRUE
"formula",86,"unequal_control","en_US.UTF-8",FALSE,FALSE,FALSE,FALSE
"formula",87,"forward_equal","en_US.UTF-8",TRUE,FALSE,TRUE,TRUE
"formula",87,"reverse_equal","en_US.UTF-8",TRUE,FALSE,TRUE,TRUE
"formula",87,"reflexivity","en_US.UTF-8",TRUE,TRUE,TRUE,TRUE
"formula",87,"unequal_control","en_US.UTF-8",FALSE,FALSE,FALSE,FALSE
"formula",88,"forward_equal","en_US.UTF-8",TRUE,FALSE,TRUE,TRUE
"formula",88,"reverse_equal","en_US.UTF-8",TRUE,FALSE,TRUE,TRUE
"formula",88,"reflexivity","en_US.UTF-8",TRUE,TRUE,TRUE,TRUE
"formula",88,"unequal_control","en_US.UTF-8",FALSE,FALSE,FALSE,FALSE
"formula",89,"forward_equal","en_US.UTF-8",TRUE,FALSE,TRUE,TRUE
"formula",89,"reverse_equal","en_US.UTF-8",TRUE,FALSE,TRUE,TRUE
"formula",89,"reflexivity","en_US.UTF-8",TRUE,TRUE,TRUE,TRUE
"formula",89,"unequal_control","en_US.UTF-8",FALSE,FALSE,FALSE,FALSE
"formula",90,"forward_equal","en_US.UTF-8",TRUE,FALSE,TRUE,TRUE
"formula",90,"reverse_equal","en_US.UTF-8",TRUE,FALSE,TRUE,TRUE
"formula",90,"reflexivity","en_US.UTF-8",TRUE,TRUE,TRUE,TRUE
"formula",90,"unequal_control","en_US.UTF-8",FALSE,FALSE,FALSE,FALSE
"formula",91,"forward_equal","en_US.UTF-8",TRUE,FALSE,TRUE,TRUE
"formula",91,"reverse_equal","en_US.UTF-8",TRUE,FALSE,TRUE,TRUE
"formula",91,"reflexivity","en_US.UTF-8",TRUE,TRUE,TRUE,TRUE
"formula",91,"unequal_control","en_US.UTF-8",FALSE,FALSE,FALSE,FALSE
"formula",92,"forward_equal","en_US.UTF-8",TRUE,FALSE,TRUE,TRUE
"formula",92,"reverse_equal","en_US.UTF-8",TRUE,FALSE,TRUE,TRUE
"formula",92,"reflexivity","en_US.UTF-8",TRUE,TRUE,TRUE,TRUE
"formula",92,"unequal_control","en_US.UTF-8",FALSE,FALSE,FALSE,FALSE
"formula",93,"forward_equal","en_US.UTF-8",TRUE,FALSE,TRUE,TRUE
"formula",93,"reverse_equal","en_US.UTF-8",TRUE,FALSE,TRUE,TRUE
"formula",93,"reflexivity","en_US.UTF-8",TRUE,TRUE,TRUE,TRUE
"formula",93,"unequal_control","en_US.UTF-8",FALSE,FALSE,FALSE,FALSE
"formula",94,"forward_equal","en_US.UTF-8",TRUE,FALSE,TRUE,TRUE
"formula",94,"reverse_equal","en_US.UTF-8",TRUE,FALSE,TRUE,TRUE
"formula",94,"reflexivity","en_US.UTF-8",TRUE,TRUE,TRUE,TRUE
"formula",94,"unequal_control","en_US.UTF-8",FALSE,FALSE,FALSE,FALSE
"formula",95,"forward_equal","en_US.UTF-8",TRUE,FALSE,TRUE,TRUE
"formula",95,"reverse_equal","en_US.UTF-8",TRUE,FALSE,TRUE,TRUE
"formula",95,"reflexivity","en_US.UTF-8",TRUE,TRUE,TRUE,TRUE
"formula",95,"unequal_control","en_US.UTF-8",FALSE,FALSE,FALSE,FALSE
"formula",96,"forward_equal","en_US.UTF-8",TRUE,FALSE,TRUE,TRUE
"formula",96,"reverse_equal","en_US.UTF-8",TRUE,FALSE,TRUE,TRUE
"formula",96,"reflexivity","en_US.UTF-8",TRUE,TRUE,TRUE,TRUE
"formula",96,"unequal_control","en_US.UTF-8",FALSE,FALSE,FALSE,FALSE
"formula",97,"forward_equal","en_US.UTF-8",TRUE,FALSE,TRUE,TRUE
"formula",97,"reverse_equal","en_US.UTF-8",TRUE,FALSE,TRUE,TRUE
"formula",97,"reflexivity","en_US.UTF-8",TRUE,TRUE,TRUE,TRUE
"formula",97,"unequal_control","en_US.UTF-8",FALSE,FALSE,FALSE,FALSE
"formula",98,"forward_equal","en_US.UTF-8",TRUE,FALSE,TRUE,TRUE
"formula",98,"reverse_equal","en_US.UTF-8",TRUE,FALSE,TRUE,TRUE
"formula",98,"reflexivity","en_US.UTF-8",TRUE,TRUE,TRUE,TRUE
"formula",98,"unequal_control","en_US.UTF-8",FALSE,FALSE,FALSE,FALSE
"formula",99,"forward_equal","en_US.UTF-8",TRUE,FALSE,TRUE,TRUE
"formula",99,"reverse_equal","en_US.UTF-8",TRUE,FALSE,TRUE,TRUE
"formula",99,"reflexivity","en_US.UTF-8",TRUE,TRUE,TRUE,TRUE
"formula",99,"unequal_control","en_US.UTF-8",FALSE,FALSE,FALSE,FALSE
"formula",100,"forward_equal","en_US.UTF-8",TRUE,FALSE,TRUE,TRUE
"formula",100,"reverse_equal","en_US.UTF-8",TRUE,FALSE,TRUE,TRUE
"formula",100,"reflexivity","en_US.UTF-8",TRUE,TRUE,TRUE,TRUE
"formula",100,"unequal_control","en_US.UTF-8",FALSE,FALSE,FALSE,FALSE
"formula",101,"forward_equal","en_US.UTF-8",TRUE,FALSE,TRUE,TRUE
"formula",101,"reverse_equal","en_US.UTF-8",TRUE,FALSE,TRUE,TRUE
"formula",101,"reflexivity","en_US.UTF-8",TRUE,TRUE,TRUE,TRUE
"formula",101,"unequal_control","en_US.UTF-8",FALSE,FALSE,FALSE,FALSE
"formula",102,"forward_equal","en_US.UTF-8",TRUE,FALSE,TRUE,TRUE
"formula",102,"reverse_equal","en_US.UTF-8",TRUE,FALSE,TRUE,TRUE
"formula",102,"reflexivity","en_US.UTF-8",TRUE,TRUE,TRUE,TRUE
"formula",102,"unequal_control","en_US.UTF-8",FALSE,FALSE,FALSE,FALSE
"formula",103,"forward_equal","en_US.UTF-8",TRUE,FALSE,TRUE,TRUE
"formula",103,"reverse_equal","en_US.UTF-8",TRUE,FALSE,TRUE,TRUE
"formula",103,"reflexivity","en_US.UTF-8",TRUE,TRUE,TRUE,TRUE
"formula",103,"unequal_control","en_US.UTF-8",FALSE,FALSE,FALSE,FALSE
"formula",104,"forward_equal","en_US.UTF-8",TRUE,FALSE,TRUE,TRUE
"formula",104,"reverse_equal","en_US.UTF-8",TRUE,FALSE,TRUE,TRUE
"formula",104,"reflexivity","en_US.UTF-8",TRUE,TRUE,TRUE,TRUE
"formula",104,"unequal_control","en_US.UTF-8",FALSE,FALSE,FALSE,FALSE
"formula",105,"forward_equal","en_US.UTF-8",TRUE,FALSE,TRUE,TRUE
"formula",105,"reverse_equal","en_US.UTF-8",TRUE,FALSE,TRUE,TRUE
"formula",105,"reflexivity","en_US.UTF-8",TRUE,TRUE,TRUE,TRUE
"formula",105,"unequal_control","en_US.UTF-8",FALSE,FALSE,FALSE,FALSE
"formula",106,"forward_equal","en_US.UTF-8",TRUE,FALSE,TRUE,TRUE
"formula",106,"reverse_equal","en_US.UTF-8",TRUE,FALSE,TRUE,TRUE
"formula",106,"reflexivity","en_US.UTF-8",TRUE,TRUE,TRUE,TRUE
"formula",106,"unequal_control","en_US.UTF-8",FALSE,FALSE,FALSE,FALSE
"formula",107,"forward_equal","en_US.UTF-8",TRUE,FALSE,TRUE,TRUE
"formula",107,"reverse_equal","en_US.UTF-8",TRUE,FALSE,TRUE,TRUE
"formula",107,"reflexivity","en_US.UTF-8",TRUE,TRUE,TRUE,TRUE
"formula",107,"unequal_control","en_US.UTF-8",FALSE,FALSE,FALSE,FALSE
"formula",108,"forward_equal","en_US.UTF-8",TRUE,FALSE,TRUE,TRUE
"formula",108,"reverse_equal","en_US.UTF-8",TRUE,FALSE,TRUE,TRUE
"formula",108,"reflexivity","en_US.UTF-8",TRUE,TRUE,TRUE,TRUE
"formula",108,"unequal_control","en_US.UTF-8",FALSE,FALSE,FALSE,FALSE
"formula",109,"forward_equal","en_US.UTF-8",TRUE,FALSE,TRUE,TRUE
"formula",109,"reverse_equal","en_US.UTF-8",TRUE,FALSE,TRUE,TRUE
"formula",109,"reflexivity","en_US.UTF-8",TRUE,TRUE,TRUE,TRUE
"formula",109,"unequal_control","en_US.UTF-8",FALSE,FALSE,FALSE,FALSE
"formula",110,"forward_equal","en_US.UTF-8",TRUE,FALSE,TRUE,TRUE
"formula",110,"reverse_equal","en_US.UTF-8",TRUE,FALSE,TRUE,TRUE
"formula",110,"reflexivity","en_US.UTF-8",TRUE,TRUE,TRUE,TRUE
"formula",110,"unequal_control","en_US.UTF-8",FALSE,FALSE,FALSE,FALSE
"formula",111,"forward_equal","en_US.UTF-8",TRUE,FALSE,TRUE,TRUE
"formula",111,"reverse_equal","en_US.UTF-8",TRUE,FALSE,TRUE,TRUE
"formula",111,"reflexivity","en_US.UTF-8",TRUE,TRUE,TRUE,TRUE
"formula",111,"unequal_control","en_US.UTF-8",FALSE,FALSE,FALSE,FALSE
"formula",112,"forward_equal","en_US.UTF-8",TRUE,FALSE,TRUE,TRUE
"formula",112,"reverse_equal","en_US.UTF-8",TRUE,FALSE,TRUE,TRUE
"formula",112,"reflexivity","en_US.UTF-8",TRUE,TRUE,TRUE,TRUE
"formula",112,"unequal_control","en_US.UTF-8",FALSE,FALSE,FALSE,FALSE
"formula",113,"forward_equal","en_US.UTF-8",TRUE,FALSE,TRUE,TRUE
"formula",113,"reverse_equal","en_US.UTF-8",TRUE,FALSE,TRUE,TRUE
"formula",113,"reflexivity","en_US.UTF-8",TRUE,TRUE,TRUE,TRUE
"formula",113,"unequal_control","en_US.UTF-8",FALSE,FALSE,FALSE,FALSE
"formula",114,"forward_equal","en_US.UTF-8",TRUE,FALSE,TRUE,TRUE
"formula",114,"reverse_equal","en_US.UTF-8",TRUE,FALSE,TRUE,TRUE
"formula",114,"reflexivity","en_US.UTF-8",TRUE,TRUE,TRUE,TRUE
"formula",114,"unequal_control","en_US.UTF-8",FALSE,FALSE,FALSE,FALSE
"formula",115,"forward_equal","en_US.UTF-8",TRUE,FALSE,TRUE,TRUE
"formula",115,"reverse_equal","en_US.UTF-8",TRUE,FALSE,TRUE,TRUE
"formula",115,"reflexivity","en_US.UTF-8",TRUE,TRUE,TRUE,TRUE
"formula",115,"unequal_control","en_US.UTF-8",FALSE,FALSE,FALSE,FALSE
"formula",116,"forward_equal","en_US.UTF-8",TRUE,FALSE,TRUE,TRUE
"formula",116,"reverse_equal","en_US.UTF-8",TRUE,FALSE,TRUE,TRUE
"formula",116,"reflexivity","en_US.UTF-8",TRUE,TRUE,TRUE,TRUE
"formula",116,"unequal_control","en_US.UTF-8",FALSE,FALSE,FALSE,FALSE
"formula",117,"forward_equal","en_US.UTF-8",TRUE,FALSE,TRUE,TRUE
"formula",117,"reverse_equal","en_US.UTF-8",TRUE,FALSE,TRUE,TRUE
"formula",117,"reflexivity","en_US.UTF-8",TRUE,TRUE,TRUE,TRUE
"formula",117,"unequal_control","en_US.UTF-8",FALSE,FALSE,FALSE,FALSE
"formula",118,"forward_equal","en_US.UTF-8",TRUE,FALSE,TRUE,TRUE
"formula",118,"reverse_equal","en_US.UTF-8",TRUE,FALSE,TRUE,TRUE
"formula",118,"reflexivity","en_US.UTF-8",TRUE,TRUE,TRUE,TRUE
"formula",118,"unequal_control","en_US.UTF-8",FALSE,FALSE,FALSE,FALSE
"formula",119,"forward_equal","en_US.UTF-8",TRUE,FALSE,TRUE,TRUE
"formula",119,"reverse_equal","en_US.UTF-8",TRUE,FALSE,TRUE,TRUE
"formula",119,"reflexivity","en_US.UTF-8",TRUE,TRUE,TRUE,TRUE
"formula",119,"unequal_control","en_US.UTF-8",FALSE,FALSE,FALSE,FALSE
"formula",120,"forward_equal","en_US.UTF-8",TRUE,FALSE,TRUE,TRUE
"formula",120,"reverse_equal","en_US.UTF-8",TRUE,FALSE,TRUE,TRUE
"formula",120,"reflexivity","en_US.UTF-8",TRUE,TRUE,TRUE,TRUE
"formula",120,"unequal_control","en_US.UTF-8",FALSE,FALSE,FALSE,FALSE
"formula",121,"forward_equal","en_US.UTF-8",TRUE,FALSE,TRUE,TRUE
"formula",121,"reverse_equal","en_US.UTF-8",TRUE,FALSE,TRUE,TRUE
"formula",121,"reflexivity","en_US.UTF-8",TRUE,TRUE,TRUE,TRUE
"formula",121,"unequal_control","en_US.UTF-8",FALSE,FALSE,FALSE,FALSE
"formula",122,"forward_equal","en_US.UTF-8",TRUE,FALSE,TRUE,TRUE
"formula",122,"reverse_equal","en_US.UTF-8",TRUE,FALSE,TRUE,TRUE
"formula",122,"reflexivity","en_US.UTF-8",TRUE,TRUE,TRUE,TRUE
"formula",122,"unequal_control","en_US.UTF-8",FALSE,FALSE,FALSE,FALSE
"formula",123,"forward_equal","en_US.UTF-8",TRUE,FALSE,TRUE,TRUE
"formula",123,"reverse_equal","en_US.UTF-8",TRUE,FALSE,TRUE,TRUE
"formula",123,"reflexivity","en_US.UTF-8",TRUE,TRUE,TRUE,TRUE
"formula",123,"unequal_control","en_US.UTF-8",FALSE,FALSE,FALSE,FALSE
"formula",124,"forward_equal","en_US.UTF-8",TRUE,FALSE,TRUE,TRUE
"formula",124,"reverse_equal","en_US.UTF-8",TRUE,FALSE,TRUE,TRUE
"formula",124,"reflexivity","en_US.UTF-8",TRUE,TRUE,TRUE,TRUE
"formula",124,"unequal_control","en_US.UTF-8",FALSE,FALSE,FALSE,FALSE
"formula",125,"forward_equal","en_US.UTF-8",TRUE,FALSE,TRUE,TRUE
"formula",125,"reverse_equal","en_US.UTF-8",TRUE,FALSE,TRUE,TRUE
"formula",125,"reflexivity","en_US.UTF-8",TRUE,TRUE,TRUE,TRUE
"formula",125,"unequal_control","en_US.UTF-8",FALSE,FALSE,FALSE,FALSE
"formula",126,"forward_equal","en_US.UTF-8",TRUE,FALSE,TRUE,TRUE
"formula",126,"reverse_equal","en_US.UTF-8",TRUE,FALSE,TRUE,TRUE
"formula",126,"reflexivity","en_US.UTF-8",TRUE,TRUE,TRUE,TRUE
"formula",126,"unequal_control","en_US.UTF-8",FALSE,FALSE,FALSE,FALSE
"formula",127,"forward_equal","en_US.UTF-8",TRUE,FALSE,TRUE,TRUE
"formula",127,"reverse_equal","en_US.UTF-8",TRUE,FALSE,TRUE,TRUE
"formula",127,"reflexivity","en_US.UTF-8",TRUE,TRUE,TRUE,TRUE
"formula",127,"unequal_control","en_US.UTF-8",FALSE,FALSE,FALSE,FALSE
"formula",128,"forward_equal","en_US.UTF-8",TRUE,FALSE,TRUE,TRUE
"formula",128,"reverse_equal","en_US.UTF-8",TRUE,FALSE,TRUE,TRUE
"formula",128,"reflexivity","en_US.UTF-8",TRUE,TRUE,TRUE,TRUE
"formula",128,"unequal_control","en_US.UTF-8",FALSE,FALSE,FALSE,FALSE
"formula",129,"forward_equal","en_US.UTF-8",TRUE,FALSE,TRUE,TRUE
"formula",129,"reverse_equal","en_US.UTF-8",TRUE,FALSE,TRUE,TRUE
"formula",129,"reflexivity","en_US.UTF-8",TRUE,TRUE,TRUE,TRUE
"formula",129,"unequal_control","en_US.UTF-8",FALSE,FALSE,FALSE,FALSE
"formula",130,"forward_equal","en_US.UTF-8",TRUE,FALSE,TRUE,TRUE
"formula",130,"reverse_equal","en_US.UTF-8",TRUE,FALSE,TRUE,TRUE
"formula",130,"reflexivity","en_US.UTF-8",TRUE,TRUE,TRUE,TRUE
"formula",130,"unequal_control","en_US.UTF-8",FALSE,FALSE,FALSE,FALSE
"formula",131,"forward_equal","en_US.UTF-8",TRUE,FALSE,TRUE,TRUE
"formula",131,"reverse_equal","en_US.UTF-8",TRUE,FALSE,TRUE,TRUE
"formula",131,"reflexivity","en_US.UTF-8",TRUE,TRUE,TRUE,TRUE
"formula",131,"unequal_control","en_US.UTF-8",FALSE,FALSE,FALSE,FALSE
"formula",132,"forward_equal","en_US.UTF-8",TRUE,FALSE,TRUE,TRUE
"formula",132,"reverse_equal","en_US.UTF-8",TRUE,FALSE,TRUE,TRUE
"formula",132,"reflexivity","en_US.UTF-8",TRUE,TRUE,TRUE,TRUE
"formula",132,"unequal_control","en_US.UTF-8",FALSE,FALSE,FALSE,FALSE
"formula",133,"forward_equal","en_US.UTF-8",TRUE,FALSE,TRUE,TRUE
"formula",133,"reverse_equal","en_US.UTF-8",TRUE,FALSE,TRUE,TRUE
"formula",133,"reflexivity","en_US.UTF-8",TRUE,TRUE,TRUE,TRUE
"formula",133,"unequal_control","en_US.UTF-8",FALSE,FALSE,FALSE,FALSE
"formula",134,"forward_equal","en_US.UTF-8",TRUE,FALSE,TRUE,TRUE
"formula",134,"reverse_equal","en_US.UTF-8",TRUE,FALSE,TRUE,TRUE
"formula",134,"reflexivity","en_US.UTF-8",TRUE,TRUE,TRUE,TRUE
"formula",134,"unequal_control","en_US.UTF-8",FALSE,FALSE,FALSE,FALSE
"formula",135,"forward_equal","en_US.UTF-8",TRUE,FALSE,TRUE,TRUE
"formula",135,"reverse_equal","en_US.UTF-8",TRUE,FALSE,TRUE,TRUE
"formula",135,"reflexivity","en_US.UTF-8",TRUE,TRUE,TRUE,TRUE
"formula",135,"unequal_control","en_US.UTF-8",FALSE,FALSE,FALSE,FALSE
"formula",136,"forward_equal","en_US.UTF-8",TRUE,FALSE,TRUE,TRUE
"formula",136,"reverse_equal","en_US.UTF-8",TRUE,FALSE,TRUE,TRUE
"formula",136,"reflexivity","en_US.UTF-8",TRUE,TRUE,TRUE,TRUE
"formula",136,"unequal_control","en_US.UTF-8",FALSE,FALSE,FALSE,FALSE
"formula",137,"forward_equal","en_US.UTF-8",TRUE,FALSE,TRUE,TRUE
"formula",137,"reverse_equal","en_US.UTF-8",TRUE,FALSE,TRUE,TRUE
"formula",137,"reflexivity","en_US.UTF-8",TRUE,TRUE,TRUE,TRUE
"formula",137,"unequal_control","en_US.UTF-8",FALSE,FALSE,FALSE,FALSE
"formula",138,"forward_equal","en_US.UTF-8",TRUE,FALSE,TRUE,TRUE
"formula",138,"reverse_equal","en_US.UTF-8",TRUE,FALSE,TRUE,TRUE
"formula",138,"reflexivity","en_US.UTF-8",TRUE,TRUE,TRUE,TRUE
"formula",138,"unequal_control","en_US.UTF-8",FALSE,FALSE,FALSE,FALSE
"formula",139,"forward_equal","en_US.UTF-8",TRUE,FALSE,TRUE,TRUE
"formula",139,"reverse_equal","en_US.UTF-8",TRUE,FALSE,TRUE,TRUE
"formula",139,"reflexivity","en_US.UTF-8",TRUE,TRUE,TRUE,TRUE
"formula",139,"unequal_control","en_US.UTF-8",FALSE,FALSE,FALSE,FALSE
"formula",140,"forward_equal","en_US.UTF-8",TRUE,FALSE,TRUE,TRUE
"formula",140,"reverse_equal","en_US.UTF-8",TRUE,FALSE,TRUE,TRUE
"formula",140,"reflexivity","en_US.UTF-8",TRUE,TRUE,TRUE,TRUE
"formula",140,"unequal_control","en_US.UTF-8",FALSE,FALSE,FALSE,FALSE
"formula",141,"forward_equal","en_US.UTF-8",TRUE,FALSE,TRUE,TRUE
"formula",141,"reverse_equal","en_US.UTF-8",TRUE,FALSE,TRUE,TRUE
"formula",141,"reflexivity","en_US.UTF-8",TRUE,TRUE,TRUE,TRUE
"formula",141,"unequal_control","en_US.UTF-8",FALSE,FALSE,FALSE,FALSE
"formula",142,"forward_equal","en_US.UTF-8",TRUE,FALSE,TRUE,TRUE
"formula",142,"reverse_equal","en_US.UTF-8",TRUE,FALSE,TRUE,TRUE
"formula",142,"reflexivity","en_US.UTF-8",TRUE,TRUE,TRUE,TRUE
"formula",142,"unequal_control","en_US.UTF-8",FALSE,FALSE,FALSE,FALSE
"formula",143,"forward_equal","en_US.UTF-8",TRUE,FALSE,TRUE,TRUE
"formula",143,"reverse_equal","en_US.UTF-8",TRUE,FALSE,TRUE,TRUE
"formula",143,"reflexivity","en_US.UTF-8",TRUE,TRUE,TRUE,TRUE
"formula",143,"unequal_control","en_US.UTF-8",FALSE,FALSE,FALSE,FALSE
"formula",144,"forward_equal","en_US.UTF-8",TRUE,FALSE,TRUE,TRUE
"formula",144,"reverse_equal","en_US.UTF-8",TRUE,FALSE,TRUE,TRUE
"formula",144,"reflexivity","en_US.UTF-8",TRUE,TRUE,TRUE,TRUE
"formula",144,"unequal_control","en_US.UTF-8",FALSE,FALSE,FALSE,FALSE
"formula",145,"forward_equal","en_US.UTF-8",TRUE,FALSE,TRUE,TRUE
"formula",145,"reverse_equal","en_US.UTF-8",TRUE,FALSE,TRUE,TRUE
"formula",145,"reflexivity","en_US.UTF-8",TRUE,TRUE,TRUE,TRUE
"formula",145,"unequal_control","en_US.UTF-8",FALSE,FALSE,FALSE,FALSE
"formula",146,"forward_equal","en_US.UTF-8",TRUE,FALSE,TRUE,TRUE
"formula",146,"reverse_equal","en_US.UTF-8",TRUE,FALSE,TRUE,TRUE
"formula",146,"reflexivity","en_US.UTF-8",TRUE,TRUE,TRUE,TRUE
"formula",146,"unequal_control","en_US.UTF-8",FALSE,FALSE,FALSE,FALSE
"formula",147,"forward_equal","en_US.UTF-8",TRUE,FALSE,TRUE,TRUE
"formula",147,"reverse_equal","en_US.UTF-8",TRUE,FALSE,TRUE,TRUE
"formula",147,"reflexivity","en_US.UTF-8",TRUE,TRUE,TRUE,TRUE
"formula",147,"unequal_control","en_US.UTF-8",FALSE,FALSE,FALSE,FALSE
"formula",148,"forward_equal","en_US.UTF-8",TRUE,FALSE,TRUE,TRUE
"formula",148,"reverse_equal","en_US.UTF-8",TRUE,FALSE,TRUE,TRUE
"formula",148,"reflexivity","en_US.UTF-8",TRUE,TRUE,TRUE,TRUE
"formula",148,"unequal_control","en_US.UTF-8",FALSE,FALSE,FALSE,FALSE
"formula",149,"forward_equal","en_US.UTF-8",TRUE,FALSE,TRUE,TRUE
"formula",149,"reverse_equal","en_US.UTF-8",TRUE,FALSE,TRUE,TRUE
"formula",149,"reflexivity","en_US.UTF-8",TRUE,TRUE,TRUE,TRUE
"formula",149,"unequal_control","en_US.UTF-8",FALSE,FALSE,FALSE,FALSE
"formula",150,"forward_equal","en_US.UTF-8",TRUE,FALSE,TRUE,TRUE
"formula",150,"reverse_equal","en_US.UTF-8",TRUE,FALSE,TRUE,TRUE
"formula",150,"reflexivity","en_US.UTF-8",TRUE,TRUE,TRUE,TRUE
"formula",150,"unequal_control","en_US.UTF-8",FALSE,FALSE,FALSE,FALSE
"formula",151,"forward_equal","en_US.UTF-8",TRUE,FALSE,TRUE,TRUE
"formula",151,"reverse_equal","en_US.UTF-8",TRUE,FALSE,TRUE,TRUE
"formula",151,"reflexivity","en_US.UTF-8",TRUE,TRUE,TRUE,TRUE
"formula",151,"unequal_control","en_US.UTF-8",FALSE,FALSE,FALSE,FALSE
"formula",152,"forward_equal","en_US.UTF-8",TRUE,FALSE,TRUE,TRUE
"formula",152,"reverse_equal","en_US.UTF-8",TRUE,FALSE,TRUE,TRUE
"formula",152,"reflexivity","en_US.UTF-8",TRUE,TRUE,TRUE,TRUE
"formula",152,"unequal_control","en_US.UTF-8",FALSE,FALSE,FALSE,FALSE
"formula",153,"forward_equal","en_US.UTF-8",TRUE,FALSE,TRUE,TRUE
"formula",153,"reverse_equal","en_US.UTF-8",TRUE,FALSE,TRUE,TRUE
"formula",153,"reflexivity","en_US.UTF-8",TRUE,TRUE,TRUE,TRUE
"formula",153,"unequal_control","en_US.UTF-8",FALSE,FALSE,FALSE,FALSE
"formula",154,"forward_equal","en_US.UTF-8",TRUE,FALSE,TRUE,TRUE
"formula",154,"reverse_equal","en_US.UTF-8",TRUE,FALSE,TRUE,TRUE
"formula",154,"reflexivity","en_US.UTF-8",TRUE,TRUE,TRUE,TRUE
"formula",154,"unequal_control","en_US.UTF-8",FALSE,FALSE,FALSE,FALSE
"formula",155,"forward_equal","en_US.UTF-8",TRUE,FALSE,TRUE,TRUE
"formula",155,"reverse_equal","en_US.UTF-8",TRUE,FALSE,TRUE,TRUE
"formula",155,"reflexivity","en_US.UTF-8",TRUE,TRUE,TRUE,TRUE
"formula",155,"unequal_control","en_US.UTF-8",FALSE,FALSE,FALSE,FALSE
"formula",156,"forward_equal","en_US.UTF-8",TRUE,FALSE,TRUE,TRUE
"formula",156,"reverse_equal","en_US.UTF-8",TRUE,FALSE,TRUE,TRUE
"formula",156,"reflexivity","en_US.UTF-8",TRUE,TRUE,TRUE,TRUE
"formula",156,"unequal_control","en_US.UTF-8",FALSE,FALSE,FALSE,FALSE
"formula",157,"forward_equal","en_US.UTF-8",TRUE,FALSE,TRUE,TRUE
"formula",157,"reverse_equal","en_US.UTF-8",TRUE,FALSE,TRUE,TRUE
"formula",157,"reflexivity","en_US.UTF-8",TRUE,TRUE,TRUE,TRUE
"formula",157,"unequal_control","en_US.UTF-8",FALSE,FALSE,FALSE,FALSE
"formula",158,"forward_equal","en_US.UTF-8",TRUE,FALSE,TRUE,TRUE
"formula",158,"reverse_equal","en_US.UTF-8",TRUE,FALSE,TRUE,TRUE
"formula",158,"reflexivity","en_US.UTF-8",TRUE,TRUE,TRUE,TRUE
"formula",158,"unequal_control","en_US.UTF-8",FALSE,FALSE,FALSE,FALSE
"formula",159,"forward_equal","en_US.UTF-8",TRUE,FALSE,TRUE,TRUE
"formula",159,"reverse_equal","en_US.UTF-8",TRUE,FALSE,TRUE,TRUE
"formula",159,"reflexivity","en_US.UTF-8",TRUE,TRUE,TRUE,TRUE
"formula",159,"unequal_control","en_US.UTF-8",FALSE,FALSE,FALSE,FALSE
"formula",160,"forward_equal","en_US.UTF-8",TRUE,FALSE,TRUE,TRUE
"formula",160,"reverse_equal","en_US.UTF-8",TRUE,FALSE,TRUE,TRUE
"formula",160,"reflexivity","en_US.UTF-8",TRUE,TRUE,TRUE,TRUE
"formula",160,"unequal_control","en_US.UTF-8",FALSE,FALSE,FALSE,FALSE
"formula",161,"forward_equal","en_US.UTF-8",TRUE,FALSE,TRUE,TRUE
"formula",161,"reverse_equal","en_US.UTF-8",TRUE,FALSE,TRUE,TRUE
"formula",161,"reflexivity","en_US.UTF-8",TRUE,TRUE,TRUE,TRUE
"formula",161,"unequal_control","en_US.UTF-8",FALSE,FALSE,FALSE,FALSE
"formula",162,"forward_equal","en_US.UTF-8",TRUE,FALSE,TRUE,TRUE
"formula",162,"reverse_equal","en_US.UTF-8",TRUE,FALSE,TRUE,TRUE
"formula",162,"reflexivity","en_US.UTF-8",TRUE,TRUE,TRUE,TRUE
"formula",162,"unequal_control","en_US.UTF-8",FALSE,FALSE,FALSE,FALSE
"formula",163,"forward_equal","en_US.UTF-8",TRUE,FALSE,TRUE,TRUE
"formula",163,"reverse_equal","en_US.UTF-8",TRUE,FALSE,TRUE,TRUE
"formula",163,"reflexivity","en_US.UTF-8",TRUE,TRUE,TRUE,TRUE
"formula",163,"unequal_control","en_US.UTF-8",FALSE,FALSE,FALSE,FALSE
"formula",164,"forward_equal","en_US.UTF-8",TRUE,FALSE,TRUE,TRUE
"formula",164,"reverse_equal","en_US.UTF-8",TRUE,FALSE,TRUE,TRUE
"formula",164,"reflexivity","en_US.UTF-8",TRUE,TRUE,TRUE,TRUE
"formula",164,"unequal_control","en_US.UTF-8",FALSE,FALSE,FALSE,FALSE
"formula",165,"forward_equal","en_US.UTF-8",TRUE,FALSE,TRUE,TRUE
"formula",165,"reverse_equal","en_US.UTF-8",TRUE,FALSE,TRUE,TRUE
"formula",165,"reflexivity","en_US.UTF-8",TRUE,TRUE,TRUE,TRUE
"formula",165,"unequal_control","en_US.UTF-8",FALSE,FALSE,FALSE,FALSE
"formula",166,"forward_equal","en_US.UTF-8",TRUE,FALSE,TRUE,TRUE
"formula",166,"reverse_equal","en_US.UTF-8",TRUE,FALSE,TRUE,TRUE
"formula",166,"reflexivity","en_US.UTF-8",TRUE,TRUE,TRUE,TRUE
"formula",166,"unequal_control","en_US.UTF-8",FALSE,FALSE,FALSE,FALSE
"formula",167,"forward_equal","en_US.UTF-8",TRUE,FALSE,TRUE,TRUE
"formula",167,"reverse_equal","en_US.UTF-8",TRUE,FALSE,TRUE,TRUE
"formula",167,"reflexivity","en_US.UTF-8",TRUE,TRUE,TRUE,TRUE
"formula",167,"unequal_control","en_US.UTF-8",FALSE,FALSE,FALSE,FALSE
"formula",168,"forward_equal","en_US.UTF-8",TRUE,FALSE,TRUE,TRUE
"formula",168,"reverse_equal","en_US.UTF-8",TRUE,FALSE,TRUE,TRUE
"formula",168,"reflexivity","en_US.UTF-8",TRUE,TRUE,TRUE,TRUE
"formula",168,"unequal_control","en_US.UTF-8",FALSE,FALSE,FALSE,FALSE
"formula",169,"forward_equal","en_US.UTF-8",TRUE,FALSE,TRUE,TRUE
"formula",169,"reverse_equal","en_US.UTF-8",TRUE,FALSE,TRUE,TRUE
"formula",169,"reflexivity","en_US.UTF-8",TRUE,TRUE,TRUE,TRUE
"formula",169,"unequal_control","en_US.UTF-8",FALSE,FALSE,FALSE,FALSE
"formula",170,"forward_equal","en_US.UTF-8",TRUE,FALSE,TRUE,TRUE
"formula",170,"reverse_equal","en_US.UTF-8",TRUE,FALSE,TRUE,TRUE
"formula",170,"reflexivity","en_US.UTF-8",TRUE,TRUE,TRUE,TRUE
"formula",170,"unequal_control","en_US.UTF-8",FALSE,FALSE,FALSE,FALSE
"formula",171,"forward_equal","en_US.UTF-8",TRUE,FALSE,TRUE,TRUE
"formula",171,"reverse_equal","en_US.UTF-8",TRUE,FALSE,TRUE,TRUE
"formula",171,"reflexivity","en_US.UTF-8",TRUE,TRUE,TRUE,TRUE
"formula",171,"unequal_control","en_US.UTF-8",FALSE,FALSE,FALSE,FALSE
"formula",172,"forward_equal","en_US.UTF-8",TRUE,FALSE,TRUE,TRUE
"formula",172,"reverse_equal","en_US.UTF-8",TRUE,FALSE,TRUE,TRUE
"formula",172,"reflexivity","en_US.UTF-8",TRUE,TRUE,TRUE,TRUE
"formula",172,"unequal_control","en_US.UTF-8",FALSE,FALSE,FALSE,FALSE
"formula",173,"forward_equal","en_US.UTF-8",TRUE,FALSE,TRUE,TRUE
"formula",173,"reverse_equal","en_US.UTF-8",TRUE,FALSE,TRUE,TRUE
"formula",173,"reflexivity","en_US.UTF-8",TRUE,TRUE,TRUE,TRUE
"formula",173,"unequal_control","en_US.UTF-8",FALSE,FALSE,FALSE,FALSE
"formula",174,"forward_equal","en_US.UTF-8",TRUE,FALSE,TRUE,TRUE
"formula",174,"reverse_equal","en_US.UTF-8",TRUE,FALSE,TRUE,TRUE
"formula",174,"reflexivity","en_US.UTF-8",TRUE,TRUE,TRUE,TRUE
"formula",174,"unequal_control","en_US.UTF-8",FALSE,FALSE,FALSE,FALSE
"formula",175,"forward_equal","en_US.UTF-8",TRUE,FALSE,TRUE,TRUE
"formula",175,"reverse_equal","en_US.UTF-8",TRUE,FALSE,TRUE,TRUE
"formula",175,"reflexivity","en_US.UTF-8",TRUE,TRUE,TRUE,TRUE
"formula",175,"unequal_control","en_US.UTF-8",FALSE,FALSE,FALSE,FALSE
"formula",176,"forward_equal","en_US.UTF-8",TRUE,FALSE,TRUE,TRUE
"formula",176,"reverse_equal","en_US.UTF-8",TRUE,FALSE,TRUE,TRUE
"formula",176,"reflexivity","en_US.UTF-8",TRUE,TRUE,TRUE,TRUE
"formula",176,"unequal_control","en_US.UTF-8",FALSE,FALSE,FALSE,FALSE
"formula",177,"forward_equal","en_US.UTF-8",TRUE,FALSE,TRUE,TRUE
"formula",177,"reverse_equal","en_US.UTF-8",TRUE,FALSE,TRUE,TRUE
"formula",177,"reflexivity","en_US.UTF-8",TRUE,TRUE,TRUE,TRUE
"formula",177,"unequal_control","en_US.UTF-8",FALSE,FALSE,FALSE,FALSE
"formula",178,"forward_equal","en_US.UTF-8",TRUE,FALSE,TRUE,TRUE
"formula",178,"reverse_equal","en_US.UTF-8",TRUE,FALSE,TRUE,TRUE
"formula",178,"reflexivity","en_US.UTF-8",TRUE,TRUE,TRUE,TRUE
"formula",178,"unequal_control","en_US.UTF-8",FALSE,FALSE,FALSE,FALSE
"formula",179,"forward_equal","en_US.UTF-8",TRUE,FALSE,TRUE,TRUE
"formula",179,"reverse_equal","en_US.UTF-8",TRUE,FALSE,TRUE,TRUE
"formula",179,"reflexivity","en_US.UTF-8",TRUE,TRUE,TRUE,TRUE
"formula",179,"unequal_control","en_US.UTF-8",FALSE,FALSE,FALSE,FALSE
"formula",180,"forward_equal","en_US.UTF-8",TRUE,FALSE,TRUE,TRUE
"formula",180,"reverse_equal","en_US.UTF-8",TRUE,FALSE,TRUE,TRUE
"formula",180,"reflexivity","en_US.UTF-8",TRUE,TRUE,TRUE,TRUE
"formula",180,"unequal_control","en_US.UTF-8",FALSE,FALSE,FALSE,FALSE
"formula",181,"forward_equal","en_US.UTF-8",TRUE,FALSE,TRUE,TRUE
"formula",181,"reverse_equal","en_US.UTF-8",TRUE,FALSE,TRUE,TRUE
"formula",181,"reflexivity","en_US.UTF-8",TRUE,TRUE,TRUE,TRUE
"formula",181,"unequal_control","en_US.UTF-8",FALSE,FALSE,FALSE,FALSE
"formula",182,"forward_equal","en_US.UTF-8",TRUE,FALSE,TRUE,TRUE
"formula",182,"reverse_equal","en_US.UTF-8",TRUE,FALSE,TRUE,TRUE
"formula",182,"reflexivity","en_US.UTF-8",TRUE,TRUE,TRUE,TRUE
"formula",182,"unequal_control","en_US.UTF-8",FALSE,FALSE,FALSE,FALSE
"formula",183,"forward_equal","en_US.UTF-8",TRUE,FALSE,TRUE,TRUE
"formula",183,"reverse_equal","en_US.UTF-8",TRUE,FALSE,TRUE,TRUE
"formula",183,"reflexivity","en_US.UTF-8",TRUE,TRUE,TRUE,TRUE
"formula",183,"unequal_control","en_US.UTF-8",FALSE,FALSE,FALSE,FALSE
"formula",184,"forward_equal","en_US.UTF-8",TRUE,FALSE,TRUE,TRUE
"formula",184,"reverse_equal","en_US.UTF-8",TRUE,FALSE,TRUE,TRUE
"formula",184,"reflexivity","en_US.UTF-8",TRUE,TRUE,TRUE,TRUE
"formula",184,"unequal_control","en_US.UTF-8",FALSE,FALSE,FALSE,FALSE
"formula",185,"forward_equal","en_US.UTF-8",TRUE,FALSE,TRUE,TRUE
"formula",185,"reverse_equal","en_US.UTF-8",TRUE,FALSE,TRUE,TRUE
"formula",185,"reflexivity","en_US.UTF-8",TRUE,TRUE,TRUE,TRUE
"formula",185,"unequal_control","en_US.UTF-8",FALSE,FALSE,FALSE,FALSE
"formula",186,"forward_equal","en_US.UTF-8",TRUE,FALSE,TRUE,TRUE
"formula",186,"reverse_equal","en_US.UTF-8",TRUE,FALSE,TRUE,TRUE
"formula",186,"reflexivity","en_US.UTF-8",TRUE,TRUE,TRUE,TRUE
"formula",186,"unequal_control","en_US.UTF-8",FALSE,FALSE,FALSE,FALSE
"formula",187,"forward_equal","en_US.UTF-8",TRUE,FALSE,TRUE,TRUE
"formula",187,"reverse_equal","en_US.UTF-8",TRUE,FALSE,TRUE,TRUE
"formula",187,"reflexivity","en_US.UTF-8",TRUE,TRUE,TRUE,TRUE
"formula",187,"unequal_control","en_US.UTF-8",FALSE,FALSE,FALSE,FALSE
"formula",188,"forward_equal","en_US.UTF-8",TRUE,FALSE,TRUE,TRUE
"formula",188,"reverse_equal","en_US.UTF-8",TRUE,FALSE,TRUE,TRUE
"formula",188,"reflexivity","en_US.UTF-8",TRUE,TRUE,TRUE,TRUE
"formula",188,"unequal_control","en_US.UTF-8",FALSE,FALSE,FALSE,FALSE
"formula",189,"forward_equal","en_US.UTF-8",TRUE,FALSE,TRUE,TRUE
"formula",189,"reverse_equal","en_US.UTF-8",TRUE,FALSE,TRUE,TRUE
"formula",189,"reflexivity","en_US.UTF-8",TRUE,TRUE,TRUE,TRUE
"formula",189,"unequal_control","en_US.UTF-8",FALSE,FALSE,FALSE,FALSE
"formula",190,"forward_equal","en_US.UTF-8",TRUE,FALSE,TRUE,TRUE
"formula",190,"reverse_equal","en_US.UTF-8",TRUE,FALSE,TRUE,TRUE
"formula",190,"reflexivity","en_US.UTF-8",TRUE,TRUE,TRUE,TRUE
"formula",190,"unequal_control","en_US.UTF-8",FALSE,FALSE,FALSE,FALSE
"formula",191,"forward_equal","en_US.UTF-8",TRUE,FALSE,TRUE,TRUE
"formula",191,"reverse_equal","en_US.UTF-8",TRUE,FALSE,TRUE,TRUE
"formula",191,"reflexivity","en_US.UTF-8",TRUE,TRUE,TRUE,TRUE
"formula",191,"unequal_control","en_US.UTF-8",FALSE,FALSE,FALSE,FALSE
"formula",192,"forward_equal","en_US.UTF-8",TRUE,FALSE,TRUE,TRUE
"formula",192,"reverse_equal","en_US.UTF-8",TRUE,FALSE,TRUE,TRUE
"formula",192,"reflexivity","en_US.UTF-8",TRUE,TRUE,TRUE,TRUE
"formula",192,"unequal_control","en_US.UTF-8",FALSE,FALSE,FALSE,FALSE
"formula",193,"forward_equal","en_US.UTF-8",TRUE,FALSE,TRUE,TRUE
"formula",193,"reverse_equal","en_US.UTF-8",TRUE,FALSE,TRUE,TRUE
"formula",193,"reflexivity","en_US.UTF-8",TRUE,TRUE,TRUE,TRUE
"formula",193,"unequal_control","en_US.UTF-8",FALSE,FALSE,FALSE,FALSE
"formula",194,"forward_equal","en_US.UTF-8",TRUE,FALSE,TRUE,TRUE
"formula",194,"reverse_equal","en_US.UTF-8",TRUE,FALSE,TRUE,TRUE
"formula",194,"reflexivity","en_US.UTF-8",TRUE,TRUE,TRUE,TRUE
"formula",194,"unequal_control","en_US.UTF-8",FALSE,FALSE,FALSE,FALSE
"formula",195,"forward_equal","en_US.UTF-8",TRUE,FALSE,TRUE,TRUE
"formula",195,"reverse_equal","en_US.UTF-8",TRUE,FALSE,TRUE,TRUE
"formula",195,"reflexivity","en_US.UTF-8",TRUE,TRUE,TRUE,TRUE
"formula",195,"unequal_control","en_US.UTF-8",FALSE,FALSE,FALSE,FALSE
"formula",196,"forward_equal","en_US.UTF-8",TRUE,FALSE,TRUE,TRUE
"formula",196,"reverse_equal","en_US.UTF-8",TRUE,FALSE,TRUE,TRUE
"formula",196,"reflexivity","en_US.UTF-8",TRUE,TRUE,TRUE,TRUE
"formula",196,"unequal_control","en_US.UTF-8",FALSE,FALSE,FALSE,FALSE
"formula",197,"forward_equal","en_US.UTF-8",TRUE,FALSE,TRUE,TRUE
"formula",197,"reverse_equal","en_US.UTF-8",TRUE,FALSE,TRUE,TRUE
"formula",197,"reflexivity","en_US.UTF-8",TRUE,TRUE,TRUE,TRUE
"formula",197,"unequal_control","en_US.UTF-8",FALSE,FALSE,FALSE,FALSE
"formula",198,"forward_equal","en_US.UTF-8",TRUE,FALSE,TRUE,TRUE
"formula",198,"reverse_equal","en_US.UTF-8",TRUE,FALSE,TRUE,TRUE
"formula",198,"reflexivity","en_US.UTF-8",TRUE,TRUE,TRUE,TRUE
"formula",198,"unequal_control","en_US.UTF-8",FALSE,FALSE,FALSE,FALSE
"formula",199,"forward_equal","en_US.UTF-8",TRUE,FALSE,TRUE,TRUE
"formula",199,"reverse_equal","en_US.UTF-8",TRUE,FALSE,TRUE,TRUE
"formula",199,"reflexivity","en_US.UTF-8",TRUE,TRUE,TRUE,TRUE
"formula",199,"unequal_control","en_US.UTF-8",FALSE,FALSE,FALSE,FALSE
"formula",200,"forward_equal","en_US.UTF-8",TRUE,FALSE,TRUE,TRUE
"formula",200,"reverse_equal","en_US.UTF-8",TRUE,FALSE,TRUE,TRUE
"formula",200,"reflexivity","en_US.UTF-8",TRUE,TRUE,TRUE,TRUE
"formula",200,"unequal_control","en_US.UTF-8",FALSE,FALSE,FALSE,FALSE
"formula",201,"forward_equal","en_US.UTF-8",TRUE,FALSE,TRUE,TRUE
"formula",201,"reverse_equal","en_US.UTF-8",TRUE,FALSE,TRUE,TRUE
"formula",201,"reflexivity","en_US.UTF-8",TRUE,TRUE,TRUE,TRUE
"formula",201,"unequal_control","en_US.UTF-8",FALSE,FALSE,FALSE,FALSE
"formula",202,"forward_equal","en_US.UTF-8",TRUE,FALSE,TRUE,TRUE
"formula",202,"reverse_equal","en_US.UTF-8",TRUE,FALSE,TRUE,TRUE
"formula",202,"reflexivity","en_US.UTF-8",TRUE,TRUE,TRUE,TRUE
"formula",202,"unequal_control","en_US.UTF-8",FALSE,FALSE,FALSE,FALSE
"formula",203,"forward_equal","en_US.UTF-8",TRUE,FALSE,TRUE,TRUE
"formula",203,"reverse_equal","en_US.UTF-8",TRUE,FALSE,TRUE,TRUE
"formula",203,"reflexivity","en_US.UTF-8",TRUE,TRUE,TRUE,TRUE
"formula",203,"unequal_control","en_US.UTF-8",FALSE,FALSE,FALSE,FALSE
"formula",204,"forward_equal","en_US.UTF-8",TRUE,FALSE,TRUE,TRUE
"formula",204,"reverse_equal","en_US.UTF-8",TRUE,FALSE,TRUE,TRUE
"formula",204,"reflexivity","en_US.UTF-8",TRUE,TRUE,TRUE,TRUE
"formula",204,"unequal_control","en_US.UTF-8",FALSE,FALSE,FALSE,FALSE
"formula",205,"forward_equal","en_US.UTF-8",TRUE,FALSE,TRUE,TRUE
"formula",205,"reverse_equal","en_US.UTF-8",TRUE,FALSE,TRUE,TRUE
"formula",205,"reflexivity","en_US.UTF-8",TRUE,TRUE,TRUE,TRUE
"formula",205,"unequal_control","en_US.UTF-8",FALSE,FALSE,FALSE,FALSE
"formula",206,"forward_equal","en_US.UTF-8",TRUE,FALSE,TRUE,TRUE
"formula",206,"reverse_equal","en_US.UTF-8",TRUE,FALSE,TRUE,TRUE
"formula",206,"reflexivity","en_US.UTF-8",TRUE,TRUE,TRUE,TRUE
"formula",206,"unequal_control","en_US.UTF-8",FALSE,FALSE,FALSE,FALSE
"formula",207,"forward_equal","en_US.UTF-8",TRUE,FALSE,TRUE,TRUE
"formula",207,"reverse_equal","en_US.UTF-8",TRUE,FALSE,TRUE,TRUE
"formula",207,"reflexivity","en_US.UTF-8",TRUE,TRUE,TRUE,TRUE
"formula",207,"unequal_control","en_US.UTF-8",FALSE,FALSE,FALSE,FALSE
"formula",208,"forward_equal","en_US.UTF-8",TRUE,FALSE,TRUE,TRUE
"formula",208,"reverse_equal","en_US.UTF-8",TRUE,FALSE,TRUE,TRUE
"formula",208,"reflexivity","en_US.UTF-8",TRUE,TRUE,TRUE,TRUE
"formula",208,"unequal_control","en_US.UTF-8",FALSE,FALSE,FALSE,FALSE
"formula",209,"forward_equal","en_US.UTF-8",TRUE,FALSE,TRUE,TRUE
"formula",209,"reverse_equal","en_US.UTF-8",TRUE,FALSE,TRUE,TRUE
"formula",209,"reflexivity","en_US.UTF-8",TRUE,TRUE,TRUE,TRUE
"formula",209,"unequal_control","en_US.UTF-8",FALSE,FALSE,FALSE,FALSE
"formula",210,"forward_equal","en_US.UTF-8",TRUE,FALSE,TRUE,TRUE
"formula",210,"reverse_equal","en_US.UTF-8",TRUE,FALSE,TRUE,TRUE
"formula",210,"reflexivity","en_US.UTF-8",TRUE,TRUE,TRUE,TRUE
"formula",210,"unequal_control","en_US.UTF-8",FALSE,FALSE,FALSE,FALSE
"formula",211,"forward_equal","en_US.UTF-8",TRUE,FALSE,TRUE,TRUE
"formula",211,"reverse_equal","en_US.UTF-8",TRUE,FALSE,TRUE,TRUE
"formula",211,"reflexivity","en_US.UTF-8",TRUE,TRUE,TRUE,TRUE
"formula",211,"unequal_control","en_US.UTF-8",FALSE,FALSE,FALSE,FALSE
"formula",212,"forward_equal","en_US.UTF-8",TRUE,FALSE,TRUE,TRUE
"formula",212,"reverse_equal","en_US.UTF-8",TRUE,FALSE,TRUE,TRUE
"formula",212,"reflexivity","en_US.UTF-8",TRUE,TRUE,TRUE,TRUE
"formula",212,"unequal_control","en_US.UTF-8",FALSE,FALSE,FALSE,FALSE
"formula",213,"forward_equal","en_US.UTF-8",TRUE,FALSE,TRUE,TRUE
"formula",213,"reverse_equal","en_US.UTF-8",TRUE,FALSE,TRUE,TRUE
"formula",213,"reflexivity","en_US.UTF-8",TRUE,TRUE,TRUE,TRUE
"formula",213,"unequal_control","en_US.UTF-8",FALSE,FALSE,FALSE,FALSE
"formula",214,"forward_equal","en_US.UTF-8",TRUE,FALSE,TRUE,TRUE
"formula",214,"reverse_equal","en_US.UTF-8",TRUE,FALSE,TRUE,TRUE
"formula",214,"reflexivity","en_US.UTF-8",TRUE,TRUE,TRUE,TRUE
"formula",214,"unequal_control","en_US.UTF-8",FALSE,FALSE,FALSE,FALSE
"formula",215,"forward_equal","en_US.UTF-8",TRUE,FALSE,TRUE,TRUE
"formula",215,"reverse_equal","en_US.UTF-8",TRUE,FALSE,TRUE,TRUE
"formula",215,"reflexivity","en_US.UTF-8",TRUE,TRUE,TRUE,TRUE
"formula",215,"unequal_control","en_US.UTF-8",FALSE,FALSE,FALSE,FALSE
"formula",216,"forward_equal","en_US.UTF-8",TRUE,FALSE,TRUE,TRUE
"formula",216,"reverse_equal","en_US.UTF-8",TRUE,FALSE,TRUE,TRUE
"formula",216,"reflexivity","en_US.UTF-8",TRUE,TRUE,TRUE,TRUE
"formula",216,"unequal_control","en_US.UTF-8",FALSE,FALSE,FALSE,FALSE
"formula",217,"forward_equal","en_US.UTF-8",TRUE,FALSE,TRUE,TRUE
"formula",217,"reverse_equal","en_US.UTF-8",TRUE,FALSE,TRUE,TRUE
"formula",217,"reflexivity","en_US.UTF-8",TRUE,TRUE,TRUE,TRUE
"formula",217,"unequal_control","en_US.UTF-8",FALSE,FALSE,FALSE,FALSE
"formula",218,"forward_equal","en_US.UTF-8",TRUE,FALSE,TRUE,TRUE
"formula",218,"reverse_equal","en_US.UTF-8",TRUE,FALSE,TRUE,TRUE
"formula",218,"reflexivity","en_US.UTF-8",TRUE,TRUE,TRUE,TRUE
"formula",218,"unequal_control","en_US.UTF-8",FALSE,FALSE,FALSE,FALSE
"formula",219,"forward_equal","en_US.UTF-8",TRUE,FALSE,TRUE,TRUE
"formula",219,"reverse_equal","en_US.UTF-8",TRUE,FALSE,TRUE,TRUE
"formula",219,"reflexivity","en_US.UTF-8",TRUE,TRUE,TRUE,TRUE
"formula",219,"unequal_control","en_US.UTF-8",FALSE,FALSE,FALSE,FALSE
"formula",220,"forward_equal","en_US.UTF-8",TRUE,FALSE,TRUE,TRUE
"formula",220,"reverse_equal","en_US.UTF-8",TRUE,FALSE,TRUE,TRUE
"formula",220,"reflexivity","en_US.UTF-8",TRUE,TRUE,TRUE,TRUE
"formula",220,"unequal_control","en_US.UTF-8",FALSE,FALSE,FALSE,FALSE
"formula",221,"forward_equal","en_US.UTF-8",TRUE,FALSE,TRUE,TRUE
"formula",221,"reverse_equal","en_US.UTF-8",TRUE,FALSE,TRUE,TRUE
"formula",221,"reflexivity","en_US.UTF-8",TRUE,TRUE,TRUE,TRUE
"formula",221,"unequal_control","en_US.UTF-8",FALSE,FALSE,FALSE,FALSE
"formula",222,"forward_equal","en_US.UTF-8",TRUE,FALSE,TRUE,TRUE
"formula",222,"reverse_equal","en_US.UTF-8",TRUE,FALSE,TRUE,TRUE
"formula",222,"reflexivity","en_US.UTF-8",TRUE,TRUE,TRUE,TRUE
"formula",222,"unequal_control","en_US.UTF-8",FALSE,FALSE,FALSE,FALSE
"formula",223,"forward_equal","en_US.UTF-8",TRUE,FALSE,TRUE,TRUE
"formula",223,"reverse_equal","en_US.UTF-8",TRUE,FALSE,TRUE,TRUE
"formula",223,"reflexivity","en_US.UTF-8",TRUE,TRUE,TRUE,TRUE
"formula",223,"unequal_control","en_US.UTF-8",FALSE,FALSE,FALSE,FALSE
"formula",224,"forward_equal","en_US.UTF-8",TRUE,FALSE,TRUE,TRUE
"formula",224,"reverse_equal","en_US.UTF-8",TRUE,FALSE,TRUE,TRUE
"formula",224,"reflexivity","en_US.UTF-8",TRUE,TRUE,TRUE,TRUE
"formula",224,"unequal_control","en_US.UTF-8",FALSE,FALSE,FALSE,FALSE
"formula",225,"forward_equal","en_US.UTF-8",TRUE,FALSE,TRUE,TRUE
"formula",225,"reverse_equal","en_US.UTF-8",TRUE,FALSE,TRUE,TRUE
"formula",225,"reflexivity","en_US.UTF-8",TRUE,TRUE,TRUE,TRUE
"formula",225,"unequal_control","en_US.UTF-8",FALSE,FALSE,FALSE,FALSE
"formula",226,"forward_equal","en_US.UTF-8",TRUE,FALSE,TRUE,TRUE
"formula",226,"reverse_equal","en_US.UTF-8",TRUE,FALSE,TRUE,TRUE
"formula",226,"reflexivity","en_US.UTF-8",TRUE,TRUE,TRUE,TRUE
"formula",226,"unequal_control","en_US.UTF-8",FALSE,FALSE,FALSE,FALSE
"formula",227,"forward_equal","en_US.UTF-8",TRUE,FALSE,TRUE,TRUE
"formula",227,"reverse_equal","en_US.UTF-8",TRUE,FALSE,TRUE,TRUE
"formula",227,"reflexivity","en_US.UTF-8",TRUE,TRUE,TRUE,TRUE
"formula",227,"unequal_control","en_US.UTF-8",FALSE,FALSE,FALSE,FALSE
"formula",228,"forward_equal","en_US.UTF-8",TRUE,FALSE,TRUE,TRUE
"formula",228,"reverse_equal","en_US.UTF-8",TRUE,FALSE,TRUE,TRUE
"formula",228,"reflexivity","en_US.UTF-8",TRUE,TRUE,TRUE,TRUE
"formula",228,"unequal_control","en_US.UTF-8",FALSE,FALSE,FALSE,FALSE
"formula",229,"forward_equal","en_US.UTF-8",TRUE,FALSE,TRUE,TRUE
"formula",229,"reverse_equal","en_US.UTF-8",TRUE,FALSE,TRUE,TRUE
"formula",229,"reflexivity","en_US.UTF-8",TRUE,TRUE,TRUE,TRUE
"formula",229,"unequal_control","en_US.UTF-8",FALSE,FALSE,FALSE,FALSE
"formula",230,"forward_equal","en_US.UTF-8",TRUE,FALSE,TRUE,TRUE
"formula",230,"reverse_equal","en_US.UTF-8",TRUE,FALSE,TRUE,TRUE
"formula",230,"reflexivity","en_US.UTF-8",TRUE,TRUE,TRUE,TRUE
"formula",230,"unequal_control","en_US.UTF-8",FALSE,FALSE,FALSE,FALSE
"formula",231,"forward_equal","en_US.UTF-8",TRUE,FALSE,TRUE,TRUE
"formula",231,"reverse_equal","en_US.UTF-8",TRUE,FALSE,TRUE,TRUE
"formula",231,"reflexivity","en_US.UTF-8",TRUE,TRUE,TRUE,TRUE
"formula",231,"unequal_control","en_US.UTF-8",FALSE,FALSE,FALSE,FALSE
"formula",232,"forward_equal","en_US.UTF-8",TRUE,FALSE,TRUE,TRUE
"formula",232,"reverse_equal","en_US.UTF-8",TRUE,FALSE,TRUE,TRUE
"formula",232,"reflexivity","en_US.UTF-8",TRUE,TRUE,TRUE,TRUE
"formula",232,"unequal_control","en_US.UTF-8",FALSE,FALSE,FALSE,FALSE
"formula",233,"forward_equal","en_US.UTF-8",TRUE,FALSE,TRUE,TRUE
"formula",233,"reverse_equal","en_US.UTF-8",TRUE,FALSE,TRUE,TRUE
"formula",233,"reflexivity","en_US.UTF-8",TRUE,TRUE,TRUE,TRUE
"formula",233,"unequal_control","en_US.UTF-8",FALSE,FALSE,FALSE,FALSE
"formula",234,"forward_equal","en_US.UTF-8",TRUE,FALSE,TRUE,TRUE
"formula",234,"reverse_equal","en_US.UTF-8",TRUE,FALSE,TRUE,TRUE
"formula",234,"reflexivity","en_US.UTF-8",TRUE,TRUE,TRUE,TRUE
"formula",234,"unequal_control","en_US.UTF-8",FALSE,FALSE,FALSE,FALSE
"formula",235,"forward_equal","en_US.UTF-8",TRUE,FALSE,TRUE,TRUE
"formula",235,"reverse_equal","en_US.UTF-8",TRUE,FALSE,TRUE,TRUE
"formula",235,"reflexivity","en_US.UTF-8",TRUE,TRUE,TRUE,TRUE
"formula",235,"unequal_control","en_US.UTF-8",FALSE,FALSE,FALSE,FALSE
"formula",236,"forward_equal","en_US.UTF-8",TRUE,FALSE,TRUE,TRUE
"formula",236,"reverse_equal","en_US.UTF-8",TRUE,FALSE,TRUE,TRUE
"formula",236,"reflexivity","en_US.UTF-8",TRUE,TRUE,TRUE,TRUE
"formula",236,"unequal_control","en_US.UTF-8",FALSE,FALSE,FALSE,FALSE
"formula",237,"forward_equal","en_US.UTF-8",TRUE,FALSE,TRUE,TRUE
"formula",237,"reverse_equal","en_US.UTF-8",TRUE,FALSE,TRUE,TRUE
"formula",237,"reflexivity","en_US.UTF-8",TRUE,TRUE,TRUE,TRUE
"formula",237,"unequal_control","en_US.UTF-8",FALSE,FALSE,FALSE,FALSE
"formula",238,"forward_equal","en_US.UTF-8",TRUE,FALSE,TRUE,TRUE
"formula",238,"reverse_equal","en_US.UTF-8",TRUE,FALSE,TRUE,TRUE
"formula",238,"reflexivity","en_US.UTF-8",TRUE,TRUE,TRUE,TRUE
"formula",238,"unequal_control","en_US.UTF-8",FALSE,FALSE,FALSE,FALSE
"formula",239,"forward_equal","en_US.UTF-8",TRUE,FALSE,TRUE,TRUE
"formula",239,"reverse_equal","en_US.UTF-8",TRUE,FALSE,TRUE,TRUE
"formula",239,"reflexivity","en_US.UTF-8",TRUE,TRUE,TRUE,TRUE
"formula",239,"unequal_control","en_US.UTF-8",FALSE,FALSE,FALSE,FALSE
"formula",240,"forward_equal","en_US.UTF-8",TRUE,FALSE,TRUE,TRUE
"formula",240,"reverse_equal","en_US.UTF-8",TRUE,FALSE,TRUE,TRUE
"formula",240,"reflexivity","en_US.UTF-8",TRUE,TRUE,TRUE,TRUE
"formula",240,"unequal_control","en_US.UTF-8",FALSE,FALSE,FALSE,FALSE
"formula",241,"forward_equal","en_US.UTF-8",TRUE,FALSE,TRUE,TRUE
"formula",241,"reverse_equal","en_US.UTF-8",TRUE,FALSE,TRUE,TRUE
"formula",241,"reflexivity","en_US.UTF-8",TRUE,TRUE,TRUE,TRUE
"formula",241,"unequal_control","en_US.UTF-8",FALSE,FALSE,FALSE,FALSE
"formula",242,"forward_equal","en_US.UTF-8",TRUE,FALSE,TRUE,TRUE
"formula",242,"reverse_equal","en_US.UTF-8",TRUE,FALSE,TRUE,TRUE
"formula",242,"reflexivity","en_US.UTF-8",TRUE,TRUE,TRUE,TRUE
"formula",242,"unequal_control","en_US.UTF-8",FALSE,FALSE,FALSE,FALSE
"formula",243,"forward_equal","en_US.UTF-8",TRUE,FALSE,TRUE,TRUE
"formula",243,"reverse_equal","en_US.UTF-8",TRUE,FALSE,TRUE,TRUE
"formula",243,"reflexivity","en_US.UTF-8",TRUE,TRUE,TRUE,TRUE
"formula",243,"unequal_control","en_US.UTF-8",FALSE,FALSE,FALSE,FALSE
"formula",244,"forward_equal","en_US.UTF-8",TRUE,FALSE,TRUE,TRUE
"formula",244,"reverse_equal","en_US.UTF-8",TRUE,FALSE,TRUE,TRUE
"formula",244,"reflexivity","en_US.UTF-8",TRUE,TRUE,TRUE,TRUE
"formula",244,"unequal_control","en_US.UTF-8",FALSE,FALSE,FALSE,FALSE
"formula",245,"forward_equal","en_US.UTF-8",TRUE,FALSE,TRUE,TRUE
"formula",245,"reverse_equal","en_US.UTF-8",TRUE,FALSE,TRUE,TRUE
"formula",245,"reflexivity","en_US.UTF-8",TRUE,TRUE,TRUE,TRUE
"formula",245,"unequal_control","en_US.UTF-8",FALSE,FALSE,FALSE,FALSE
"formula",246,"forward_equal","en_US.UTF-8",TRUE,FALSE,TRUE,TRUE
"formula",246,"reverse_equal","en_US.UTF-8",TRUE,FALSE,TRUE,TRUE
"formula",246,"reflexivity","en_US.UTF-8",TRUE,TRUE,TRUE,TRUE
"formula",246,"unequal_control","en_US.UTF-8",FALSE,FALSE,FALSE,FALSE
"formula",247,"forward_equal","en_US.UTF-8",TRUE,FALSE,TRUE,TRUE
"formula",247,"reverse_equal","en_US.UTF-8",TRUE,FALSE,TRUE,TRUE
"formula",247,"reflexivity","en_US.UTF-8",TRUE,TRUE,TRUE,TRUE
"formula",247,"unequal_control","en_US.UTF-8",FALSE,FALSE,FALSE,FALSE
"formula",248,"forward_equal","en_US.UTF-8",TRUE,FALSE,TRUE,TRUE
"formula",248,"reverse_equal","en_US.UTF-8",TRUE,FALSE,TRUE,TRUE
"formula",248,"reflexivity","en_US.UTF-8",TRUE,TRUE,TRUE,TRUE
"formula",248,"unequal_control","en_US.UTF-8",FALSE,FALSE,FALSE,FALSE
"formula",249,"forward_equal","en_US.UTF-8",TRUE,FALSE,TRUE,TRUE
"formula",249,"reverse_equal","en_US.UTF-8",TRUE,FALSE,TRUE,TRUE
"formula",249,"reflexivity","en_US.UTF-8",TRUE,TRUE,TRUE,TRUE
"formula",249,"unequal_control","en_US.UTF-8",FALSE,FALSE,FALSE,FALSE
"formula",250,"forward_equal","en_US.UTF-8",TRUE,FALSE,TRUE,TRUE
"formula",250,"reverse_equal","en_US.UTF-8",TRUE,FALSE,TRUE,TRUE
"formula",250,"reflexivity","en_US.UTF-8",TRUE,TRUE,TRUE,TRUE
"formula",250,"unequal_control","en_US.UTF-8",FALSE,FALSE,FALSE,FALSE
"formula",251,"forward_equal","en_US.UTF-8",TRUE,FALSE,TRUE,TRUE
"formula",251,"reverse_equal","en_US.UTF-8",TRUE,FALSE,TRUE,TRUE
"formula",251,"reflexivity","en_US.UTF-8",TRUE,TRUE,TRUE,TRUE
"formula",251,"unequal_control","en_US.UTF-8",FALSE,FALSE,FALSE,FALSE
"formula",252,"forward_equal","en_US.UTF-8",TRUE,FALSE,TRUE,TRUE
"formula",252,"reverse_equal","en_US.UTF-8",TRUE,FALSE,TRUE,TRUE
"formula",252,"reflexivity","en_US.UTF-8",TRUE,TRUE,TRUE,TRUE
"formula",252,"unequal_control","en_US.UTF-8",FALSE,FALSE,FALSE,FALSE
"formula",253,"forward_equal","en_US.UTF-8",TRUE,FALSE,TRUE,TRUE
"formula",253,"reverse_equal","en_US.UTF-8",TRUE,FALSE,TRUE,TRUE
"formula",253,"reflexivity","en_US.UTF-8",TRUE,TRUE,TRUE,TRUE
"formula",253,"unequal_control","en_US.UTF-8",FALSE,FALSE,FALSE,FALSE
"formula",254,"forward_equal","en_US.UTF-8",TRUE,FALSE,TRUE,TRUE
"formula",254,"reverse_equal","en_US.UTF-8",TRUE,FALSE,TRUE,TRUE
"formula",254,"reflexivity","en_US.UTF-8",TRUE,TRUE,TRUE,TRUE
"formula",254,"unequal_control","en_US.UTF-8",FALSE,FALSE,FALSE,FALSE
"formula",255,"forward_equal","en_US.UTF-8",TRUE,FALSE,TRUE,TRUE
"formula",255,"reverse_equal","en_US.UTF-8",TRUE,FALSE,TRUE,TRUE
"formula",255,"reflexivity","en_US.UTF-8",TRUE,TRUE,TRUE,TRUE
"formula",255,"unequal_control","en_US.UTF-8",FALSE,FALSE,FALSE,FALSE
"formula",256,"forward_equal","en_US.UTF-8",TRUE,FALSE,TRUE,TRUE
"formula",256,"reverse_equal","en_US.UTF-8",TRUE,FALSE,TRUE,TRUE
"formula",256,"reflexivity","en_US.UTF-8",TRUE,TRUE,TRUE,TRUE
"formula",256,"unequal_control","en_US.UTF-8",FALSE,FALSE,FALSE,FALSE
"formula",257,"forward_equal","en_US.UTF-8",TRUE,FALSE,TRUE,TRUE
"formula",257,"reverse_equal","en_US.UTF-8",TRUE,FALSE,TRUE,TRUE
"formula",257,"reflexivity","en_US.UTF-8",TRUE,TRUE,TRUE,TRUE
"formula",257,"unequal_control","en_US.UTF-8",FALSE,FALSE,FALSE,FALSE
"formula",258,"forward_equal","en_US.UTF-8",TRUE,FALSE,TRUE,TRUE
"formula",258,"reverse_equal","en_US.UTF-8",TRUE,FALSE,TRUE,TRUE
"formula",258,"reflexivity","en_US.UTF-8",TRUE,TRUE,TRUE,TRUE
"formula",258,"unequal_control","en_US.UTF-8",FALSE,FALSE,FALSE,FALSE
"formula",259,"forward_equal","en_US.UTF-8",TRUE,FALSE,TRUE,TRUE
"formula",259,"reverse_equal","en_US.UTF-8",TRUE,FALSE,TRUE,TRUE
"formula",259,"reflexivity","en_US.UTF-8",TRUE,TRUE,TRUE,TRUE
"formula",259,"unequal_control","en_US.UTF-8",FALSE,FALSE,FALSE,FALSE
"formula",260,"forward_equal","en_US.UTF-8",TRUE,FALSE,TRUE,TRUE
"formula",260,"reverse_equal","en_US.UTF-8",TRUE,FALSE,TRUE,TRUE
"formula",260,"reflexivity","en_US.UTF-8",TRUE,TRUE,TRUE,TRUE
"formula",260,"unequal_control","en_US.UTF-8",FALSE,FALSE,FALSE,FALSE
"formula",261,"forward_equal","en_US.UTF-8",TRUE,FALSE,TRUE,TRUE
"formula",261,"reverse_equal","en_US.UTF-8",TRUE,FALSE,TRUE,TRUE
"formula",261,"reflexivity","en_US.UTF-8",TRUE,TRUE,TRUE,TRUE
"formula",261,"unequal_control","en_US.UTF-8",FALSE,FALSE,FALSE,FALSE
"formula",262,"forward_equal","en_US.UTF-8",TRUE,FALSE,TRUE,TRUE
"formula",262,"reverse_equal","en_US.UTF-8",TRUE,FALSE,TRUE,TRUE
"formula",262,"reflexivity","en_US.UTF-8",TRUE,TRUE,TRUE,TRUE
"formula",262,"unequal_control","en_US.UTF-8",FALSE,FALSE,FALSE,FALSE
"formula",263,"forward_equal","en_US.UTF-8",TRUE,FALSE,TRUE,TRUE
"formula",263,"reverse_equal","en_US.UTF-8",TRUE,FALSE,TRUE,TRUE
"formula",263,"reflexivity","en_US.UTF-8",TRUE,TRUE,TRUE,TRUE
"formula",263,"unequal_control","en_US.UTF-8",FALSE,FALSE,FALSE,FALSE
"formula",264,"forward_equal","en_US.UTF-8",TRUE,FALSE,TRUE,TRUE
"formula",264,"reverse_equal","en_US.UTF-8",TRUE,FALSE,TRUE,TRUE
"formula",264,"reflexivity","en_US.UTF-8",TRUE,TRUE,TRUE,TRUE
"formula",264,"unequal_control","en_US.UTF-8",FALSE,FALSE,FALSE,FALSE
"formula",265,"forward_equal","en_US.UTF-8",TRUE,FALSE,TRUE,TRUE
"formula",265,"reverse_equal","en_US.UTF-8",TRUE,FALSE,TRUE,TRUE
"formula",265,"reflexivity","en_US.UTF-8",TRUE,TRUE,TRUE,TRUE
"formula",265,"unequal_control","en_US.UTF-8",FALSE,FALSE,FALSE,FALSE
"formula",266,"forward_equal","en_US.UTF-8",TRUE,FALSE,TRUE,TRUE
"formula",266,"reverse_equal","en_US.UTF-8",TRUE,FALSE,TRUE,TRUE
"formula",266,"reflexivity","en_US.UTF-8",TRUE,TRUE,TRUE,TRUE
"formula",266,"unequal_control","en_US.UTF-8",FALSE,FALSE,FALSE,FALSE
"formula",267,"forward_equal","en_US.UTF-8",TRUE,FALSE,TRUE,TRUE
"formula",267,"reverse_equal","en_US.UTF-8",TRUE,FALSE,TRUE,TRUE
"formula",267,"reflexivity","en_US.UTF-8",TRUE,TRUE,TRUE,TRUE
"formula",267,"unequal_control","en_US.UTF-8",FALSE,FALSE,FALSE,FALSE
"formula",268,"forward_equal","en_US.UTF-8",TRUE,FALSE,TRUE,TRUE
"formula",268,"reverse_equal","en_US.UTF-8",TRUE,FALSE,TRUE,TRUE
"formula",268,"reflexivity","en_US.UTF-8",TRUE,TRUE,TRUE,TRUE
"formula",268,"unequal_control","en_US.UTF-8",FALSE,FALSE,FALSE,FALSE
"formula",269,"forward_equal","en_US.UTF-8",TRUE,FALSE,TRUE,TRUE
"formula",269,"reverse_equal","en_US.UTF-8",TRUE,FALSE,TRUE,TRUE
"formula",269,"reflexivity","en_US.UTF-8",TRUE,TRUE,TRUE,TRUE
"formula",269,"unequal_control","en_US.UTF-8",FALSE,FALSE,FALSE,FALSE
"formula",270,"forward_equal","en_US.UTF-8",TRUE,FALSE,TRUE,TRUE
"formula",270,"reverse_equal","en_US.UTF-8",TRUE,FALSE,TRUE,TRUE
"formula",270,"reflexivity","en_US.UTF-8",TRUE,TRUE,TRUE,TRUE
"formula",270,"unequal_control","en_US.UTF-8",FALSE,FALSE,FALSE,FALSE
"formula",271,"forward_equal","en_US.UTF-8",TRUE,FALSE,TRUE,TRUE
"formula",271,"reverse_equal","en_US.UTF-8",TRUE,FALSE,TRUE,TRUE
"formula",271,"reflexivity","en_US.UTF-8",TRUE,TRUE,TRUE,TRUE
"formula",271,"unequal_control","en_US.UTF-8",FALSE,FALSE,FALSE,FALSE
"formula",272,"forward_equal","en_US.UTF-8",TRUE,FALSE,TRUE,TRUE
"formula",272,"reverse_equal","en_US.UTF-8",TRUE,FALSE,TRUE,TRUE
"formula",272,"reflexivity","en_US.UTF-8",TRUE,TRUE,TRUE,TRUE
"formula",272,"unequal_control","en_US.UTF-8",FALSE,FALSE,FALSE,FALSE
"formula",273,"forward_equal","en_US.UTF-8",TRUE,FALSE,TRUE,TRUE
"formula",273,"reverse_equal","en_US.UTF-8",TRUE,FALSE,TRUE,TRUE
"formula",273,"reflexivity","en_US.UTF-8",TRUE,TRUE,TRUE,TRUE
"formula",273,"unequal_control","en_US.UTF-8",FALSE,FALSE,FALSE,FALSE
"formula",274,"forward_equal","en_US.UTF-8",TRUE,FALSE,TRUE,TRUE
"formula",274,"reverse_equal","en_US.UTF-8",TRUE,FALSE,TRUE,TRUE
"formula",274,"reflexivity","en_US.UTF-8",TRUE,TRUE,TRUE,TRUE
"formula",274,"unequal_control","en_US.UTF-8",FALSE,FALSE,FALSE,FALSE
"formula",275,"forward_equal","en_US.UTF-8",TRUE,FALSE,TRUE,TRUE
"formula",275,"reverse_equal","en_US.UTF-8",TRUE,FALSE,TRUE,TRUE
"formula",275,"reflexivity","en_US.UTF-8",TRUE,TRUE,TRUE,TRUE
"formula",275,"unequal_control","en_US.UTF-8",FALSE,FALSE,FALSE,FALSE
"formula",276,"forward_equal","en_US.UTF-8",TRUE,FALSE,TRUE,TRUE
"formula",276,"reverse_equal","en_US.UTF-8",TRUE,FALSE,TRUE,TRUE
"formula",276,"reflexivity","en_US.UTF-8",TRUE,TRUE,TRUE,TRUE
"formula",276,"unequal_control","en_US.UTF-8",FALSE,FALSE,FALSE,FALSE
"formula",277,"forward_equal","en_US.UTF-8",TRUE,FALSE,TRUE,TRUE
"formula",277,"reverse_equal","en_US.UTF-8",TRUE,FALSE,TRUE,TRUE
"formula",277,"reflexivity","en_US.UTF-8",TRUE,TRUE,TRUE,TRUE
"formula",277,"unequal_control","en_US.UTF-8",FALSE,FALSE,FALSE,FALSE
"formula",278,"forward_equal","en_US.UTF-8",TRUE,FALSE,TRUE,TRUE
"formula",278,"reverse_equal","en_US.UTF-8",TRUE,FALSE,TRUE,TRUE
"formula",278,"reflexivity","en_US.UTF-8",TRUE,TRUE,TRUE,TRUE
"formula",278,"unequal_control","en_US.UTF-8",FALSE,FALSE,FALSE,FALSE
"formula",279,"forward_equal","en_US.UTF-8",TRUE,FALSE,TRUE,TRUE
"formula",279,"reverse_equal","en_US.UTF-8",TRUE,FALSE,TRUE,TRUE
"formula",279,"reflexivity","en_US.UTF-8",TRUE,TRUE,TRUE,TRUE
"formula",279,"unequal_control","en_US.UTF-8",FALSE,FALSE,FALSE,FALSE
"formula",280,"forward_equal","en_US.UTF-8",TRUE,FALSE,TRUE,TRUE
"formula",280,"reverse_equal","en_US.UTF-8",TRUE,FALSE,TRUE,TRUE
"formula",280,"reflexivity","en_US.UTF-8",TRUE,TRUE,TRUE,TRUE
"formula",280,"unequal_control","en_US.UTF-8",FALSE,FALSE,FALSE,FALSE
"formula",281,"forward_equal","en_US.UTF-8",TRUE,FALSE,TRUE,TRUE
"formula",281,"reverse_equal","en_US.UTF-8",TRUE,FALSE,TRUE,TRUE
"formula",281,"reflexivity","en_US.UTF-8",TRUE,TRUE,TRUE,TRUE
"formula",281,"unequal_control","en_US.UTF-8",FALSE,FALSE,FALSE,FALSE
"formula",282,"forward_equal","en_US.UTF-8",TRUE,FALSE,TRUE,TRUE
"formula",282,"reverse_equal","en_US.UTF-8",TRUE,FALSE,TRUE,TRUE
"formula",282,"reflexivity","en_US.UTF-8",TRUE,TRUE,TRUE,TRUE
"formula",282,"unequal_control","en_US.UTF-8",FALSE,FALSE,FALSE,FALSE
"formula",283,"forward_equal","en_US.UTF-8",TRUE,FALSE,TRUE,TRUE
"formula",283,"reverse_equal","en_US.UTF-8",TRUE,FALSE,TRUE,TRUE
"formula",283,"reflexivity","en_US.UTF-8",TRUE,TRUE,TRUE,TRUE
"formula",283,"unequal_control","en_US.UTF-8",FALSE,FALSE,FALSE,FALSE
"formula",284,"forward_equal","en_US.UTF-8",TRUE,FALSE,TRUE,TRUE
"formula",284,"reverse_equal","en_US.UTF-8",TRUE,FALSE,TRUE,TRUE
"formula",284,"reflexivity","en_US.UTF-8",TRUE,TRUE,TRUE,TRUE
"formula",284,"unequal_control","en_US.UTF-8",FALSE,FALSE,FALSE,FALSE
"formula",285,"forward_equal","en_US.UTF-8",TRUE,FALSE,TRUE,TRUE
"formula",285,"reverse_equal","en_US.UTF-8",TRUE,FALSE,TRUE,TRUE
"formula",285,"reflexivity","en_US.UTF-8",TRUE,TRUE,TRUE,TRUE
"formula",285,"unequal_control","en_US.UTF-8",FALSE,FALSE,FALSE,FALSE
"formula",286,"forward_equal","en_US.UTF-8",TRUE,FALSE,TRUE,TRUE
"formula",286,"reverse_equal","en_US.UTF-8",TRUE,FALSE,TRUE,TRUE
"formula",286,"reflexivity","en_US.UTF-8",TRUE,TRUE,TRUE,TRUE
"formula",286,"unequal_control","en_US.UTF-8",FALSE,FALSE,FALSE,FALSE
"formula",287,"forward_equal","en_US.UTF-8",TRUE,FALSE,TRUE,TRUE
"formula",287,"reverse_equal","en_US.UTF-8",TRUE,FALSE,TRUE,TRUE
"formula",287,"reflexivity","en_US.UTF-8",TRUE,TRUE,TRUE,TRUE
"formula",287,"unequal_control","en_US.UTF-8",FALSE,FALSE,FALSE,FALSE
"formula",288,"forward_equal","en_US.UTF-8",TRUE,FALSE,TRUE,TRUE
"formula",288,"reverse_equal","en_US.UTF-8",TRUE,FALSE,TRUE,TRUE
"formula",288,"reflexivity","en_US.UTF-8",TRUE,TRUE,TRUE,TRUE
"formula",288,"unequal_control","en_US.UTF-8",FALSE,FALSE,FALSE,FALSE
"formula",289,"forward_equal","en_US.UTF-8",TRUE,FALSE,TRUE,TRUE
"formula",289,"reverse_equal","en_US.UTF-8",TRUE,FALSE,TRUE,TRUE
"formula",289,"reflexivity","en_US.UTF-8",TRUE,TRUE,TRUE,TRUE
"formula",289,"unequal_control","en_US.UTF-8",FALSE,FALSE,FALSE,FALSE
"formula",290,"forward_equal","en_US.UTF-8",TRUE,FALSE,TRUE,TRUE
"formula",290,"reverse_equal","en_US.UTF-8",TRUE,FALSE,TRUE,TRUE
"formula",290,"reflexivity","en_US.UTF-8",TRUE,TRUE,TRUE,TRUE
"formula",290,"unequal_control","en_US.UTF-8",FALSE,FALSE,FALSE,FALSE
"formula",291,"forward_equal","en_US.UTF-8",TRUE,FALSE,TRUE,TRUE
"formula",291,"reverse_equal","en_US.UTF-8",TRUE,FALSE,TRUE,TRUE
"formula",291,"reflexivity","en_US.UTF-8",TRUE,TRUE,TRUE,TRUE
"formula",291,"unequal_control","en_US.UTF-8",FALSE,FALSE,FALSE,FALSE
"formula",292,"forward_equal","en_US.UTF-8",TRUE,FALSE,TRUE,TRUE
"formula",292,"reverse_equal","en_US.UTF-8",TRUE,FALSE,TRUE,TRUE
"formula",292,"reflexivity","en_US.UTF-8",TRUE,TRUE,TRUE,TRUE
"formula",292,"unequal_control","en_US.UTF-8",FALSE,FALSE,FALSE,FALSE
"formula",293,"forward_equal","en_US.UTF-8",TRUE,FALSE,TRUE,TRUE
"formula",293,"reverse_equal","en_US.UTF-8",TRUE,FALSE,TRUE,TRUE
"formula",293,"reflexivity","en_US.UTF-8",TRUE,TRUE,TRUE,TRUE
"formula",293,"unequal_control","en_US.UTF-8",FALSE,FALSE,FALSE,FALSE
"formula",294,"forward_equal","en_US.UTF-8",TRUE,FALSE,TRUE,TRUE
"formula",294,"reverse_equal","en_US.UTF-8",TRUE,FALSE,TRUE,TRUE
"formula",294,"reflexivity","en_US.UTF-8",TRUE,TRUE,TRUE,TRUE
"formula",294,"unequal_control","en_US.UTF-8",FALSE,FALSE,FALSE,FALSE
"formula",295,"forward_equal","en_US.UTF-8",TRUE,FALSE,TRUE,TRUE
"formula",295,"reverse_equal","en_US.UTF-8",TRUE,FALSE,TRUE,TRUE
"formula",295,"reflexivity","en_US.UTF-8",TRUE,TRUE,TRUE,TRUE
"formula",295,"unequal_control","en_US.UTF-8",FALSE,FALSE,FALSE,FALSE
"formula",296,"forward_equal","en_US.UTF-8",TRUE,FALSE,TRUE,TRUE
"formula",296,"reverse_equal","en_US.UTF-8",TRUE,FALSE,TRUE,TRUE
"formula",296,"reflexivity","en_US.UTF-8",TRUE,TRUE,TRUE,TRUE
"formula",296,"unequal_control","en_US.UTF-8",FALSE,FALSE,FALSE,FALSE
"formula",297,"forward_equal","en_US.UTF-8",TRUE,FALSE,TRUE,TRUE
"formula",297,"reverse_equal","en_US.UTF-8",TRUE,FALSE,TRUE,TRUE
"formula",297,"reflexivity","en_US.UTF-8",TRUE,TRUE,TRUE,TRUE
"formula",297,"unequal_control","en_US.UTF-8",FALSE,FALSE,FALSE,FALSE
"formula",298,"forward_equal","en_US.UTF-8",TRUE,FALSE,TRUE,TRUE
"formula",298,"reverse_equal","en_US.UTF-8",TRUE,FALSE,TRUE,TRUE
"formula",298,"reflexivity","en_US.UTF-8",TRUE,TRUE,TRUE,TRUE
"formula",298,"unequal_control","en_US.UTF-8",FALSE,FALSE,FALSE,FALSE
"formula",299,"forward_equal","en_US.UTF-8",TRUE,FALSE,TRUE,TRUE
"formula",299,"reverse_equal","en_US.UTF-8",TRUE,FALSE,TRUE,TRUE
"formula",299,"reflexivity","en_US.UTF-8",TRUE,TRUE,TRUE,TRUE
"formula",299,"unequal_control","en_US.UTF-8",FALSE,FALSE,FALSE,FALSE
"formula",300,"forward_equal","en_US.UTF-8",TRUE,FALSE,TRUE,TRUE
"formula",300,"reverse_equal","en_US.UTF-8",TRUE,FALSE,TRUE,TRUE
"formula",300,"reflexivity","en_US.UTF-8",TRUE,TRUE,TRUE,TRUE
"formula",300,"unequal_control","en_US.UTF-8",FALSE,FALSE,FALSE,FALSE
"formula",301,"forward_equal","en_US.UTF-8",TRUE,FALSE,TRUE,TRUE
"formula",301,"reverse_equal","en_US.UTF-8",TRUE,FALSE,TRUE,TRUE
"formula",301,"reflexivity","en_US.UTF-8",TRUE,TRUE,TRUE,TRUE
"formula",301,"unequal_control","en_US.UTF-8",FALSE,FALSE,FALSE,FALSE
"formula",302,"forward_equal","en_US.UTF-8",TRUE,FALSE,TRUE,TRUE
"formula",302,"reverse_equal","en_US.UTF-8",TRUE,FALSE,TRUE,TRUE
"formula",302,"reflexivity","en_US.UTF-8",TRUE,TRUE,TRUE,TRUE
"formula",302,"unequal_control","en_US.UTF-8",FALSE,FALSE,FALSE,FALSE
"formula",303,"forward_equal","en_US.UTF-8",TRUE,FALSE,TRUE,TRUE
"formula",303,"reverse_equal","en_US.UTF-8",TRUE,FALSE,TRUE,TRUE
"formula",303,"reflexivity","en_US.UTF-8",TRUE,TRUE,TRUE,TRUE
"formula",303,"unequal_control","en_US.UTF-8",FALSE,FALSE,FALSE,FALSE
"formula",304,"forward_equal","en_US.UTF-8",TRUE,FALSE,TRUE,TRUE
"formula",304,"reverse_equal","en_US.UTF-8",TRUE,FALSE,TRUE,TRUE
"formula",304,"reflexivity","en_US.UTF-8",TRUE,TRUE,TRUE,TRUE
"formula",304,"unequal_control","en_US.UTF-8",FALSE,FALSE,FALSE,FALSE
"formula",305,"forward_equal","en_US.UTF-8",TRUE,FALSE,TRUE,TRUE
"formula",305,"reverse_equal","en_US.UTF-8",TRUE,FALSE,TRUE,TRUE
"formula",305,"reflexivity","en_US.UTF-8",TRUE,TRUE,TRUE,TRUE
"formula",305,"unequal_control","en_US.UTF-8",FALSE,FALSE,FALSE,FALSE
"formula",306,"forward_equal","en_US.UTF-8",TRUE,FALSE,TRUE,TRUE
"formula",306,"reverse_equal","en_US.UTF-8",TRUE,FALSE,TRUE,TRUE
"formula",306,"reflexivity","en_US.UTF-8",TRUE,TRUE,TRUE,TRUE
"formula",306,"unequal_control","en_US.UTF-8",FALSE,FALSE,FALSE,FALSE
"formula",307,"forward_equal","en_US.UTF-8",TRUE,FALSE,TRUE,TRUE
"formula",307,"reverse_equal","en_US.UTF-8",TRUE,FALSE,TRUE,TRUE
"formula",307,"reflexivity","en_US.UTF-8",TRUE,TRUE,TRUE,TRUE
"formula",307,"unequal_control","en_US.UTF-8",FALSE,FALSE,FALSE,FALSE
"formula",308,"forward_equal","en_US.UTF-8",TRUE,FALSE,TRUE,TRUE
"formula",308,"reverse_equal","en_US.UTF-8",TRUE,FALSE,TRUE,TRUE
"formula",308,"reflexivity","en_US.UTF-8",TRUE,TRUE,TRUE,TRUE
"formula",308,"unequal_control","en_US.UTF-8",FALSE,FALSE,FALSE,FALSE
"formula",309,"forward_equal","en_US.UTF-8",TRUE,FALSE,TRUE,TRUE
"formula",309,"reverse_equal","en_US.UTF-8",TRUE,FALSE,TRUE,TRUE
"formula",309,"reflexivity","en_US.UTF-8",TRUE,TRUE,TRUE,TRUE
"formula",309,"unequal_control","en_US.UTF-8",FALSE,FALSE,FALSE,FALSE
"formula",310,"forward_equal","en_US.UTF-8",TRUE,FALSE,TRUE,TRUE
"formula",310,"reverse_equal","en_US.UTF-8",TRUE,FALSE,TRUE,TRUE
"formula",310,"reflexivity","en_US.UTF-8",TRUE,TRUE,TRUE,TRUE
"formula",310,"unequal_control","en_US.UTF-8",FALSE,FALSE,FALSE,FALSE
"formula",311,"forward_equal","en_US.UTF-8",TRUE,FALSE,TRUE,TRUE
"formula",311,"reverse_equal","en_US.UTF-8",TRUE,FALSE,TRUE,TRUE
"formula",311,"reflexivity","en_US.UTF-8",TRUE,TRUE,TRUE,TRUE
"formula",311,"unequal_control","en_US.UTF-8",FALSE,FALSE,FALSE,FALSE
"formula",312,"forward_equal","en_US.UTF-8",TRUE,FALSE,TRUE,TRUE
"formula",312,"reverse_equal","en_US.UTF-8",TRUE,FALSE,TRUE,TRUE
"formula",312,"reflexivity","en_US.UTF-8",TRUE,TRUE,TRUE,TRUE
"formula",312,"unequal_control","en_US.UTF-8",FALSE,FALSE,FALSE,FALSE
"formula",313,"forward_equal","en_US.UTF-8",TRUE,FALSE,TRUE,TRUE
"formula",313,"reverse_equal","en_US.UTF-8",TRUE,FALSE,TRUE,TRUE
"formula",313,"reflexivity","en_US.UTF-8",TRUE,TRUE,TRUE,TRUE
"formula",313,"unequal_control","en_US.UTF-8",FALSE,FALSE,FALSE,FALSE
"formula",314,"forward_equal","en_US.UTF-8",TRUE,FALSE,TRUE,TRUE
"formula",314,"reverse_equal","en_US.UTF-8",TRUE,FALSE,TRUE,TRUE
"formula",314,"reflexivity","en_US.UTF-8",TRUE,TRUE,TRUE,TRUE
"formula",314,"unequal_control","en_US.UTF-8",FALSE,FALSE,FALSE,FALSE
"formula",315,"forward_equal","en_US.UTF-8",TRUE,FALSE,TRUE,TRUE
"formula",315,"reverse_equal","en_US.UTF-8",TRUE,FALSE,TRUE,TRUE
"formula",315,"reflexivity","en_US.UTF-8",TRUE,TRUE,TRUE,TRUE
"formula",315,"unequal_control","en_US.UTF-8",FALSE,FALSE,FALSE,FALSE
"formula",316,"forward_equal","en_US.UTF-8",TRUE,FALSE,TRUE,TRUE
"formula",316,"reverse_equal","en_US.UTF-8",TRUE,FALSE,TRUE,TRUE
"formula",316,"reflexivity","en_US.UTF-8",TRUE,TRUE,TRUE,TRUE
"formula",316,"unequal_control","en_US.UTF-8",FALSE,FALSE,FALSE,FALSE
"formula",317,"forward_equal","en_US.UTF-8",TRUE,FALSE,TRUE,TRUE
"formula",317,"reverse_equal","en_US.UTF-8",TRUE,FALSE,TRUE,TRUE
"formula",317,"reflexivity","en_US.UTF-8",TRUE,TRUE,TRUE,TRUE
"formula",317,"unequal_control","en_US.UTF-8",FALSE,FALSE,FALSE,FALSE
"formula",318,"forward_equal","en_US.UTF-8",TRUE,FALSE,TRUE,TRUE
"formula",318,"reverse_equal","en_US.UTF-8",TRUE,FALSE,TRUE,TRUE
"formula",318,"reflexivity","en_US.UTF-8",TRUE,TRUE,TRUE,TRUE
"formula",318,"unequal_control","en_US.UTF-8",FALSE,FALSE,FALSE,FALSE
"formula",319,"forward_equal","en_US.UTF-8",TRUE,FALSE,TRUE,TRUE
"formula",319,"reverse_equal","en_US.UTF-8",TRUE,FALSE,TRUE,TRUE
"formula",319,"reflexivity","en_US.UTF-8",TRUE,TRUE,TRUE,TRUE
"formula",319,"unequal_control","en_US.UTF-8",FALSE,FALSE,FALSE,FALSE
"formula",320,"forward_equal","en_US.UTF-8",TRUE,FALSE,TRUE,TRUE
"formula",320,"reverse_equal","en_US.UTF-8",TRUE,FALSE,TRUE,TRUE
"formula",320,"reflexivity","en_US.UTF-8",TRUE,TRUE,TRUE,TRUE
"formula",320,"unequal_control","en_US.UTF-8",FALSE,FALSE,FALSE,FALSE
"formula",321,"forward_equal","en_US.UTF-8",TRUE,FALSE,TRUE,TRUE
"formula",321,"reverse_equal","en_US.UTF-8",TRUE,FALSE,TRUE,TRUE
"formula",321,"reflexivity","en_US.UTF-8",TRUE,TRUE,TRUE,TRUE
"formula",321,"unequal_control","en_US.UTF-8",FALSE,FALSE,FALSE,FALSE
"formula",322,"forward_equal","en_US.UTF-8",TRUE,FALSE,TRUE,TRUE
"formula",322,"reverse_equal","en_US.UTF-8",TRUE,FALSE,TRUE,TRUE
"formula",322,"reflexivity","en_US.UTF-8",TRUE,TRUE,TRUE,TRUE
"formula",322,"unequal_control","en_US.UTF-8",FALSE,FALSE,FALSE,FALSE
"formula",323,"forward_equal","en_US.UTF-8",TRUE,FALSE,TRUE,TRUE
"formula",323,"reverse_equal","en_US.UTF-8",TRUE,FALSE,TRUE,TRUE
"formula",323,"reflexivity","en_US.UTF-8",TRUE,TRUE,TRUE,TRUE
"formula",323,"unequal_control","en_US.UTF-8",FALSE,FALSE,FALSE,FALSE
"formula",324,"forward_equal","en_US.UTF-8",TRUE,FALSE,TRUE,TRUE
"formula",324,"reverse_equal","en_US.UTF-8",TRUE,FALSE,TRUE,TRUE
"formula",324,"reflexivity","en_US.UTF-8",TRUE,TRUE,TRUE,TRUE
"formula",324,"unequal_control","en_US.UTF-8",FALSE,FALSE,FALSE,FALSE
"formula",325,"forward_equal","en_US.UTF-8",TRUE,FALSE,TRUE,TRUE
"formula",325,"reverse_equal","en_US.UTF-8",TRUE,FALSE,TRUE,TRUE
"formula",325,"reflexivity","en_US.UTF-8",TRUE,TRUE,TRUE,TRUE
"formula",325,"unequal_control","en_US.UTF-8",FALSE,FALSE,FALSE,FALSE
"formula",326,"forward_equal","en_US.UTF-8",TRUE,FALSE,TRUE,TRUE
"formula",326,"reverse_equal","en_US.UTF-8",TRUE,FALSE,TRUE,TRUE
"formula",326,"reflexivity","en_US.UTF-8",TRUE,TRUE,TRUE,TRUE
"formula",326,"unequal_control","en_US.UTF-8",FALSE,FALSE,FALSE,FALSE
"formula",327,"forward_equal","en_US.UTF-8",TRUE,FALSE,TRUE,TRUE
"formula",327,"reverse_equal","en_US.UTF-8",TRUE,FALSE,TRUE,TRUE
"formula",327,"reflexivity","en_US.UTF-8",TRUE,TRUE,TRUE,TRUE
"formula",327,"unequal_control","en_US.UTF-8",FALSE,FALSE,FALSE,FALSE
"formula",328,"forward_equal","en_US.UTF-8",TRUE,FALSE,TRUE,TRUE
"formula",328,"reverse_equal","en_US.UTF-8",TRUE,FALSE,TRUE,TRUE
"formula",328,"reflexivity","en_US.UTF-8",TRUE,TRUE,TRUE,TRUE
"formula",328,"unequal_control","en_US.UTF-8",FALSE,FALSE,FALSE,FALSE
"formula",329,"forward_equal","en_US.UTF-8",TRUE,FALSE,TRUE,TRUE
"formula",329,"reverse_equal","en_US.UTF-8",TRUE,FALSE,TRUE,TRUE
"formula",329,"reflexivity","en_US.UTF-8",TRUE,TRUE,TRUE,TRUE
"formula",329,"unequal_control","en_US.UTF-8",FALSE,FALSE,FALSE,FALSE
"formula",330,"forward_equal","en_US.UTF-8",TRUE,FALSE,TRUE,TRUE
"formula",330,"reverse_equal","en_US.UTF-8",TRUE,FALSE,TRUE,TRUE
"formula",330,"reflexivity","en_US.UTF-8",TRUE,TRUE,TRUE,TRUE
"formula",330,"unequal_control","en_US.UTF-8",FALSE,FALSE,FALSE,FALSE
"formula",331,"forward_equal","en_US.UTF-8",TRUE,FALSE,TRUE,TRUE
"formula",331,"reverse_equal","en_US.UTF-8",TRUE,FALSE,TRUE,TRUE
"formula",331,"reflexivity","en_US.UTF-8",TRUE,TRUE,TRUE,TRUE
"formula",331,"unequal_control","en_US.UTF-8",FALSE,FALSE,FALSE,FALSE
"formula",332,"forward_equal","en_US.UTF-8",TRUE,FALSE,TRUE,TRUE
"formula",332,"reverse_equal","en_US.UTF-8",TRUE,FALSE,TRUE,TRUE
"formula",332,"reflexivity","en_US.UTF-8",TRUE,TRUE,TRUE,TRUE
"formula",332,"unequal_control","en_US.UTF-8",FALSE,FALSE,FALSE,FALSE
"formula",333,"forward_equal","en_US.UTF-8",TRUE,FALSE,TRUE,TRUE
"formula",333,"reverse_equal","en_US.UTF-8",TRUE,FALSE,TRUE,TRUE
"formula",333,"reflexivity","en_US.UTF-8",TRUE,TRUE,TRUE,TRUE
"formula",333,"unequal_control","en_US.UTF-8",FALSE,FALSE,FALSE,FALSE
"formula",334,"forward_equal","en_US.UTF-8",TRUE,FALSE,TRUE,TRUE
"formula",334,"reverse_equal","en_US.UTF-8",TRUE,FALSE,TRUE,TRUE
"formula",334,"reflexivity","en_US.UTF-8",TRUE,TRUE,TRUE,TRUE
"formula",334,"unequal_control","en_US.UTF-8",FALSE,FALSE,FALSE,FALSE
"formula",335,"forward_equal","en_US.UTF-8",TRUE,FALSE,TRUE,TRUE
"formula",335,"reverse_equal","en_US.UTF-8",TRUE,FALSE,TRUE,TRUE
"formula",335,"reflexivity","en_US.UTF-8",TRUE,TRUE,TRUE,TRUE
"formula",335,"unequal_control","en_US.UTF-8",FALSE,FALSE,FALSE,FALSE
"formula",336,"forward_equal","en_US.UTF-8",TRUE,FALSE,TRUE,TRUE
"formula",336,"reverse_equal","en_US.UTF-8",TRUE,FALSE,TRUE,TRUE
"formula",336,"reflexivity","en_US.UTF-8",TRUE,TRUE,TRUE,TRUE
"formula",336,"unequal_control","en_US.UTF-8",FALSE,FALSE,FALSE,FALSE
"formula",337,"forward_equal","en_US.UTF-8",TRUE,FALSE,TRUE,TRUE
"formula",337,"reverse_equal","en_US.UTF-8",TRUE,FALSE,TRUE,TRUE
"formula",337,"reflexivity","en_US.UTF-8",TRUE,TRUE,TRUE,TRUE
"formula",337,"unequal_control","en_US.UTF-8",FALSE,FALSE,FALSE,FALSE
"formula",338,"forward_equal","en_US.UTF-8",TRUE,FALSE,TRUE,TRUE
"formula",338,"reverse_equal","en_US.UTF-8",TRUE,FALSE,TRUE,TRUE
"formula",338,"reflexivity","en_US.UTF-8",TRUE,TRUE,TRUE,TRUE
"formula",338,"unequal_control","en_US.UTF-8",FALSE,FALSE,FALSE,FALSE
"formula",339,"forward_equal","en_US.UTF-8",TRUE,FALSE,TRUE,TRUE
"formula",339,"reverse_equal","en_US.UTF-8",TRUE,FALSE,TRUE,TRUE
"formula",339,"reflexivity","en_US.UTF-8",TRUE,TRUE,TRUE,TRUE
"formula",339,"unequal_control","en_US.UTF-8",FALSE,FALSE,FALSE,FALSE
"formula",340,"forward_equal","en_US.UTF-8",TRUE,FALSE,TRUE,TRUE
"formula",340,"reverse_equal","en_US.UTF-8",TRUE,FALSE,TRUE,TRUE
"formula",340,"reflexivity","en_US.UTF-8",TRUE,TRUE,TRUE,TRUE
"formula",340,"unequal_control","en_US.UTF-8",FALSE,FALSE,FALSE,FALSE
"formula",341,"forward_equal","en_US.UTF-8",TRUE,FALSE,TRUE,TRUE
"formula",341,"reverse_equal","en_US.UTF-8",TRUE,FALSE,TRUE,TRUE
"formula",341,"reflexivity","en_US.UTF-8",TRUE,TRUE,TRUE,TRUE
"formula",341,"unequal_control","en_US.UTF-8",FALSE,FALSE,FALSE,FALSE
"formula",342,"forward_equal","en_US.UTF-8",TRUE,FALSE,TRUE,TRUE
"formula",342,"reverse_equal","en_US.UTF-8",TRUE,FALSE,TRUE,TRUE
"formula",342,"reflexivity","en_US.UTF-8",TRUE,TRUE,TRUE,TRUE
"formula",342,"unequal_control","en_US.UTF-8",FALSE,FALSE,FALSE,FALSE
"formula",343,"forward_equal","en_US.UTF-8",TRUE,FALSE,TRUE,TRUE
"formula",343,"reverse_equal","en_US.UTF-8",TRUE,FALSE,TRUE,TRUE
"formula",343,"reflexivity","en_US.UTF-8",TRUE,TRUE,TRUE,TRUE
"formula",343,"unequal_control","en_US.UTF-8",FALSE,FALSE,FALSE,FALSE
"formula",344,"forward_equal","en_US.UTF-8",TRUE,FALSE,TRUE,TRUE
"formula",344,"reverse_equal","en_US.UTF-8",TRUE,FALSE,TRUE,TRUE
"formula",344,"reflexivity","en_US.UTF-8",TRUE,TRUE,TRUE,TRUE
"formula",344,"unequal_control","en_US.UTF-8",FALSE,FALSE,FALSE,FALSE
"formula",345,"forward_equal","en_US.UTF-8",TRUE,FALSE,TRUE,TRUE
"formula",345,"reverse_equal","en_US.UTF-8",TRUE,FALSE,TRUE,TRUE
"formula",345,"reflexivity","en_US.UTF-8",TRUE,TRUE,TRUE,TRUE
"formula",345,"unequal_control","en_US.UTF-8",FALSE,FALSE,FALSE,FALSE
"formula",346,"forward_equal","en_US.UTF-8",TRUE,FALSE,TRUE,TRUE
"formula",346,"reverse_equal","en_US.UTF-8",TRUE,FALSE,TRUE,TRUE
"formula",346,"reflexivity","en_US.UTF-8",TRUE,TRUE,TRUE,TRUE
"formula",346,"unequal_control","en_US.UTF-8",FALSE,FALSE,FALSE,FALSE
"formula",347,"forward_equal","en_US.UTF-8",TRUE,FALSE,TRUE,TRUE
"formula",347,"reverse_equal","en_US.UTF-8",TRUE,FALSE,TRUE,TRUE
"formula",347,"reflexivity","en_US.UTF-8",TRUE,TRUE,TRUE,TRUE
"formula",347,"unequal_control","en_US.UTF-8",FALSE,FALSE,FALSE,FALSE
"formula",348,"forward_equal","en_US.UTF-8",TRUE,FALSE,TRUE,TRUE
"formula",348,"reverse_equal","en_US.UTF-8",TRUE,FALSE,TRUE,TRUE
"formula",348,"reflexivity","en_US.UTF-8",TRUE,TRUE,TRUE,TRUE
"formula",348,"unequal_control","en_US.UTF-8",FALSE,FALSE,FALSE,FALSE
"formula",349,"forward_equal","en_US.UTF-8",TRUE,FALSE,TRUE,TRUE
"formula",349,"reverse_equal","en_US.UTF-8",TRUE,FALSE,TRUE,TRUE
"formula",349,"reflexivity","en_US.UTF-8",TRUE,TRUE,TRUE,TRUE
"formula",349,"unequal_control","en_US.UTF-8",FALSE,FALSE,FALSE,FALSE
"formula",350,"forward_equal","en_US.UTF-8",TRUE,FALSE,TRUE,TRUE
"formula",350,"reverse_equal","en_US.UTF-8",TRUE,FALSE,TRUE,TRUE
"formula",350,"reflexivity","en_US.UTF-8",TRUE,TRUE,TRUE,TRUE
"formula",350,"unequal_control","en_US.UTF-8",FALSE,FALSE,FALSE,FALSE
"formula",351,"forward_equal","en_US.UTF-8",TRUE,FALSE,TRUE,TRUE
"formula",351,"reverse_equal","en_US.UTF-8",TRUE,FALSE,TRUE,TRUE
"formula",351,"reflexivity","en_US.UTF-8",TRUE,TRUE,TRUE,TRUE
"formula",351,"unequal_control","en_US.UTF-8",FALSE,FALSE,FALSE,FALSE
"formula",352,"forward_equal","en_US.UTF-8",TRUE,FALSE,TRUE,TRUE
"formula",352,"reverse_equal","en_US.UTF-8",TRUE,FALSE,TRUE,TRUE
"formula",352,"reflexivity","en_US.UTF-8",TRUE,TRUE,TRUE,TRUE
"formula",352,"unequal_control","en_US.UTF-8",FALSE,FALSE,FALSE,FALSE
"formula",353,"forward_equal","en_US.UTF-8",TRUE,FALSE,TRUE,TRUE
"formula",353,"reverse_equal","en_US.UTF-8",TRUE,FALSE,TRUE,TRUE
"formula",353,"reflexivity","en_US.UTF-8",TRUE,TRUE,TRUE,TRUE
"formula",353,"unequal_control","en_US.UTF-8",FALSE,FALSE,FALSE,FALSE
"formula",354,"forward_equal","en_US.UTF-8",TRUE,FALSE,TRUE,TRUE
"formula",354,"reverse_equal","en_US.UTF-8",TRUE,FALSE,TRUE,TRUE
"formula",354,"reflexivity","en_US.UTF-8",TRUE,TRUE,TRUE,TRUE
"formula",354,"unequal_control","en_US.UTF-8",FALSE,FALSE,FALSE,FALSE
"formula",355,"forward_equal","en_US.UTF-8",TRUE,FALSE,TRUE,TRUE
"formula",355,"reverse_equal","en_US.UTF-8",TRUE,FALSE,TRUE,TRUE
"formula",355,"reflexivity","en_US.UTF-8",TRUE,TRUE,TRUE,TRUE
"formula",355,"unequal_control","en_US.UTF-8",FALSE,FALSE,FALSE,FALSE
"formula",356,"forward_equal","en_US.UTF-8",TRUE,FALSE,TRUE,TRUE
"formula",356,"reverse_equal","en_US.UTF-8",TRUE,FALSE,TRUE,TRUE
"formula",356,"reflexivity","en_US.UTF-8",TRUE,TRUE,TRUE,TRUE
"formula",356,"unequal_control","en_US.UTF-8",FALSE,FALSE,FALSE,FALSE
"formula",357,"forward_equal","en_US.UTF-8",TRUE,FALSE,TRUE,TRUE
"formula",357,"reverse_equal","en_US.UTF-8",TRUE,FALSE,TRUE,TRUE
"formula",357,"reflexivity","en_US.UTF-8",TRUE,TRUE,TRUE,TRUE
"formula",357,"unequal_control","en_US.UTF-8",FALSE,FALSE,FALSE,FALSE
"formula",358,"forward_equal","en_US.UTF-8",TRUE,FALSE,TRUE,TRUE
"formula",358,"reverse_equal","en_US.UTF-8",TRUE,FALSE,TRUE,TRUE
"formula",358,"reflexivity","en_US.UTF-8",TRUE,TRUE,TRUE,TRUE
"formula",358,"unequal_control","en_US.UTF-8",FALSE,FALSE,FALSE,FALSE
"formula",359,"forward_equal","en_US.UTF-8",TRUE,FALSE,TRUE,TRUE
"formula",359,"reverse_equal","en_US.UTF-8",TRUE,FALSE,TRUE,TRUE
"formula",359,"reflexivity","en_US.UTF-8",TRUE,TRUE,TRUE,TRUE
"formula",359,"unequal_control","en_US.UTF-8",FALSE,FALSE,FALSE,FALSE
"formula",360,"forward_equal","en_US.UTF-8",TRUE,FALSE,TRUE,TRUE
"formula",360,"reverse_equal","en_US.UTF-8",TRUE,FALSE,TRUE,TRUE
"formula",360,"reflexivity","en_US.UTF-8",TRUE,TRUE,TRUE,TRUE
"formula",360,"unequal_control","en_US.UTF-8",FALSE,FALSE,FALSE,FALSE
"formula",361,"forward_equal","en_US.UTF-8",TRUE,FALSE,TRUE,TRUE
"formula",361,"reverse_equal","en_US.UTF-8",TRUE,FALSE,TRUE,TRUE
"formula",361,"reflexivity","en_US.UTF-8",TRUE,TRUE,TRUE,TRUE
"formula",361,"unequal_control","en_US.UTF-8",FALSE,FALSE,FALSE,FALSE
"formula",362,"forward_equal","en_US.UTF-8",TRUE,FALSE,TRUE,TRUE
"formula",362,"reverse_equal","en_US.UTF-8",TRUE,FALSE,TRUE,TRUE
"formula",362,"reflexivity","en_US.UTF-8",TRUE,TRUE,TRUE,TRUE
"formula",362,"unequal_control","en_US.UTF-8",FALSE,FALSE,FALSE,FALSE
"formula",363,"forward_equal","en_US.UTF-8",TRUE,FALSE,TRUE,TRUE
"formula",363,"reverse_equal","en_US.UTF-8",TRUE,FALSE,TRUE,TRUE
"formula",363,"reflexivity","en_US.UTF-8",TRUE,TRUE,TRUE,TRUE
"formula",363,"unequal_control","en_US.UTF-8",FALSE,FALSE,FALSE,FALSE
"formula",364,"forward_equal","en_US.UTF-8",TRUE,FALSE,TRUE,TRUE
"formula",364,"reverse_equal","en_US.UTF-8",TRUE,FALSE,TRUE,TRUE
"formula",364,"reflexivity","en_US.UTF-8",TRUE,TRUE,TRUE,TRUE
"formula",364,"unequal_control","en_US.UTF-8",FALSE,FALSE,FALSE,FALSE
"formula",365,"forward_equal","en_US.UTF-8",TRUE,FALSE,TRUE,TRUE
"formula",365,"reverse_equal","en_US.UTF-8",TRUE,FALSE,TRUE,TRUE
"formula",365,"reflexivity","en_US.UTF-8",TRUE,TRUE,TRUE,TRUE
"formula",365,"unequal_control","en_US.UTF-8",FALSE,FALSE,FALSE,FALSE
"formula",366,"forward_equal","en_US.UTF-8",TRUE,FALSE,TRUE,TRUE
"formula",366,"reverse_equal","en_US.UTF-8",TRUE,FALSE,TRUE,TRUE
"formula",366,"reflexivity","en_US.UTF-8",TRUE,TRUE,TRUE,TRUE
"formula",366,"unequal_control","en_US.UTF-8",FALSE,FALSE,FALSE,FALSE
"formula",367,"forward_equal","en_US.UTF-8",TRUE,FALSE,TRUE,TRUE
"formula",367,"reverse_equal","en_US.UTF-8",TRUE,FALSE,TRUE,TRUE
"formula",367,"reflexivity","en_US.UTF-8",TRUE,TRUE,TRUE,TRUE
"formula",367,"unequal_control","en_US.UTF-8",FALSE,FALSE,FALSE,FALSE
"formula",368,"forward_equal","en_US.UTF-8",TRUE,FALSE,TRUE,TRUE
"formula",368,"reverse_equal","en_US.UTF-8",TRUE,FALSE,TRUE,TRUE
"formula",368,"reflexivity","en_US.UTF-8",TRUE,TRUE,TRUE,TRUE
"formula",368,"unequal_control","en_US.UTF-8",FALSE,FALSE,FALSE,FALSE
"formula",369,"forward_equal","en_US.UTF-8",TRUE,FALSE,TRUE,TRUE
"formula",369,"reverse_equal","en_US.UTF-8",TRUE,FALSE,TRUE,TRUE
"formula",369,"reflexivity","en_US.UTF-8",TRUE,TRUE,TRUE,TRUE
"formula",369,"unequal_control","en_US.UTF-8",FALSE,FALSE,FALSE,FALSE
"formula",370,"forward_equal","en_US.UTF-8",TRUE,FALSE,TRUE,TRUE
"formula",370,"reverse_equal","en_US.UTF-8",TRUE,FALSE,TRUE,TRUE
"formula",370,"reflexivity","en_US.UTF-8",TRUE,TRUE,TRUE,TRUE
"formula",370,"unequal_control","en_US.UTF-8",FALSE,FALSE,FALSE,FALSE
"formula",371,"forward_equal","en_US.UTF-8",TRUE,FALSE,TRUE,TRUE
"formula",371,"reverse_equal","en_US.UTF-8",TRUE,FALSE,TRUE,TRUE
"formula",371,"reflexivity","en_US.UTF-8",TRUE,TRUE,TRUE,TRUE
"formula",371,"unequal_control","en_US.UTF-8",FALSE,FALSE,FALSE,FALSE
"formula",372,"forward_equal","en_US.UTF-8",TRUE,FALSE,TRUE,TRUE
"formula",372,"reverse_equal","en_US.UTF-8",TRUE,FALSE,TRUE,TRUE
"formula",372,"reflexivity","en_US.UTF-8",TRUE,TRUE,TRUE,TRUE
"formula",372,"unequal_control","en_US.UTF-8",FALSE,FALSE,FALSE,FALSE
"formula",373,"forward_equal","en_US.UTF-8",TRUE,FALSE,TRUE,TRUE
"formula",373,"reverse_equal","en_US.UTF-8",TRUE,FALSE,TRUE,TRUE
"formula",373,"reflexivity","en_US.UTF-8",TRUE,TRUE,TRUE,TRUE
"formula",373,"unequal_control","en_US.UTF-8",FALSE,FALSE,FALSE,FALSE
"formula",374,"forward_equal","en_US.UTF-8",TRUE,FALSE,TRUE,TRUE
"formula",374,"reverse_equal","en_US.UTF-8",TRUE,FALSE,TRUE,TRUE
"formula",374,"reflexivity","en_US.UTF-8",TRUE,TRUE,TRUE,TRUE
"formula",374,"unequal_control","en_US.UTF-8",FALSE,FALSE,FALSE,FALSE
"formula",375,"forward_equal","en_US.UTF-8",TRUE,FALSE,TRUE,TRUE
"formula",375,"reverse_equal","en_US.UTF-8",TRUE,FALSE,TRUE,TRUE
"formula",375,"reflexivity","en_US.UTF-8",TRUE,TRUE,TRUE,TRUE
"formula",375,"unequal_control","en_US.UTF-8",FALSE,FALSE,FALSE,FALSE
"formula",376,"forward_equal","en_US.UTF-8",TRUE,FALSE,TRUE,TRUE
"formula",376,"reverse_equal","en_US.UTF-8",TRUE,FALSE,TRUE,TRUE
"formula",376,"reflexivity","en_US.UTF-8",TRUE,TRUE,TRUE,TRUE
"formula",376,"unequal_control","en_US.UTF-8",FALSE,FALSE,FALSE,FALSE
"formula",377,"forward_equal","en_US.UTF-8",TRUE,FALSE,TRUE,TRUE
"formula",377,"reverse_equal","en_US.UTF-8",TRUE,FALSE,TRUE,TRUE
"formula",377,"reflexivity","en_US.UTF-8",TRUE,TRUE,TRUE,TRUE
"formula",377,"unequal_control","en_US.UTF-8",FALSE,FALSE,FALSE,FALSE
"formula",378,"forward_equal","en_US.UTF-8",TRUE,FALSE,TRUE,TRUE
"formula",378,"reverse_equal","en_US.UTF-8",TRUE,FALSE,TRUE,TRUE
"formula",378,"reflexivity","en_US.UTF-8",TRUE,TRUE,TRUE,TRUE
"formula",378,"unequal_control","en_US.UTF-8",FALSE,FALSE,FALSE,FALSE
"formula",379,"forward_equal","en_US.UTF-8",TRUE,FALSE,TRUE,TRUE
"formula",379,"reverse_equal","en_US.UTF-8",TRUE,FALSE,TRUE,TRUE
"formula",379,"reflexivity","en_US.UTF-8",TRUE,TRUE,TRUE,TRUE
"formula",379,"unequal_control","en_US.UTF-8",FALSE,FALSE,FALSE,FALSE
"formula",380,"forward_equal","en_US.UTF-8",TRUE,FALSE,TRUE,TRUE
"formula",380,"reverse_equal","en_US.UTF-8",TRUE,FALSE,TRUE,TRUE
"formula",380,"reflexivity","en_US.UTF-8",TRUE,TRUE,TRUE,TRUE
"formula",380,"unequal_control","en_US.UTF-8",FALSE,FALSE,FALSE,FALSE
"formula",381,"forward_equal","en_US.UTF-8",TRUE,FALSE,TRUE,TRUE
"formula",381,"reverse_equal","en_US.UTF-8",TRUE,FALSE,TRUE,TRUE
"formula",381,"reflexivity","en_US.UTF-8",TRUE,TRUE,TRUE,TRUE
"formula",381,"unequal_control","en_US.UTF-8",FALSE,FALSE,FALSE,FALSE
"formula",382,"forward_equal","en_US.UTF-8",TRUE,FALSE,TRUE,TRUE
"formula",382,"reverse_equal","en_US.UTF-8",TRUE,FALSE,TRUE,TRUE
"formula",382,"reflexivity","en_US.UTF-8",TRUE,TRUE,TRUE,TRUE
"formula",382,"unequal_control","en_US.UTF-8",FALSE,FALSE,FALSE,FALSE
"formula",383,"forward_equal","en_US.UTF-8",TRUE,FALSE,TRUE,TRUE
"formula",383,"reverse_equal","en_US.UTF-8",TRUE,FALSE,TRUE,TRUE
"formula",383,"reflexivity","en_US.UTF-8",TRUE,TRUE,TRUE,TRUE
"formula",383,"unequal_control","en_US.UTF-8",FALSE,FALSE,FALSE,FALSE
"formula",384,"forward_equal","en_US.UTF-8",TRUE,FALSE,TRUE,TRUE
"formula",384,"reverse_equal","en_US.UTF-8",TRUE,FALSE,TRUE,TRUE
"formula",384,"reflexivity","en_US.UTF-8",TRUE,TRUE,TRUE,TRUE
"formula",384,"unequal_control","en_US.UTF-8",FALSE,FALSE,FALSE,FALSE
"formula",385,"forward_equal","en_US.UTF-8",TRUE,FALSE,TRUE,TRUE
"formula",385,"reverse_equal","en_US.UTF-8",TRUE,FALSE,TRUE,TRUE
"formula",385,"reflexivity","en_US.UTF-8",TRUE,TRUE,TRUE,TRUE
"formula",385,"unequal_control","en_US.UTF-8",FALSE,FALSE,FALSE,FALSE
"formula",386,"forward_equal","en_US.UTF-8",TRUE,FALSE,TRUE,TRUE
"formula",386,"reverse_equal","en_US.UTF-8",TRUE,FALSE,TRUE,TRUE
"formula",386,"reflexivity","en_US.UTF-8",TRUE,TRUE,TRUE,TRUE
"formula",386,"unequal_control","en_US.UTF-8",FALSE,FALSE,FALSE,FALSE
"formula",387,"forward_equal","en_US.UTF-8",TRUE,FALSE,TRUE,TRUE
"formula",387,"reverse_equal","en_US.UTF-8",TRUE,FALSE,TRUE,TRUE
"formula",387,"reflexivity","en_US.UTF-8",TRUE,TRUE,TRUE,TRUE
"formula",387,"unequal_control","en_US.UTF-8",FALSE,FALSE,FALSE,FALSE
"formula",388,"forward_equal","en_US.UTF-8",TRUE,FALSE,TRUE,TRUE
"formula",388,"reverse_equal","en_US.UTF-8",TRUE,FALSE,TRUE,TRUE
"formula",388,"reflexivity","en_US.UTF-8",TRUE,TRUE,TRUE,TRUE
"formula",388,"unequal_control","en_US.UTF-8",FALSE,FALSE,FALSE,FALSE
"formula",389,"forward_equal","en_US.UTF-8",TRUE,FALSE,TRUE,TRUE
"formula",389,"reverse_equal","en_US.UTF-8",TRUE,FALSE,TRUE,TRUE
"formula",389,"reflexivity","en_US.UTF-8",TRUE,TRUE,TRUE,TRUE
"formula",389,"unequal_control","en_US.UTF-8",FALSE,FALSE,FALSE,FALSE
"formula",390,"forward_equal","en_US.UTF-8",TRUE,FALSE,TRUE,TRUE
"formula",390,"reverse_equal","en_US.UTF-8",TRUE,FALSE,TRUE,TRUE
"formula",390,"reflexivity","en_US.UTF-8",TRUE,TRUE,TRUE,TRUE
"formula",390,"unequal_control","en_US.UTF-8",FALSE,FALSE,FALSE,FALSE
"formula",391,"forward_equal","en_US.UTF-8",TRUE,FALSE,TRUE,TRUE
"formula",391,"reverse_equal","en_US.UTF-8",TRUE,FALSE,TRUE,TRUE
"formula",391,"reflexivity","en_US.UTF-8",TRUE,TRUE,TRUE,TRUE
"formula",391,"unequal_control","en_US.UTF-8",FALSE,FALSE,FALSE,FALSE
"formula",392,"forward_equal","en_US.UTF-8",TRUE,FALSE,TRUE,TRUE
"formula",392,"reverse_equal","en_US.UTF-8",TRUE,FALSE,TRUE,TRUE
"formula",392,"reflexivity","en_US.UTF-8",TRUE,TRUE,TRUE,TRUE
"formula",392,"unequal_control","en_US.UTF-8",FALSE,FALSE,FALSE,FALSE
"formula",393,"forward_equal","en_US.UTF-8",TRUE,FALSE,TRUE,TRUE
"formula",393,"reverse_equal","en_US.UTF-8",TRUE,FALSE,TRUE,TRUE
"formula",393,"reflexivity","en_US.UTF-8",TRUE,TRUE,TRUE,TRUE
"formula",393,"unequal_control","en_US.UTF-8",FALSE,FALSE,FALSE,FALSE
"formula",394,"forward_equal","en_US.UTF-8",TRUE,FALSE,TRUE,TRUE
"formula",394,"reverse_equal","en_US.UTF-8",TRUE,FALSE,TRUE,TRUE
"formula",394,"reflexivity","en_US.UTF-8",TRUE,TRUE,TRUE,TRUE
"formula",394,"unequal_control","en_US.UTF-8",FALSE,FALSE,FALSE,FALSE
"formula",395,"forward_equal","en_US.UTF-8",TRUE,FALSE,TRUE,TRUE
"formula",395,"reverse_equal","en_US.UTF-8",TRUE,FALSE,TRUE,TRUE
"formula",395,"reflexivity","en_US.UTF-8",TRUE,TRUE,TRUE,TRUE
"formula",395,"unequal_control","en_US.UTF-8",FALSE,FALSE,FALSE,FALSE
"formula",396,"forward_equal","en_US.UTF-8",TRUE,FALSE,TRUE,TRUE
"formula",396,"reverse_equal","en_US.UTF-8",TRUE,FALSE,TRUE,TRUE
"formula",396,"reflexivity","en_US.UTF-8",TRUE,TRUE,TRUE,TRUE
"formula",396,"unequal_control","en_US.UTF-8",FALSE,FALSE,FALSE,FALSE
"formula",397,"forward_equal","en_US.UTF-8",TRUE,FALSE,TRUE,TRUE
"formula",397,"reverse_equal","en_US.UTF-8",TRUE,FALSE,TRUE,TRUE
"formula",397,"reflexivity","en_US.UTF-8",TRUE,TRUE,TRUE,TRUE
"formula",397,"unequal_control","en_US.UTF-8",FALSE,FALSE,FALSE,FALSE
"formula",398,"forward_equal","en_US.UTF-8",TRUE,FALSE,TRUE,TRUE
"formula",398,"reverse_equal","en_US.UTF-8",TRUE,FALSE,TRUE,TRUE
"formula",398,"reflexivity","en_US.UTF-8",TRUE,TRUE,TRUE,TRUE
"formula",398,"unequal_control","en_US.UTF-8",FALSE,FALSE,FALSE,FALSE
"formula",399,"forward_equal","en_US.UTF-8",TRUE,FALSE,TRUE,TRUE
"formula",399,"reverse_equal","en_US.UTF-8",TRUE,FALSE,TRUE,TRUE
"formula",399,"reflexivity","en_US.UTF-8",TRUE,TRUE,TRUE,TRUE
"formula",399,"unequal_control","en_US.UTF-8",FALSE,FALSE,FALSE,FALSE
"formula",400,"forward_equal","en_US.UTF-8",TRUE,FALSE,TRUE,TRUE
"formula",400,"reverse_equal","en_US.UTF-8",TRUE,FALSE,TRUE,TRUE
"formula",400,"reflexivity","en_US.UTF-8",TRUE,TRUE,TRUE,TRUE
"formula",400,"unequal_control","en_US.UTF-8",FALSE,FALSE,FALSE,FALSE
"formula",401,"forward_equal","en_US.UTF-8",TRUE,FALSE,TRUE,TRUE
"formula",401,"reverse_equal","en_US.UTF-8",TRUE,FALSE,TRUE,TRUE
"formula",401,"reflexivity","en_US.UTF-8",TRUE,TRUE,TRUE,TRUE
"formula",401,"unequal_control","en_US.UTF-8",FALSE,FALSE,FALSE,FALSE
"formula",402,"forward_equal","en_US.UTF-8",TRUE,FALSE,TRUE,TRUE
"formula",402,"reverse_equal","en_US.UTF-8",TRUE,FALSE,TRUE,TRUE
"formula",402,"reflexivity","en_US.UTF-8",TRUE,TRUE,TRUE,TRUE
"formula",402,"unequal_control","en_US.UTF-8",FALSE,FALSE,FALSE,FALSE
"formula",403,"forward_equal","en_US.UTF-8",TRUE,FALSE,TRUE,TRUE
"formula",403,"reverse_equal","en_US.UTF-8",TRUE,FALSE,TRUE,TRUE
"formula",403,"reflexivity","en_US.UTF-8",TRUE,TRUE,TRUE,TRUE
"formula",403,"unequal_control","en_US.UTF-8",FALSE,FALSE,FALSE,FALSE
"formula",404,"forward_equal","en_US.UTF-8",TRUE,FALSE,TRUE,TRUE
"formula",404,"reverse_equal","en_US.UTF-8",TRUE,FALSE,TRUE,TRUE
"formula",404,"reflexivity","en_US.UTF-8",TRUE,TRUE,TRUE,TRUE
"formula",404,"unequal_control","en_US.UTF-8",FALSE,FALSE,FALSE,FALSE
"formula",405,"forward_equal","en_US.UTF-8",TRUE,FALSE,TRUE,TRUE
"formula",405,"reverse_equal","en_US.UTF-8",TRUE,FALSE,TRUE,TRUE
"formula",405,"reflexivity","en_US.UTF-8",TRUE,TRUE,TRUE,TRUE
"formula",405,"unequal_control","en_US.UTF-8",FALSE,FALSE,FALSE,FALSE
"formula",406,"forward_equal","en_US.UTF-8",TRUE,FALSE,TRUE,TRUE
"formula",406,"reverse_equal","en_US.UTF-8",TRUE,FALSE,TRUE,TRUE
"formula",406,"reflexivity","en_US.UTF-8",TRUE,TRUE,TRUE,TRUE
"formula",406,"unequal_control","en_US.UTF-8",FALSE,FALSE,FALSE,FALSE
"formula",407,"forward_equal","en_US.UTF-8",TRUE,FALSE,TRUE,TRUE
"formula",407,"reverse_equal","en_US.UTF-8",TRUE,FALSE,TRUE,TRUE
"formula",407,"reflexivity","en_US.UTF-8",TRUE,TRUE,TRUE,TRUE
"formula",407,"unequal_control","en_US.UTF-8",FALSE,FALSE,FALSE,FALSE
"formula",408,"forward_equal","en_US.UTF-8",TRUE,FALSE,TRUE,TRUE
"formula",408,"reverse_equal","en_US.UTF-8",TRUE,FALSE,TRUE,TRUE
"formula",408,"reflexivity","en_US.UTF-8",TRUE,TRUE,TRUE,TRUE
"formula",408,"unequal_control","en_US.UTF-8",FALSE,FALSE,FALSE,FALSE
"formula",409,"forward_equal","en_US.UTF-8",TRUE,FALSE,TRUE,TRUE
"formula",409,"reverse_equal","en_US.UTF-8",TRUE,FALSE,TRUE,TRUE
"formula",409,"reflexivity","en_US.UTF-8",TRUE,TRUE,TRUE,TRUE
"formula",409,"unequal_control","en_US.UTF-8",FALSE,FALSE,FALSE,FALSE
"formula",410,"forward_equal","en_US.UTF-8",TRUE,FALSE,TRUE,TRUE
"formula",410,"reverse_equal","en_US.UTF-8",TRUE,FALSE,TRUE,TRUE
"formula",410,"reflexivity","en_US.UTF-8",TRUE,TRUE,TRUE,TRUE
"formula",410,"unequal_control","en_US.UTF-8",FALSE,FALSE,FALSE,FALSE
"formula",411,"forward_equal","en_US.UTF-8",TRUE,FALSE,TRUE,TRUE
"formula",411,"reverse_equal","en_US.UTF-8",TRUE,FALSE,TRUE,TRUE
"formula",411,"reflexivity","en_US.UTF-8",TRUE,TRUE,TRUE,TRUE
"formula",411,"unequal_control","en_US.UTF-8",FALSE,FALSE,FALSE,FALSE
"formula",412,"forward_equal","en_US.UTF-8",TRUE,FALSE,TRUE,TRUE
"formula",412,"reverse_equal","en_US.UTF-8",TRUE,FALSE,TRUE,TRUE
"formula",412,"reflexivity","en_US.UTF-8",TRUE,TRUE,TRUE,TRUE
"formula",412,"unequal_control","en_US.UTF-8",FALSE,FALSE,FALSE,FALSE
"formula",413,"forward_equal","en_US.UTF-8",TRUE,FALSE,TRUE,TRUE
"formula",413,"reverse_equal","en_US.UTF-8",TRUE,FALSE,TRUE,TRUE
"formula",413,"reflexivity","en_US.UTF-8",TRUE,TRUE,TRUE,TRUE
"formula",413,"unequal_control","en_US.UTF-8",FALSE,FALSE,FALSE,FALSE
"formula",414,"forward_equal","en_US.UTF-8",TRUE,FALSE,TRUE,TRUE
"formula",414,"reverse_equal","en_US.UTF-8",TRUE,FALSE,TRUE,TRUE
"formula",414,"reflexivity","en_US.UTF-8",TRUE,TRUE,TRUE,TRUE
"formula",414,"unequal_control","en_US.UTF-8",FALSE,FALSE,FALSE,FALSE
"formula",415,"forward_equal","en_US.UTF-8",TRUE,FALSE,TRUE,TRUE
"formula",415,"reverse_equal","en_US.UTF-8",TRUE,FALSE,TRUE,TRUE
"formula",415,"reflexivity","en_US.UTF-8",TRUE,TRUE,TRUE,TRUE
"formula",415,"unequal_control","en_US.UTF-8",FALSE,FALSE,FALSE,FALSE
"formula",416,"forward_equal","en_US.UTF-8",TRUE,FALSE,TRUE,TRUE
"formula",416,"reverse_equal","en_US.UTF-8",TRUE,FALSE,TRUE,TRUE
"formula",416,"reflexivity","en_US.UTF-8",TRUE,TRUE,TRUE,TRUE
"formula",416,"unequal_control","en_US.UTF-8",FALSE,FALSE,FALSE,FALSE
"formula",417,"forward_equal","en_US.UTF-8",TRUE,FALSE,TRUE,TRUE
"formula",417,"reverse_equal","en_US.UTF-8",TRUE,FALSE,TRUE,TRUE
"formula",417,"reflexivity","en_US.UTF-8",TRUE,TRUE,TRUE,TRUE
"formula",417,"unequal_control","en_US.UTF-8",FALSE,FALSE,FALSE,FALSE
"formula",418,"forward_equal","en_US.UTF-8",TRUE,FALSE,TRUE,TRUE
"formula",418,"reverse_equal","en_US.UTF-8",TRUE,FALSE,TRUE,TRUE
"formula",418,"reflexivity","en_US.UTF-8",TRUE,TRUE,TRUE,TRUE
"formula",418,"unequal_control","en_US.UTF-8",FALSE,FALSE,FALSE,FALSE
"formula",419,"forward_equal","en_US.UTF-8",TRUE,FALSE,TRUE,TRUE
"formula",419,"reverse_equal","en_US.UTF-8",TRUE,FALSE,TRUE,TRUE
"formula",419,"reflexivity","en_US.UTF-8",TRUE,TRUE,TRUE,TRUE
"formula",419,"unequal_control","en_US.UTF-8",FALSE,FALSE,FALSE,FALSE
"formula",420,"forward_equal","en_US.UTF-8",TRUE,FALSE,TRUE,TRUE
"formula",420,"reverse_equal","en_US.UTF-8",TRUE,FALSE,TRUE,TRUE
"formula",420,"reflexivity","en_US.UTF-8",TRUE,TRUE,TRUE,TRUE
"formula",420,"unequal_control","en_US.UTF-8",FALSE,FALSE,FALSE,FALSE
"formula",421,"forward_equal","en_US.UTF-8",TRUE,FALSE,TRUE,TRUE
"formula",421,"reverse_equal","en_US.UTF-8",TRUE,FALSE,TRUE,TRUE
"formula",421,"reflexivity","en_US.UTF-8",TRUE,TRUE,TRUE,TRUE
"formula",421,"unequal_control","en_US.UTF-8",FALSE,FALSE,FALSE,FALSE
"formula",422,"forward_equal","en_US.UTF-8",TRUE,FALSE,TRUE,TRUE
"formula",422,"reverse_equal","en_US.UTF-8",TRUE,FALSE,TRUE,TRUE
"formula",422,"reflexivity","en_US.UTF-8",TRUE,TRUE,TRUE,TRUE
"formula",422,"unequal_control","en_US.UTF-8",FALSE,FALSE,FALSE,FALSE
"formula",423,"forward_equal","en_US.UTF-8",TRUE,FALSE,TRUE,TRUE
"formula",423,"reverse_equal","en_US.UTF-8",TRUE,FALSE,TRUE,TRUE
"formula",423,"reflexivity","en_US.UTF-8",TRUE,TRUE,TRUE,TRUE
"formula",423,"unequal_control","en_US.UTF-8",FALSE,FALSE,FALSE,FALSE
"formula",424,"forward_equal","en_US.UTF-8",TRUE,FALSE,TRUE,TRUE
"formula",424,"reverse_equal","en_US.UTF-8",TRUE,FALSE,TRUE,TRUE
"formula",424,"reflexivity","en_US.UTF-8",TRUE,TRUE,TRUE,TRUE
"formula",424,"unequal_control","en_US.UTF-8",FALSE,FALSE,FALSE,FALSE
"formula",425,"forward_equal","en_US.UTF-8",TRUE,FALSE,TRUE,TRUE
"formula",425,"reverse_equal","en_US.UTF-8",TRUE,FALSE,TRUE,TRUE
"formula",425,"reflexivity","en_US.UTF-8",TRUE,TRUE,TRUE,TRUE
"formula",425,"unequal_control","en_US.UTF-8",FALSE,FALSE,FALSE,FALSE
"formula",426,"forward_equal","en_US.UTF-8",TRUE,FALSE,TRUE,TRUE
"formula",426,"reverse_equal","en_US.UTF-8",TRUE,FALSE,TRUE,TRUE
"formula",426,"reflexivity","en_US.UTF-8",TRUE,TRUE,TRUE,TRUE
"formula",426,"unequal_control","en_US.UTF-8",FALSE,FALSE,FALSE,FALSE
"formula",427,"forward_equal","en_US.UTF-8",TRUE,FALSE,TRUE,TRUE
"formula",427,"reverse_equal","en_US.UTF-8",TRUE,FALSE,TRUE,TRUE
"formula",427,"reflexivity","en_US.UTF-8",TRUE,TRUE,TRUE,TRUE
"formula",427,"unequal_control","en_US.UTF-8",FALSE,FALSE,FALSE,FALSE
"formula",428,"forward_equal","en_US.UTF-8",TRUE,FALSE,TRUE,TRUE
"formula",428,"reverse_equal","en_US.UTF-8",TRUE,FALSE,TRUE,TRUE
"formula",428,"reflexivity","en_US.UTF-8",TRUE,TRUE,TRUE,TRUE
"formula",428,"unequal_control","en_US.UTF-8",FALSE,FALSE,FALSE,FALSE
"formula",429,"forward_equal","en_US.UTF-8",TRUE,FALSE,TRUE,TRUE
"formula",429,"reverse_equal","en_US.UTF-8",TRUE,FALSE,TRUE,TRUE
"formula",429,"reflexivity","en_US.UTF-8",TRUE,TRUE,TRUE,TRUE
"formula",429,"unequal_control","en_US.UTF-8",FALSE,FALSE,FALSE,FALSE
"formula",430,"forward_equal","en_US.UTF-8",TRUE,FALSE,TRUE,TRUE
"formula",430,"reverse_equal","en_US.UTF-8",TRUE,FALSE,TRUE,TRUE
"formula",430,"reflexivity","en_US.UTF-8",TRUE,TRUE,TRUE,TRUE
"formula",430,"unequal_control","en_US.UTF-8",FALSE,FALSE,FALSE,FALSE
"formula",431,"forward_equal","en_US.UTF-8",TRUE,FALSE,TRUE,TRUE
"formula",431,"reverse_equal","en_US.UTF-8",TRUE,FALSE,TRUE,TRUE
"formula",431,"reflexivity","en_US.UTF-8",TRUE,TRUE,TRUE,TRUE
"formula",431,"unequal_control","en_US.UTF-8",FALSE,FALSE,FALSE,FALSE
"formula",432,"forward_equal","en_US.UTF-8",TRUE,FALSE,TRUE,TRUE
"formula",432,"reverse_equal","en_US.UTF-8",TRUE,FALSE,TRUE,TRUE
"formula",432,"reflexivity","en_US.UTF-8",TRUE,TRUE,TRUE,TRUE
"formula",432,"unequal_control","en_US.UTF-8",FALSE,FALSE,FALSE,FALSE
"formula",433,"forward_equal","en_US.UTF-8",TRUE,FALSE,TRUE,TRUE
"formula",433,"reverse_equal","en_US.UTF-8",TRUE,FALSE,TRUE,TRUE
"formula",433,"reflexivity","en_US.UTF-8",TRUE,TRUE,TRUE,TRUE
"formula",433,"unequal_control","en_US.UTF-8",FALSE,FALSE,FALSE,FALSE
"formula",434,"forward_equal","en_US.UTF-8",TRUE,FALSE,TRUE,TRUE
"formula",434,"reverse_equal","en_US.UTF-8",TRUE,FALSE,TRUE,TRUE
"formula",434,"reflexivity","en_US.UTF-8",TRUE,TRUE,TRUE,TRUE
"formula",434,"unequal_control","en_US.UTF-8",FALSE,FALSE,FALSE,FALSE
"formula",435,"forward_equal","en_US.UTF-8",TRUE,FALSE,TRUE,TRUE
"formula",435,"reverse_equal","en_US.UTF-8",TRUE,FALSE,TRUE,TRUE
"formula",435,"reflexivity","en_US.UTF-8",TRUE,TRUE,TRUE,TRUE
"formula",435,"unequal_control","en_US.UTF-8",FALSE,FALSE,FALSE,FALSE
"formula",436,"forward_equal","en_US.UTF-8",TRUE,FALSE,TRUE,TRUE
"formula",436,"reverse_equal","en_US.UTF-8",TRUE,FALSE,TRUE,TRUE
"formula",436,"reflexivity","en_US.UTF-8",TRUE,TRUE,TRUE,TRUE
"formula",436,"unequal_control","en_US.UTF-8",FALSE,FALSE,FALSE,FALSE
"formula",437,"forward_equal","en_US.UTF-8",TRUE,FALSE,TRUE,TRUE
"formula",437,"reverse_equal","en_US.UTF-8",TRUE,FALSE,TRUE,TRUE
"formula",437,"reflexivity","en_US.UTF-8",TRUE,TRUE,TRUE,TRUE
"formula",437,"unequal_control","en_US.UTF-8",FALSE,FALSE,FALSE,FALSE
"formula",438,"forward_equal","en_US.UTF-8",TRUE,FALSE,TRUE,TRUE
"formula",438,"reverse_equal","en_US.UTF-8",TRUE,FALSE,TRUE,TRUE
"formula",438,"reflexivity","en_US.UTF-8",TRUE,TRUE,TRUE,TRUE
"formula",438,"unequal_control","en_US.UTF-8",FALSE,FALSE,FALSE,FALSE
"formula",439,"forward_equal","en_US.UTF-8",TRUE,FALSE,TRUE,TRUE
"formula",439,"reverse_equal","en_US.UTF-8",TRUE,FALSE,TRUE,TRUE
"formula",439,"reflexivity","en_US.UTF-8",TRUE,TRUE,TRUE,TRUE
"formula",439,"unequal_control","en_US.UTF-8",FALSE,FALSE,FALSE,FALSE
"formula",440,"forward_equal","en_US.UTF-8",TRUE,FALSE,TRUE,TRUE
"formula",440,"reverse_equal","en_US.UTF-8",TRUE,FALSE,TRUE,TRUE
"formula",440,"reflexivity","en_US.UTF-8",TRUE,TRUE,TRUE,TRUE
"formula",440,"unequal_control","en_US.UTF-8",FALSE,FALSE,FALSE,FALSE
"formula",441,"forward_equal","en_US.UTF-8",TRUE,FALSE,TRUE,TRUE
"formula",441,"reverse_equal","en_US.UTF-8",TRUE,FALSE,TRUE,TRUE
"formula",441,"reflexivity","en_US.UTF-8",TRUE,TRUE,TRUE,TRUE
"formula",441,"unequal_control","en_US.UTF-8",FALSE,FALSE,FALSE,FALSE
"formula",442,"forward_equal","en_US.UTF-8",TRUE,FALSE,TRUE,TRUE
"formula",442,"reverse_equal","en_US.UTF-8",TRUE,FALSE,TRUE,TRUE
"formula",442,"reflexivity","en_US.UTF-8",TRUE,TRUE,TRUE,TRUE
"formula",442,"unequal_control","en_US.UTF-8",FALSE,FALSE,FALSE,FALSE
"formula",443,"forward_equal","en_US.UTF-8",TRUE,FALSE,TRUE,TRUE
"formula",443,"reverse_equal","en_US.UTF-8",TRUE,FALSE,TRUE,TRUE
"formula",443,"reflexivity","en_US.UTF-8",TRUE,TRUE,TRUE,TRUE
"formula",443,"unequal_control","en_US.UTF-8",FALSE,FALSE,FALSE,FALSE
"formula",444,"forward_equal","en_US.UTF-8",TRUE,FALSE,TRUE,TRUE
"formula",444,"reverse_equal","en_US.UTF-8",TRUE,FALSE,TRUE,TRUE
"formula",444,"reflexivity","en_US.UTF-8",TRUE,TRUE,TRUE,TRUE
"formula",444,"unequal_control","en_US.UTF-8",FALSE,FALSE,FALSE,FALSE
"formula",445,"forward_equal","en_US.UTF-8",TRUE,FALSE,TRUE,TRUE
"formula",445,"reverse_equal","en_US.UTF-8",TRUE,FALSE,TRUE,TRUE
"formula",445,"reflexivity","en_US.UTF-8",TRUE,TRUE,TRUE,TRUE
"formula",445,"unequal_control","en_US.UTF-8",FALSE,FALSE,FALSE,FALSE
"formula",446,"forward_equal","en_US.UTF-8",TRUE,FALSE,TRUE,TRUE
"formula",446,"reverse_equal","en_US.UTF-8",TRUE,FALSE,TRUE,TRUE
"formula",446,"reflexivity","en_US.UTF-8",TRUE,TRUE,TRUE,TRUE
"formula",446,"unequal_control","en_US.UTF-8",FALSE,FALSE,FALSE,FALSE
"formula",447,"forward_equal","en_US.UTF-8",TRUE,FALSE,TRUE,TRUE
"formula",447,"reverse_equal","en_US.UTF-8",TRUE,FALSE,TRUE,TRUE
"formula",447,"reflexivity","en_US.UTF-8",TRUE,TRUE,TRUE,TRUE
"formula",447,"unequal_control","en_US.UTF-8",FALSE,FALSE,FALSE,FALSE
"formula",448,"forward_equal","en_US.UTF-8",TRUE,FALSE,TRUE,TRUE
"formula",448,"reverse_equal","en_US.UTF-8",TRUE,FALSE,TRUE,TRUE
"formula",448,"reflexivity","en_US.UTF-8",TRUE,TRUE,TRUE,TRUE
"formula",448,"unequal_control","en_US.UTF-8",FALSE,FALSE,FALSE,FALSE
"formula",449,"forward_equal","en_US.UTF-8",TRUE,FALSE,TRUE,TRUE
"formula",449,"reverse_equal","en_US.UTF-8",TRUE,FALSE,TRUE,TRUE
"formula",449,"reflexivity","en_US.UTF-8",TRUE,TRUE,TRUE,TRUE
"formula",449,"unequal_control","en_US.UTF-8",FALSE,FALSE,FALSE,FALSE
"formula",450,"forward_equal","en_US.UTF-8",TRUE,FALSE,TRUE,TRUE
"formula",450,"reverse_equal","en_US.UTF-8",TRUE,FALSE,TRUE,TRUE
"formula",450,"reflexivity","en_US.UTF-8",TRUE,TRUE,TRUE,TRUE
"formula",450,"unequal_control","en_US.UTF-8",FALSE,FALSE,FALSE,FALSE
"formula",451,"forward_equal","en_US.UTF-8",TRUE,FALSE,TRUE,TRUE
"formula",451,"reverse_equal","en_US.UTF-8",TRUE,FALSE,TRUE,TRUE
"formula",451,"reflexivity","en_US.UTF-8",TRUE,TRUE,TRUE,TRUE
"formula",451,"unequal_control","en_US.UTF-8",FALSE,FALSE,FALSE,FALSE
"formula",452,"forward_equal","en_US.UTF-8",TRUE,FALSE,TRUE,TRUE
"formula",452,"reverse_equal","en_US.UTF-8",TRUE,FALSE,TRUE,TRUE
"formula",452,"reflexivity","en_US.UTF-8",TRUE,TRUE,TRUE,TRUE
"formula",452,"unequal_control","en_US.UTF-8",FALSE,FALSE,FALSE,FALSE
"formula",453,"forward_equal","en_US.UTF-8",TRUE,FALSE,TRUE,TRUE
"formula",453,"reverse_equal","en_US.UTF-8",TRUE,FALSE,TRUE,TRUE
"formula",453,"reflexivity","en_US.UTF-8",TRUE,TRUE,TRUE,TRUE
"formula",453,"unequal_control","en_US.UTF-8",FALSE,FALSE,FALSE,FALSE
"formula",454,"forward_equal","en_US.UTF-8",TRUE,FALSE,TRUE,TRUE
"formula",454,"reverse_equal","en_US.UTF-8",TRUE,FALSE,TRUE,TRUE
"formula",454,"reflexivity","en_US.UTF-8",TRUE,TRUE,TRUE,TRUE
"formula",454,"unequal_control","en_US.UTF-8",FALSE,FALSE,FALSE,FALSE
"formula",455,"forward_equal","en_US.UTF-8",TRUE,FALSE,TRUE,TRUE
"formula",455,"reverse_equal","en_US.UTF-8",TRUE,FALSE,TRUE,TRUE
"formula",455,"reflexivity","en_US.UTF-8",TRUE,TRUE,TRUE,TRUE
"formula",455,"unequal_control","en_US.UTF-8",FALSE,FALSE,FALSE,FALSE
"formula",456,"forward_equal","en_US.UTF-8",TRUE,FALSE,TRUE,TRUE
"formula",456,"reverse_equal","en_US.UTF-8",TRUE,FALSE,TRUE,TRUE
"formula",456,"reflexivity","en_US.UTF-8",TRUE,TRUE,TRUE,TRUE
"formula",456,"unequal_control","en_US.UTF-8",FALSE,FALSE,FALSE,FALSE
"formula",457,"forward_equal","en_US.UTF-8",TRUE,FALSE,TRUE,TRUE
"formula",457,"reverse_equal","en_US.UTF-8",TRUE,FALSE,TRUE,TRUE
"formula",457,"reflexivity","en_US.UTF-8",TRUE,TRUE,TRUE,TRUE
"formula",457,"unequal_control","en_US.UTF-8",FALSE,FALSE,FALSE,FALSE
"formula",458,"forward_equal","en_US.UTF-8",TRUE,FALSE,TRUE,TRUE
"formula",458,"reverse_equal","en_US.UTF-8",TRUE,FALSE,TRUE,TRUE
"formula",458,"reflexivity","en_US.UTF-8",TRUE,TRUE,TRUE,TRUE
"formula",458,"unequal_control","en_US.UTF-8",FALSE,FALSE,FALSE,FALSE
"formula",459,"forward_equal","en_US.UTF-8",TRUE,FALSE,TRUE,TRUE
"formula",459,"reverse_equal","en_US.UTF-8",TRUE,FALSE,TRUE,TRUE
"formula",459,"reflexivity","en_US.UTF-8",TRUE,TRUE,TRUE,TRUE
"formula",459,"unequal_control","en_US.UTF-8",FALSE,FALSE,FALSE,FALSE
"formula",460,"forward_equal","en_US.UTF-8",TRUE,FALSE,TRUE,TRUE
"formula",460,"reverse_equal","en_US.UTF-8",TRUE,FALSE,TRUE,TRUE
"formula",460,"reflexivity","en_US.UTF-8",TRUE,TRUE,TRUE,TRUE
"formula",460,"unequal_control","en_US.UTF-8",FALSE,FALSE,FALSE,FALSE
"formula",461,"forward_equal","en_US.UTF-8",TRUE,FALSE,TRUE,TRUE
"formula",461,"reverse_equal","en_US.UTF-8",TRUE,FALSE,TRUE,TRUE
"formula",461,"reflexivity","en_US.UTF-8",TRUE,TRUE,TRUE,TRUE
"formula",461,"unequal_control","en_US.UTF-8",FALSE,FALSE,FALSE,FALSE
"formula",462,"forward_equal","en_US.UTF-8",TRUE,FALSE,TRUE,TRUE
"formula",462,"reverse_equal","en_US.UTF-8",TRUE,FALSE,TRUE,TRUE
"formula",462,"reflexivity","en_US.UTF-8",TRUE,TRUE,TRUE,TRUE
"formula",462,"unequal_control","en_US.UTF-8",FALSE,FALSE,FALSE,FALSE
"formula",463,"forward_equal","en_US.UTF-8",TRUE,FALSE,TRUE,TRUE
"formula",463,"reverse_equal","en_US.UTF-8",TRUE,FALSE,TRUE,TRUE
"formula",463,"reflexivity","en_US.UTF-8",TRUE,TRUE,TRUE,TRUE
"formula",463,"unequal_control","en_US.UTF-8",FALSE,FALSE,FALSE,FALSE
"formula",464,"forward_equal","en_US.UTF-8",TRUE,FALSE,TRUE,TRUE
"formula",464,"reverse_equal","en_US.UTF-8",TRUE,FALSE,TRUE,TRUE
"formula",464,"reflexivity","en_US.UTF-8",TRUE,TRUE,TRUE,TRUE
"formula",464,"unequal_control","en_US.UTF-8",FALSE,FALSE,FALSE,FALSE
"formula",465,"forward_equal","en_US.UTF-8",TRUE,FALSE,TRUE,TRUE
"formula",465,"reverse_equal","en_US.UTF-8",TRUE,FALSE,TRUE,TRUE
"formula",465,"reflexivity","en_US.UTF-8",TRUE,TRUE,TRUE,TRUE
"formula",465,"unequal_control","en_US.UTF-8",FALSE,FALSE,FALSE,FALSE
"formula",466,"forward_equal","en_US.UTF-8",TRUE,FALSE,TRUE,TRUE
"formula",466,"reverse_equal","en_US.UTF-8",TRUE,FALSE,TRUE,TRUE
"formula",466,"reflexivity","en_US.UTF-8",TRUE,TRUE,TRUE,TRUE
"formula",466,"unequal_control","en_US.UTF-8",FALSE,FALSE,FALSE,FALSE
"formula",467,"forward_equal","en_US.UTF-8",TRUE,FALSE,TRUE,TRUE
"formula",467,"reverse_equal","en_US.UTF-8",TRUE,FALSE,TRUE,TRUE
"formula",467,"reflexivity","en_US.UTF-8",TRUE,TRUE,TRUE,TRUE
"formula",467,"unequal_control","en_US.UTF-8",FALSE,FALSE,FALSE,FALSE
"formula",468,"forward_equal","en_US.UTF-8",TRUE,FALSE,TRUE,TRUE
"formula",468,"reverse_equal","en_US.UTF-8",TRUE,FALSE,TRUE,TRUE
"formula",468,"reflexivity","en_US.UTF-8",TRUE,TRUE,TRUE,TRUE
"formula",468,"unequal_control","en_US.UTF-8",FALSE,FALSE,FALSE,FALSE
"formula",469,"forward_equal","en_US.UTF-8",TRUE,FALSE,TRUE,TRUE
"formula",469,"reverse_equal","en_US.UTF-8",TRUE,FALSE,TRUE,TRUE
"formula",469,"reflexivity","en_US.UTF-8",TRUE,TRUE,TRUE,TRUE
"formula",469,"unequal_control","en_US.UTF-8",FALSE,FALSE,FALSE,FALSE
"formula",470,"forward_equal","en_US.UTF-8",TRUE,FALSE,TRUE,TRUE
"formula",470,"reverse_equal","en_US.UTF-8",TRUE,FALSE,TRUE,TRUE
"formula",470,"reflexivity","en_US.UTF-8",TRUE,TRUE,TRUE,TRUE
"formula",470,"unequal_control","en_US.UTF-8",FALSE,FALSE,FALSE,FALSE
"formula",471,"forward_equal","en_US.UTF-8",TRUE,FALSE,TRUE,TRUE
"formula",471,"reverse_equal","en_US.UTF-8",TRUE,FALSE,TRUE,TRUE
"formula",471,"reflexivity","en_US.UTF-8",TRUE,TRUE,TRUE,TRUE
"formula",471,"unequal_control","en_US.UTF-8",FALSE,FALSE,FALSE,FALSE
"formula",472,"forward_equal","en_US.UTF-8",TRUE,FALSE,TRUE,TRUE
"formula",472,"reverse_equal","en_US.UTF-8",TRUE,FALSE,TRUE,TRUE
"formula",472,"reflexivity","en_US.UTF-8",TRUE,TRUE,TRUE,TRUE
"formula",472,"unequal_control","en_US.UTF-8",FALSE,FALSE,FALSE,FALSE
"formula",473,"forward_equal","en_US.UTF-8",TRUE,FALSE,TRUE,TRUE
"formula",473,"reverse_equal","en_US.UTF-8",TRUE,FALSE,TRUE,TRUE
"formula",473,"reflexivity","en_US.UTF-8",TRUE,TRUE,TRUE,TRUE
"formula",473,"unequal_control","en_US.UTF-8",FALSE,FALSE,FALSE,FALSE
"formula",474,"forward_equal","en_US.UTF-8",TRUE,FALSE,TRUE,TRUE
"formula",474,"reverse_equal","en_US.UTF-8",TRUE,FALSE,TRUE,TRUE
"formula",474,"reflexivity","en_US.UTF-8",TRUE,TRUE,TRUE,TRUE
"formula",474,"unequal_control","en_US.UTF-8",FALSE,FALSE,FALSE,FALSE
"formula",475,"forward_equal","en_US.UTF-8",TRUE,FALSE,TRUE,TRUE
"formula",475,"reverse_equal","en_US.UTF-8",TRUE,FALSE,TRUE,TRUE
"formula",475,"reflexivity","en_US.UTF-8",TRUE,TRUE,TRUE,TRUE
"formula",475,"unequal_control","en_US.UTF-8",FALSE,FALSE,FALSE,FALSE
"formula",476,"forward_equal","en_US.UTF-8",TRUE,FALSE,TRUE,TRUE
"formula",476,"reverse_equal","en_US.UTF-8",TRUE,FALSE,TRUE,TRUE
"formula",476,"reflexivity","en_US.UTF-8",TRUE,TRUE,TRUE,TRUE
"formula",476,"unequal_control","en_US.UTF-8",FALSE,FALSE,FALSE,FALSE
"formula",477,"forward_equal","en_US.UTF-8",TRUE,FALSE,TRUE,TRUE
"formula",477,"reverse_equal","en_US.UTF-8",TRUE,FALSE,TRUE,TRUE
"formula",477,"reflexivity","en_US.UTF-8",TRUE,TRUE,TRUE,TRUE
"formula",477,"unequal_control","en_US.UTF-8",FALSE,FALSE,FALSE,FALSE
"formula",478,"forward_equal","en_US.UTF-8",TRUE,FALSE,TRUE,TRUE
"formula",478,"reverse_equal","en_US.UTF-8",TRUE,FALSE,TRUE,TRUE
"formula",478,"reflexivity","en_US.UTF-8",TRUE,TRUE,TRUE,TRUE
"formula",478,"unequal_control","en_US.UTF-8",FALSE,FALSE,FALSE,FALSE
"formula",479,"forward_equal","en_US.UTF-8",TRUE,FALSE,TRUE,TRUE
"formula",479,"reverse_equal","en_US.UTF-8",TRUE,FALSE,TRUE,TRUE
"formula",479,"reflexivity","en_US.UTF-8",TRUE,TRUE,TRUE,TRUE
"formula",479,"unequal_control","en_US.UTF-8",FALSE,FALSE,FALSE,FALSE
"formula",480,"forward_equal","en_US.UTF-8",TRUE,FALSE,TRUE,TRUE
"formula",480,"reverse_equal","en_US.UTF-8",TRUE,FALSE,TRUE,TRUE
"formula",480,"reflexivity","en_US.UTF-8",TRUE,TRUE,TRUE,TRUE
"formula",480,"unequal_control","en_US.UTF-8",FALSE,FALSE,FALSE,FALSE
"formula",481,"forward_equal","en_US.UTF-8",TRUE,FALSE,TRUE,TRUE
"formula",481,"reverse_equal","en_US.UTF-8",TRUE,FALSE,TRUE,TRUE
"formula",481,"reflexivity","en_US.UTF-8",TRUE,TRUE,TRUE,TRUE
"formula",481,"unequal_control","en_US.UTF-8",FALSE,FALSE,FALSE,FALSE
"formula",482,"forward_equal","en_US.UTF-8",TRUE,FALSE,TRUE,TRUE
"formula",482,"reverse_equal","en_US.UTF-8",TRUE,FALSE,TRUE,TRUE
"formula",482,"reflexivity","en_US.UTF-8",TRUE,TRUE,TRUE,TRUE
"formula",482,"unequal_control","en_US.UTF-8",FALSE,FALSE,FALSE,FALSE
"formula",483,"forward_equal","en_US.UTF-8",TRUE,FALSE,TRUE,TRUE
"formula",483,"reverse_equal","en_US.UTF-8",TRUE,FALSE,TRUE,TRUE
"formula",483,"reflexivity","en_US.UTF-8",TRUE,TRUE,TRUE,TRUE
"formula",483,"unequal_control","en_US.UTF-8",FALSE,FALSE,FALSE,FALSE
"formula",484,"forward_equal","en_US.UTF-8",TRUE,FALSE,TRUE,TRUE
"formula",484,"reverse_equal","en_US.UTF-8",TRUE,FALSE,TRUE,TRUE
"formula",484,"reflexivity","en_US.UTF-8",TRUE,TRUE,TRUE,TRUE
"formula",484,"unequal_control","en_US.UTF-8",FALSE,FALSE,FALSE,FALSE
"formula",485,"forward_equal","en_US.UTF-8",TRUE,FALSE,TRUE,TRUE
"formula",485,"reverse_equal","en_US.UTF-8",TRUE,FALSE,TRUE,TRUE
"formula",485,"reflexivity","en_US.UTF-8",TRUE,TRUE,TRUE,TRUE
"formula",485,"unequal_control","en_US.UTF-8",FALSE,FALSE,FALSE,FALSE
"formula",486,"forward_equal","en_US.UTF-8",TRUE,FALSE,TRUE,TRUE
"formula",486,"reverse_equal","en_US.UTF-8",TRUE,FALSE,TRUE,TRUE
"formula",486,"reflexivity","en_US.UTF-8",TRUE,TRUE,TRUE,TRUE
"formula",486,"unequal_control","en_US.UTF-8",FALSE,FALSE,FALSE,FALSE
"formula",487,"forward_equal","en_US.UTF-8",TRUE,FALSE,TRUE,TRUE
"formula",487,"reverse_equal","en_US.UTF-8",TRUE,FALSE,TRUE,TRUE
"formula",487,"reflexivity","en_US.UTF-8",TRUE,TRUE,TRUE,TRUE
"formula",487,"unequal_control","en_US.UTF-8",FALSE,FALSE,FALSE,FALSE
"formula",488,"forward_equal","en_US.UTF-8",TRUE,FALSE,TRUE,TRUE
"formula",488,"reverse_equal","en_US.UTF-8",TRUE,FALSE,TRUE,TRUE
"formula",488,"reflexivity","en_US.UTF-8",TRUE,TRUE,TRUE,TRUE
"formula",488,"unequal_control","en_US.UTF-8",FALSE,FALSE,FALSE,FALSE
"formula",489,"forward_equal","en_US.UTF-8",TRUE,FALSE,TRUE,TRUE
"formula",489,"reverse_equal","en_US.UTF-8",TRUE,FALSE,TRUE,TRUE
"formula",489,"reflexivity","en_US.UTF-8",TRUE,TRUE,TRUE,TRUE
"formula",489,"unequal_control","en_US.UTF-8",FALSE,FALSE,FALSE,FALSE
"formula",490,"forward_equal","en_US.UTF-8",TRUE,FALSE,TRUE,TRUE
"formula",490,"reverse_equal","en_US.UTF-8",TRUE,FALSE,TRUE,TRUE
"formula",490,"reflexivity","en_US.UTF-8",TRUE,TRUE,TRUE,TRUE
"formula",490,"unequal_control","en_US.UTF-8",FALSE,FALSE,FALSE,FALSE
"formula",491,"forward_equal","en_US.UTF-8",TRUE,FALSE,TRUE,TRUE
"formula",491,"reverse_equal","en_US.UTF-8",TRUE,FALSE,TRUE,TRUE
"formula",491,"reflexivity","en_US.UTF-8",TRUE,TRUE,TRUE,TRUE
"formula",491,"unequal_control","en_US.UTF-8",FALSE,FALSE,FALSE,FALSE
"formula",492,"forward_equal","en_US.UTF-8",TRUE,FALSE,TRUE,TRUE
"formula",492,"reverse_equal","en_US.UTF-8",TRUE,FALSE,TRUE,TRUE
"formula",492,"reflexivity","en_US.UTF-8",TRUE,TRUE,TRUE,TRUE
"formula",492,"unequal_control","en_US.UTF-8",FALSE,FALSE,FALSE,FALSE
"formula",493,"forward_equal","en_US.UTF-8",TRUE,FALSE,TRUE,TRUE
"formula",493,"reverse_equal","en_US.UTF-8",TRUE,FALSE,TRUE,TRUE
"formula",493,"reflexivity","en_US.UTF-8",TRUE,TRUE,TRUE,TRUE
"formula",493,"unequal_control","en_US.UTF-8",FALSE,FALSE,FALSE,FALSE
"formula",494,"forward_equal","en_US.UTF-8",TRUE,FALSE,TRUE,TRUE
"formula",494,"reverse_equal","en_US.UTF-8",TRUE,FALSE,TRUE,TRUE
"formula",494,"reflexivity","en_US.UTF-8",TRUE,TRUE,TRUE,TRUE
"formula",494,"unequal_control","en_US.UTF-8",FALSE,FALSE,FALSE,FALSE
"formula",495,"forward_equal","en_US.UTF-8",TRUE,FALSE,TRUE,TRUE
"formula",495,"reverse_equal","en_US.UTF-8",TRUE,FALSE,TRUE,TRUE
"formula",495,"reflexivity","en_US.UTF-8",TRUE,TRUE,TRUE,TRUE
"formula",495,"unequal_control","en_US.UTF-8",FALSE,FALSE,FALSE,FALSE
"formula",496,"forward_equal","en_US.UTF-8",TRUE,FALSE,TRUE,TRUE
"formula",496,"reverse_equal","en_US.UTF-8",TRUE,FALSE,TRUE,TRUE
"formula",496,"reflexivity","en_US.UTF-8",TRUE,TRUE,TRUE,TRUE
"formula",496,"unequal_control","en_US.UTF-8",FALSE,FALSE,FALSE,FALSE
"formula",497,"forward_equal","en_US.UTF-8",TRUE,FALSE,TRUE,TRUE
"formula",497,"reverse_equal","en_US.UTF-8",TRUE,FALSE,TRUE,TRUE
"formula",497,"reflexivity","en_US.UTF-8",TRUE,TRUE,TRUE,TRUE
"formula",497,"unequal_control","en_US.UTF-8",FALSE,FALSE,FALSE,FALSE
"formula",498,"forward_equal","en_US.UTF-8",TRUE,FALSE,TRUE,TRUE
"formula",498,"reverse_equal","en_US.UTF-8",TRUE,FALSE,TRUE,TRUE
"formula",498,"reflexivity","en_US.UTF-8",TRUE,TRUE,TRUE,TRUE
"formula",498,"unequal_control","en_US.UTF-8",FALSE,FALSE,FALSE,FALSE
"formula",499,"forward_equal","en_US.UTF-8",TRUE,FALSE,TRUE,TRUE
"formula",499,"reverse_equal","en_US.UTF-8",TRUE,FALSE,TRUE,TRUE
"formula",499,"reflexivity","en_US.UTF-8",TRUE,TRUE,TRUE,TRUE
"formula",499,"unequal_control","en_US.UTF-8",FALSE,FALSE,FALSE,FALSE
"formula",500,"forward_equal","en_US.UTF-8",TRUE,FALSE,TRUE,TRUE
"formula",500,"reverse_equal","en_US.UTF-8",TRUE,FALSE,TRUE,TRUE
"formula",500,"reflexivity","en_US.UTF-8",TRUE,TRUE,TRUE,TRUE
"formula",500,"unequal_control","en_US.UTF-8",FALSE,FALSE,FALSE,FALSE
"formula",501,"forward_equal","en_US.UTF-8",TRUE,FALSE,TRUE,TRUE
"formula",501,"reverse_equal","en_US.UTF-8",TRUE,FALSE,TRUE,TRUE
"formula",501,"reflexivity","en_US.UTF-8",TRUE,TRUE,TRUE,TRUE
"formula",501,"unequal_control","en_US.UTF-8",FALSE,FALSE,FALSE,FALSE
"formula",502,"forward_equal","en_US.UTF-8",TRUE,FALSE,TRUE,TRUE
"formula",502,"reverse_equal","en_US.UTF-8",TRUE,FALSE,TRUE,TRUE
"formula",502,"reflexivity","en_US.UTF-8",TRUE,TRUE,TRUE,TRUE
"formula",502,"unequal_control","en_US.UTF-8",FALSE,FALSE,FALSE,FALSE
"formula",503,"forward_equal","en_US.UTF-8",TRUE,FALSE,TRUE,TRUE
"formula",503,"reverse_equal","en_US.UTF-8",TRUE,FALSE,TRUE,TRUE
"formula",503,"reflexivity","en_US.UTF-8",TRUE,TRUE,TRUE,TRUE
"formula",503,"unequal_control","en_US.UTF-8",FALSE,FALSE,FALSE,FALSE
"formula",504,"forward_equal","en_US.UTF-8",TRUE,FALSE,TRUE,TRUE
"formula",504,"reverse_equal","en_US.UTF-8",TRUE,FALSE,TRUE,TRUE
"formula",504,"reflexivity","en_US.UTF-8",TRUE,TRUE,TRUE,TRUE
"formula",504,"unequal_control","en_US.UTF-8",FALSE,FALSE,FALSE,FALSE
"formula",505,"forward_equal","en_US.UTF-8",TRUE,FALSE,TRUE,TRUE
"formula",505,"reverse_equal","en_US.UTF-8",TRUE,FALSE,TRUE,TRUE
"formula",505,"reflexivity","en_US.UTF-8",TRUE,TRUE,TRUE,TRUE
"formula",505,"unequal_control","en_US.UTF-8",FALSE,FALSE,FALSE,FALSE
"formula",506,"forward_equal","en_US.UTF-8",TRUE,FALSE,TRUE,TRUE
"formula",506,"reverse_equal","en_US.UTF-8",TRUE,FALSE,TRUE,TRUE
"formula",506,"reflexivity","en_US.UTF-8",TRUE,TRUE,TRUE,TRUE
"formula",506,"unequal_control","en_US.UTF-8",FALSE,FALSE,FALSE,FALSE
"formula",507,"forward_equal","en_US.UTF-8",TRUE,FALSE,TRUE,TRUE
"formula",507,"reverse_equal","en_US.UTF-8",TRUE,FALSE,TRUE,TRUE
"formula",507,"reflexivity","en_US.UTF-8",TRUE,TRUE,TRUE,TRUE
"formula",507,"unequal_control","en_US.UTF-8",FALSE,FALSE,FALSE,FALSE
"formula",508,"forward_equal","en_US.UTF-8",TRUE,FALSE,TRUE,TRUE
"formula",508,"reverse_equal","en_US.UTF-8",TRUE,FALSE,TRUE,TRUE
"formula",508,"reflexivity","en_US.UTF-8",TRUE,TRUE,TRUE,TRUE
"formula",508,"unequal_control","en_US.UTF-8",FALSE,FALSE,FALSE,FALSE
"formula",509,"forward_equal","en_US.UTF-8",TRUE,FALSE,TRUE,TRUE
"formula",509,"reverse_equal","en_US.UTF-8",TRUE,FALSE,TRUE,TRUE
"formula",509,"reflexivity","en_US.UTF-8",TRUE,TRUE,TRUE,TRUE
"formula",509,"unequal_control","en_US.UTF-8",FALSE,FALSE,FALSE,FALSE
"formula",510,"forward_equal","en_US.UTF-8",TRUE,FALSE,TRUE,TRUE
"formula",510,"reverse_equal","en_US.UTF-8",TRUE,FALSE,TRUE,TRUE
"formula",510,"reflexivity","en_US.UTF-8",TRUE,TRUE,TRUE,TRUE
"formula",510,"unequal_control","en_US.UTF-8",FALSE,FALSE,FALSE,FALSE
"formula",511,"forward_equal","en_US.UTF-8",TRUE,FALSE,TRUE,TRUE
"formula",511,"reverse_equal","en_US.UTF-8",TRUE,FALSE,TRUE,TRUE
"formula",511,"reflexivity","en_US.UTF-8",TRUE,TRUE,TRUE,TRUE
"formula",511,"unequal_control","en_US.UTF-8",FALSE,FALSE,FALSE,FALSE
"formula",512,"forward_equal","en_US.UTF-8",TRUE,FALSE,TRUE,TRUE
"formula",512,"reverse_equal","en_US.UTF-8",TRUE,FALSE,TRUE,TRUE
"formula",512,"reflexivity","en_US.UTF-8",TRUE,TRUE,TRUE,TRUE
"formula",512,"unequal_control","en_US.UTF-8",FALSE,FALSE,FALSE,FALSE
"formula",513,"forward_equal","en_US.UTF-8",TRUE,FALSE,TRUE,TRUE
"formula",513,"reverse_equal","en_US.UTF-8",TRUE,FALSE,TRUE,TRUE
"formula",513,"reflexivity","en_US.UTF-8",TRUE,TRUE,TRUE,TRUE
"formula",513,"unequal_control","en_US.UTF-8",FALSE,FALSE,FALSE,FALSE
"formula",514,"forward_equal","en_US.UTF-8",TRUE,FALSE,TRUE,TRUE
"formula",514,"reverse_equal","en_US.UTF-8",TRUE,FALSE,TRUE,TRUE
"formula",514,"reflexivity","en_US.UTF-8",TRUE,TRUE,TRUE,TRUE
"formula",514,"unequal_control","en_US.UTF-8",FALSE,FALSE,FALSE,FALSE
"formula",515,"forward_equal","en_US.UTF-8",TRUE,FALSE,TRUE,TRUE
"formula",515,"reverse_equal","en_US.UTF-8",TRUE,FALSE,TRUE,TRUE
"formula",515,"reflexivity","en_US.UTF-8",TRUE,TRUE,TRUE,TRUE
"formula",515,"unequal_control","en_US.UTF-8",FALSE,FALSE,FALSE,FALSE
"formula",516,"forward_equal","en_US.UTF-8",TRUE,FALSE,TRUE,TRUE
"formula",516,"reverse_equal","en_US.UTF-8",TRUE,FALSE,TRUE,TRUE
"formula",516,"reflexivity","en_US.UTF-8",TRUE,TRUE,TRUE,TRUE
"formula",516,"unequal_control","en_US.UTF-8",FALSE,FALSE,FALSE,FALSE
"formula",517,"forward_equal","en_US.UTF-8",TRUE,FALSE,TRUE,TRUE
"formula",517,"reverse_equal","en_US.UTF-8",TRUE,FALSE,TRUE,TRUE
"formula",517,"reflexivity","en_US.UTF-8",TRUE,TRUE,TRUE,TRUE
"formula",517,"unequal_control","en_US.UTF-8",FALSE,FALSE,FALSE,FALSE
"formula",518,"forward_equal","en_US.UTF-8",TRUE,FALSE,TRUE,TRUE
"formula",518,"reverse_equal","en_US.UTF-8",TRUE,FALSE,TRUE,TRUE
"formula",518,"reflexivity","en_US.UTF-8",TRUE,TRUE,TRUE,TRUE
"formula",518,"unequal_control","en_US.UTF-8",FALSE,FALSE,FALSE,FALSE
"formula",519,"forward_equal","en_US.UTF-8",TRUE,FALSE,TRUE,TRUE
"formula",519,"reverse_equal","en_US.UTF-8",TRUE,FALSE,TRUE,TRUE
"formula",519,"reflexivity","en_US.UTF-8",TRUE,TRUE,TRUE,TRUE
"formula",519,"unequal_control","en_US.UTF-8",FALSE,FALSE,FALSE,FALSE
"formula",520,"forward_equal","en_US.UTF-8",TRUE,FALSE,TRUE,TRUE
"formula",520,"reverse_equal","en_US.UTF-8",TRUE,FALSE,TRUE,TRUE
"formula",520,"reflexivity","en_US.UTF-8",TRUE,TRUE,TRUE,TRUE
"formula",520,"unequal_control","en_US.UTF-8",FALSE,FALSE,FALSE,FALSE
"formula",521,"forward_equal","en_US.UTF-8",TRUE,FALSE,TRUE,TRUE
"formula",521,"reverse_equal","en_US.UTF-8",TRUE,FALSE,TRUE,TRUE
"formula",521,"reflexivity","en_US.UTF-8",TRUE,TRUE,TRUE,TRUE
"formula",521,"unequal_control","en_US.UTF-8",FALSE,FALSE,FALSE,FALSE
"formula",522,"forward_equal","en_US.UTF-8",TRUE,FALSE,TRUE,TRUE
"formula",522,"reverse_equal","en_US.UTF-8",TRUE,FALSE,TRUE,TRUE
"formula",522,"reflexivity","en_US.UTF-8",TRUE,TRUE,TRUE,TRUE
"formula",522,"unequal_control","en_US.UTF-8",FALSE,FALSE,FALSE,FALSE
"formula",523,"forward_equal","en_US.UTF-8",TRUE,FALSE,TRUE,TRUE
"formula",523,"reverse_equal","en_US.UTF-8",TRUE,FALSE,TRUE,TRUE
"formula",523,"reflexivity","en_US.UTF-8",TRUE,TRUE,TRUE,TRUE
"formula",523,"unequal_control","en_US.UTF-8",FALSE,FALSE,FALSE,FALSE
"formula",524,"forward_equal","en_US.UTF-8",TRUE,FALSE,TRUE,TRUE
"formula",524,"reverse_equal","en_US.UTF-8",TRUE,FALSE,TRUE,TRUE
"formula",524,"reflexivity","en_US.UTF-8",TRUE,TRUE,TRUE,TRUE
"formula",524,"unequal_control","en_US.UTF-8",FALSE,FALSE,FALSE,FALSE
"formula",525,"forward_equal","en_US.UTF-8",TRUE,FALSE,TRUE,TRUE
"formula",525,"reverse_equal","en_US.UTF-8",TRUE,FALSE,TRUE,TRUE
"formula",525,"reflexivity","en_US.UTF-8",TRUE,TRUE,TRUE,TRUE
"formula",525,"unequal_control","en_US.UTF-8",FALSE,FALSE,FALSE,FALSE
"formula",526,"forward_equal","en_US.UTF-8",TRUE,FALSE,TRUE,TRUE
"formula",526,"reverse_equal","en_US.UTF-8",TRUE,FALSE,TRUE,TRUE
"formula",526,"reflexivity","en_US.UTF-8",TRUE,TRUE,TRUE,TRUE
"formula",526,"unequal_control","en_US.UTF-8",FALSE,FALSE,FALSE,FALSE
"formula",527,"forward_equal","en_US.UTF-8",TRUE,FALSE,TRUE,TRUE
"formula",527,"reverse_equal","en_US.UTF-8",TRUE,FALSE,TRUE,TRUE
"formula",527,"reflexivity","en_US.UTF-8",TRUE,TRUE,TRUE,TRUE
"formula",527,"unequal_control","en_US.UTF-8",FALSE,FALSE,FALSE,FALSE
"formula",528,"forward_equal","en_US.UTF-8",TRUE,FALSE,TRUE,TRUE
"formula",528,"reverse_equal","en_US.UTF-8",TRUE,FALSE,TRUE,TRUE
"formula",528,"reflexivity","en_US.UTF-8",TRUE,TRUE,TRUE,TRUE
"formula",528,"unequal_control","en_US.UTF-8",FALSE,FALSE,FALSE,FALSE
"formula",529,"forward_equal","en_US.UTF-8",TRUE,FALSE,TRUE,TRUE
"formula",529,"reverse_equal","en_US.UTF-8",TRUE,FALSE,TRUE,TRUE
"formula",529,"reflexivity","en_US.UTF-8",TRUE,TRUE,TRUE,TRUE
"formula",529,"unequal_control","en_US.UTF-8",FALSE,FALSE,FALSE,FALSE
"formula",530,"forward_equal","en_US.UTF-8",TRUE,FALSE,TRUE,TRUE
"formula",530,"reverse_equal","en_US.UTF-8",TRUE,FALSE,TRUE,TRUE
"formula",530,"reflexivity","en_US.UTF-8",TRUE,TRUE,TRUE,TRUE
"formula",530,"unequal_control","en_US.UTF-8",FALSE,FALSE,FALSE,FALSE
"formula",531,"forward_equal","en_US.UTF-8",TRUE,FALSE,TRUE,TRUE
"formula",531,"reverse_equal","en_US.UTF-8",TRUE,FALSE,TRUE,TRUE
"formula",531,"reflexivity","en_US.UTF-8",TRUE,TRUE,TRUE,TRUE
"formula",531,"unequal_control","en_US.UTF-8",FALSE,FALSE,FALSE,FALSE
"formula",532,"forward_equal","en_US.UTF-8",TRUE,FALSE,TRUE,TRUE
"formula",532,"reverse_equal","en_US.UTF-8",TRUE,FALSE,TRUE,TRUE
"formula",532,"reflexivity","en_US.UTF-8",TRUE,TRUE,TRUE,TRUE
"formula",532,"unequal_control","en_US.UTF-8",FALSE,FALSE,FALSE,FALSE
"formula",533,"forward_equal","en_US.UTF-8",TRUE,FALSE,TRUE,TRUE
"formula",533,"reverse_equal","en_US.UTF-8",TRUE,FALSE,TRUE,TRUE
"formula",533,"reflexivity","en_US.UTF-8",TRUE,TRUE,TRUE,TRUE
"formula",533,"unequal_control","en_US.UTF-8",FALSE,FALSE,FALSE,FALSE
"formula",534,"forward_equal","en_US.UTF-8",TRUE,FALSE,TRUE,TRUE
"formula",534,"reverse_equal","en_US.UTF-8",TRUE,FALSE,TRUE,TRUE
"formula",534,"reflexivity","en_US.UTF-8",TRUE,TRUE,TRUE,TRUE
"formula",534,"unequal_control","en_US.UTF-8",FALSE,FALSE,FALSE,FALSE
"formula",535,"forward_equal","en_US.UTF-8",TRUE,FALSE,TRUE,TRUE
"formula",535,"reverse_equal","en_US.UTF-8",TRUE,FALSE,TRUE,TRUE
"formula",535,"reflexivity","en_US.UTF-8",TRUE,TRUE,TRUE,TRUE
"formula",535,"unequal_control","en_US.UTF-8",FALSE,FALSE,FALSE,FALSE
"formula",536,"forward_equal","en_US.UTF-8",TRUE,FALSE,TRUE,TRUE
"formula",536,"reverse_equal","en_US.UTF-8",TRUE,FALSE,TRUE,TRUE
"formula",536,"reflexivity","en_US.UTF-8",TRUE,TRUE,TRUE,TRUE
"formula",536,"unequal_control","en_US.UTF-8",FALSE,FALSE,FALSE,FALSE
"formula",537,"forward_equal","en_US.UTF-8",TRUE,FALSE,TRUE,TRUE
"formula",537,"reverse_equal","en_US.UTF-8",TRUE,FALSE,TRUE,TRUE
"formula",537,"reflexivity","en_US.UTF-8",TRUE,TRUE,TRUE,TRUE
"formula",537,"unequal_control","en_US.UTF-8",FALSE,FALSE,FALSE,FALSE
"formula",538,"forward_equal","en_US.UTF-8",TRUE,FALSE,TRUE,TRUE
"formula",538,"reverse_equal","en_US.UTF-8",TRUE,FALSE,TRUE,TRUE
"formula",538,"reflexivity","en_US.UTF-8",TRUE,TRUE,TRUE,TRUE
"formula",538,"unequal_control","en_US.UTF-8",FALSE,FALSE,FALSE,FALSE
"formula",539,"forward_equal","en_US.UTF-8",TRUE,FALSE,TRUE,TRUE
"formula",539,"reverse_equal","en_US.UTF-8",TRUE,FALSE,TRUE,TRUE
"formula",539,"reflexivity","en_US.UTF-8",TRUE,TRUE,TRUE,TRUE
"formula",539,"unequal_control","en_US.UTF-8",FALSE,FALSE,FALSE,FALSE
"formula",540,"forward_equal","en_US.UTF-8",TRUE,FALSE,TRUE,TRUE
"formula",540,"reverse_equal","en_US.UTF-8",TRUE,FALSE,TRUE,TRUE
"formula",540,"reflexivity","en_US.UTF-8",TRUE,TRUE,TRUE,TRUE
"formula",540,"unequal_control","en_US.UTF-8",FALSE,FALSE,FALSE,FALSE
"formula",541,"forward_equal","en_US.UTF-8",TRUE,FALSE,TRUE,TRUE
"formula",541,"reverse_equal","en_US.UTF-8",TRUE,FALSE,TRUE,TRUE
"formula",541,"reflexivity","en_US.UTF-8",TRUE,TRUE,TRUE,TRUE
"formula",541,"unequal_control","en_US.UTF-8",FALSE,FALSE,FALSE,FALSE
"formula",542,"forward_equal","en_US.UTF-8",TRUE,FALSE,TRUE,TRUE
"formula",542,"reverse_equal","en_US.UTF-8",TRUE,FALSE,TRUE,TRUE
"formula",542,"reflexivity","en_US.UTF-8",TRUE,TRUE,TRUE,TRUE
"formula",542,"unequal_control","en_US.UTF-8",FALSE,FALSE,FALSE,FALSE
"formula",543,"forward_equal","en_US.UTF-8",TRUE,FALSE,TRUE,TRUE
"formula",543,"reverse_equal","en_US.UTF-8",TRUE,FALSE,TRUE,TRUE
"formula",543,"reflexivity","en_US.UTF-8",TRUE,TRUE,TRUE,TRUE
"formula",543,"unequal_control","en_US.UTF-8",FALSE,FALSE,FALSE,FALSE
"formula",544,"forward_equal","en_US.UTF-8",TRUE,FALSE,TRUE,TRUE
"formula",544,"reverse_equal","en_US.UTF-8",TRUE,FALSE,TRUE,TRUE
"formula",544,"reflexivity","en_US.UTF-8",TRUE,TRUE,TRUE,TRUE
"formula",544,"unequal_control","en_US.UTF-8",FALSE,FALSE,FALSE,FALSE
"formula",545,"forward_equal","en_US.UTF-8",TRUE,FALSE,TRUE,TRUE
"formula",545,"reverse_equal","en_US.UTF-8",TRUE,FALSE,TRUE,TRUE
"formula",545,"reflexivity","en_US.UTF-8",TRUE,TRUE,TRUE,TRUE
"formula",545,"unequal_control","en_US.UTF-8",FALSE,FALSE,FALSE,FALSE
"formula",546,"forward_equal","en_US.UTF-8",TRUE,FALSE,TRUE,TRUE
"formula",546,"reverse_equal","en_US.UTF-8",TRUE,FALSE,TRUE,TRUE
"formula",546,"reflexivity","en_US.UTF-8",TRUE,TRUE,TRUE,TRUE
"formula",546,"unequal_control","en_US.UTF-8",FALSE,FALSE,FALSE,FALSE
"formula",547,"forward_equal","en_US.UTF-8",TRUE,FALSE,TRUE,TRUE
"formula",547,"reverse_equal","en_US.UTF-8",TRUE,FALSE,TRUE,TRUE
"formula",547,"reflexivity","en_US.UTF-8",TRUE,TRUE,TRUE,TRUE
"formula",547,"unequal_control","en_US.UTF-8",FALSE,FALSE,FALSE,FALSE
"formula",548,"forward_equal","en_US.UTF-8",TRUE,FALSE,TRUE,TRUE
"formula",548,"reverse_equal","en_US.UTF-8",TRUE,FALSE,TRUE,TRUE
"formula",548,"reflexivity","en_US.UTF-8",TRUE,TRUE,TRUE,TRUE
"formula",548,"unequal_control","en_US.UTF-8",FALSE,FALSE,FALSE,FALSE
"formula",549,"forward_equal","en_US.UTF-8",TRUE,FALSE,TRUE,TRUE
"formula",549,"reverse_equal","en_US.UTF-8",TRUE,FALSE,TRUE,TRUE
"formula",549,"reflexivity","en_US.UTF-8",TRUE,TRUE,TRUE,TRUE
"formula",549,"unequal_control","en_US.UTF-8",FALSE,FALSE,FALSE,FALSE
"formula",550,"forward_equal","en_US.UTF-8",TRUE,FALSE,TRUE,TRUE
"formula",550,"reverse_equal","en_US.UTF-8",TRUE,FALSE,TRUE,TRUE
"formula",550,"reflexivity","en_US.UTF-8",TRUE,TRUE,TRUE,TRUE
"formula",550,"unequal_control","en_US.UTF-8",FALSE,FALSE,FALSE,FALSE
"formula",551,"forward_equal","en_US.UTF-8",TRUE,FALSE,TRUE,TRUE
"formula",551,"reverse_equal","en_US.UTF-8",TRUE,FALSE,TRUE,TRUE
"formula",551,"reflexivity","en_US.UTF-8",TRUE,TRUE,TRUE,TRUE
"formula",551,"unequal_control","en_US.UTF-8",FALSE,FALSE,FALSE,FALSE
"formula",552,"forward_equal","en_US.UTF-8",TRUE,FALSE,TRUE,TRUE
"formula",552,"reverse_equal","en_US.UTF-8",TRUE,FALSE,TRUE,TRUE
"formula",552,"reflexivity","en_US.UTF-8",TRUE,TRUE,TRUE,TRUE
"formula",552,"unequal_control","en_US.UTF-8",FALSE,FALSE,FALSE,FALSE
"formula",553,"forward_equal","en_US.UTF-8",TRUE,FALSE,TRUE,TRUE
"formula",553,"reverse_equal","en_US.UTF-8",TRUE,FALSE,TRUE,TRUE
"formula",553,"reflexivity","en_US.UTF-8",TRUE,TRUE,TRUE,TRUE
"formula",553,"unequal_control","en_US.UTF-8",FALSE,FALSE,FALSE,FALSE
"formula",554,"forward_equal","en_US.UTF-8",TRUE,FALSE,TRUE,TRUE
"formula",554,"reverse_equal","en_US.UTF-8",TRUE,FALSE,TRUE,TRUE
"formula",554,"reflexivity","en_US.UTF-8",TRUE,TRUE,TRUE,TRUE
"formula",554,"unequal_control","en_US.UTF-8",FALSE,FALSE,FALSE,FALSE
"formula",555,"forward_equal","en_US.UTF-8",TRUE,FALSE,TRUE,TRUE
"formula",555,"reverse_equal","en_US.UTF-8",TRUE,FALSE,TRUE,TRUE
"formula",555,"reflexivity","en_US.UTF-8",TRUE,TRUE,TRUE,TRUE
"formula",555,"unequal_control","en_US.UTF-8",FALSE,FALSE,FALSE,FALSE
"formula",556,"forward_equal","en_US.UTF-8",TRUE,FALSE,TRUE,TRUE
"formula",556,"reverse_equal","en_US.UTF-8",TRUE,FALSE,TRUE,TRUE
"formula",556,"reflexivity","en_US.UTF-8",TRUE,TRUE,TRUE,TRUE
"formula",556,"unequal_control","en_US.UTF-8",FALSE,FALSE,FALSE,FALSE
"formula",557,"forward_equal","en_US.UTF-8",TRUE,FALSE,TRUE,TRUE
"formula",557,"reverse_equal","en_US.UTF-8",TRUE,FALSE,TRUE,TRUE
"formula",557,"reflexivity","en_US.UTF-8",TRUE,TRUE,TRUE,TRUE
"formula",557,"unequal_control","en_US.UTF-8",FALSE,FALSE,FALSE,FALSE
"formula",558,"forward_equal","en_US.UTF-8",TRUE,FALSE,TRUE,TRUE
"formula",558,"reverse_equal","en_US.UTF-8",TRUE,FALSE,TRUE,TRUE
"formula",558,"reflexivity","en_US.UTF-8",TRUE,TRUE,TRUE,TRUE
"formula",558,"unequal_control","en_US.UTF-8",FALSE,FALSE,FALSE,FALSE
"formula",559,"forward_equal","en_US.UTF-8",TRUE,FALSE,TRUE,TRUE
"formula",559,"reverse_equal","en_US.UTF-8",TRUE,FALSE,TRUE,TRUE
"formula",559,"reflexivity","en_US.UTF-8",TRUE,TRUE,TRUE,TRUE
"formula",559,"unequal_control","en_US.UTF-8",FALSE,FALSE,FALSE,FALSE
"formula",560,"forward_equal","en_US.UTF-8",TRUE,FALSE,TRUE,TRUE
"formula",560,"reverse_equal","en_US.UTF-8",TRUE,FALSE,TRUE,TRUE
"formula",560,"reflexivity","en_US.UTF-8",TRUE,TRUE,TRUE,TRUE
"formula",560,"unequal_control","en_US.UTF-8",FALSE,FALSE,FALSE,FALSE
"formula",561,"forward_equal","en_US.UTF-8",TRUE,FALSE,TRUE,TRUE
"formula",561,"reverse_equal","en_US.UTF-8",TRUE,FALSE,TRUE,TRUE
"formula",561,"reflexivity","en_US.UTF-8",TRUE,TRUE,TRUE,TRUE
"formula",561,"unequal_control","en_US.UTF-8",FALSE,FALSE,FALSE,FALSE
"formula",562,"forward_equal","en_US.UTF-8",TRUE,FALSE,TRUE,TRUE
"formula",562,"reverse_equal","en_US.UTF-8",TRUE,FALSE,TRUE,TRUE
"formula",562,"reflexivity","en_US.UTF-8",TRUE,TRUE,TRUE,TRUE
"formula",562,"unequal_control","en_US.UTF-8",FALSE,FALSE,FALSE,FALSE
"formula",563,"forward_equal","en_US.UTF-8",TRUE,FALSE,TRUE,TRUE
"formula",563,"reverse_equal","en_US.UTF-8",TRUE,FALSE,TRUE,TRUE
"formula",563,"reflexivity","en_US.UTF-8",TRUE,TRUE,TRUE,TRUE
"formula",563,"unequal_control","en_US.UTF-8",FALSE,FALSE,FALSE,FALSE
"formula",564,"forward_equal","en_US.UTF-8",TRUE,FALSE,TRUE,TRUE
"formula",564,"reverse_equal","en_US.UTF-8",TRUE,FALSE,TRUE,TRUE
"formula",564,"reflexivity","en_US.UTF-8",TRUE,TRUE,TRUE,TRUE
"formula",564,"unequal_control","en_US.UTF-8",FALSE,FALSE,FALSE,FALSE
"formula",565,"forward_equal","en_US.UTF-8",TRUE,FALSE,TRUE,TRUE
"formula",565,"reverse_equal","en_US.UTF-8",TRUE,FALSE,TRUE,TRUE
"formula",565,"reflexivity","en_US.UTF-8",TRUE,TRUE,TRUE,TRUE
"formula",565,"unequal_control","en_US.UTF-8",FALSE,FALSE,FALSE,FALSE
"formula",566,"forward_equal","en_US.UTF-8",TRUE,FALSE,TRUE,TRUE
"formula",566,"reverse_equal","en_US.UTF-8",TRUE,FALSE,TRUE,TRUE
"formula",566,"reflexivity","en_US.UTF-8",TRUE,TRUE,TRUE,TRUE
"formula",566,"unequal_control","en_US.UTF-8",FALSE,FALSE,FALSE,FALSE
"formula",567,"forward_equal","en_US.UTF-8",TRUE,FALSE,TRUE,TRUE
"formula",567,"reverse_equal","en_US.UTF-8",TRUE,FALSE,TRUE,TRUE
"formula",567,"reflexivity","en_US.UTF-8",TRUE,TRUE,TRUE,TRUE
"formula",567,"unequal_control","en_US.UTF-8",FALSE,FALSE,FALSE,FALSE
"formula",568,"forward_equal","en_US.UTF-8",TRUE,FALSE,TRUE,TRUE
"formula",568,"reverse_equal","en_US.UTF-8",TRUE,FALSE,TRUE,TRUE
"formula",568,"reflexivity","en_US.UTF-8",TRUE,TRUE,TRUE,TRUE
"formula",568,"unequal_control","en_US.UTF-8",FALSE,FALSE,FALSE,FALSE
"formula",569,"forward_equal","en_US.UTF-8",TRUE,FALSE,TRUE,TRUE
"formula",569,"reverse_equal","en_US.UTF-8",TRUE,FALSE,TRUE,TRUE
"formula",569,"reflexivity","en_US.UTF-8",TRUE,TRUE,TRUE,TRUE
"formula",569,"unequal_control","en_US.UTF-8",FALSE,FALSE,FALSE,FALSE
"formula",570,"forward_equal","en_US.UTF-8",TRUE,FALSE,TRUE,TRUE
"formula",570,"reverse_equal","en_US.UTF-8",TRUE,FALSE,TRUE,TRUE
"formula",570,"reflexivity","en_US.UTF-8",TRUE,TRUE,TRUE,TRUE
"formula",570,"unequal_control","en_US.UTF-8",FALSE,FALSE,FALSE,FALSE
"formula",571,"forward_equal","en_US.UTF-8",TRUE,FALSE,TRUE,TRUE
"formula",571,"reverse_equal","en_US.UTF-8",TRUE,FALSE,TRUE,TRUE
"formula",571,"reflexivity","en_US.UTF-8",TRUE,TRUE,TRUE,TRUE
"formula",571,"unequal_control","en_US.UTF-8",FALSE,FALSE,FALSE,FALSE
"formula",572,"forward_equal","en_US.UTF-8",TRUE,FALSE,TRUE,TRUE
"formula",572,"reverse_equal","en_US.UTF-8",TRUE,FALSE,TRUE,TRUE
"formula",572,"reflexivity","en_US.UTF-8",TRUE,TRUE,TRUE,TRUE
"formula",572,"unequal_control","en_US.UTF-8",FALSE,FALSE,FALSE,FALSE
"formula",573,"forward_equal","en_US.UTF-8",TRUE,FALSE,TRUE,TRUE
"formula",573,"reverse_equal","en_US.UTF-8",TRUE,FALSE,TRUE,TRUE
"formula",573,"reflexivity","en_US.UTF-8",TRUE,TRUE,TRUE,TRUE
"formula",573,"unequal_control","en_US.UTF-8",FALSE,FALSE,FALSE,FALSE
"formula",574,"forward_equal","en_US.UTF-8",TRUE,FALSE,TRUE,TRUE
"formula",574,"reverse_equal","en_US.UTF-8",TRUE,FALSE,TRUE,TRUE
"formula",574,"reflexivity","en_US.UTF-8",TRUE,TRUE,TRUE,TRUE
"formula",574,"unequal_control","en_US.UTF-8",FALSE,FALSE,FALSE,FALSE
"formula",575,"forward_equal","en_US.UTF-8",TRUE,FALSE,TRUE,TRUE
"formula",575,"reverse_equal","en_US.UTF-8",TRUE,FALSE,TRUE,TRUE
"formula",575,"reflexivity","en_US.UTF-8",TRUE,TRUE,TRUE,TRUE
"formula",575,"unequal_control","en_US.UTF-8",FALSE,FALSE,FALSE,FALSE
"formula",576,"forward_equal","en_US.UTF-8",TRUE,FALSE,TRUE,TRUE
"formula",576,"reverse_equal","en_US.UTF-8",TRUE,FALSE,TRUE,TRUE
"formula",576,"reflexivity","en_US.UTF-8",TRUE,TRUE,TRUE,TRUE
"formula",576,"unequal_control","en_US.UTF-8",FALSE,FALSE,FALSE,FALSE
"formula",577,"forward_equal","en_US.UTF-8",TRUE,FALSE,TRUE,TRUE
"formula",577,"reverse_equal","en_US.UTF-8",TRUE,FALSE,TRUE,TRUE
"formula",577,"reflexivity","en_US.UTF-8",TRUE,TRUE,TRUE,TRUE
"formula",577,"unequal_control","en_US.UTF-8",FALSE,FALSE,FALSE,FALSE
"formula",578,"forward_equal","en_US.UTF-8",TRUE,FALSE,TRUE,TRUE
"formula",578,"reverse_equal","en_US.UTF-8",TRUE,FALSE,TRUE,TRUE
"formula",578,"reflexivity","en_US.UTF-8",TRUE,TRUE,TRUE,TRUE
"formula",578,"unequal_control","en_US.UTF-8",FALSE,FALSE,FALSE,FALSE
"formula",579,"forward_equal","en_US.UTF-8",TRUE,FALSE,TRUE,TRUE
"formula",579,"reverse_equal","en_US.UTF-8",TRUE,FALSE,TRUE,TRUE
"formula",579,"reflexivity","en_US.UTF-8",TRUE,TRUE,TRUE,TRUE
"formula",579,"unequal_control","en_US.UTF-8",FALSE,FALSE,FALSE,FALSE
"formula",580,"forward_equal","en_US.UTF-8",TRUE,FALSE,TRUE,TRUE
"formula",580,"reverse_equal","en_US.UTF-8",TRUE,FALSE,TRUE,TRUE
"formula",580,"reflexivity","en_US.UTF-8",TRUE,TRUE,TRUE,TRUE
"formula",580,"unequal_control","en_US.UTF-8",FALSE,FALSE,FALSE,FALSE
"formula",581,"forward_equal","en_US.UTF-8",TRUE,FALSE,TRUE,TRUE
"formula",581,"reverse_equal","en_US.UTF-8",TRUE,FALSE,TRUE,TRUE
"formula",581,"reflexivity","en_US.UTF-8",TRUE,TRUE,TRUE,TRUE
"formula",581,"unequal_control","en_US.UTF-8",FALSE,FALSE,FALSE,FALSE
"formula",582,"forward_equal","en_US.UTF-8",TRUE,FALSE,TRUE,TRUE
"formula",582,"reverse_equal","en_US.UTF-8",TRUE,FALSE,TRUE,TRUE
"formula",582,"reflexivity","en_US.UTF-8",TRUE,TRUE,TRUE,TRUE
"formula",582,"unequal_control","en_US.UTF-8",FALSE,FALSE,FALSE,FALSE
"formula",583,"forward_equal","en_US.UTF-8",TRUE,FALSE,TRUE,TRUE
"formula",583,"reverse_equal","en_US.UTF-8",TRUE,FALSE,TRUE,TRUE
"formula",583,"reflexivity","en_US.UTF-8",TRUE,TRUE,TRUE,TRUE
"formula",583,"unequal_control","en_US.UTF-8",FALSE,FALSE,FALSE,FALSE
"formula",584,"forward_equal","en_US.UTF-8",TRUE,FALSE,TRUE,TRUE
"formula",584,"reverse_equal","en_US.UTF-8",TRUE,FALSE,TRUE,TRUE
"formula",584,"reflexivity","en_US.UTF-8",TRUE,TRUE,TRUE,TRUE
"formula",584,"unequal_control","en_US.UTF-8",FALSE,FALSE,FALSE,FALSE
"formula",585,"forward_equal","en_US.UTF-8",TRUE,FALSE,TRUE,TRUE
"formula",585,"reverse_equal","en_US.UTF-8",TRUE,FALSE,TRUE,TRUE
"formula",585,"reflexivity","en_US.UTF-8",TRUE,TRUE,TRUE,TRUE
"formula",585,"unequal_control","en_US.UTF-8",FALSE,FALSE,FALSE,FALSE
"formula",586,"forward_equal","en_US.UTF-8",TRUE,FALSE,TRUE,TRUE
"formula",586,"reverse_equal","en_US.UTF-8",TRUE,FALSE,TRUE,TRUE
"formula",586,"reflexivity","en_US.UTF-8",TRUE,TRUE,TRUE,TRUE
"formula",586,"unequal_control","en_US.UTF-8",FALSE,FALSE,FALSE,FALSE
"formula",587,"forward_equal","en_US.UTF-8",TRUE,FALSE,TRUE,TRUE
"formula",587,"reverse_equal","en_US.UTF-8",TRUE,FALSE,TRUE,TRUE
"formula",587,"reflexivity","en_US.UTF-8",TRUE,TRUE,TRUE,TRUE
"formula",587,"unequal_control","en_US.UTF-8",FALSE,FALSE,FALSE,FALSE
"formula",588,"forward_equal","en_US.UTF-8",TRUE,FALSE,TRUE,TRUE
"formula",588,"reverse_equal","en_US.UTF-8",TRUE,FALSE,TRUE,TRUE
"formula",588,"reflexivity","en_US.UTF-8",TRUE,TRUE,TRUE,TRUE
"formula",588,"unequal_control","en_US.UTF-8",FALSE,FALSE,FALSE,FALSE
"formula",589,"forward_equal","en_US.UTF-8",TRUE,FALSE,TRUE,TRUE
"formula",589,"reverse_equal","en_US.UTF-8",TRUE,FALSE,TRUE,TRUE
"formula",589,"reflexivity","en_US.UTF-8",TRUE,TRUE,TRUE,TRUE
"formula",589,"unequal_control","en_US.UTF-8",FALSE,FALSE,FALSE,FALSE
"formula",590,"forward_equal","en_US.UTF-8",TRUE,FALSE,TRUE,TRUE
"formula",590,"reverse_equal","en_US.UTF-8",TRUE,FALSE,TRUE,TRUE
"formula",590,"reflexivity","en_US.UTF-8",TRUE,TRUE,TRUE,TRUE
"formula",590,"unequal_control","en_US.UTF-8",FALSE,FALSE,FALSE,FALSE
"formula",591,"forward_equal","en_US.UTF-8",TRUE,FALSE,TRUE,TRUE
"formula",591,"reverse_equal","en_US.UTF-8",TRUE,FALSE,TRUE,TRUE
"formula",591,"reflexivity","en_US.UTF-8",TRUE,TRUE,TRUE,TRUE
"formula",591,"unequal_control","en_US.UTF-8",FALSE,FALSE,FALSE,FALSE
"formula",592,"forward_equal","en_US.UTF-8",TRUE,FALSE,TRUE,TRUE
"formula",592,"reverse_equal","en_US.UTF-8",TRUE,FALSE,TRUE,TRUE
"formula",592,"reflexivity","en_US.UTF-8",TRUE,TRUE,TRUE,TRUE
"formula",592,"unequal_control","en_US.UTF-8",FALSE,FALSE,FALSE,FALSE
"formula",593,"forward_equal","en_US.UTF-8",TRUE,FALSE,TRUE,TRUE
"formula",593,"reverse_equal","en_US.UTF-8",TRUE,FALSE,TRUE,TRUE
"formula",593,"reflexivity","en_US.UTF-8",TRUE,TRUE,TRUE,TRUE
"formula",593,"unequal_control","en_US.UTF-8",FALSE,FALSE,FALSE,FALSE
"formula",594,"forward_equal","en_US.UTF-8",TRUE,FALSE,TRUE,TRUE
"formula",594,"reverse_equal","en_US.UTF-8",TRUE,FALSE,TRUE,TRUE
"formula",594,"reflexivity","en_US.UTF-8",TRUE,TRUE,TRUE,TRUE
"formula",594,"unequal_control","en_US.UTF-8",FALSE,FALSE,FALSE,FALSE
"formula",595,"forward_equal","en_US.UTF-8",TRUE,FALSE,TRUE,TRUE
"formula",595,"reverse_equal","en_US.UTF-8",TRUE,FALSE,TRUE,TRUE
"formula",595,"reflexivity","en_US.UTF-8",TRUE,TRUE,TRUE,TRUE
"formula",595,"unequal_control","en_US.UTF-8",FALSE,FALSE,FALSE,FALSE
"formula",596,"forward_equal","en_US.UTF-8",TRUE,FALSE,TRUE,TRUE
"formula",596,"reverse_equal","en_US.UTF-8",TRUE,FALSE,TRUE,TRUE
"formula",596,"reflexivity","en_US.UTF-8",TRUE,TRUE,TRUE,TRUE
"formula",596,"unequal_control","en_US.UTF-8",FALSE,FALSE,FALSE,FALSE
"formula",597,"forward_equal","en_US.UTF-8",TRUE,FALSE,TRUE,TRUE
"formula",597,"reverse_equal","en_US.UTF-8",TRUE,FALSE,TRUE,TRUE
"formula",597,"reflexivity","en_US.UTF-8",TRUE,TRUE,TRUE,TRUE
"formula",597,"unequal_control","en_US.UTF-8",FALSE,FALSE,FALSE,FALSE
"formula",598,"forward_equal","en_US.UTF-8",TRUE,FALSE,TRUE,TRUE
"formula",598,"reverse_equal","en_US.UTF-8",TRUE,FALSE,TRUE,TRUE
"formula",598,"reflexivity","en_US.UTF-8",TRUE,TRUE,TRUE,TRUE
"formula",598,"unequal_control","en_US.UTF-8",FALSE,FALSE,FALSE,FALSE
"formula",599,"forward_equal","en_US.UTF-8",TRUE,FALSE,TRUE,TRUE
"formula",599,"reverse_equal","en_US.UTF-8",TRUE,FALSE,TRUE,TRUE
"formula",599,"reflexivity","en_US.UTF-8",TRUE,TRUE,TRUE,TRUE
"formula",599,"unequal_control","en_US.UTF-8",FALSE,FALSE,FALSE,FALSE
"formula",600,"forward_equal","en_US.UTF-8",TRUE,FALSE,TRUE,TRUE
"formula",600,"reverse_equal","en_US.UTF-8",TRUE,FALSE,TRUE,TRUE
"formula",600,"reflexivity","en_US.UTF-8",TRUE,TRUE,TRUE,TRUE
"formula",600,"unequal_control","en_US.UTF-8",FALSE,FALSE,FALSE,FALSE
"formula",601,"forward_equal","en_US.UTF-8",TRUE,FALSE,TRUE,TRUE
"formula",601,"reverse_equal","en_US.UTF-8",TRUE,FALSE,TRUE,TRUE
"formula",601,"reflexivity","en_US.UTF-8",TRUE,TRUE,TRUE,TRUE
"formula",601,"unequal_control","en_US.UTF-8",FALSE,FALSE,FALSE,FALSE
"formula",602,"forward_equal","en_US.UTF-8",TRUE,FALSE,TRUE,TRUE
"formula",602,"reverse_equal","en_US.UTF-8",TRUE,FALSE,TRUE,TRUE
"formula",602,"reflexivity","en_US.UTF-8",TRUE,TRUE,TRUE,TRUE
"formula",602,"unequal_control","en_US.UTF-8",FALSE,FALSE,FALSE,FALSE
"formula",603,"forward_equal","en_US.UTF-8",TRUE,FALSE,TRUE,TRUE
"formula",603,"reverse_equal","en_US.UTF-8",TRUE,FALSE,TRUE,TRUE
"formula",603,"reflexivity","en_US.UTF-8",TRUE,TRUE,TRUE,TRUE
"formula",603,"unequal_control","en_US.UTF-8",FALSE,FALSE,FALSE,FALSE
"formula",604,"forward_equal","en_US.UTF-8",TRUE,FALSE,TRUE,TRUE
"formula",604,"reverse_equal","en_US.UTF-8",TRUE,FALSE,TRUE,TRUE
"formula",604,"reflexivity","en_US.UTF-8",TRUE,TRUE,TRUE,TRUE
"formula",604,"unequal_control","en_US.UTF-8",FALSE,FALSE,FALSE,FALSE
"formula",605,"forward_equal","en_US.UTF-8",TRUE,FALSE,TRUE,TRUE
"formula",605,"reverse_equal","en_US.UTF-8",TRUE,FALSE,TRUE,TRUE
"formula",605,"reflexivity","en_US.UTF-8",TRUE,TRUE,TRUE,TRUE
"formula",605,"unequal_control","en_US.UTF-8",FALSE,FALSE,FALSE,FALSE
"formula",606,"forward_equal","en_US.UTF-8",TRUE,FALSE,TRUE,TRUE
"formula",606,"reverse_equal","en_US.UTF-8",TRUE,FALSE,TRUE,TRUE
"formula",606,"reflexivity","en_US.UTF-8",TRUE,TRUE,TRUE,TRUE
"formula",606,"unequal_control","en_US.UTF-8",FALSE,FALSE,FALSE,FALSE
"formula",607,"forward_equal","en_US.UTF-8",TRUE,FALSE,TRUE,TRUE
"formula",607,"reverse_equal","en_US.UTF-8",TRUE,FALSE,TRUE,TRUE
"formula",607,"reflexivity","en_US.UTF-8",TRUE,TRUE,TRUE,TRUE
"formula",607,"unequal_control","en_US.UTF-8",FALSE,FALSE,FALSE,FALSE
"formula",608,"forward_equal","en_US.UTF-8",TRUE,FALSE,TRUE,TRUE
"formula",608,"reverse_equal","en_US.UTF-8",TRUE,FALSE,TRUE,TRUE
"formula",608,"reflexivity","en_US.UTF-8",TRUE,TRUE,TRUE,TRUE
"formula",608,"unequal_control","en_US.UTF-8",FALSE,FALSE,FALSE,FALSE
"formula",609,"forward_equal","en_US.UTF-8",TRUE,FALSE,TRUE,TRUE
"formula",609,"reverse_equal","en_US.UTF-8",TRUE,FALSE,TRUE,TRUE
"formula",609,"reflexivity","en_US.UTF-8",TRUE,TRUE,TRUE,TRUE
"formula",609,"unequal_control","en_US.UTF-8",FALSE,FALSE,FALSE,FALSE
"formula",610,"forward_equal","en_US.UTF-8",TRUE,FALSE,TRUE,TRUE
"formula",610,"reverse_equal","en_US.UTF-8",TRUE,FALSE,TRUE,TRUE
"formula",610,"reflexivity","en_US.UTF-8",TRUE,TRUE,TRUE,TRUE
"formula",610,"unequal_control","en_US.UTF-8",FALSE,FALSE,FALSE,FALSE
"formula",611,"forward_equal","en_US.UTF-8",TRUE,FALSE,TRUE,TRUE
"formula",611,"reverse_equal","en_US.UTF-8",TRUE,FALSE,TRUE,TRUE
"formula",611,"reflexivity","en_US.UTF-8",TRUE,TRUE,TRUE,TRUE
"formula",611,"unequal_control","en_US.UTF-8",FALSE,FALSE,FALSE,FALSE
"formula",612,"forward_equal","en_US.UTF-8",TRUE,FALSE,TRUE,TRUE
"formula",612,"reverse_equal","en_US.UTF-8",TRUE,FALSE,TRUE,TRUE
"formula",612,"reflexivity","en_US.UTF-8",TRUE,TRUE,TRUE,TRUE
"formula",612,"unequal_control","en_US.UTF-8",FALSE,FALSE,FALSE,FALSE
"formula",613,"forward_equal","en_US.UTF-8",TRUE,FALSE,TRUE,TRUE
"formula",613,"reverse_equal","en_US.UTF-8",TRUE,FALSE,TRUE,TRUE
"formula",613,"reflexivity","en_US.UTF-8",TRUE,TRUE,TRUE,TRUE
"formula",613,"unequal_control","en_US.UTF-8",FALSE,FALSE,FALSE,FALSE
"formula",614,"forward_equal","en_US.UTF-8",TRUE,FALSE,TRUE,TRUE
"formula",614,"reverse_equal","en_US.UTF-8",TRUE,FALSE,TRUE,TRUE
"formula",614,"reflexivity","en_US.UTF-8",TRUE,TRUE,TRUE,TRUE
"formula",614,"unequal_control","en_US.UTF-8",FALSE,FALSE,FALSE,FALSE
"formula",615,"forward_equal","en_US.UTF-8",TRUE,FALSE,TRUE,TRUE
"formula",615,"reverse_equal","en_US.UTF-8",TRUE,FALSE,TRUE,TRUE
"formula",615,"reflexivity","en_US.UTF-8",TRUE,TRUE,TRUE,TRUE
"formula",615,"unequal_control","en_US.UTF-8",FALSE,FALSE,FALSE,FALSE
"formula",616,"forward_equal","en_US.UTF-8",TRUE,FALSE,TRUE,TRUE
"formula",616,"reverse_equal","en_US.UTF-8",TRUE,FALSE,TRUE,TRUE
"formula",616,"reflexivity","en_US.UTF-8",TRUE,TRUE,TRUE,TRUE
"formula",616,"unequal_control","en_US.UTF-8",FALSE,FALSE,FALSE,FALSE
"formula",617,"forward_equal","en_US.UTF-8",TRUE,FALSE,TRUE,TRUE
"formula",617,"reverse_equal","en_US.UTF-8",TRUE,FALSE,TRUE,TRUE
"formula",617,"reflexivity","en_US.UTF-8",TRUE,TRUE,TRUE,TRUE
"formula",617,"unequal_control","en_US.UTF-8",FALSE,FALSE,FALSE,FALSE
"formula",618,"forward_equal","en_US.UTF-8",TRUE,FALSE,TRUE,TRUE
"formula",618,"reverse_equal","en_US.UTF-8",TRUE,FALSE,TRUE,TRUE
"formula",618,"reflexivity","en_US.UTF-8",TRUE,TRUE,TRUE,TRUE
"formula",618,"unequal_control","en_US.UTF-8",FALSE,FALSE,FALSE,FALSE
"formula",619,"forward_equal","en_US.UTF-8",TRUE,FALSE,TRUE,TRUE
"formula",619,"reverse_equal","en_US.UTF-8",TRUE,FALSE,TRUE,TRUE
"formula",619,"reflexivity","en_US.UTF-8",TRUE,TRUE,TRUE,TRUE
"formula",619,"unequal_control","en_US.UTF-8",FALSE,FALSE,FALSE,FALSE
"formula",620,"forward_equal","en_US.UTF-8",TRUE,FALSE,TRUE,TRUE
"formula",620,"reverse_equal","en_US.UTF-8",TRUE,FALSE,TRUE,TRUE
"formula",620,"reflexivity","en_US.UTF-8",TRUE,TRUE,TRUE,TRUE
"formula",620,"unequal_control","en_US.UTF-8",FALSE,FALSE,FALSE,FALSE
"formula",621,"forward_equal","en_US.UTF-8",TRUE,FALSE,TRUE,TRUE
"formula",621,"reverse_equal","en_US.UTF-8",TRUE,FALSE,TRUE,TRUE
"formula",621,"reflexivity","en_US.UTF-8",TRUE,TRUE,TRUE,TRUE
"formula",621,"unequal_control","en_US.UTF-8",FALSE,FALSE,FALSE,FALSE
"formula",622,"forward_equal","en_US.UTF-8",TRUE,FALSE,TRUE,TRUE
"formula",622,"reverse_equal","en_US.UTF-8",TRUE,FALSE,TRUE,TRUE
"formula",622,"reflexivity","en_US.UTF-8",TRUE,TRUE,TRUE,TRUE
"formula",622,"unequal_control","en_US.UTF-8",FALSE,FALSE,FALSE,FALSE
"formula",623,"forward_equal","en_US.UTF-8",TRUE,FALSE,TRUE,TRUE
"formula",623,"reverse_equal","en_US.UTF-8",TRUE,FALSE,TRUE,TRUE
"formula",623,"reflexivity","en_US.UTF-8",TRUE,TRUE,TRUE,TRUE
"formula",623,"unequal_control","en_US.UTF-8",FALSE,FALSE,FALSE,FALSE
"formula",624,"forward_equal","en_US.UTF-8",TRUE,FALSE,TRUE,TRUE
"formula",624,"reverse_equal","en_US.UTF-8",TRUE,FALSE,TRUE,TRUE
"formula",624,"reflexivity","en_US.UTF-8",TRUE,TRUE,TRUE,TRUE
"formula",624,"unequal_control","en_US.UTF-8",FALSE,FALSE,FALSE,FALSE
"formula",625,"forward_equal","en_US.UTF-8",TRUE,FALSE,TRUE,TRUE
"formula",625,"reverse_equal","en_US.UTF-8",TRUE,FALSE,TRUE,TRUE
"formula",625,"reflexivity","en_US.UTF-8",TRUE,TRUE,TRUE,TRUE
"formula",625,"unequal_control","en_US.UTF-8",FALSE,FALSE,FALSE,FALSE
"formula",626,"forward_equal","en_US.UTF-8",TRUE,FALSE,TRUE,TRUE
"formula",626,"reverse_equal","en_US.UTF-8",TRUE,FALSE,TRUE,TRUE
"formula",626,"reflexivity","en_US.UTF-8",TRUE,TRUE,TRUE,TRUE
"formula",626,"unequal_control","en_US.UTF-8",FALSE,FALSE,FALSE,FALSE
"formula",627,"forward_equal","en_US.UTF-8",TRUE,FALSE,TRUE,TRUE
"formula",627,"reverse_equal","en_US.UTF-8",TRUE,FALSE,TRUE,TRUE
"formula",627,"reflexivity","en_US.UTF-8",TRUE,TRUE,TRUE,TRUE
"formula",627,"unequal_control","en_US.UTF-8",FALSE,FALSE,FALSE,FALSE
"formula",628,"forward_equal","en_US.UTF-8",TRUE,FALSE,TRUE,TRUE
"formula",628,"reverse_equal","en_US.UTF-8",TRUE,FALSE,TRUE,TRUE
"formula",628,"reflexivity","en_US.UTF-8",TRUE,TRUE,TRUE,TRUE
"formula",628,"unequal_control","en_US.UTF-8",FALSE,FALSE,FALSE,FALSE
"formula",629,"forward_equal","en_US.UTF-8",TRUE,FALSE,TRUE,TRUE
"formula",629,"reverse_equal","en_US.UTF-8",TRUE,FALSE,TRUE,TRUE
"formula",629,"reflexivity","en_US.UTF-8",TRUE,TRUE,TRUE,TRUE
"formula",629,"unequal_control","en_US.UTF-8",FALSE,FALSE,FALSE,FALSE
"formula",630,"forward_equal","en_US.UTF-8",TRUE,FALSE,TRUE,TRUE
"formula",630,"reverse_equal","en_US.UTF-8",TRUE,FALSE,TRUE,TRUE
"formula",630,"reflexivity","en_US.UTF-8",TRUE,TRUE,TRUE,TRUE
"formula",630,"unequal_control","en_US.UTF-8",FALSE,FALSE,FALSE,FALSE
"formula",631,"forward_equal","en_US.UTF-8",TRUE,FALSE,TRUE,TRUE
"formula",631,"reverse_equal","en_US.UTF-8",TRUE,FALSE,TRUE,TRUE
"formula",631,"reflexivity","en_US.UTF-8",TRUE,TRUE,TRUE,TRUE
"formula",631,"unequal_control","en_US.UTF-8",FALSE,FALSE,FALSE,FALSE
"formula",632,"forward_equal","en_US.UTF-8",TRUE,FALSE,TRUE,TRUE
"formula",632,"reverse_equal","en_US.UTF-8",TRUE,FALSE,TRUE,TRUE
"formula",632,"reflexivity","en_US.UTF-8",TRUE,TRUE,TRUE,TRUE
"formula",632,"unequal_control","en_US.UTF-8",FALSE,FALSE,FALSE,FALSE
"formula",633,"forward_equal","en_US.UTF-8",TRUE,FALSE,TRUE,TRUE
"formula",633,"reverse_equal","en_US.UTF-8",TRUE,FALSE,TRUE,TRUE
"formula",633,"reflexivity","en_US.UTF-8",TRUE,TRUE,TRUE,TRUE
"formula",633,"unequal_control","en_US.UTF-8",FALSE,FALSE,FALSE,FALSE
"formula",634,"forward_equal","en_US.UTF-8",TRUE,FALSE,TRUE,TRUE
"formula",634,"reverse_equal","en_US.UTF-8",TRUE,FALSE,TRUE,TRUE
"formula",634,"reflexivity","en_US.UTF-8",TRUE,TRUE,TRUE,TRUE
"formula",634,"unequal_control","en_US.UTF-8",FALSE,FALSE,FALSE,FALSE
"formula",635,"forward_equal","en_US.UTF-8",TRUE,FALSE,TRUE,TRUE
"formula",635,"reverse_equal","en_US.UTF-8",TRUE,FALSE,TRUE,TRUE
"formula",635,"reflexivity","en_US.UTF-8",TRUE,TRUE,TRUE,TRUE
"formula",635,"unequal_control","en_US.UTF-8",FALSE,FALSE,FALSE,FALSE
"formula",636,"forward_equal","en_US.UTF-8",TRUE,FALSE,TRUE,TRUE
"formula",636,"reverse_equal","en_US.UTF-8",TRUE,FALSE,TRUE,TRUE
"formula",636,"reflexivity","en_US.UTF-8",TRUE,TRUE,TRUE,TRUE
"formula",636,"unequal_control","en_US.UTF-8",FALSE,FALSE,FALSE,FALSE
"formula",637,"forward_equal","en_US.UTF-8",TRUE,FALSE,TRUE,TRUE
"formula",637,"reverse_equal","en_US.UTF-8",TRUE,FALSE,TRUE,TRUE
"formula",637,"reflexivity","en_US.UTF-8",TRUE,TRUE,TRUE,TRUE
"formula",637,"unequal_control","en_US.UTF-8",FALSE,FALSE,FALSE,FALSE
"formula",638,"forward_equal","en_US.UTF-8",TRUE,FALSE,TRUE,TRUE
"formula",638,"reverse_equal","en_US.UTF-8",TRUE,FALSE,TRUE,TRUE
"formula",638,"reflexivity","en_US.UTF-8",TRUE,TRUE,TRUE,TRUE
"formula",638,"unequal_control","en_US.UTF-8",FALSE,FALSE,FALSE,FALSE
"formula",639,"forward_equal","en_US.UTF-8",TRUE,FALSE,TRUE,TRUE
"formula",639,"reverse_equal","en_US.UTF-8",TRUE,FALSE,TRUE,TRUE
"formula",639,"reflexivity","en_US.UTF-8",TRUE,TRUE,TRUE,TRUE
"formula",639,"unequal_control","en_US.UTF-8",FALSE,FALSE,FALSE,FALSE
"formula",640,"forward_equal","en_US.UTF-8",TRUE,FALSE,TRUE,TRUE
"formula",640,"reverse_equal","en_US.UTF-8",TRUE,FALSE,TRUE,TRUE
"formula",640,"reflexivity","en_US.UTF-8",TRUE,TRUE,TRUE,TRUE
"formula",640,"unequal_control","en_US.UTF-8",FALSE,FALSE,FALSE,FALSE
"formula",641,"forward_equal","en_US.UTF-8",TRUE,FALSE,TRUE,TRUE
"formula",641,"reverse_equal","en_US.UTF-8",TRUE,FALSE,TRUE,TRUE
"formula",641,"reflexivity","en_US.UTF-8",TRUE,TRUE,TRUE,TRUE
"formula",641,"unequal_control","en_US.UTF-8",FALSE,FALSE,FALSE,FALSE
"formula",642,"forward_equal","en_US.UTF-8",TRUE,FALSE,TRUE,TRUE
"formula",642,"reverse_equal","en_US.UTF-8",TRUE,FALSE,TRUE,TRUE
"formula",642,"reflexivity","en_US.UTF-8",TRUE,TRUE,TRUE,TRUE
"formula",642,"unequal_control","en_US.UTF-8",FALSE,FALSE,FALSE,FALSE
"formula",643,"forward_equal","en_US.UTF-8",TRUE,FALSE,TRUE,TRUE
"formula",643,"reverse_equal","en_US.UTF-8",TRUE,FALSE,TRUE,TRUE
"formula",643,"reflexivity","en_US.UTF-8",TRUE,TRUE,TRUE,TRUE
"formula",643,"unequal_control","en_US.UTF-8",FALSE,FALSE,FALSE,FALSE
"formula",644,"forward_equal","en_US.UTF-8",TRUE,FALSE,TRUE,TRUE
"formula",644,"reverse_equal","en_US.UTF-8",TRUE,FALSE,TRUE,TRUE
"formula",644,"reflexivity","en_US.UTF-8",TRUE,TRUE,TRUE,TRUE
"formula",644,"unequal_control","en_US.UTF-8",FALSE,FALSE,FALSE,FALSE
"formula",645,"forward_equal","en_US.UTF-8",TRUE,FALSE,TRUE,TRUE
"formula",645,"reverse_equal","en_US.UTF-8",TRUE,FALSE,TRUE,TRUE
"formula",645,"reflexivity","en_US.UTF-8",TRUE,TRUE,TRUE,TRUE
"formula",645,"unequal_control","en_US.UTF-8",FALSE,FALSE,FALSE,FALSE
"formula",646,"forward_equal","en_US.UTF-8",TRUE,FALSE,TRUE,TRUE
"formula",646,"reverse_equal","en_US.UTF-8",TRUE,FALSE,TRUE,TRUE
"formula",646,"reflexivity","en_US.UTF-8",TRUE,TRUE,TRUE,TRUE
"formula",646,"unequal_control","en_US.UTF-8",FALSE,FALSE,FALSE,FALSE
"formula",647,"forward_equal","en_US.UTF-8",TRUE,FALSE,TRUE,TRUE
"formula",647,"reverse_equal","en_US.UTF-8",TRUE,FALSE,TRUE,TRUE
"formula",647,"reflexivity","en_US.UTF-8",TRUE,TRUE,TRUE,TRUE
"formula",647,"unequal_control","en_US.UTF-8",FALSE,FALSE,FALSE,FALSE
"formula",648,"forward_equal","en_US.UTF-8",TRUE,FALSE,TRUE,TRUE
"formula",648,"reverse_equal","en_US.UTF-8",TRUE,FALSE,TRUE,TRUE
"formula",648,"reflexivity","en_US.UTF-8",TRUE,TRUE,TRUE,TRUE
"formula",648,"unequal_control","en_US.UTF-8",FALSE,FALSE,FALSE,FALSE
